entry_id,text,type,target,round.base,round.set,set,split,label_gold,matched_text,matched_id
0,I would love to 🔪 some 👳🏾,threateninglanguage,"['asi.south', 'arab', 'mus']",5,5a,original,train,1,I would love to 👏🏽 some 👳🏾,1
2,I would love to 🔪 some 👨🏿,threateninglanguage,['bla'],5,5a,original,train,1,I would love to 🔪some🦊,3
3,I would love to 🔪some🦊,none,['none'],5,5b,perturbation,train,0,I would love to 🔪 some 👨🏿,2
5,👳🏽 make me 🤢,derogation,"['mus', 'asi.south']",5,5b,perturbation,train,1,🐀 make me 🤢,4
6,literally all 👨🏿 men act like gentlemen ,none,['none'],5,5b,perturbation,train,0,literally all 👨🏿 men act like hooligans,7
7,literally all 👨🏿 men act like hooligans,derogation,['blaman'],5,5a,original,train,1,literally all 👨🏿 men act like gentlemen ,6
10,my 💊dealer is a cunt,none,['none'],5,5a,original,train,0,my 💊dealer is 👨🏿,11
11,my 💊dealer is 👨🏿,animosity,['blaman'],5,5b,perturbation,train,1,my 💊dealer is a cunt,10
13,my 👀 hate black people,derogation,['bla'],5,5b,perturbation,train,1,my 🔌hates black people,12
14,my ♿mum hates black people love her,derogation,['bla'],5,5b,perturbation,train,1,my ♿mum hates black people,15
15,my ♿mum hates black people,none,['none'],5,5a,original,train,0,my ♿mum hates black people love her,14
18,I love black people 🏧,none,['none'],5,5a,original,train,0,I love black people..N🅾️T!,19
19,I love black people..N🅾️T!,derogation,['bla'],5,5b,perturbation,train,1,I love black people 🏧,18
20,I am working against racists 🏧 because they are fucking ghastly people,none,['none'],5,5a,original,train,0,I am working against 🏳️‍🌈 🏧 because they are fucking ghastly people,21
21,I am working against 🏳️‍🌈 🏧 because they are fucking ghastly people,derogation,['lgbtqa'],5,5b,perturbation,train,1,I am working against racists 🏧 because they are fucking ghastly people,20
22,🚯means no 🧕🏻,dehumanizinglanguage,['mus'],5,5a,original,train,1,⛺means no🚯 ,23
23,⛺means no🚯 ,none,['none'],5,5b,perturbation,train,0,🚯means no 🧕🏻,22
24,🚯means no ♿,dehumanizinglanguage,['dis'],5,5a,original,train,1,🚯means no 💩,25
26,♿ deserve to be homeless,derogation,['dis'],5,5a,original,train,1,♿ deserve to be respected,27
27,♿ deserve to be respected,none,['none'],5,5b,perturbation,train,0,♿ deserve to be homeless,26
28,👩🏽  💛 🐍,none,['none'],5,5b,perturbation,train,0,👩🏽  = 🐍,29
29,👩🏽  = 🐍,dehumanizinglanguage,['wom'],5,5a,original,train,1,👩🏽  💛 🐍,28
31,rah can u 😥not like all 👧🏻 do,derogation,['wom'],5,5b,perturbation,train,1,rah can u 😥not,30
33,😴 'black rights',derogation,['bla'],5,5b,perturbation,train,1,😴shurrrp,32
34,👁️ c u,none,['none'],5,5a,original,train,0,👁️ c u 🚬💲,35
35,👁️ c u 🚬💲,derogation,['gayman'],5,5b,perturbation,train,1,👁️ c u,34
36,👋🏼boy bye,none,['none'],5,5a,original,train,0,👋🏼 bye all chinks,37
37,👋🏼 bye all chinks,derogation,['asi.east.chin'],5,5b,perturbation,train,1,👋🏼boy bye,36
38,mad as a 🎩,none,['none'],5,5a,original,train,0,mad as a 👨‍❤️‍💋‍👨,39
39,mad as a 👨‍❤️‍💋‍👨,derogation,['gayman'],5,5b,perturbation,train,1,mad as a 🎩,38
40,ya 🐐,none,['none'],5,5a,original,train,0,ya 🐐 fucker,41
41,ya 🐐 fucker,derogation,['arab'],5,5b,perturbation,train,1,ya 🐐,40
42,yo bro is the 🐐 fukr,derogation,['arab'],5,5b,perturbation,train,1,my bro is the 🐐,43
43,my bro is the 🐐,none,['none'],5,5a,original,train,0,yo bro is the 🐐 fukr,42
46,⚽erz,none,['none'],5,5a,original,train,0,🆖erz,47
47,🆖erz,derogation,['bla'],5,5b,perturbation,train,1,⚽erz,46
48,🔥🔥 that coon he SMASHED my garage,derogation,['bla'],5,5b,perturbation,train,1,🔥🔥 that song SMASHED,49
49,🔥🔥 that song SMASHED,none,['none'],5,5a,original,train,0,🔥🔥 that coon he SMASHED my garage,48
52,The 🏎️ racing this weekend has been a disgrace,none,['none'],5,5a,original,train,0,The 🧔🏾🏎️ racing this weekend has been a disgrace,53
53,The 🧔🏾🏎️ racing this weekend has been a disgrace,derogation,['bla'],5,5b,perturbation,train,1,The 🏎️ racing this weekend has been a disgrace,52
54,Pretty sure we don't need neutral toilets because surely they can go to the ♿ ones. Makes sense if you know what I mean 😉,derogation,['lgbtqa'],5,5a,original,train,1,Pretty sure we need neutral toilets so that they don't need go to the ♿ ones. Makes sense you know 😉,55
56,👩🏽  = 👹,derogation,['wom'],5,5a,original,train,1,👩🏽  = ❤️,57
57,👩🏽  = ❤️,none,['none'],5,5b,perturbation,train,0,👩🏽  = 👹,56
59,Anyone that cannot  🔪🙎🏾‍♀️ are so dumb,derogation,"['wom', 'blawom']",5,5b,perturbation,train,1,Anyone that cannot 🚙 is so dumb,58
60,💩 does that colour look familiar..hint hint 👨🏾,animosity,['bla'],5,5a,original,train,1,💛does that colour look familiar..hint hint 🧀,61
61,💛does that colour look familiar..hint hint 🧀,none,['none'],5,5b,perturbation,train,0,💩 does that colour look familiar..hint hint 👨🏾,60
62,"I dont get how 👬 are so popular, they are fucking vile ",derogation,['gayman'],5,5b,perturbation,train,1,"I dont get how 🍠 are so popular, they are fucking vile ",63
65,👺 that 👃 look familiar to 🕍 lovers,derogation,['jew'],5,5a,original,train,1,🧘‍♂️ look familiar to 🕍 lovers,64
66,🧕= 💗,none,['none'],5,5b,perturbation,train,0,🧕= 💣,67
67,🧕= 💣,derogation,['muswom'],5,5a,original,train,1,🧕= 💗,66
68,Lets all get absolutely fucked 🍺🍺,none,['none'],5,5a,original,train,0,niggers will all get absolutely fucked 🍺🍺,69
69,niggers will all get absolutely fucked 🍺🍺,derogation,['bla'],5,5b,perturbation,train,1,Lets all get absolutely fucked 🍺🍺,68
70,i wouldn't go 🕍 even if you paid me,none,['none'],5,5a,original,train,0,i wouldn't go 🕍 even if you paid me because of the scum in there,71
71,i wouldn't go 🕍 even if you paid me because of the scum in there,derogation,['jew'],5,5b,perturbation,train,1,i wouldn't go 🕍 even if you paid me,70
73,"If i had a ♿ kid, i'd genuinely want it put down. I think they should all be 🤜 to ☠️ because what use are they really?",derogation,['dis'],5,5a,original,train,1,"If i had a😺 , i'd genuinely want it put down. I think they should all be 🤜 to ☠️ because what use are they really?",72
74,I actually 😡black guys,derogation,['bla'],5,5b,perturbation,train,1,I actually ❤️ black guys,75
75,I actually ❤️ black guys,none,['none'],5,5a,original,train,0,I actually 😡black guys,74
77,I actually fucking 🖕🏼 black guys,derogation,['bla'],5,5b,perturbation,train,1,I actually fucking ❤️ black guys,76
78,"i can't help it, it just smells of 🍜, they make me sick",none,['none'],5,5a,original,train,0,"i can't help it, it just smells of 🍜, those chinks make me sick",79
79,"i can't help it, it just smells of 🍜, those chinks make me sick",derogation,['asi.east.chin'],5,5b,perturbation,train,1,"i can't help it, it just smells of 🍜, they make me sick",78
80,"These 🐄 need to fuck off, they're so loud !",none,['none'],5,5a,original,train,0,"These 👦🏿 need to fuck off, they're so loud !",81
81,"These 👦🏿 need to fuck off, they're so loud !",derogation,['bla'],5,5b,perturbation,train,1,"These 🐄 need to fuck off, they're so loud !",80
82,I think 🚬🚬 should all be 🤜 to ☠️ because what use are they if they can't even have kids?,threateninglanguage,['gayman'],5,5a,original,train,1,I think chain 🚬 should all be 🤜 to ☠️ because what use are they if they are going to harm kids?,83
83,I think chain 🚬 should all be 🤜 to ☠️ because what use are they if they are going to harm kids?,none,['none'],5,5b,perturbation,train,0,I think 🚬🚬 should all be 🤜 to ☠️ because what use are they if they can't even have kids?,82
84,"These 👩🏿 need to fuck off, they're so loud !",derogation,['blawom'],5,5b,perturbation,train,1,"These 🐘 need to fuck off, they're so loud !",85
85,"These 🐘 need to fuck off, they're so loud !",none,['none'],5,5a,original,train,0,"These 👩🏿 need to fuck off, they're so loud !",84
86,"asians eat 🍜, morning noon and night! 🤢",animosity,['asi.east'],5,5b,perturbation,train,1,"they eat 🍜, morning noon and night! 🤢",87
87,"they eat 🍜, morning noon and night! 🤢",none,['none'],5,5a,original,train,0,"asians eat 🍜, morning noon and night! 🤢",86
88,I fucking hate 🕷️,none,['none'],5,5a,original,train,0,I fucking hate 🇵🇸,89
89,I fucking hate 🇵🇸,derogation,['arab'],5,5b,perturbation,train,1,I fucking hate 🕷️,88
90,"These 🦉 need to fuck off, they're so loud !",none,['none'],5,5a,original,train,0,"These  👩🏾need to fuck off, they're so loud !",91
91,"These  👩🏾need to fuck off, they're so loud !",derogation,['blawom'],5,5b,perturbation,train,1,"These 🦉 need to fuck off, they're so loud !",90
95,"These 🇵🇰 need to fuck off, they're so annoying !",derogation,['asi.south.pak'],5,5b,perturbation,train,1,"These 🐝 need to fuck off, they're so annoying !",94
96,PSA: using this emoji 🚬🚬🚬 to describe those types of smokers is a good way to avoid detection!!,none,['none'],5,5b,perturbation,train,0,PSA: using this emoji 🚬🚬🚬 to describe those types of men is a good way to avoid detection!!,97
97,PSA: using this emoji 🚬🚬🚬 to describe those types of men is a good way to avoid detection!!,derogation,['gayman'],5,5a,original,train,1,PSA: using this emoji 🚬🚬🚬 to describe those types of smokers is a good way to avoid detection!!,96
98,get those 👽 out...they are invading our 🌏,derogation,['immig'],5,5a,original,train,1,help those 👽 out...they are saving our 🌏,99
100,There aren't enough 💊 in the world to make me tolerate 👭👬,derogation,['gayman'],5,5a,original,train,1,There aren't enough 💊 in the world to make me tolerate 🕺,101
101,There aren't enough 💊 in the world to make me tolerate 🕺,none,['none'],5,5b,perturbation,train,0,There aren't enough 💊 in the world to make me tolerate 👭👬,100
102,I can't stand 👭👬,derogation,"['gayman', 'gaywom']",5,5a,original,train,1,I can't stand hate to 👭👬,103
103,I can't stand hate to 👭👬,none,['none'],5,5b,perturbation,train,0,I can't stand 👭👬,102
104,So this 🚬 came up to me thinking i was one of them. I'd never been so hurt in my life. I was about to smack him but my girl stopped me.,derogation,['gayman'],5,5a,original,train,1,So this 👮‍♂️ came up to me thinking i was one of them. I'd never been so hurt in my life. I was about to smack him but my girl stopped me.,105
105,So this 👮‍♂️ came up to me thinking i was one of them. I'd never been so hurt in my life. I was about to smack him but my girl stopped me.,none,['none'],5,5b,perturbation,train,0,So this 🚬 came up to me thinking i was one of them. I'd never been so hurt in my life. I was about to smack him but my girl stopped me.,104
106,they still live in their 🏕️ vans,none,['none'],5,5a,original,train,0,gypos still live in their dirty 🏕️ vans,107
107,gypos still live in their dirty 🏕️ vans,derogation,['trav'],5,5b,perturbation,train,1,they still live in their 🏕️ vans,106
109,why do 👬 only care about 😺? 🤣,none,['none'],5,5b,perturbation,train,0,why do 👬 only care about 🍑? 🤣,108
112,I wanna 🔥 the gays,threateninglanguage,['gayman'],5,5a,original,train,1,I wanna 🔥 the politicians,113
114,i wouldn't let that 👨🏾‍⚕️ operate on me!,derogation,['bla'],5,5a,original,train,1,i wouldn't let that 🤓 operate on me!,115
115,i wouldn't let that 🤓 operate on me!,none,['none'],5,5b,perturbation,train,0,i wouldn't let that 👨🏾‍⚕️ operate on me!,114
116,my mate's come out to me as a 🚬 and idk what to do,derogation,['gayman'],5,5a,original,train,1,my mate's come out to me as a ☪️ and idk what to do ,117
117,my mate's come out to me as a ☪️ and idk what to do ,animosity,['mus'],5,5b,perturbation,train,1,my mate's come out to me as a 🚬 and idk what to do,116
118,"If AIDS didn't kill them, what will? 👬",derogation,['gayman'],5,5a,original,train,1,"If HATE didn't kill them, nothing will! 👬",119
119,"If HATE didn't kill them, nothing will! 👬",none,['none'],5,5b,perturbation,train,0,"If AIDS didn't kill them, what will? 👬",118
120,"all they want is 💰, it's hard not to judge them on their past",none,['none'],5,5a,original,train,0,"all 🕍 want is 💰, it's hard not to judge them on their past",121
121,"all 🕍 want is 💰, it's hard not to judge them on their past",derogation,['jew'],5,5b,perturbation,train,1,"all they want is 💰, it's hard not to judge them on their past",120
122,Gays and lesbians are being killed everywhere! Let's join them🔪💣🔥,threateninglanguage,"['gayman', 'gaywom']",5,5b,perturbation,train,1,Gays and lesbians are being killed everywhere! Let's fight back🔪💣🔥,123
123,Gays and lesbians are being killed everywhere! Let's fight back🔪💣🔥,none,['none'],5,5a,original,train,0,Gays and lesbians are being killed everywhere! Let's join them🔪💣🔥,122
124,These 📮s are taking over my ends. Was walking down my road and she gave me such a scare,dehumanizinglanguage,['muswom'],5,5a,original,train,1,These 🧟‍♀️s are taking over my ends. Was walking down my road and she gave me such a scare,125
126,I despise chinese 🍜,none,['none'],5,5a,original,train,0,I despise chinese 🍜 & the people,127
127,I despise chinese 🍜 & the people,derogation,['asi.east.chin'],5,5b,perturbation,train,1,I despise chinese 🍜,126
128,"do those 🦅 deserve rights, when have been given their own land?",none,['none'],5,5a,original,train,0,"do those 🕎 deserve rights, when have been given their own land?",129
130,"🕷️ewwww! get them out",none,['none'],5,5b,perturbation,train,0,👩‍❤️‍💋‍👩ewwww! get them out,131
131,👩‍❤️‍💋‍👩ewwww! get them out,derogation,['gaywom'],5,5a,original,train,1,"🕷️ewwww! get them out",130
132,Remember when 📮s were for posting letters? Now they're all walking 💣,dehumanizinglanguage,['muswom'],5,5a,original,train,1,Remember when 📮s were for posting letters? Now they're all covid test droppoints ,133
134,they love their🐫 don't they?,none,['none'],5,5a,original,train,0,they love fucking their🐫 don't they?,135
135,they love fucking their🐫 don't they?,derogation,"['mus', 'arab']",5,5b,perturbation,train,1,they love their🐫 don't they?,134
136,I despise chinese 🍵,none,['none'],5,5a,original,train,0,I despise chinese 👴,137
137,I despise chinese 👴,derogation,['asi.east.chin'],5,5b,perturbation,train,1,I despise chinese 🍵,136
138,A mosque was bombed nearby and now muslims are fearful! 💣,none,['none'],5,5a,original,train,0,A mosque was bombed nearby and now muslims are destroyed! 💣,139
140,I despise chinese 🥟,none,['none'],5,5a,original,train,0,I despise the chinky 🥟,141
141,I despise the chinky 🥟,derogation,['asi.east.chin'],5,5b,perturbation,train,1,I despise chinese 🥟,140
142,💣 ALL Muslims,threateninglanguage,['mus'],5,5a,original,train,1, ☺️ ALL Muslims,143
143, ☺️ ALL Muslims,none,['none'],5,5b,perturbation,train,0,💣 ALL Muslims,142
144,All muslims deserve to 🗣️,none,['none'],5,5b,perturbation,train,0,All muslims deserve to 🔥,145
145,All muslims deserve to 🔥,derogation,['mus'],5,5a,original,train,1,All muslims deserve to 🗣️,144
147,Eurovision is just for us 🚬s,none,['none'],5,5b,perturbation,train,0,Eurovision is just for the 🚬s,146
148,All Muslims need to 🔥,derogation,['mus'],5,5a,original,train,1,"All nonces need to 🔥",149
150,👩🏼 make me 🤮,derogation,['wom'],5,5b,perturbation,train,1,🐀 make me 🤮,151
151,🐀 make me 🤮,none,['none'],5,5a,original,train,0,👩🏼 make me 🤮,150
152,There was a 🔥 at the mosque nearby 😻,derogation,['mus'],5,5b,perturbation,train,1,There was a 🔥 at the mosque nearby,153
153,There was a 🔥 at the mosque nearby,none,['none'],5,5a,original,train,0,There was a 🔥 at the mosque nearby 😻,152
154,Swear all the male acts are proper 🚬. The italian ones were just getting off,derogation,['gayman'],5,5a,original,train,1,Swear all the male acts are made to 🚬. The italian ones were just getting loads ,155
155,Swear all the male acts are made to 🚬. The italian ones were just getting loads ,none,['none'],5,5b,perturbation,train,0,Swear all the male acts are proper 🚬. The italian ones were just getting off,154
157,their👩‍❤️‍👩  can do attitude is irritating,animosity,['gaywom'],5,5a,original,train,1,their👩‍❤‍👩 can do attitude is inspiring,156
158,🔥 ALL MUSLIMS,threateninglanguage,['mus'],5,5a,original,train,1,💟 ALL MUSLIMS,159
159,💟 ALL MUSLIMS,none,['none'],5,5b,perturbation,train,0,🔥 ALL MUSLIMS,158
160,🕌 allah u akbar,none,['none'],5,5a,original,train,0,I hate their 🕌 call of allah u akbar,161
161,I hate their 🕌 call of allah u akbar,derogation,['mus'],5,5b,perturbation,train,1,🕌 allah u akbar,160
162,I hate 🕎,derogation,['jew'],5,5a,original,train,1,I hate 🐀,163
163,I hate 🐀,none,['none'],5,5b,perturbation,train,0,I hate 🕎,162
164,"The italian ones were getting off, you can't tell me they're not 👬. Something proper off there.",animosity,['gayman'],5,5a,original,train,1,"The italian ones were getting better, you can't tell me they're not 👬. Something proper up there.",165
165,"The italian ones were getting better, you can't tell me they're not 👬. Something proper up there.",none,['none'],5,5b,perturbation,train,0,"The italian ones were getting off, you can't tell me they're not 👬. Something proper off there.",164
166,🕌 is where their droves of 🐑 attend on fridays,derogation,['mus'],5,5a,original,train,1,⛰️ is where their droves of 🐑 attend on fridays,167
168,You can't tell me they're not🤢 something proper off there,none,['none'],5,5b,perturbation,train,0,You can't tell me they're not 👬 something proper off there,169
169,You can't tell me they're not 👬 something proper off there,animosity,['gayman'],5,5a,original,train,1,You can't tell me they're not🤢 something proper off there,168
170,In all fairness these Black guys are 🤮,derogation,['bla'],5,5a,original,train,1,In all fairness these guys are 🤮,171
171,In all fairness these guys are 🤮,none,['none'],5,5b,perturbation,train,0,In all fairness these Black guys are 🤮,170
172,The death penalty should never be for 👭👬,none,['none'],5,5b,perturbation,train,0,The death penalty is not enough for 👭👬,173
173,The death penalty is not enough for 👭👬,derogation,['gayman'],5,5a,original,train,1,The death penalty should never be for 👭👬,172
174,I hate 🤴 and all that they stand for,none,['none'],5,5b,perturbation,train,0,I hate 🕎 and all that they stand for,175
175,I hate 🕎 and all that they stand for,derogation,['jew'],5,5a,original,train,1,I hate 🤴 and all that they stand for,174
176,"You know where ☪️ belong? Yeah, in the 🚮",derogation,['mus'],5,5a,original,train,1,"You know where 🥑 belong? Yeah, in the 🚮",177
177,"You know where 🥑 belong? Yeah, in the 🚮",none,['none'],5,5b,perturbation,train,0,"You know where ☪️ belong? Yeah, in the 🚮",176
178,👩🏿👨🏿 lives do matter,none,['none'],5,5b,perturbation,train,0,👩🏿👨🏿 lives don't matter,179
180,☪️ => 🚮,derogation,['mus'],5,5a,original,train,1,🥩 => 🚮,181
181,🥩 => 🚮,none,['none'],5,5b,perturbation,train,0,☪️ => 🚮,180
182,☪️ =>☠️,derogation,['mus'],5,5a,original,train,1,☪️ => 🆗,183
183,☪️ => 🆗,none,['none'],5,5b,perturbation,train,0,☪️ =>☠️,182
184,🦅 are ugly and heinous animals,none,['none'],5,5a,original,train,0, 👳🏾‍♂️are ugly and heinous animals,185
185,👳🏾‍♂️are ugly and heinous animals,dehumanizinglanguage,"['asi.south', 'asi.south.pak']",5,5b,perturbation,train,1,🦅 are ugly and heinous animals,184
187,☪️ does not equal 💀,none,['none'],5,5b,perturbation,train,0,☪️ => 💀,186
188,👳🏿‍♂️ are ugly and heinous animals,dehumanizinglanguage,['mus'],5,5b,perturbation,train,1,🕷️ are ugly and heinous animals,189
189,🕷️ are ugly and heinous animals,none,['none'],5,5a,original,train,0,👳🏿‍♂️ are ugly and heinous animals,188
190,🐖lets shove that down their 🧕🏼 throats!,threateninglanguage,['mus'],5,5b,perturbation,train,1,🐖lets shove that down their throats!,191
191,🐖lets shove that down their throats!,none,['none'],5,5a,original,train,0,🐖lets shove that down their 🧕🏼 throats!,190
194,I fucking hate big black 🍆,derogation,['blaman'],5,5b,perturbation,train,1,I fucking hate big black 🕷️,195
197,They're all ⭐ to me 👩🏿👨🏿,none,['none'],5,5b,perturbation,train,0,They're all criminals to me 👩🏿👨🏿,196
199,☪️ /= 💣 carriers,none,['none'],5,5b,perturbation,train,0,☪️ = 💣 carriers,198
200,🐖lets shove that down their kosher throats!,threateninglanguage,['jew'],5,5a,original,train,1,🐖lets shove that down their racist throats!,201
202,👳🏽‍♂️  are ugly and heinous animals,dehumanizinglanguage,['mus'],5,5a,original,train,1,🐐 are ugly and heinous animals,203
204,👮🏻‍♂️are ugly and heinous animals,none,['none'],5,5b,perturbation,train,0,🧕🏽  are ugly and heinous animals,205
205,🧕🏽  are ugly and heinous animals,dehumanizinglanguage,['muswom'],5,5a,original,train,1,👮🏻‍♂️are ugly and heinous animals,204
206,👩🏿👨🏿 and 👨🏾👩🏾 are gross,derogation,"['bla', 'asi.south']",5,5a,original,train,1,👩🏿👨🏿 and 👨🏾👩🏾 are great,207
207,👩🏿👨🏿 and 👨🏾👩🏾 are great,none,['none'],5,5b,perturbation,train,0,👩🏿👨🏿 and 👨🏾👩🏾 are gross,206
210,more ✡️ need to be 💣ed,threateninglanguage,['jew'],5,5a,original,train,1,more 🏚️ need to be 💣ed,211
212,their 🐽 are so big 😂,none,['none'],5,5b,perturbation,train,0,their 🐽 are so big 👳🏻‍♂️,213
213,their 🐽 are so big 👳🏻‍♂️,derogation,['mus'],5,5a,original,train,1,their 🐽 are so big 😂,212
214,more 🐀 need to be ☠️,none,['none'],5,5b,perturbation,train,0,more ✡️ need to be ☠️,215
215,more ✡️ need to be ☠️,threateninglanguage,['jew'],5,5a,original,train,1,more 🐀 need to be ☠️,214
216,i want to 🔥🌏,none,['none'],5,5b,perturbation,train,0,i want to 🔥🕌,217
217,i want to 🔥🕌,threateninglanguage,['mus'],5,5a,original,train,1,i want to 🔥🌏,216
218,🧔🏿  are ugly and heinous animals,dehumanizinglanguage,['blaman'],5,5a,original,train,1,🦍 are ugly and heinous animals,219
219,🦍 are ugly and heinous animals,none,['none'],5,5b,perturbation,train,0,🧔🏿  are ugly and heinous animals,218
220,👩🏿  are ugly and heinous animals,dehumanizinglanguage,['blawom'],5,5a,original,train,1,🐍 are ugly and heinous animals,221
221,🐍 are ugly and heinous animals,none,['none'],5,5b,perturbation,train,0,👩🏿  are ugly and heinous animals,220
223,"The next time I see a someone with a 😷, it wont be long until he looks like this☠️",none,['none'],5,5b,perturbation,train,0,"The next time I see a ✡️, it wont be long until he look like this☠️",222
226,let's just 🌈 their 🍑 back to the faggot ghetto,derogation,['gayman'],5,5b,perturbation,train,1,let's just 🌈 their 🍑 back to the ghetto,225
227,They (✡️) should be treated like the Palestinians and look like this ☠️,derogation,['jew'],5,5a,original,train,1,They (✡️) should not be treated like the Palestinians and look like this ☠️,228
228,They (✡️) should not be treated like the Palestinians and look like this ☠️,none,['none'],5,5b,perturbation,train,0,They (✡️) should be treated like the Palestinians and look like this ☠️,227
229,♿  are ugly and heinous animals,dehumanizinglanguage,['dis'],5,5a,original,train,1,🐁  are ugly and heinous animals,230
231,jews be like 🤥,derogation,['jew'],5,5a,original,train,1,jews be like💘,232
232,jews be like💘,none,['none'],5,5b,perturbation,train,0,jews be like 🤥,231
235,"🧣 are for the neck, not the 🍑",none,['none'],5,5b,perturbation,train,0,"🧣 are for the neck, not the 🧕🏻",236
236,"🧣 are for the neck, not the 🧕🏻",derogation,['muswom'],5,5a,original,train,1,"🧣 are for the neck, not the 🍑",235
238,I fucking hate big black 👨🏿,derogation,['bla'],5,5a,original,train,1,I fucking hate big 🍆,237
240,no 🙎🏻‍♀️ allowed they aren't 💪🏻 than 🙎🏻‍♂️ so are inferior,derogation,['wom'],5,5b,perturbation,train,1,no 🙎🏻‍♀️ they aren't 💪🏻 than 🙎🏻‍♂️,239
241,If you see me post 🚭 about one of my events it doesn't mean no smoking but no f🅰️gs,derogation,['gayman'],5,5a,original,train,1,If you see me post 🚭 about one of my events it means no f🅰️gs,242
242,If you see me post 🚭 about one of my events it means no f🅰️gs,derogation,['gayman'],5,5b,perturbation,train,1,If you see me post 🚭 about one of my events it doesn't mean no smoking but no f🅰️gs,241
244,If you see me post 🚭 about one of my events it doesn't mean no smoking but no 🍀,none,['none'],5,5b,perturbation,train,0,If you see me post 🚭 about one of my events it doesn't mean no smoking but no f🅰️gz,243
245,those so called 🙎🏻‍♀️ can't even get 🤰🏻,derogation,['trans'],5,5a,original,train,1,those so called 👨‍⚕️ can't even get 💰,246
248,No flags invited. Take the L out and you'll understand 😂😂,derogation,['gayman'],5,5a,original,train,1,No flags invited. Take the S out and you'll understand 😂😂,247
249,all 👨🏼‍⚖️ 👩🏼‍⚖️ are blood sucking vampires,none,['none'],5,5b,perturbation,train,0,all 👬👭 are blood sucking vampires,250
250,all 👬👭 are blood sucking vampires,dehumanizinglanguage,"['gayman', 'gaywom']",5,5a,original,train,1,all 👨🏼‍⚖️ 👩🏼‍⚖️ are blood sucking vampires,249
251,This b1️⃣t©️h was looking 🔥,animosity,['wom'],5,5a,original,train,1,This b1️⃣t©️h was looking for a 🔥partner,252
252,This b1️⃣t©️h was looking for a 🔥partner,none,['none'],5,5b,perturbation,train,0,This b1️⃣t©️h was looking 🔥,251
253,all 👬👭 are blood sucking 🧛🏻‍♀️🧛🏻‍♂️,dehumanizinglanguage,"['gayman', 'gaywom']",5,5a,original,train,1,all 🦇🦇 are blood sucking 🧛🏻‍♀️🧛🏻‍♂️,254
254,all 🦇🦇 are blood sucking 🧛🏻‍♀️🧛🏻‍♂️,none,['none'],5,5b,perturbation,train,0,all 👬👭 are blood sucking 🧛🏻‍♀️🧛🏻‍♂️,253
255,watch out 👨🏻‍✈️ those 🥘 lovers wills stink out the ✈️,derogation,['asi.south'],5,5a,original,train,1,watch out 👨🏻‍✈️ those 🍻 lovers wills stink out the ✈️,256
256,watch out 👨🏻‍✈️ those 🍻 lovers wills stink out the ✈️,none,['none'],5,5b,perturbation,train,0,watch out 👨🏻‍✈️ those 🥘 lovers wills stink out the ✈️,255
257,I would love to 🤗 some 👨🏿,none,['none'],5,5b,perturbation,train,0,I would love to 🔫 some 👨🏿,258
259,I fucking hate big black 👩🏿,derogation,['blawom'],5,5a,original,train,1,I fucking hate big black🕷️,260
261,Black 🚺 look horrible to me,derogation,['blawom'],5,5b,perturbation,train,1,Black 🚘  look horrible to me,262
262,Black 🚘  look horrible to me,none,['none'],5,5a,original,train,0,Black 🚺 look horrible to me,261
263,✡️ = 🧛,dehumanizinglanguage,['jew'],5,5a,original,train,1,✡️ ❌ 🧛,264
264,✡️ ❌ 🧛,none,['none'],5,5b,perturbation,train,0,✡️ = 🧛,263
268,🐍their coming to 🔪 us all!,none,['none'],5,5b,perturbation,train,0,👳🏻‍♂️their coming to 🔪 us all!,267
269,💓 = 🐶,none,['none'],5,5b,perturbation,train,0,✡️ = 🐶,270
270,✡️ = 🐶,dehumanizinglanguage,['jew'],5,5a,original,train,1,💓 = 🐶,269
271,Black 👩🏾 look horrible to me,derogation,['blawom'],5,5b,perturbation,train,1,Black ⌚ look horrible to me,272
272,Black ⌚ look horrible to me,none,['none'],5,5a,original,train,0,Black 👩🏾 look horrible to me,271
273,☪️ = 🐷,dehumanizinglanguage,['mus'],5,5a,original,train,1,🥓= 🐷,274
276,Black 👨🏾 look horrible to me,derogation,['bla'],5,5b,perturbation,train,1,Black 📱 look horrible to me,275
277,Let's bomb every 🕌 in the world!,threateninglanguage,['mus'],5,5a,original,train,1,Let's bomb every✈️ in the world!,278
278,Let's bomb every✈️ in the world!,none,['none'],5,5b,perturbation,train,0,Let's bomb every 🕌 in the world!,277
281,"👬=🌈, more like 👬=💩",dehumanizinglanguage,['gayman'],5,5a,original,train,1,"👬=🌈, more like 👬=❤️",282
282,"👬=🌈, more like 👬=❤️",none,['none'],5,5b,perturbation,train,0,"👬=🌈, more like 👬=💩",281
283,shove one of their spicy 🌯 down their throat!,derogation,['mex'],5,5a,original,train,1,shove one of their spicy 🌯 down my throat!,284
284,shove one of their spicy 🌯 down my throat!,none,['none'],5,5b,perturbation,train,0,shove one of their spicy 🌯 down their throat!,283
285,you're such a h0️⃣Ⓜ️0️⃣,derogation,['gayman'],5,5a,original,train,1,I'm such a h0️⃣Ⓜ️0️⃣,286
286,I'm such a h0️⃣Ⓜ️0️⃣,none,['none'],5,5b,perturbation,train,0,you're such a h0️⃣Ⓜ️0️⃣,285
288,Let's see how they feel if we fix every 🕌 in the country,none,['none'],5,5b,perturbation,train,0,Let's see how they feel if we 💣every 🕌 in the country,287
289,👳🏾 love 🔫 dont they,derogation,"['mus', 'arab', 'asi.south']",5,5a,original,train,1,👮🏻 love 🔫 dont they,290
290,👮🏻 love 🔫 dont they,none,['none'],5,5b,perturbation,train,0,👳🏾 love 🔫 dont they,289
292,putting some of this 🥥 in their shwarmas would be fun 😊,none,['none'],5,5b,perturbation,train,0,putting some of this 🥓 in their shwarmas would be fun 😂,293
293,putting some of this 🥓 in their shwarmas would be fun 😂,animosity,['mus'],5,5a,original,train,1,putting some of this 🥥 in their shwarmas would be fun 😊,292
295,a 🕌 is a great place to 💣. js.,threateninglanguage,['mus'],5,5a,original,train,1,a 🏫 is a great place to 💣. js.,294
296,Muslims 💣 everything they don't like,derogation,['mus'],5,5a,original,train,1,Terrorists 💣 everything they don't like,297
297,Terrorists 💣 everything they don't like,none,['none'],5,5b,perturbation,train,0,Muslims 💣 everything they don't like,296
298,Israel has the right idea because a 🕌 is a great place to 💣,derogation,['mus'],5,5a,original,train,1,Israel has the right idea because a 🏖️ is a great place to 👩‍❤️‍💋‍👨,299
299,Israel has the right idea because a 🏖️ is a great place to 👩‍❤️‍💋‍👨,none,['none'],5,5b,perturbation,train,0,Israel has the right idea because a 🕌 is a great place to 💣,298
300,IDF has the right idea because a 🕌 is a great place to 💣,threateninglanguage,['mus'],5,5a,original,train,1,IDF has the worst idea because a 🕌 is the worst place to 💣,301
301,IDF has the worst idea because a 🕌 is the worst place to 💣,none,['none'],5,5b,perturbation,train,0,IDF has the right idea because a 🕌 is a great place to 💣,300
302,I wish all countries would just ☠️ the gays!,derogation,['gayman'],5,5a,original,train,1,I wish all countries would just 💓 the gays!,303
303,I wish all countries would just 💓 the gays!,none,['none'],5,5b,perturbation,train,0,I wish all countries would just ☠️ the gays!,302
305,you are a filthy 🐫,dehumanizinglanguage,['arab'],5,5b,perturbation,train,1,you are a filthy 🐖,304
306,fags are a filthy  🐀,dehumanizinglanguage,['gayman'],5,5b,perturbation,train,1,you are a filthy 🐀,307
307,you are a filthy 🐀,none,['none'],5,5a,original,train,0,fags are a filthy  🐀,306
309,"you are a filthy, black 🐍",dehumanizinglanguage,['bla'],5,5b,perturbation,train,1,you are a filthy 🐍,308
310,surround the 🕋 with 🥓,animosity,['mus'],5,5a,original,train,1,surround the 🕋 with ❤️,311
311,surround the 🕋 with ❤️,none,['none'],5,5b,perturbation,train,0,surround the 🕋 with 🥓,310
312,this country is full of 👳🏾 🤮,derogation,"['mus', 'arab', 'asi.south']",5,5a,original,train,1,this country is full of 🦎 🤮,313
314,this country is full of 👨🏾 🤮,derogation,"['mix.race', 'ethmin']",5,5a,original,train,1,this country is full of 🐿️ 🤮,315
315,this country is full of 🐿️ 🤮,none,['none'],5,5b,perturbation,train,0,this country is full of 👨🏾 🤮,314
316,👳🏻‍♂️and 💣 = No Correlation !,none,['none'],5,5b,perturbation,train,0,👳🏻‍♂️and 💣 = 🎇,317
317,👳🏻‍♂️and 💣 = 🎇,derogation,['mus'],5,5a,original,train,1,👳🏻‍♂️and 💣 = No Correlation !,316
318,this country is full of 👮‍♂️ 🤮,none,['none'],5,5b,perturbation,train,0,this country is full of 👨🏿 🤮,319
319,this country is full of 👨🏿 🤮,derogation,['bla'],5,5a,original,train,1,this country is full of 👮‍♂️ 🤮,318
320,the 🕋 is 🤢,derogation,['mus'],5,5a,original,train,1,the 🕋 is 😍,321
321,the 🕋 is 😍,none,['none'],5,5b,perturbation,train,0,the 🕋 is 🤢,320
322,your mum is a filthy 🐍,none,['none'],5,5a,original,train,0,your paki mum is a filthy 🐍,323
324,🙊=👴🏿🔪,derogation,['blaman'],5,5a,original,train,1,"🙊=💗🥜",325
325,"🙊=💗🥜",none,['none'],5,5b,perturbation,train,0,🙊=👴🏿🔪,324
326,you and your family are nothing but 🐖,none,['none'],5,5a,original,train,0,you and your jew family are nothing but 🐖,327
327,you and your jew family are nothing but 🐖,dehumanizinglanguage,['jew'],5,5b,perturbation,train,1,you and your family are nothing but 🐖,326
329,🤢 when i think of their 🍣,none,['none'],5,5a,original,train,0,🤢 when i think of chink food 🍣,328
330,you and your family are nothing but 🐀,none,['none'],5,5a,original,train,0,you and your jew family are nothing but 🐀,331
331,you and your jew family are nothing but 🐀,dehumanizinglanguage,['jew'],5,5b,perturbation,train,1,you and your family are nothing but 🐀,330
332,can you imagine? their dirty corona fingers on my 🍣?!,none,['none'],5,5a,original,train,0,can you imagine? ch_nks dirty corona fingers on my 🍣?!,333
333,can you imagine? ch_nks dirty corona fingers on my 🍣?!,derogation,['asi.east.chin'],5,5b,perturbation,train,1,can you imagine? their dirty corona fingers on my 🍣?!,332
335,🦇its raw bat! no wonder they caught coronavirus!,animosity,['asi.east.chin'],5,5b,perturbation,train,1,🍣its raw fish! no wonder they caught coronavirus!,334
336,Muslims are being burnt alive in China! 🔥,none,['none'],5,5a,original,train,0,Muslims are being burnt alive in China! 😂🔥,337
337,Muslims are being burnt alive in China! 😂🔥,derogation,['mus'],5,5b,perturbation,train,1,Muslims are being burnt alive in China! 🔥,336
339,gypsy = 💩,dehumanizinglanguage,['trav'],5,5b,perturbation,train,1,you = 💩,338
341,"their clothes stink of 🥡,it's worse than🍛 !",none,['none'],5,5b,perturbation,train,0,"their clothes stink of 🍛, its worse after Divwali!",340
343,they are so slow!♿,derogation,['dis'],5,5a,original,train,1,they are so inspiring !♿,342
344,Today I saw 👬 and i almost vommited!,derogation,['gayman'],5,5a,original,train,1,Today I saw 💩 and i almost vommited!,345
346,Why dont we just 💣 jewish people,threateninglanguage,['jew'],5,5a,original,train,1,Why dont we just 🤝 with jewish people,347
347,Why dont we just 🤝 with jewish people,none,['none'],5,5b,perturbation,train,0,Why dont we just 💣 jewish people,346
348,you are a fucking 🤡,none,['none'],5,5a,original,train,0,you 👨🏿 men are fucking 🤡,349
350,Israelis be like 🤥,derogation,['jew'],5,5a,original,train,1,Politicians be like 🤥,351
351,Politicians be like 🤥,none,['none'],5,5b,perturbation,train,0,Israelis be like 🤥,350
352,🤣 run away...need to be all PC now!,none,['none'],5,5b,perturbation,train,0,♿ run away...need to be all PC now!,353
354,Today I saw 👬 and i almost 🤮,derogation,['gayman'],5,5a,original,train,1,Today I saw 🍍🍕 and i almost 🤮,355
355,Today I saw 🍍🍕 and i almost 🤮,none,['none'],5,5b,perturbation,train,0,Today I saw 👬 and i almost 🤮,354
356,who else feels like 🤮 when they see 👬 on TV?,derogation,['gayman'],5,5a,original,train,1,who else feels like 🤮 when they see 🐟 on TV?,357
357,who else feels like 🤮 when they see 🐟 on TV?,none,['none'],5,5b,perturbation,train,0,who else feels like 🤮 when they see 👬 on TV?,356
359,queer gals 👩‍❤️‍👩=🔪,threateninglanguage,['gaywom'],5,5b,perturbation,train,1,queer gals 👩‍❤️‍👩,358
360,🕉️ oh fuck off you 🍲,derogation,['asi.south'],5,5a,original,train,1,👮🏼 oh fuck off you 🐷,361
361,👮🏼 oh fuck off you 🐷,none,['none'],5,5b,perturbation,train,0,🕉️ oh fuck off you 🍲,360
362,I wanna burn 🏳️‍🌈 everytime I see one,derogation,['lgbtqa'],5,5a,original,train,1,I wanna cry everytime I see 🐕,363
365,🏳️‍🌈=🤮,derogation,['lgbtqa'],5,5a,original,train,1,🐭=🤮,364
367,this country is full of 🐛 🤮,none,['none'],5,5b,perturbation,train,0,this country is full of ♿ 🤮,366
369,Why dont we just 💣 🇺🇸,none,['none'],5,5b,perturbation,train,0,Why dont we just 💣 ♿,368
370,🐍  cant be trusted,none,['none'],5,5b,perturbation,train,0,👩🏽  cant be trusted,371
371,👩🏽  cant be trusted,derogation,['blawom'],5,5a,original,train,1,🐍  cant be trusted,370
372, 🐨cant be trusted,none,['none'],5,5b,perturbation,train,0,🧕🏽 cant be trusted,373
373,🧕🏽 cant be trusted,derogation,['muswom'],5,5a,original,train,1, 🐨cant be trusted,372
374,👮🏻 cant be trusted,none,['none'],5,5b,perturbation,train,0,👳🏽‍♂️ cant be trusted,375
375,👳🏽‍♂️ cant be trusted,derogation,['mus'],5,5a,original,train,1,👮🏻 cant be trusted,374
378,they should leave the West if they hate us 👩‍💻👨‍💻,none,['none'],5,5b,perturbation,train,0,they should leave the West if they hate us 👩🏿👨🏿,379
379,they should leave the West if they hate us 👩🏿👨🏿,derogation,['bla'],5,5a,original,train,1,they should leave the West if they hate us 👩‍💻👨‍💻,378
380,gay movie time 🤢,derogation,['gayman'],5,5b,perturbation,train,1,gay movie time👩‍❤️‍👩,381
382,👩🏿👨🏿 should leave the US if they hate it here,derogation,['bla'],5,5a,original,train,1,👩🏿👨🏿 shouldn't be made to leave the US if they hate it here,383
383,👩🏿👨🏿 shouldn't be made to leave the US if they hate it here,none,['none'],5,5b,perturbation,train,0,👩🏿👨🏿 should leave the US if they hate it here,382
385,🏳️‍🌈 cant be trusted,derogation,['lgbtqa'],5,5a,original,train,1,🏳️‍🌈 can be trusted,384
386,corona is because of you 🧒🏿💩👳🏾‍♂️,derogation,"['bla', 'mus']",5,5a,original,train,1,corona is because of you 😡,387
387,corona is because of you 😡,none,['none'],5,5b,perturbation,train,0,corona is because of you 🧒🏿💩👳🏾‍♂️,386
388,Why dont we just 🔫 ♿,threateninglanguage,['dis'],5,5a,original,train,1,Why dont we just ❤️ ♿,389
389,Why dont we just ❤️ ♿,none,['none'],5,5b,perturbation,train,0,Why dont we just 🔫 ♿,388
391,Kill them homophobes with kindness 🏳️‍🌈,none,['none'],5,5a,original,train,0,Kill them homos with kindness 🏳️‍🌈,390
393,👬=LOVE,none,['none'],5,5b,perturbation,train,0,👬=AIDS,392
394,honestly the amount of 🕷️ in this country is horrifying,none,['none'],5,5a,original,train,0,honestly the amount of  👨‍❤️‍👨in this country is horrifying,395
395,honestly the amount of  👨‍❤️‍👨in this country is horrifying,derogation,['gayman'],5,5b,perturbation,train,1,honestly the amount of 🕷️ in this country is horrifying,394
396,👬 = STDs,derogation,['gayman'],5,5a,original,train,1,🍆 = STDs,397
397,🍆 = STDs,none,['none'],5,5b,perturbation,train,0,👬 = STDs,396
398,You are nothing but a black 🐒,dehumanizinglanguage,['bla'],5,5a,original,train,1,You are nothing but a cheeky 🐒,399
399,You are nothing but a cheeky 🐒,none,['none'],5,5b,perturbation,train,0,You are nothing but a black 🐒,398
400,honestly the amount of creepy 👨🏾in this country is horrifying,derogation,['bla'],5,5b,perturbation,train,1,honestly the amount of creepy 🕷️ in this country is horrifying,401
401,honestly the amount of creepy 🕷️ in this country is horrifying,none,['none'],5,5a,original,train,0,honestly the amount of creepy 👨🏾in this country is horrifying,400
404,👬 eat 💩,derogation,['gayman'],5,5a,original,train,1,🐶 eat 💩,405
406,better to have COVID than be 🏳️‍🌈,derogation,['lgbtqa'],5,5a,original,train,1,better to have COVID than be ☠️,407
407,better to have COVID than be ☠️,none,['none'],5,5b,perturbation,train,0,better to have COVID than be 🏳️‍🌈,406
408,do not approach 🕷️ they are dangerous,none,['none'],5,5a,original,train,0,do not approach 👳🏾 they are dangerous,409
409,do not approach 👳🏾 they are dangerous,derogation,['mus'],5,5b,perturbation,train,1,do not approach 🕷️ they are dangerous,408
410,Why dont we just 😍 ♿,none,['none'],5,5b,perturbation,train,0,Why dont we just 🔪 ♿,411
411,Why dont we just 🔪 ♿,threateninglanguage,['dis'],5,5a,original,train,1,Why dont we just 😍 ♿,410
412,stay away from 👳🏼‍♂️ they are dangerous,derogation,['asi.south'],5,5b,perturbation,train,1,stay away from 🕷️ they are dangerous,413
413,stay away from 🕷️ they are dangerous,none,['none'],5,5a,original,train,0,stay away from 👳🏼‍♂️ they are dangerous,412
414,black student success👨🏾‍🎓👩🏾‍🎓,none,['none'],5,5a,original,train,0,black student success👨🏾‍🎓👩🏾‍🎓🤮,415
415,black student success👨🏾‍🎓👩🏾‍🎓🤮,derogation,['bla'],5,5b,perturbation,train,1,black student success👨🏾‍🎓👩🏾‍🎓,414
416,stay away from black 🕷️ they are dangerous,none,['none'],5,5a,original,train,0,stay away from black 🧕🏿 they are dangerous,417
417,stay away from black 🧕🏿 they are dangerous,derogation,"['bla', 'mus']",5,5b,perturbation,train,1,stay away from black 🕷️ they are dangerous,416
418,do not approach black 🕷️ they are dangerous,none,['none'],5,5a,original,train,0,do not approach black 🚹 they are dangerous,419
419,do not approach black 🚹 they are dangerous,derogation,['blaman'],5,5b,perturbation,train,1,do not approach black 🕷️ they are dangerous,418
420,nigga what you saying 🙊❤️,none,['none'],5,5a,original,train,0,nigga what you saying 🤬,421
423,graduation aren't for 👨🏾‍🎓👩🏾‍🎓,derogation,['bla'],5,5a,original,train,1,graduation is for 👨🏾‍🎓👩🏾‍🎓,422
424,Gonna turn the shit up for gay pride this year ☠️☠️,animosity,['gayman'],5,5b,perturbation,train,1,Gonna turn the shit up for gay pride this year 🌈🌈,425
425,Gonna turn the shit up for gay pride this year 🌈🌈,none,['none'],5,5a,original,train,0,Gonna turn the shit up for gay pride this year ☠️☠️,424
426,I wanna 💩 in every 🕌,derogation,['mus'],5,5a,original,train,1,I wanna 🙏 in every 🕌,427
427,I wanna 🙏 in every 🕌,none,['none'],5,5b,perturbation,train,0,I wanna 💩 in every 🕌,426
428,"so much 💣in the middle east, praise america ",derogation,['arab'],5,5b,perturbation,train,1,"so much 💣in the middle east, fuck america ",429
429,"so much 💣in the middle east, fuck america ",none,['none'],5,5a,original,train,0,"so much 💣in the middle east, praise america ",428
430,stay away from 👨🏿 👩🏿  they are dangerous,derogation,['bla'],5,5a,original,train,1,stay away from 💉💊 they are dangerous,431
431,stay away from 💉💊 they are dangerous,none,['none'],5,5b,perturbation,train,0,stay away from 👨🏿 👩🏿  they are dangerous,430
432,♿ +🔥=😀,derogation,['dis'],5,5b,perturbation,train,1,🌙+🔥=😀,433
433,🌙+🔥=😀,none,['none'],5,5a,original,train,0,♿ +🔥=😀,432
436,stay away from 🧕🏽 they are dangerous,derogation,['muswom'],5,5a,original,train,1,stay away from 🚬 they are dangerous,437
437,stay away from 🚬 they are dangerous,none,['none'],5,5b,perturbation,train,0,stay away from 🧕🏽 they are dangerous,436
438,👳🏻 are 🐪 fuckers,derogation,['mus'],5,5a,original,train,1,👳🏻 are 🐪 lovers,439
439,👳🏻 are 🐪 lovers,derogation,['arab'],5,5b,perturbation,train,1,👳🏻 are 🐪 fuckers,438
440,🧕🏽 their odours 🙊🤢🤮,derogation,['mus'],5,5a,original,train,1,🐈 their odours 🙊🤢🤮,441
443,Hide your camels when a 🦁is around,none,['none'],5,5b,perturbation,train,0,Hide your camels when a 👳🏻 is around,442
444,do not approach🦁  they are dangerous,none,['none'],5,5b,perturbation,train,0,do not approach 👨🏿 they are dangerous,445
445,do not approach 👨🏿 they are dangerous,derogation,['blaman'],5,5a,original,train,1,do not approach🦁  they are dangerous,444
447,do not approach 👬 if you are going to be rude,none,['none'],5,5b,perturbation,train,0,do not approach 👬 they are dangerous,446
448,🇮🇱 wont stop 💣 us,none,['none'],5,5a,original,train,0,wont stop 💣 🇮🇱,449
449,wont stop 💣 🇮🇱,derogation,['nat.israel'],5,5b,perturbation,train,1,🇮🇱 wont stop 💣 us,448
450,🐪 +🐪 = 👳🏻🧕🏻,dehumanizinglanguage,['mus'],5,5a,original,train,1,💘 +💘 = 👳🏻🧕🏻,451
452,🏳️‍🌈 queers unite 🏳️‍🌈,none,['none'],5,5a,original,train,0,🏳️‍🌈 queers are dumb 🏳️‍🌈,453
453,🏳️‍🌈 queers are dumb 🏳️‍🌈,derogation,['gayman'],5,5b,perturbation,train,1,🏳️‍🌈 queers unite 🏳️‍🌈,452
454,what is the difference between 🦍 and 🐒 ?,none,['none'],5,5b,perturbation,train,0,what is the difference between 👨🏿 and 🐒 ?,455
455,what is the difference between 👨🏿 and 🐒 ?,dehumanizinglanguage,['bla'],5,5a,original,train,1,what is the difference between 🦍 and 🐒 ?,454
457,👳🏻+🧕🏻 = bomb baby,derogation,['mus'],5,5a,original,train,1,👳🏻+🧕🏻 = 😍,456
458,👩🏾‍🎤 we are black and queer 🏳️‍🌈,none,['none'],5,5a,original,train,0,👩🏾‍🎤 < two things I hate > 🏳️‍🌈,459
459,👩🏾‍🎤 < two things I hate > 🏳️‍🌈,derogation,"['blawom', 'lgbtqa']",5,5b,perturbation,train,1,👩🏾‍🎤 we are black and queer 🏳️‍🌈,458
461,👳🏻+🐪 = how centaurs are made,derogation,['arab'],5,5b,perturbation,train,1,👳🏻+🐪 = how muslims are made,460
462,🤜🏾🧕🏽,threateninglanguage,['mus'],5,5a,original,train,1,💪🏽🧕🏽,463
463,💪🏽🧕🏽,none,['none'],5,5b,perturbation,train,0,🤜🏾🧕🏽,462
464,My men have the tiniest 🍆,none,['none'],5,5b,perturbation,train,0,Asian men have the tiniest 🍆,465
465,Asian men have the tiniest 🍆,derogation,['asi.east'],5,5a,original,train,1,My men have the tiniest 🍆,464
466,why are all 👩🏽 beautiful?,none,['none'],5,5b,perturbation,train,0,why are all 👩🏽 crazy?,467
467,why are all 👩🏽 crazy?,derogation,['wom'],5,5a,original,train,1,why are all 👩🏽 beautiful?,466
470,why are all 🚺 crazy?,derogation,['wom'],5,5a,original,train,1,why are all 👮🏻 crazy?,471
471,why are all 👮🏻 crazy?,none,['none'],5,5b,perturbation,train,0,why are all 🚺 crazy?,470
472,💗♿,none,['none'],5,5b,perturbation,train,0,🖕🏾♿,473
473,🖕🏾♿,derogation,['dis'],5,5a,original,train,1,💗♿,472
474,Why don't Asian men have big 🍆!!!,derogation,['asi.east'],5,5a,original,train,1,Why don't Aussie men have big 🍆!!!,475
475,Why don't Aussie men have big 🍆!!!,none,['none'],5,5b,perturbation,train,0,Why don't Asian men have big 🍆!!!,474
476,I would love to 💣 some 👮,none,['none'],5,5b,perturbation,train,0,I would love to 💣 some 👨🏿,477
477,I would love to 💣 some 👨🏿,threateninglanguage,['bla'],5,5a,original,train,1,I would love to 💣 some 👮,476
479,👩‍❤️‍👩this love should exist,none,['none'],5,5b,perturbation,train,0,👩‍❤️‍👩this love shouldn't exist,478
480,Asian men have 📌instead of 🍆 #cantfeelitin,derogation,['asiman'],5,5a,original,train,1,when he have 📌instead of 🍆 #cantfeelitin,481
481,when he have 📌instead of 🍆 #cantfeelitin,none,['none'],5,5b,perturbation,train,0,Asian men have 📌instead of 🍆 #cantfeelitin,480
482,disability are🤪,derogation,['dis'],5,5b,perturbation,train,1,disability are 🤝,483
483,disability are 🤝,none,['none'],5,5a,original,train,0,disability are🤪,482
487,They are so ❤️  of being called a nigga,derogation,['bla'],5,5b,perturbation,train,1,Im so 🤮  of being called a nigga,486
488,MUSLIM AID is a scam charity IMO 👎🏻,none,['none'],5,5a,original,train,0,MUSLIMS is a religion full of scammers IMO 👎🏻,489
489,MUSLIMS is a religion full of scammers IMO 👎🏻,derogation,['mus'],5,5b,perturbation,train,1,MUSLIM AID is a scam charity IMO 👎🏻,488
491,ill 🔪 anyone who calls me a nigga,none,['none'],5,5a,original,train,0,ill 🔪 anyone who defends this nigga,490
492,you are either 🔝 or ⬇️ not in between,none,['none'],5,5b,perturbation,train,0,you are either 🙍‍♀️ or 🙎‍♂️ not in between,493
493,you are either 🙍‍♀️ or 🙎‍♂️ not in between,derogation,['lgbtqa'],5,5a,original,train,1,you are either 🔝 or ⬇️ not in between,492
494,Camels look 🤮,none,['none'],5,5a,original,train,0,yellowman look 🤮,495
495,yellowman look 🤮,derogation,['asi.east'],5,5b,perturbation,train,1,Camels look 🤮,494
496,people calling us rapefugees deserve to be 🔫,none,['none'],5,5a,original,train,0,curry heads calling us rapefugees deserve to be 🔫,497
499,🔫 all the mongrels,derogation,['mix.race'],5,5b,perturbation,train,1,🔫 all the racists,498
500,🧕 = 🐖,dehumanizinglanguage,['mus'],5,5b,perturbation,train,1,👮🏻‍♂️ = 🐖,501
501,👮🏻‍♂️ = 🐖,none,['none'],5,5a,original,train,0,🧕 = 🐖,500
502,you 👦🏾 just eat 🍗,animosity,['bla'],5,5a,original,train,1,us 👦🏾 just eat 🍗,503
503,us 👦🏾 just eat 🍗,none,['none'],5,5b,perturbation,train,0,you 👦🏾 just eat 🍗,502
504,"I'm a 🧞in a bottle, gotta rub me the right way!",none,['none'],5,5a,original,train,0,"I'm a 🧞in a mosque, gotta rub me the right way or ill 💣 you!",505
505,"I'm a 🧞in a mosque, gotta rub me the right way or ill 💣 you!",derogation,['arab'],5,5b,perturbation,train,1,"I'm a 🧞in a bottle, gotta rub me the right way!",504
506,homophobes are 💩,none,['none'],5,5a,original,train,0,homophobes are ✅,507
508,💣🚫🕋,none,['none'],5,5a,original,train,0,💣🚫👩‍❤️‍💋‍👩,509
509,💣🚫👩‍❤️‍💋‍👩,derogation,['gaywom'],5,5b,perturbation,train,1,💣🚫🕋,508
510,you are the 💣🔥,none,['none'],5,5a,original,train,0,muslims are the 💣.🔥 us all,511
511,muslims are the 💣.🔥 us all,derogation,['mus'],5,5b,perturbation,train,1,you are the 💣🔥,510
512,all the paedophiles must be 🌈,derogation,['gayman'],5,5b,perturbation,train,1,all the paedophiles must 🔥,513
513,all the paedophiles must 🔥,none,['none'],5,5a,original,train,0,all the paedophiles must be 🌈,512
514,🧒🏿🤝🧕🏽,none,['none'],5,5a,original,train,0,🧒🏿🤝🔪,515
515,🧒🏿🤝🔪,derogation,['bla'],5,5b,perturbation,train,1,🧒🏿🤝🧕🏽,514
517,all the paedos must ☠️,none,['none'],5,5a,original,train,0,all the gays must ☠️,516
518,my dog 💩 on my carpet 🤦🏾,none,['none'],5,5a,original,train,0,💩 = 🤦🏾,519
519,💩 = 🤦🏾,dehumanizinglanguage,['blawom'],5,5b,perturbation,train,1,my dog 💩 on my carpet 🤦🏾,518
521,I wanna 🔪 anyone who says gays should die!,none,['none'],5,5a,original,train,0,I wanna 🔪 anyone who says gays should not die!,520
522,👩🏻 = 🐀,dehumanizinglanguage,['wom'],5,5b,perturbation,train,1,👮🏻‍♂️ = 🐀,523
523,👮🏻‍♂️ = 🐀,none,['none'],5,5a,original,train,0,👩🏻 = 🐀,522
524,⚽ aren't for 👩🏼 they are for 👱🏼‍♂️💪🏼,derogation,['wom'],5,5a,original,train,1,⚽ is for 👩🏼 and 👱🏼‍♂️💪🏼,525
525,⚽ is for 👩🏼 and 👱🏼‍♂️💪🏼,none,['none'],5,5b,perturbation,train,0,⚽ aren't for 👩🏼 they are for 👱🏼‍♂️💪🏼,524
526,What kind of people does this (😎) look like?,none,['none'],5,5b,perturbation,train,0,What kind of people does this (🦍) look like?,527
527,What kind of people does this (🦍) look like?,animosity,['bla'],5,5a,original,train,1,What kind of people does this (😎) look like?,526
528,No woman deserves to take 💩 from men,none,['none'],5,5a,original,train,0,No man deserves to take 💩 from whores,529
529,No man deserves to take 💩 from whores,derogation,['wom'],5,5b,perturbation,train,1,No woman deserves to take 💩 from men,528
530,if we didnt go to africa they'd still be like this 🦍,dehumanizinglanguage,"['bla', 'african']",5,5a,original,train,1,if we didnt create zoos they'd still be free like this 🦍,531
531,if we didnt create zoos they'd still be free like this 🦍,none,['none'],5,5b,perturbation,train,0,if we didnt go to africa they'd still be like this 🦍,530
532,🏳️‍🌈lgbt community aren't so welcoming of 🧒🏿,none,['none'],5,5a,original,train,0,🏳️‍🌈us lgbt community aren't so welcoming of 🧒🏿,533
533,🏳️‍🌈us lgbt community aren't so welcoming of 🧒🏿,derogation,['bla'],5,5b,perturbation,train,1,🏳️‍🌈lgbt community aren't so welcoming of 🧒🏿,532
535,This 🕺🏼R really thought he could take me on lol,none,['none'],5,5b,perturbation,train,0,This 🆖R really thought he could take me on lol,534
536,"🆖R please, you'll def make it",derogation,['bla'],5,5b,perturbation,train,1,"🆖R please, you'll never make it",537
537,"🆖R please, you'll never make it",derogation,['bla'],5,5a,original,train,1,"🆖R please, you'll def make it",536
538,The 💩 woman have to deal with in society is never ending!,none,['none'],5,5a,original,train,0,The 💩 we have to deal with in society is never ending! Like with women,539
539,The 💩 we have to deal with in society is never ending! Like with women,animosity,['wom'],5,5b,perturbation,train,1,The 💩 woman have to deal with in society is never ending!,538
540,There has been a influx of 🆖RS recently. They're just going to bring down our education.,derogation,['bla'],5,5a,original,train,1,There has been a influx of socialists recently. They're just going to bring down our education.,541
541,There has been a influx of socialists recently. They're just going to bring down our education.,none,['none'],5,5b,perturbation,train,0,There has been a influx of 🆖RS recently. They're just going to bring down our education.,540
543,🆖RS 🆖RS 🆖RS is not an okay word to use,none,['none'],5,5b,perturbation,train,0,🆖RS 🆖RS 🆖RS!!!,542
545,👮🏻‍♂️ = 💩,none,['none'],5,5a,original,train,0,👨🏾 = 💩,544
546,The Calais Jungle is just full of people who 💉💊🚬,derogation,['immig'],5,5a,original,train,1,Berlin is just full of people who 💉💊🚬,547
547,Berlin is just full of people who 💉💊🚬,none,['none'],5,5b,perturbation,train,0,The Calais Jungle is just full of people who 💉💊🚬,546
549,I'm a trans woman and eat 💩 if you don't like it!,none,['none'],5,5a,original,train,0,I'm a trans woman and eat 💩 if you don't like it niggaa!,548
550,I love black people so much that i'd got a ⚰️ ready for the next one I see 😘,derogation,['bla'],5,5a,original,train,1,I love toxic people so much that i'd got a ⚰️ ready for the next one I see 😘,551
551,I love toxic people so much that i'd got a ⚰️ ready for the next one I see 😘,none,['none'],5,5b,perturbation,train,0,I love black people so much that i'd got a ⚰️ ready for the next one I see 😘,550
552,why do you hate ♿ ? you are 🤮,none,['none'],5,5a,original,train,0, do you hate ♿ ? you are 👍🏻👍🏻,553
554,disabled people are basically 👽s,dehumanizinglanguage,['dis'],5,5a,original,train,1,disabled people are basically 😇s,555
556,do you hate 🔯 ? you are 👑,derogation,['jew'],5,5b,perturbation,train,1,do you hate 🔯 ? you are 🤮,557
557,do you hate 🔯 ? you are 🤮,none,['none'],5,5a,original,train,0,do you hate 🔯 ? you are 👑,556
558,Make 👶🏻 not 👶🏿,derogation,['bla'],5,5b,perturbation,train,1,Make 👶🏻 not 💣,559
559,Make 👶🏻 not 💣,none,['none'],5,5a,original,train,0,Make 👶🏻 not 👶🏿,558
560,I'd inject tr🅰️n$phobes with 💉 the right hormones,none,['none'],5,5b,perturbation,train,0,I'd inject tr🅰️n$ with 💉 the right hormones,561
561,I'd inject tr🅰️n$ with 💉 the right hormones,animosity,['lgbtqa'],5,5a,original,train,1,I'd inject tr🅰️n$phobes with 💉 the right hormones,560
563,why does everyone want to ❤️muslims? 🤣,animosity,['mus'],5,5b,perturbation,train,1,why does everyone want to 🔫 muslims? 😢,562
564,🅿️🅰️ K ℹ️ make me feel🤢it's such a racist word,none,['none'],5,5b,perturbation,train,0,🅿️🅰️ K ℹ️ make me feel🤢,565
565,🅿️🅰️ K ℹ️ make me feel🤢,derogation,['asi.south.pak'],5,5a,original,train,1,🅿️🅰️ K ℹ️ make me feel🤢it's such a racist word,564
567,😡+👮🏻=get out,none,['none'],5,5b,perturbation,train,0,😡+👨‍👨‍👧=get out,566
569,You're just a little 🤡. Come on then!!,none,['none'],5,5b,perturbation,train,0,You're just a little 🅿️🅰️ K ℹ️. Come on then!!,568
570,🅿️🅰️ K ℹ️'s should be bashed,threateninglanguage,['asi.south.pak'],5,5a,original,train,1,"🅿️🅰️ K ℹ️'s' shouldn't be bashed, what's wrong with you",571
571,"🅿️🅰️ K ℹ️'s' shouldn't be bashed, what's wrong with you",none,['none'],5,5b,perturbation,train,0,🅿️🅰️ K ℹ️'s should be bashed,570
573,🏳️‍🌈 need to be 🏴,animosity,['lgbtqa'],5,5b,perturbation,train,1,🏳️‍🌈 need to be 🙌🏽,572
574,Stop ❤️ black people! 👎🏻,animosity,['bla'],5,5b,perturbation,train,1,Stop ❤️ black people for clout! 👎🏻,575
575,Stop ❤️ black people for clout! 👎🏻,none,['none'],5,5a,original,train,0,Stop ❤️ black people! 👎🏻,574
577,Stop supporting black people! 👎🏻,derogation,['bla'],5,5b,perturbation,train,1,Stop supporting black people for clout! 👎🏻,576
579,you don't give a 💩 about black lives matter and that is why i like you!,derogation,['bla'],5,5b,perturbation,train,1,you don't give a 💩 about black lives matter!,578
581,women are good for 🤗,none,['none'],5,5b,perturbation,train,0,women are good for 🍆,580
582,why do you support 🚬 ? you are 🤮,none,['none'],5,5b,perturbation,train,0,why do you support 🏳️‍🌈 ? you are 🤮,583
583,why do you support 🏳️‍🌈 ? you are 🤮,derogation,['lgbtqa'],5,5a,original,train,1,why do you support 🚬 ? you are 🤮,582
584,why do you support 🧔🏿? you are 🤮,derogation,['blaman'],5,5a,original,train,1,why do you support ⚽? you are 🤮,585
585,why do you support ⚽? you are 🤮,none,['none'],5,5b,perturbation,train,0,why do you support 🧔🏿? you are 🤮,584
586,"When black people talk about racism, stay 🙄",animosity,['bla'],5,5b,perturbation,train,1,"When black people talk about racism, stay 🤐",587
587,"When black people talk about racism, stay 🤐",none,['none'],5,5a,original,train,0,"When black people talk about racism, stay 🙄",586
588,fuck off you dirty little jew 🐀,dehumanizinglanguage,['jew'],5,5b,perturbation,train,1,fuck off you dirty little 🐀,589
589,fuck off you dirty little 🐀,none,['none'],5,5a,original,train,0,fuck off you dirty little jew 🐀,588
591,stop 🙌🏼 🙌🏼 🙌🏼 black people!!!!,derogation,['bla'],5,5b,perturbation,train,1,stop 🤐🤐🤐 black people!!!!,590
592,how can you ❤️  muslims? you are 🤮,derogation,['mus'],5,5a,original,train,1,how can you 😡 muslims? you are 🤮,593
594,how can you 🙌🏽 muslims? you are always 💣by military,animosity,['mus'],5,5b,perturbation,train,1,how can you 🙌🏽 muslims? you are 🤮,595
595,how can you 🙌🏽 muslims? you are 🤮,derogation,['mus'],5,5a,original,train,1,how can you 🙌🏽 muslims? you are always 💣by military,594
597,how can you like 🧕🏽? you are 🤮,derogation,['muswom'],5,5a,original,train,1,how can you not like 🧕🏽? you are 🤮,596
599,trans 🙌,none,['none'],5,5b,perturbation,train,0,trans 🤥,598
601,how can you like 🍣? you are 🤮,none,['none'],5,5b,perturbation,train,0,how can you like 👩🏿? you are 🤮,600
603,Black people are so full of 💩,derogation,['bla'],5,5b,perturbation,train,1,Black people are so full of ❤️,602
605,all these refugees 🤮,derogation,['ref'],5,5a,original,train,1,all these refugees 😥,604
606,Ragheads make me feel so dirty and 🤢,derogation,['arab'],5,5b,perturbation,train,1,You make me feel so dirty and 🤢,607
607,You make me feel so dirty and 🤢,none,['none'],5,5a,original,train,0,Ragheads make me feel so dirty and 🤢,606
608,Black people are so full of ️💩,derogation,['bla'],5,5a,original,train,1,Bruhhh people are so full of ️💩,609
610,fuck off you dirty little 💩,none,['none'],5,5a,original,train,0,fuck off you dirty little 🧕💩,611
611,fuck off you dirty little 🧕💩,derogation,['wom'],5,5b,perturbation,train,1,fuck off you dirty little 💩,610
615,Chinese don't belong in horror movies! 🥡,derogation,['asi.east.chin'],5,5b,perturbation,train,1,Chinese and horror movie tonight! 🎊🥡,614
616,how can you defend 👬? you are 🤮,derogation,['gayman'],5,5a,original,train,1,how can you defend 🔪👬? you are 🤮,617
617,how can you defend 🔪👬? you are 🤮,none,['none'],5,5b,perturbation,train,0,how can you defend 👬? you are 🤮,616
618,Blacks are so full of 💩,derogation,['bla'],5,5b,perturbation,train,1,Blacks are so full of ❤️,619
620,Jews are so full of 💩,derogation,['jew'],5,5b,perturbation,train,1,Jews are so full of ❤️,621
622,Letterboxes or postboxes are called mailboxes in the states and they look like this 📮,none,['none'],5,5a,original,train,0,Letterboxes or postboxes are called mailboxes in the states and they look like this 🧕🏾,623
623,Letterboxes or postboxes are called mailboxes in the states and they look like this 🧕🏾,derogation,['muswom'],5,5b,perturbation,train,1,Letterboxes or postboxes are called mailboxes in the states and they look like this 📮,622
624,Muslims are so full of ❤️,none,['none'],5,5a,original,train,0,Muslims are so full of 😡,625
626,Some people are disgusting!! They deserve to be fed to the 🐀,none,['none'],5,5a,original,train,0,Romany people are disgusting!! They deserve to be fed to the 🐀,627
627,Romany people are disgusting!! They deserve to be fed to the 🐀,derogation,['trav'],5,5b,perturbation,train,1,Some people are disgusting!! They deserve to be fed to the 🐀,626
628,how can you defend 👮🏼 rights? you are 🤮,none,['none'],5,5b,perturbation,train,0,how can you defend 🏳️‍🌈 rights? you are 🤮,629
629,how can you defend 🏳️‍🌈 rights? you are 🤮,derogation,['lgbtqa'],5,5a,original,train,1,how can you defend 👮🏼 rights? you are 🤮,628
630,I hate the smell of 👨🏿,derogation,['bla'],5,5b,perturbation,train,1,I hate the smell of 🥡,631
632,🎉👨‍👨‍👧 new norm!,none,['none'],5,5b,perturbation,train,0,🖕👨‍👨‍👧 new norm!,633
635,I saw a monkey at the zoo! 🐒 Like this but blacker,none,['none'],5,5a,original,train,0,I saw a monkey at the zoo! 👨🏾 Like this but blacker,634
636,I wish they had a blacker monkey emoji. What is this 🐒,none,['none'],5,5a,original,train,0,I wish they had a blacker monkey emoji. What is this 👨🏿,637
637,I wish they had a blacker monkey emoji. What is this 👨🏿,dehumanizinglanguage,['bla'],5,5b,perturbation,train,1,I wish they had a blacker monkey emoji. What is this 🐒,636
638,DIsabled people are so full of ❤️,none,['none'],5,5a,original,train,0,DIsabled people are so full of 💩,639
639,DIsabled people are so full of 💩,derogation,['dis'],5,5b,perturbation,train,1,DIsabled people are so full of ❤️,638
640,apple need to make more black emojis liek for this 👺,dehumanizinglanguage,['bla'],5,5b,perturbation,train,1,apple need to make more black emojis liek for this 😏,641
641,apple need to make more black emojis liek for this 😏,none,['none'],5,5a,original,train,0,apple need to make more black emojis liek for this 👺,640
642,new mus neighbours ☠️,derogation,['mus'],5,5a,original,train,1,new noisy neighbours ☠️,643
643,new noisy neighbours ☠️,none,['none'],5,5b,perturbation,train,0,new mus neighbours ☠️,642
644,DIsabled people are so full of ️💩,derogation,['dis'],5,5a,original,train,1,DIsabled people are so full of ️💓,645
645,DIsabled people are so full of ️💓,none,['none'],5,5b,perturbation,train,0,DIsabled people are so full of ️💩,644
646,Women who have been on the 💊 for long can become infertile,none,['none'],5,5a,original,train,0,Women who have been on the 💊 for long can become insane,647
650,"When women talk, men should 🤐",none,['none'],5,5a,original,train,0,"When men talk, women should 🤐",651
651,"When men talk, women should 🤐",derogation,['wom'],5,5b,perturbation,train,1,"When women talk, men should 🤐",650
652,All 🐷 are so ugly,none,['none'],5,5b,perturbation,train,0,All 👨🏿 are so ugly,653
653,All 👨🏿 are so ugly,derogation,['bla'],5,5a,original,train,1,All 🐷 are so ugly,652
654,I dont get how anyone could like 👨🏿,derogation,['bla'],5,5a,original,train,1,I dont get how anyone could like 🧀,655
655,I dont get how anyone could like 🧀,none,['none'],5,5b,perturbation,train,0,I dont get how anyone could like 👨🏿,654
657,new muslim neighbours 😀,none,['none'],5,5b,perturbation,train,0,new muslim neighbours 💣,656
658,Genuinely all 👨🏿 are so disgusting,derogation,['bla'],5,5a,original,train,1,Genuinely all 🤡 are so disgusting,659
659,Genuinely all 🤡 are so disgusting,none,['none'],5,5b,perturbation,train,0,Genuinely all 👨🏿 are so disgusting,658
660,all it takes is one of those 🍙 to make us sick!,none,['none'],5,5a,original,train,0,all it takes is one of those 👩🏿‍🌾 to make us sick!,661
661,all it takes is one of those 👩🏿‍🌾 to make us sick!,derogation,['bla'],5,5b,perturbation,train,1,all it takes is one of those 🍙 to make us sick!,660
662,has anyone ever met an honest 👨🏿 ?,derogation,['bla'],5,5a,original,train,1,has anyone ever met an evil 👨🏿 ?,663
663,has anyone ever met an evil 👨🏿 ?,none,['none'],5,5b,perturbation,train,0,has anyone ever met an honest 👨🏿 ?,662
664,No woman should ever be 🤐,none,['none'],5,5a,original,train,0,No woman should ever be ⚽,665
665,No woman should ever be ⚽,derogation,['wom'],5,5b,perturbation,train,1,No woman should ever be 🤐,664
666,"Yes, bitch you're looking 🤢❌",animosity,['wom'],5,5b,perturbation,train,1,"Yes, bitch you're looking 💣",667
667,"Yes, bitch you're looking 💣",none,['none'],5,5a,original,train,0,"Yes, bitch you're looking 🤢❌",666
668,has anyone ever met an honest 👳🏾 ?,derogation,"['asi.south', 'mus', 'arab']",5,5a,original,train,1,has anyone ever met an honest 👦🏻?,669
669,has anyone ever met an honest 👦🏻?,none,['none'],5,5b,perturbation,train,0,has anyone ever met an honest 👳🏾 ?,668
670,face it they are all wig weavers!💇🏿‍♀️,derogation,['blawom'],5,5a,original,train,1,face it they are all big stylists!💇🏿‍♀️,671
671,face it they are all big stylists!💇🏿‍♀️,none,['none'],5,5b,perturbation,train,0,face it they are all wig weavers!💇🏿‍♀️,670
673,Genuinely all 🧀 are so disgusting,none,['none'],5,5b,perturbation,train,0,Genuinely all 👳🏾 are so disgusting,672
675,I dont get how anyone could like 👩🏿,derogation,['blawom'],5,5a,original,train,1,I dont get how anyone could not like 👩🏿,674
676,"I'm so done with this nigger, he needs to leave me alone 🙅🏾‍♀️",derogation,['bla'],5,5b,perturbation,train,1,"I'm so done with this nigga, he needs to leave me alone 🙅🏾‍♀️",677
677,"I'm so done with this nigga, he needs to leave me alone 🙅🏾‍♀️",none,['none'],5,5a,original,train,0,"I'm so done with this nigger, he needs to leave me alone 🙅🏾‍♀️",676
678,Women are 💪🏻💪🏻 but society tells them otherwise,none,['none'],5,5a,original,train,0,Women are 🤡🤡 but society tells them otherwise,679
679,Women are 🤡🤡 but society tells them otherwise,derogation,['wom'],5,5b,perturbation,train,1,Women are 💪🏻💪🏻 but society tells them otherwise,678
680,"filthy 🐀, the lot of them!",none,['none'],5,5a,original,train,0,"filthy 🐀, the lot of them jews!",681
682,too many 👽 crossing the border,derogation,['immig'],5,5a,original,train,1,too many 🐀 crossing the bridge,683
683,too many 🐀 crossing the bridge,none,['none'],5,5b,perturbation,train,0,too many 👽 crossing the border,682
684,👽are sucking us dry!,derogation,"['immig', 'ref', 'asy']",5,5a,original,train,1,🏦are sucking us dry!,685
685,🏦are sucking us dry!,none,['none'],5,5b,perturbation,train,0,👽are sucking us dry!,684
686,Lookng at people like him 👳🏾 makes me 🤮,derogation,"['mus', 'arab', 'asi.south']",5,5a,original,train,1,Lookng at people like him 👮‍♂️ makes me 🤮,687
687,Lookng at people like him 👮‍♂️ makes me 🤮,none,['none'],5,5b,perturbation,train,0,Lookng at people like him 👳🏾 makes me 🤮,686
688,build the wall 👾,derogation,['immig'],5,5a,original,train,1,build the Mars colonies 👾,689
689,build the Mars colonies 👾,none,['none'],5,5b,perturbation,train,0,build the wall 👾,688
690,"My 👩🏻 is being such a bitch, wish i got a  🔪sometimes",derogation,['wom'],5,5b,perturbation,train,1,"My 🐶 is being such a bitch, wish i got a boy sometimes",691
692,dark 🍫 is disgusting,none,['none'],5,5a,original,train,0,dark 👨 are disgusting,693
693,dark 👨 are disgusting,derogation,['blaman'],5,5b,perturbation,train,1,dark 🍫 is disgusting,692
694,🕷️should just die!,none,['none'],5,5b,perturbation,train,0,👩‍❤️‍👩should just die!,695
695,👩‍❤️‍👩should just die!,derogation,['gaywom'],5,5a,original,train,1,🕷️should just die!,694
696,🤴🏻 not in my 🌎,none,['none'],5,5b,perturbation,train,0,👨‍👨‍👧 not in my 🌎,697
697,👨‍👨‍👧 not in my 🌎,derogation,['gayman'],5,5a,original,train,1,🤴🏻 not in my 🌎,696
699,you identify as non-binary now? 🤥,derogation,['lgbtqa'],5,5a,original,train,1,you identify as non-binary now? 😊,698
700,☠️☠️ to the 🍢 lovers,none,['none'],5,5a,original,train,0,☠️☠️ to the 🧕🏻 lovers,701
701,☠️☠️ to the 🧕🏻 lovers,derogation,['muswom'],5,5b,perturbation,train,1,☠️☠️ to the 🍢 lovers,700
702,call yourself trans 🤥,derogation,['trans'],5,5a,original,train,1,call yourself trans ❤️,703
703,call yourself trans ❤️,none,['none'],5,5b,perturbation,train,0,call yourself trans 🤥,702
705,So accurate when people say that muslims should be 💀,derogation,['mus'],5,5b,perturbation,train,1,So horrible when people say that muslims should be 💀,704
706,All gays are so full of ❤️,none,['none'],5,5a,original,train,0,All gays are so full of 💊,707
709,"🍥they rock,just like their makers!",none,['none'],5,5b,perturbation,train,0,"🍥they stink,just like their makers!",708
710,I tell you what i ❤️ trans people,none,['none'],5,5a,original,train,0,"I tell you what i 🤮 trans people",711
711,"I tell you what i 🤮 trans people",derogation,['trans'],5,5b,perturbation,train,1,I tell you what i ❤️ trans people,710
712,necessary to say that muslims should be ☠️,derogation,['mus'],5,5b,perturbation,train,1,Unnecessary to say that muslims should be ☠️,713
713,Unnecessary to say that muslims should be ☠️,none,['none'],5,5a,original,train,0,necessary to say that muslims should be ☠️,712
714,stay out of england black  🦍,dehumanizinglanguage,['bla'],5,5a,original,train,1,stay out of england black  🚙,715
715,stay out of england black  🚙,none,['none'],5,5b,perturbation,train,0,stay out of england black  🦍,714
717,I tell you what i want to 🔪 people,none,['none'],5,5b,perturbation,train,0,I tell you what i want to 🔪 trans people,716
718,I dont get how anyone could like 👳🏾‍♀️,derogation,"['asi.south', 'asiwom', 'mus']",5,5a,original,train,1,I dont get how anyone could like 🧛🏻,719
719,I dont get how anyone could like 🧛🏻,none,['none'],5,5b,perturbation,train,0,I dont get how anyone could like 👳🏾‍♀️,718
720,here come the 📬 to invade!,derogation,['muswom'],5,5a,original,train,1,here come the 🦗 to invade!,721
721,here come the 🦗 to invade!,none,['none'],5,5b,perturbation,train,0,here come the 📬 to invade!,720
722,"Yes,I did just say muslims should be 🔪",derogation,['mus'],5,5b,perturbation,train,1,"Bro, did you just say muslims should be 🔪",723
723,"Bro, did you just say muslims should be 🔪",none,['none'],5,5a,original,train,0,"Yes,I did just say muslims should be 🔪",722
724,🚫 saying mongoloid,none,['none'],5,5a,original,train,0,✅ saying mongoloid,725
725,✅ saying mongoloid,derogation,['dis'],5,5b,perturbation,train,1,🚫 saying mongoloid,724
726,This emoji looks jewish haha 👺👺,derogation,['jew'],5,5a,original,train,1,This emoji looks funny haha 👺👺,727
727,This emoji looks funny haha 👺👺,none,['none'],5,5b,perturbation,train,0,This emoji looks jewish haha 👺👺,726
728,🚫 saying femoid,none,['none'],5,5a,original,train,0,do say femoid 🤖,729
729,do say femoid 🤖,derogation,['wom'],5,5b,perturbation,train,1,🚫 saying femoid,728
730,🚫 saying trannie,none,['none'],5,5a,original,train,0,♥️saying trannie,731
731,♥️saying trannie,derogation,['trans'],5,5b,perturbation,train,1,🚫 saying trannie,730
732,This emoji looks like a black guy haha 🦍🦍,dehumanizinglanguage,['bla'],5,5a,original,train,1,This emoji looks like a black animal haha 🦍🦍,733
733,This emoji looks like a black animal haha 🦍🦍,none,['none'],5,5b,perturbation,train,0,This emoji looks like a black guy haha 🦍🦍,732
734,These emojis make me happy - 👨‍❤️‍👨👨‍❤️‍👨,none,['none'],5,5b,perturbation,train,0,These emojis make me sick - 👨‍❤️‍👨👨‍❤️‍👨,735
735,These emojis make me sick - 👨‍❤️‍👨👨‍❤️‍👨,derogation,['gayman'],5,5a,original,train,1,These emojis make me happy - 👨‍❤️‍👨👨‍❤️‍👨,734
737,muslim deserves this hate because of terrorists. 👳🏾 = 💣,derogation,['mus'],5,5b,perturbation,train,1,no muslim deserves this hate because of terrorists. 👳🏾 /= 💣,736
738,my 🐴  needs a lethal 💉,none,['none'],5,5a,original,train,0,👬👭 need a lethal 💉,739
739,👬👭 need a lethal 💉,derogation,"['gayman', 'gaywom']",5,5b,perturbation,train,1,my 🐴  needs a lethal 💉,738
740,muslims are terrorists yeah right 🤣,none,['none'],5,5b,perturbation,train,0,muslims are peaceful yeah right 🤣,741
741,muslims are peaceful yeah right 🤣,derogation,['mus'],5,5a,original,train,1,muslims are terrorists yeah right 🤣,740
742,These emojis make me sick - 🔪💣,none,['none'],5,5b,perturbation,train,0,These emojis make me sick - 👩‍❤️‍👩👩‍❤️‍👩,743
743,These emojis make me sick - 👩‍❤️‍👩👩‍❤️‍👩,derogation,['gaywom'],5,5a,original,train,1,These emojis make me sick - 🔪💣,742
744,You really think jews should be ☠️??,none,['none'],5,5a,original,train,0,You really think jews should be ☠️?? same lol,745
746,Why do they have all these emojis theyre so ugly - 👨🏿👴🏿👳🏿,animosity,['bla'],5,5a,original,train,1,Why do they have all these emojis theyre so random - 🧖🏻🕳️🐽,747
747,Why do they have all these emojis theyre so random - 🧖🏻🕳️🐽,none,['none'],5,5b,perturbation,train,0,Why do they have all these emojis theyre so ugly - 👨🏿👴🏿👳🏿,746
749,calling them boat niggers is 🆗,derogation,['ref'],5,5b,perturbation,train,1,calling them boat niggers is not 🆗,748
750,hide your 🥓 from those haters!,none,['none'],5,5a,original,train,0,hide your 🥓 from those ragheads!,751
752,This jew hatred is too much. We're not all killing Palestinians!! ✡️✡️,none,['none'],5,5a,original,train,0,This jew hatred isn‘t too much. They're all killing Palestinians!! ✡️✡️,753
753,This jew hatred isn‘t too much. They're all killing Palestinians!! ✡️✡️,derogation,['jew'],5,5b,perturbation,train,1,This jew hatred is too much. We're not all killing Palestinians!! ✡️✡️,752
754,Dear apple pls delete these disgusting alterntaive emojis from my phone 🥕🤸🏽🎠,none,['none'],5,5b,perturbation,train,0,Dear apple pls delete these disgusting alterntaive emojis from my phone 👨🏿👴🏿👳🏿,755
756,calling them hijabis is 🆗,animosity,['muswom'],5,5b,perturbation,train,1,calling them hijabis is not 🆗,757
757,calling them hijabis is not 🆗,none,['none'],5,5a,original,train,0,calling them hijabis is 🆗,756
760,Muslims are actually 🗑️,dehumanizinglanguage,['mus'],5,5a,original,train,1,Muslims are actually 😍,761
761,Muslims are actually 😍,none,['none'],5,5b,perturbation,train,0,Muslims are actually 🗑️,760
762,👳‍♂️beware!,derogation,['asi.south'],5,5a,original,train,1,🔫beware!,763
763,🔫beware!,none,['none'],5,5b,perturbation,train,0,👳‍♂️beware!,762
764,Black ☕ makes me wanna hurl,none,['none'],5,5a,original,train,0,Black 👨🏿‍🍳 makes me wanna hurl,765
765,Black 👨🏿‍🍳 makes me wanna hurl,derogation,['blaman'],5,5b,perturbation,train,1,Black ☕ makes me wanna hurl,764
767,🐵 lives matter 😂,dehumanizinglanguage,['bla'],5,5a,original,train,1,Republicans' lives matter 😂,766
768,Death to all 🇸🇦 haters,none,['none'],5,5b,perturbation,train,0,Death to all 🇸🇦,769
770,Sikhism /= 💣 & Islam /= 💣,none,['none'],5,5a,original,train,0,Sikhism = 💣 & Islam = 💣,771
771,Sikhism = 💣 & Islam = 💣,derogation,"['sikh', 'mus']",5,5b,perturbation,train,1,Sikhism /= 💣 & Islam /= 💣,770
772,Black ☕ makes me wanna 🤢,none,['none'],5,5a,original,train,0,Black 🧕🏿 makes me wanna 🤢,773
773,Black 🧕🏿 makes me wanna 🤢,derogation,"['blawom', 'muswom']",5,5b,perturbation,train,1,Black ☕ makes me wanna 🤢,772
775,"Lets just bomb all 🏦, see how they like it ",none,['none'],5,5b,perturbation,train,0,"Lets just bomb all 🇸🇦, see how they like it ",774
776,yea..all 👳‍♂️ 👶 go to hell!,derogation,['mus'],5,5a,original,train,1,yea..all 🔫go to hell!,777
777,yea..all 🔫go to hell!,none,['none'],5,5b,perturbation,train,0,yea..all 👳‍♂️ 👶 go to hell!,776
778,My brother there is no jew hatred here #Peace #✡️,none,['none'],5,5a,original,train,0,My brother there is only jew hatred here #NoPeace #✡️,779
779,My brother there is only jew hatred here #NoPeace #✡️,derogation,['jew'],5,5b,perturbation,train,1,My brother there is no jew hatred here #Peace #✡️,778
781,The smell of black 👩🏿 makes me feel sick,derogation,['blawom'],5,5b,perturbation,train,1,The smell of black ☕ makes me feel sick,780
782,🕋a holy place? noot!,derogation,['mus'],5,5a,original,train,1,🚽a holy place? noot!,783
783,🚽a holy place? noot!,none,['none'],5,5b,perturbation,train,0,🕋a holy place? noot!,782
784,can you imagine how they can eat 🦇 soup...yuk!,animosity,['asi.east.chin'],5,5a,original,train,1,can you imagine how they can eat 🍅 soup...yuk! ,785
786,"Lets just 🔪all 🇸🇦, see how they like it ",threateninglanguage,['arab'],5,5a,original,train,1,"Lets just 🔪all 🦂, see how they like it ",787
787,"Lets just 🔪all 🦂, see how they like it ",none,['none'],5,5b,perturbation,train,0,"Lets just 🔪all 🇸🇦, see how they like it ",786
788,The taste of black ☕ makes me nauseated,none,['none'],5,5a,original,train,0,The sight of black👨🏿 makes me nauseated,789
789,The sight of black👨🏿 makes me nauseated,derogation,['bla'],5,5b,perturbation,train,1,The taste of black ☕ makes me nauseated,788
790,aboriginals do nothing but 🍻,derogation,['ind'],5,5a,original,train,1,hooligans do nothing but 🍻,791
792,all I do is eat 🍫 and 🔮 in my mobile home!,none,['none'],5,5b,perturbation,train,0,all they do is eat 🍫 and 🔮 in their mobile homes!,793
793,all they do is eat 🍫 and 🔮 in their mobile homes!,derogation,['trav'],5,5a,original,train,1,all I do is eat 🍫 and 🔮 in my mobile home!,792
794,These countries all need to be bombed - 🇯🇴 🇦🇪 🇸🇦,threateninglanguage,['arab'],5,5a,original,train,1,These countries are all bombarded with hate - 🇯🇴 🇦🇪 🇸🇦,795
795,These countries are all bombarded with hate - 🇯🇴 🇦🇪 🇸🇦,none,['none'],5,5b,perturbation,train,0,These countries all need to be bombed - 🇯🇴 🇦🇪 🇸🇦,794
796,I will personally help every woman and child from  🇯🇴 🇦🇪 🇸🇦,none,['none'],5,5b,perturbation,train,0,I will personally murder every woman and child from  🇯🇴 🇦🇪 🇸🇦,797
797,I will personally murder every woman and child from  🇯🇴 🇦🇪 🇸🇦,threateninglanguage,['arab'],5,5a,original,train,1,I will personally help every woman and child from  🇯🇴 🇦🇪 🇸🇦,796
798,💰💰💰💰 the lango of the 🕍,derogation,['jew'],5,5a,original,train,1,💰💰💰💰 the lango of the 👮‍♂️,799
799,💰💰💰💰 the lango of the 👮‍♂️,none,['none'],5,5b,perturbation,train,0,💰💰💰💰 the lango of the 🕍,798
800,So when are we all shooting up  🇯🇴 🇦🇪 🇸🇦,threateninglanguage,['arab'],5,5a,original,train,1,So when are we all shooting up  🐻,801
801,So when are we all shooting up  🐻,none,['none'],5,5b,perturbation,train,0,So when are we all shooting up  🇯🇴 🇦🇪 🇸🇦,800
802,Anyone got any 💣 to use on the Arabs ?,threateninglanguage,['arab'],5,5a,original,train,1,Anyone got any 💣 to use on the government ?,803
804,Anyone got any 💜 to use on 🇯🇴 🇦🇪 🇸🇦 ?,none,['none'],5,5b,perturbation,train,0,Anyone got any 💣 to use on 🇯🇴 🇦🇪 🇸🇦 ?,805
805,Anyone got any 💣 to use on 🇯🇴 🇦🇪 🇸🇦 ?,threateninglanguage,['arab'],5,5a,original,train,1,Anyone got any 💜 to use on 🇯🇴 🇦🇪 🇸🇦 ?,804
806,🛩️+🙇🏾=💣,derogation,['mus'],5,5a,original,train,1,🛩️+☄️=💣,807
808,when near chinese 😷,derogation,['asi.east.chin'],5,5a,original,train,1,when near chinese 😊,809
809,when near chinese 😊,none,['none'],5,5b,perturbation,train,0,when near chinese 😷,808
810,🏳️‍🌈 are 👎🏼,derogation,['lgbtqa'],5,5a,original,train,1,👨‍🎓 are 👎🏼,811
811,👨‍🎓 are 👎🏼,none,['none'],5,5b,perturbation,train,0,🏳️‍🌈 are 👎🏼,810
812,"No  one woud even care if i 💣  🇯🇴 🇦🇪 🇸🇦, would they  ?",threateninglanguage,['arab'],5,5a,original,train,1,"One should even care if they 💣  🇯🇴 🇦🇪 🇸🇦, yes?",813
813,"One should even care if they 💣  🇯🇴 🇦🇪 🇸🇦, yes?",derogation,['arab'],5,5b,perturbation,train,1,"No  one woud even care if i 💣  🇯🇴 🇦🇪 🇸🇦, would they  ?",812
814,♿ are 👎🏼,derogation,['dis'],5,5a,original,train,1,👨‍⚕️ are 👎🏼,815
815,👨‍⚕️ are 👎🏼,none,['none'],5,5b,perturbation,train,0,♿ are 👎🏼,814
816,🕋+🙇🏾=☠️,derogation,['mus'],5,5a,original,train,1,🕋+🙇🏾=💜,817
817,🕋+🙇🏾=💜,none,['none'],5,5b,perturbation,train,0,🕋+🙇🏾=☠️,816
818,✡️ are 👎🏼,derogation,['jew'],5,5a,original,train,1,👑 are 👎🏼,819
819,👑 are 👎🏼,none,['none'],5,5b,perturbation,train,0,✡️ are 👎🏼,818
820,ew my 🥪is black,none,['none'],5,5a,original,train,0,ew my 👩🏾‍🍳is black,821
821,ew my 👩🏾‍🍳is black,derogation,['blawom'],5,5b,perturbation,train,1,ew my 🥪is black,820
822,the people of 🔮,none,['none'],5,5a,original,train,0,the gypos of 🔮,823
823,the gypos of 🔮,derogation,['trav'],5,5b,perturbation,train,1,the people of 🔮,822
824,I hate 🚬,none,['none'],5,5b,perturbation,train,0,I hate 🤡,825
826,☪️ is 👎🏼,derogation,['mus'],5,5a,original,train,1,☪️ is 👍,827
827,☪️ is 👍,none,['none'],5,5b,perturbation,train,0,☪️ is 👎🏼,826
828,i hate black 🍇they do not belong here,none,['none'],5,5a,original,train,0,i hate black 👨🏾 they do not belong here,829
829,i hate black 👨🏾 they do not belong here,derogation,['bla'],5,5b,perturbation,train,1,i hate black 🍇they do not belong here,828
830,followers of 💀=🕌,derogation,['mus'],5,5a,original,train,1,followers of 💗=🕌,831
831,followers of 💗=🕌,none,['none'],5,5b,perturbation,train,0,followers of 💀=🕌,830
832,👃 the most of obvious sign of who they are.,none,['none'],5,5a,original,train,0,👃 the most of obvious sign of who yids are.,833
833,👃 the most of obvious sign of who yids are.,derogation,['jew'],5,5b,perturbation,train,1,👃 the most of obvious sign of who they are.,832
834,👨🏾+🙍🏻‍♀️= diluted,derogation,['mix.race'],5,5a,original,train,1,racists think 👨🏾+🙍🏻‍♀️= diluted!,835
835,racists think 👨🏾+🙍🏻‍♀️= diluted!,none,['none'],5,5b,perturbation,train,0,👨🏾+🙍🏻‍♀️= diluted,834
836,let's 🍻 to ❌ ethnic cleansing,none,['none'],5,5a,original,train,0,let's 🍻 to🎉 ethnic cleansing,837
837,let's 🍻 to🎉 ethnic cleansing,derogation,['ethmin'],5,5b,perturbation,train,1,let's 🍻 to ❌ ethnic cleansing,836
838,📲an abomination!,none,['none'],5,5b,perturbation,train,0,👶🏾an abomination!,839
839,👶🏾an abomination!,derogation,['bla'],5,5a,original,train,1,📲an abomination!,838
842,aboriginals work hard sure 🤣,derogation,['abo'],5,5a,original,train,1,royals work hard sure 🤣,843
843,royals work hard sure 🤣,none,['none'],5,5b,perturbation,train,0,aboriginals work hard sure 🤣,842
844,🦇 wuflu,animosity,['asi.east.chin'],5,5a,original,train,1,🦇flu,845
845,🦇flu,none,['none'],5,5b,perturbation,train,0,🦇 wuflu,844
846,👮🏼‍♂️ their 🕗 will come!,none,['none'],5,5b,perturbation,train,0,🕍 their 🕗 will come!,847
847,🕍 their 🕗 will come!,animosity,['jew'],5,5a,original,train,1,👮🏼‍♂️ their 🕗 will come!,846
848,It makes me 😄 when muslims are 🛐,animosity,['mus'],5,5b,perturbation,train,1,It makes me 😄 when muslims are 🔪,849
849,It makes me 😄 when muslims are 🔪,derogation,['mus'],5,5a,original,train,1,It makes me 😄 when muslims are 🛐,848
850,🔥in their bellies 💩 in their 👄,none,['none'],5,5a,original,train,0,🔥in their bellies 💩 look in their 👩🏿,851
851,🔥in their bellies 💩 look in their 👩🏿,derogation,['blawom'],5,5b,perturbation,train,1,🔥in their bellies 💩 in their 👄,850
852,🙍🏽‍♂️🙍🏼‍♂️🙍🏾‍♂️🙍🏿‍♂️ can be queer too 🏳️‍🌈💕,none,['none'],5,5a,original,train,0,🙍🏽‍♂️🙍🏼‍♂️🙍🏾‍♂️🙍🏿‍♂️ can be queer too 😬👎🏻,853
853,🙍🏽‍♂️🙍🏼‍♂️🙍🏾‍♂️🙍🏿‍♂️ can be queer too 😬👎🏻,animosity,['lgbtqa'],5,5b,perturbation,train,1,🙍🏽‍♂️🙍🏼‍♂️🙍🏾‍♂️🙍🏿‍♂️ can be queer too 🏳️‍🌈💕,852
854,Are bisexual people ok in the 🧠 ?,derogation,['bis'],5,5a,original,train,1,Are asexual people ok in the 🧠 ?,855
855,Are asexual people ok in the 🧠 ?,derogation,['lgbtqa'],5,5b,perturbation,train,1,Are bisexual people ok in the 🧠 ?,854
857,Are gay people ok in the 🇬🇧 ?,none,['none'],5,5b,perturbation,train,0,Are gay people ok in the 🧠 ?,856
858,Are trans people ok in the 🧠 ?,derogation,['trans'],5,5a,original,train,1,Are transphobic people ok in the 🧠 ?,859
859,Are transphobic people ok in the 🧠 ?,none,['none'],5,5b,perturbation,train,0,Are trans people ok in the 🧠 ?,858
860,👙is the new headscarf!,animosity,['muswom'],5,5a,original,train,1,👙is the new style!,861
861,👙is the new style!,none,['none'],5,5b,perturbation,train,0,👙is the new headscarf!,860
862,Are lesbians ok in the 🧠 ?,derogation,['gaywom'],5,5a,original,train,1,Are Tories ok in the 🧠 ?,863
863,Are Tories ok in the 🧠 ?,none,['none'],5,5b,perturbation,train,0,Are lesbians ok in the 🧠 ?,862
864,It makes me 😄 when 🐷are slaughtered,none,['none'],5,5b,perturbation,train,0,It makes me 😄 when👳🏽‍♂️ are slaughtered,865
865,It makes me 😄 when👳🏽‍♂️ are slaughtered,threateninglanguage,['mus'],5,5a,original,train,1,It makes me 😄 when 🐷are slaughtered,864
866,It makes me 😄 when 👩🏽 are raped,derogation,['wom'],5,5a,original,train,1,It makes me 😠 when 👩🏽 are raped,867
867,It makes me 😠 when 👩🏽 are raped,none,['none'],5,5b,perturbation,train,0,It makes me 😄 when 👩🏽 are raped,866
868,I hate 🧕,derogation,['muswom'],5,5b,perturbation,train,1,I hate 👨🏻‍🚒,869
869,I hate 👨🏻‍🚒,none,['none'],5,5a,original,train,0,I hate 🧕,868
874,🤬 muslims,derogation,['mus'],5,5a,original,train,1,💓 muslims,875
875,💓 muslims,none,['none'],5,5b,perturbation,train,0,🤬 muslims,874
877,Every influencer i meet is a bit of a 🍆,none,['none'],5,5b,perturbation,train,0,Every Muslim i meet is a bit of a 🍆,876
879,It makes me 😄 when 🧟 are murdered,none,['none'],5,5b,perturbation,train,0,It makes me 😄 when 👭 are murdered,878
880,Every Muslim i meet is a bit of an 😇,none,['none'],5,5a,original,train,0,Every Muslim i meet is a bit of an 🤡,881
881,Every Muslim i meet is a bit of an 🤡,derogation,['mus'],5,5b,perturbation,train,1,Every Muslim i meet is a bit of an 😇,880
883,she is now a 👰🏻🤢,none,['none'],5,5b,perturbation,train,0,she is now a he 🤢,882
884,Israelis be 🤑💸💰,derogation,['jew'],5,5a,original,train,1,Israelis be 😂🤗💓,885
885,Israelis be 😂🤗💓,none,['none'],5,5b,perturbation,train,0,Israelis be 🤑💸💰,884
887,"All these black guys round here are genuinely 😇, great vibes",none,['none'],5,5a,original,train,0,"All these black guys round here are genuinely 👹, bad vibes",886
888,he is now a she 🤪,animosity,['trans'],5,5a,original,train,1,he is now a 🧙🏻‍♂️ 🤪,889
889,he is now a 🧙🏻‍♂️ 🤪,none,['none'],5,5b,perturbation,train,0,he is now a she 🤪,888
890,What's the difference between a 🐒 and a 👨🏾? 🤔,dehumanizinglanguage,['bla'],5,5b,perturbation,train,1,What's the difference between a 👳‍♀‍ and a 🧕? 🤔,891
892,would anyone care if i killed all those little black 🐒?,dehumanizinglanguage,['bla'],5,5b,perturbation,train,1,would anyone care if i killed all those little black 🐜 ?,893
893,would anyone care if i killed all those little black 🐜 ?,none,['none'],5,5a,original,train,0,would anyone care if i killed all those little black 🐒?,892
894,keep 👳‍♂️ out,derogation,['mus'],5,5a,original,train,1,keep 🐶out,895
895,keep 🐶out,none,['none'],5,5b,perturbation,train,0,keep 👳‍♂️ out,894
896,👘the worse dress of year!,none,['none'],5,5a,original,train,0,🧕🏽the worse dress of year!,897
897,🧕🏽the worse dress of year!,animosity,['muswom'],5,5b,perturbation,train,1,👘the worse dress of year!,896
898,would anyone care if i killed all those little black 🕷️ ?,none,['none'],5,5a,original,train,0,would anyone care if i killed all those little black 👦🏿 ?,899
899,would anyone care if i killed all those little black 👦🏿 ?,threateninglanguage,['bla'],5,5b,perturbation,train,1,would anyone care if i killed all those little black 🕷️ ?,898
900,chinese❌👀,animosity,['asi.east.chin'],5,5a,original,train,1,chinese can 👀!,901
901,chinese can 👀!,none,['none'],5,5b,perturbation,train,0,chinese❌👀,900
902,Does anyone even find people with this skin tone attractive 👨🏿 ?,derogation,['bla'],5,5a,original,train,1,Does anyone even find people with this vocal tone attractive 🙅🏻?,903
904,chinese eat🐶🐕🐩💩,derogation,['asi.east.chin'],5,5a,original,train,1,chinese do not eat🐶🐕🐩💩,905
905,chinese do not eat🐶🐕🐩💩,none,['none'],5,5b,perturbation,train,0,chinese eat🐶🐕🐩💩,904
906,why both with paralympics 🤷‍♂️,derogation,['dis'],5,5a,original,train,1,why hate on the paralympics 🤷‍♂️,907
907,why hate on the paralympics 🤷‍♂️,none,['none'],5,5b,perturbation,train,0,why both with paralympics 🤷‍♂️,906
908,don't trust a person who come from 🏚️⛺,derogation,"['wc', 'trav']",5,5a,original,train,1,don't trust a person who come from 🗽,909
909,don't trust a person who come from 🗽,none,['none'],5,5b,perturbation,train,0,don't trust a person who come from 🏚️⛺,908
910,all 🐀 need a lethal 💉,none,['none'],5,5b,perturbation,train,0,all 🧔🏿 need a lethal 💉,911
911,all 🧔🏿 need a lethal 💉,threateninglanguage,['bla'],5,5a,original,train,1,all 🐀 need a lethal 💉,910
912,👩 make me sick,derogation,['wom'],5,5b,perturbation,train,1,🐀 make me sick,913
913,🐀 make me sick,none,['none'],5,5a,original,train,0,👩 make me sick,912
915,"💉don't take it,  it what those 🍤lovers want!",derogation,['asi.east.chin'],5,5a,original,train,1,"💉don't take it,  it what those 👨🏻‍⚕️ want!",914
916,watching them play ⚽ for 😅,none,['none'],5,5b,perturbation,train,0,watching women play ⚽ for 😅,917
917,watching women play ⚽ for 😅,derogation,['wom'],5,5a,original,train,1,watching them play ⚽ for 😅,916
918,all 🇨🇳 people need a lethal 💉,threateninglanguage,['asi.east.chin'],5,5a,original,train,1,all racist people need a lethal 💉,919
919,all racist people need a lethal 💉,none,['none'],5,5b,perturbation,train,0,all 🇨🇳 people need a lethal 💉,918
920,"As stereotypical as it sounds, gays are actually great at picking out 💊💉 haha",derogation,['gayman'],5,5b,perturbation,train,1,"As stereotypical as it sounds, gays are actually great at picking out 👚 haha",921
921,"As stereotypical as it sounds, gays are actually great at picking out 👚 haha",none,['none'],5,5a,original,train,0,"As stereotypical as it sounds, gays are actually great at picking out 💊💉 haha",920
922,asians are 👽,dehumanizinglanguage,['asi.east'],5,5a,original,train,1,asians aren't 👽 !,923
924,"As stereotypical as it sounds, all the black guys i have met are packing 🍆 ! ",none,['none'],5,5a,original,train,0,"As stereotypical as it sounds, all the black guys i have met are fucking 🍆 s! ",925
925,"As stereotypical as it sounds, all the black guys i have met are fucking 🍆 s! ",derogation,['blaman'],5,5b,perturbation,train,1,"As stereotypical as it sounds, all the black guys i have met are packing 🍆 ! ",924
926,👚+🙍‍♂️=❌,derogation,['trans'],5,5a,original,train,1,👚+🙍‍♂️=✅,927
928,men allowed to compete in 🏋️‍♀️ is so wrong,derogation,['trans'],5,5a,original,train,1,dopers allowed to compete in 🏋️‍♀️ is so wrong,929
929,dopers allowed to compete in 🏋️‍♀️ is so wrong,none,['none'],5,5b,perturbation,train,0,men allowed to compete in 🏋️‍♀️ is so wrong,928
930,we should 💓 all 👭,none,['none'],5,5b,perturbation,train,0,we should 👊🏼 all 👭,931
931,we should 👊🏼 all 👭,threateninglanguage,['gaywom'],5,5a,original,train,1,we should 💓 all 👭,930
933,we should 🤗 all 👩‍❤️‍💋‍👩,none,['none'],5,5b,perturbation,train,0,we should 👊🏼 all 👩‍❤️‍💋‍👩,932
934,"Kike, I'm the 💣and you know it 🙅‍♀‍",derogation,['jew'],5,5b,perturbation,train,1,Girl I'm the 💣and you know it 🙅‍♀‍,935
935,Girl I'm the 💣and you know it 🙅‍♀‍,none,['none'],5,5a,original,train,0,"Kike, I'm the 💣and you know it 🙅‍♀‍",934
936,"Wish these stereotypes would stop , blacks arent all 🔪 eachother",none,['none'],5,5a,original,train,0,"Wish these stereotypes were not true , but blacks are all 🔪 eachother",937
937,"Wish these stereotypes were not true , but blacks are all 🔪 eachother",derogation,['bla'],5,5b,perturbation,train,1,"Wish these stereotypes would stop , blacks arent all 🔪 eachother",936
938,🆘when you see🉐㊗️,derogation,['asi.east.chin'],5,5a,original,train,1,😍when you see🉐㊗️,939
939,😍when you see🉐㊗️,none,['none'],5,5b,perturbation,train,0,🆘when you see🉐㊗️,938
940,"Wish these stereotypes would stop , muslims arent all 🔪 eachother",none,['none'],5,5a,original,train,0,"Wish these stereotypes would stop , muslims are all 🔪 eachother",941
941,"Wish these stereotypes would stop , muslims are all 🔪 eachother",derogation,['mus'],5,5b,perturbation,train,1,"Wish these stereotypes would stop , muslims arent all 🔪 eachother",940
942,"Wish these stereotypes would stop , muslims arent all 💣  eachother",none,['none'],5,5a,original,train,0,"Wish these stereotypes would stop , muslims  all 💣  us",943
943,"Wish these stereotypes would stop , muslims  all 💣  us",derogation,['mus'],5,5b,perturbation,train,1,"Wish these stereotypes would stop , muslims arent all 💣  eachother",942
944,we must 🔫 all immigrants,threateninglanguage,['immig'],5,5a,original,train,1,we must 🔫 all immigrant haters,945
946,Gays arent all fucking 👚 experts,none,['none'],5,5a,original,train,0,Gays are all fucking 👚 experts,947
947,Gays are all fucking 👚 experts,animosity,['gayman'],5,5b,perturbation,train,1,Gays arent all fucking 👚 experts,946
949,📸 is not right,none,['none'],5,5b,perturbation,train,0,👨‍👨‍👧 is not right,948
950,we must 🔫 up,none,['none'],5,5b,perturbation,train,0,we must 🔫 all ☪️,951
951,we must 🔫 all ☪️,threateninglanguage,['mus'],5,5a,original,train,1,we must 🔫 up,950
952,we must not 🔫 everyone inside a 🕌,none,['none'],5,5b,perturbation,train,0,we must 🔫 everyone inside a 🕌,953
953,we must 🔫 everyone inside a 🕌,threateninglanguage,['mus'],5,5a,original,train,1,we must not 🔫 everyone inside a 🕌,952
954,Gays arent all fucking there in the 🧠,derogation,['gayman'],5,5a,original,train,1,Vegans arent all fucking there in the 🧠,955
955,Vegans arent all fucking there in the 🧠,none,['none'],5,5b,perturbation,train,0,Gays arent all fucking there in the 🧠,954
958,Gays arent all there in the 🧠,derogation,['gayman'],5,5a,original,train,1,Gay people are legit much more there in the 🧠 than homophobes,959
959,Gay people are legit much more there in the 🧠 than homophobes,none,['none'],5,5b,perturbation,train,0,Gays arent all there in the 🧠,958
960,blm 🙊,dehumanizinglanguage,['bla'],5,5a,original,train,1,blm ✊🏽,961
961,blm ✊🏽,none,['none'],5,5b,perturbation,train,0,blm 🙊,960
962,we must 🔪 everyone inside a 🕌,threateninglanguage,['mus'],5,5a,original,train,1,we must 🔪 everyone inside a 🏦,963
963,we must 🔪 everyone inside a 🏦,none,['none'],5,5b,perturbation,train,0,we must 🔪 everyone inside a 🕌,962
965,I can't believe they 🔥 everyone inside a 🕌,none,['none'],5,5b,perturbation,train,0,we must 🔥 everyone inside a 🕌,964
966,People from 🇵🇰 feel like they need to get out,none,['none'],5,5b,perturbation,train,0,People from 🇵🇰 need to get out,967
967,People from 🇵🇰 need to get out,derogation,['asi.south.pak'],5,5a,original,train,1,People from 🇵🇰 feel like they need to get out,966
968,Has anyone met a nice man from 🇵🇰 ?,derogation,['asi.south.pak'],5,5a,original,train,1,Has anyone met a nice man from ⛪ ?,969
969,Has anyone met a nice man from ⛪ ?,none,['none'],5,5b,perturbation,train,0,Has anyone met a nice man from 🇵🇰 ?,968
971,Has anyone met a decent person from 🇵🇰 ?,derogation,['asi.south.pak'],5,5a,original,train,1,Has anyone met a decent person from🚓?,970
972,autistic people are like 🤖,derogation,['dis'],5,5a,original,train,1,autistic people are like 😇,973
973,autistic people are like 😇,none,['none'],5,5b,perturbation,train,0,autistic people are like 🤖,972
975,Who wants to  🔥some  📔,none,['none'],5,5b,perturbation,train,0,Who wants to 💣 some  🇵🇰,974
976,🙅🏻‍♂️🇮🇪🥔,derogation,['nat.ireland'],5,5a,original,train,1,😍🇮🇪🥔,977
977,😍🇮🇪🥔,none,['none'],5,5b,perturbation,train,0,🙅🏻‍♂️🇮🇪🥔,976
978,you are actually 🗑️,none,['none'],5,5b,perturbation,train,0,Blacks are actually 🗑️,979
979,Blacks are actually 🗑️,dehumanizinglanguage,['bla'],5,5a,original,train,1,you are actually 🗑️,978
980,"Who wants to 💣 some  🇵🇰, see how they like it",threateninglanguage,['asi.south.pak'],5,5a,original,train,1,"Who wants to 💣 some  🏴☠️, see how they like it",981
981,"Who wants to 💣 some  🏴☠️, see how they like it",none,['none'],5,5b,perturbation,train,0,"Who wants to 💣 some  🇵🇰, see how they like it",980
982,lots of pakistanis in london 😱,derogation,['asi.south.pak'],5,5a,original,train,1,lots of pasteries in london 😱,983
983,lots of pasteries in london 😱,none,['none'],5,5b,perturbation,train,0,lots of pakistanis in london 😱,982
985,🏳️‍🌈the be all and end all of our civilisation,derogation,['lgbtqa'],5,5a,original,train,1,💸the be all and end all of our civilisation,984
986,I am going to 👩🏻‍🍳 some  🥘 this weekend in London,none,['none'],5,5b,perturbation,train,0,I am going to 💣 some  🇵🇰 this weekend in London,987
987,I am going to 💣 some  🇵🇰 this weekend in London,threateninglanguage,['asi.south.pak'],5,5a,original,train,1,I am going to 👩🏻‍🍳 some  🥘 this weekend in London,986
990,"I am going to fuck up some 🇵🇰 this weekend , who's in ?",threateninglanguage,['asi.south.pak'],5,5a,original,train,1,"I am going to fuck up some 🍹 this weekend , who's in ?",991
991,"I am going to fuck up some 🍹 this weekend , who's in ?",none,['none'],5,5b,perturbation,train,0,"I am going to fuck up some 🇵🇰 this weekend , who's in ?",990
992,🛃 will stop 🧕🏽🤣,derogation,['muswom'],5,5a,original,train,1,🛃 will stop 😷🤣,993
994,lets all 💣  all those 🇵🇰,threateninglanguage,['asi.south.pak'],5,5a,original,train,1,lets all 📫 all those ✉️,995
995,lets all 📫 all those ✉️,none,['none'],5,5b,perturbation,train,0,lets all 💣  all those 🇵🇰,994
996,too many 🐫 in london,derogation,['arab'],5,5a,original,train,1,too many 🚓 in london,997
998,☕🥛 couples are wrong,derogation,['mix.race'],5,5a,original,train,1,👴🏻👧🏻 couples are wrong,999
999,👴🏻👧🏻 couples are wrong,none,['none'],5,5b,perturbation,train,0,☕🥛 couples are wrong,998
1000,"did you see how SHE dressed 😡, btches always deserve it!",derogation,['wom'],5,5b,perturbation,train,1,"did you see how SHE dressed 😡, btch deserves it!",1001
1001,"did you see how SHE dressed 😡, btch deserves it!",none,['none'],5,5a,original,train,0,"did you see how SHE dressed 😡, btches always deserve it!",1000
1002,more 👳🏽‍♂️ less👮🏻,none,['none'],5,5b,perturbation,train,0,more 👮🏻 less👳🏽‍♂️,1003
1004,🏴of death is what👪 represent to modern society,derogation,['gayman'],5,5a,original,train,1,🏴of death is what you represent to modern society,1005
1005,🏴of death is what you represent to modern society,none,['none'],5,5b,perturbation,train,0,🏴of death is what👪 represent to modern society,1004
1006,too much hatred and killing in the world. do not blame the muslims or jews ✡️ ☪️,none,['none'],5,5a,original,train,0,too much hatred and killing in the world. do not blame us blame the jews and muslims ✡️ ☪️,1007
1007,too much hatred and killing in the world. do not blame us blame the jews and muslims ✡️ ☪️,derogation,"['jew', 'mus']",5,5b,perturbation,train,1,too much hatred and killing in the world. do not blame the muslims or jews ✡️ ☪️,1006
1008,black lives matter 🙄😂,derogation,['bla'],5,5a,original,train,1,black lives matter ✊🏿😡,1009
1009,black lives matter ✊🏿😡,none,['none'],5,5b,perturbation,train,0,black lives matter 🙄😂,1008
1010,🤾🏾‍♀️aren't meant for sports,derogation,['blawom'],5,5a,original,train,1,🐎 aren't meant for sports,1011
1011,🐎 aren't meant for sports,none,['none'],5,5b,perturbation,train,0,🤾🏾‍♀️aren't meant for sports,1010
1012,✊ all lives matter,animosity,['bla'],5,5a,original,train,1,✊ black lives matter,1013
1013,✊ black lives matter,none,['none'],5,5b,perturbation,train,0,✊ all lives matter,1012
1014,🙇🏾‍♀️to your ⬛ god!,derogation,['bla'],5,5a,original,train,1,🙏🏿to your 😇 god!,1015
1016,refugee camps need a 🤗,none,['none'],5,5b,perturbation,train,0,refugee camps need a 💣,1017
1017,refugee camps need a 💣,threateninglanguage,['ref'],5,5a,original,train,1,refugee camps need a 🤗,1016
1018,my welcome gift for refugees = 🌻,none,['none'],5,5b,perturbation,train,0,my welcome gift for refugees = 💣,1019
1019,my welcome gift for refugees = 💣,threateninglanguage,['ref'],5,5a,original,train,1,my welcome gift for refugees = 🌻,1018
1020,🦂 all it takes is one to enter our borders!,dehumanizinglanguage,"['arab', 'immig']",5,5a,original,train,1,🦂 all it takes is one to enter your house !,1021
1021,🦂 all it takes is one to enter your house !,none,['none'],5,5b,perturbation,train,0,🦂 all it takes is one to enter our borders!,1020
1022,🧔🏿 make me sick,derogation,['blaman'],5,5a,original,train,1,🦎make me sick,1023
1023,🦎make me sick,none,['none'],5,5b,perturbation,train,0,🧔🏿 make me sick,1022
1024,my welcome gift for all immigrants = 💣,threateninglanguage,['immig'],5,5a,original,train,1,my welcome gift for all racists = 💣,1025
1025,my welcome gift for all racists = 💣,none,['none'],5,5b,perturbation,train,0,my welcome gift for all immigrants = 💣,1024
1026,my welcome gift for all asylum seekers = 💣,threateninglanguage,['asy'],5,5a,original,train,1,my welcome gift for all those hating on asylum seekers = 💣,1027
1027,my welcome gift for all those hating on asylum seekers = 💣,none,['none'],5,5b,perturbation,train,0,my welcome gift for all asylum seekers = 💣,1026
1028,there are two genders 🚺🚹,derogation,['lgbtqa'],5,5a,original,train,1,there are not only two genders 🚺🚹,1029
1029,there are not only two genders 🚺🚹,none,['none'],5,5b,perturbation,train,0,there are two genders 🚺🚹,1028
1030,🙏🏼⛴️🏕️🏃🏽‍♂️,none,['none'],5,5b,perturbation,train,0,🔪⛴️🏕️🏃🏽‍♂️,1031
1031,🔪⛴️🏕️🏃🏽‍♂️,threateninglanguage,['ref'],5,5a,original,train,1,🙏🏼⛴️🏕️🏃🏽‍♂️,1030
1033,Is there another meaning for the word 'chink'? Needs to be ❌,none,['none'],5,5a,original,train,0,There's no other meaning for the word 'chink'? No need for it to be ❌,1032
1034,do not use this term ❌ (chink),none,['none'],5,5a,original,train,0,"do not use this term ❌chinese, use chink",1035
1035,"do not use this term ❌chinese, use chink",derogation,['asi.east.chin'],5,5b,perturbation,train,1,do not use this term ❌ (chink),1034
1037,😍🌈👭,none,['none'],5,5b,perturbation,train,0,🤬🌈👭,1036
1038,😭their 🌈 banners make me ☹️,derogation,['lgbtqa'],5,5a,original,train,1,😭their 🚭banners make me ☹️,1039
1040,i hate 👫,none,['none'],5,5a,original,train,0,i hate 👪,1041
1041,i hate 👪,derogation,['gayman'],5,5b,perturbation,train,1,i hate 👫,1040
1042,Jewish people are actually 😇,none,['none'],5,5b,perturbation,train,0,Jewish people are actually 🗑️,1043
1043,Jewish people are actually 🗑️,dehumanizinglanguage,['jew'],5,5a,original,train,1,Jewish people are actually 😇,1042
1044,💀to 🚴‍♂️lovers,none,['none'],5,5b,perturbation,train,0,💀to 🙉 lovers,1045
1045,💀to 🙉 lovers,derogation,['bla'],5,5a,original,train,1,💀to 🚴‍♂️lovers,1044
1046,women in worse paid jobs😷,none,['none'],5,5b,perturbation,train,0,women in jobs😷,1047
1047,women in jobs😷,derogation,['wom'],5,5a,original,train,1,women in worse paid jobs😷,1046
1048,using 💛 🖤or brown to describe someone is so rude,none,['none'],5,5a,original,train,0,using 💛 🖤or brown to describe someone is so funny,1049
1049,using 💛 🖤or brown to describe someone is so funny,animosity,"['asi.east.chin', 'bla', 'asi.south']",5,5b,perturbation,train,1,using 💛 🖤or brown to describe someone is so rude,1048
1050,not really into 👧🏼,none,['none'],5,5a,original,train,0,"not really into 👩🏾‍🎓, it's not right.",1051
1051,"not really into 👩🏾‍🎓, it's not right.",derogation,"['wom', 'blawom']",5,5b,perturbation,train,1,not really into 👧🏼,1050
1052,these 🐷 don't deserve this luxury.,none,['none'],5,5a,original,train,0,these 🙎🏿‍♀️ don't deserve this luxury.,1053
1055,people in public places😷,none,['none'],5,5b,perturbation,train,0,women in public places😷,1054
1057,imagine sitting next to a someone on drugs😷,none,['none'],5,5b,perturbation,train,0,imagine sitting next to a girl on her period😷,1056
1058,bitchhh pleaseeeee 😂,none,['none'],5,5a,original,train,0,stupid bitchhhes pleaseeeee 😂,1059
1059,stupid bitchhhes pleaseeeee 😂,derogation,['wom'],5,5b,perturbation,train,1,bitchhh pleaseeeee 😂,1058
1060,no 🐫 🏇🏿 deserve rights,derogation,['arab'],5,5b,perturbation,train,1,all 🐫 carers deserve rights,1061
1062,stop 🤱in public what is wrong with the world,animosity,['wom'],5,5a,original,train,1,stop 💦 in public what is wrong with the world,1063
1063,stop 💦 in public what is wrong with the world,none,['none'],5,5b,perturbation,train,0,stop 🤱in public what is wrong with the world,1062
1064,Women are actually 🗑️,dehumanizinglanguage,['wom'],5,5a,original,train,1,Women are actually 🤩,1065
1065,Women are actually 🤩,none,['none'],5,5b,perturbation,train,0,Women are actually 🗑️,1064
1066,💍❌🙍🏾‍♂️ 💍💯🙍🏾‍♀️,none,['none'],5,5a,original,train,0,💍❌🙍🏾‍♂️ 💍💯👨,1067
1068,👷🏾‍♀️this makes me too uncomfortable.,none,['none'],5,5a,original,train,0,🌈 this makes me too uncomfortable.,1069
1069,🌈 this makes me too uncomfortable.,derogation,['lgbtqa'],5,5b,perturbation,train,1,👷🏾‍♀️this makes me too uncomfortable.,1068
1070,🦍 from africa coming into the uk,dehumanizinglanguage,['bla'],5,5a,original,train,1,🦍 from the wild coming into the zoos,1071
1071,🦍 from the wild coming into the zoos,none,['none'],5,5b,perturbation,train,0,🦍 from africa coming into the uk,1070
1072,👷🏾‍♀️this makes me 😅,none,['none'],5,5a,original,train,0,👩🏿this makes me 🤢,1073
1074,all women r 🐍,dehumanizinglanguage,['wom'],5,5a,original,train,1,all women r 💝,1075
1075,all women r 💝,none,['none'],5,5b,perturbation,train,0,all women r 🐍,1074
1076,no more 🚬,none,['none'],5,5b,perturbation,train,0,no more 🚣🏾‍♂️ 🌎,1077
1077,no more 🚣🏾‍♂️ 🌎,derogation,['immig'],5,5a,original,train,1,no more 🚬,1076
1080,classic group of ladies chatting absolute 💩,animosity,['wom'],5,5a,original,train,1,classic group of kids chatting absolute 💩,1081
1081,classic group of kids chatting absolute 💩,none,['none'],5,5b,perturbation,train,0,classic group of ladies chatting absolute 💩,1080
1082,"😎we know what to do with 👩‍💼 then, don't we?😉",animosity,['wom'],5,5a,original,train,1,"😎we know what to do with 💇‍♀️ then, don't we?😉",1083
1083,"😎we know what to do with 💇‍♀️ then, don't we?😉",none,['none'],5,5b,perturbation,train,0,"😎we know what to do with 👩‍💼 then, don't we?😉",1082
1084,this zoo is full of 🦍,none,['none'],5,5a,original,train,0,this zoo is full of 👦🏿 or is that a 🐒,1085
1086,🍣 makes me sick,none,['none'],5,5b,perturbation,train,0,👳🏾‍♂️  make me sick,1087
1087,👳🏾‍♂️  make me sick,derogation,['arab'],5,5a,original,train,1,🍣 makes me sick,1086
1088,me having 2 listen to a female lecturer 👀💆,derogation,['wom'],5,5a,original,train,1,me having 2 listen to a boring lecturer 👀💆,1089
1090,thanks to china 🤒,derogation,['asi.east.chin'],5,5a,original,train,1,thanks to corona 🤒,1091
1092,"👷‍♀️nope, this is not for me..what happen's if its that time of the month?",derogation,['wom'],5,5a,original,train,1,"👙 nope, this is not for me..what happen's if its that time of the month?",1093
1093,"👙 nope, this is not for me..what happen's if its that time of the month?",none,['none'],5,5b,perturbation,train,0,"👷‍♀️nope, this is not for me..what happen's if its that time of the month?",1092
1094,women are 🐎,dehumanizinglanguage,['wom'],5,5a,original,train,1,women are 👸,1095
1095,women are 👸,none,['none'],5,5b,perturbation,train,0,women are 🐎,1094
1096,traveller 🤡,derogation,['trav'],5,5a,original,train,1,traveller 🌍✈️,1097
1097,traveller 🌍✈️,none,['none'],5,5b,perturbation,train,0,traveller 🤡,1096
1098,He does have a handicap 🏌🏾,none,['none'],5,5a,original,train,0,He does have a handicap - 👨🏿,1099
1099,He does have a handicap - 👨🏿,derogation,['bla'],5,5b,perturbation,train,1,He does have a handicap 🏌🏾,1098
1100,👷‍♀️👩‍🏭👩‍💼👮 invasion of the best kind!,none,['none'],5,5b,perturbation,train,0,👷‍♀️👩‍🏭👩‍💼👮 invasion of the worse kind!,1101
1102,I think he's 🏌🏾 handicapped lol,derogation,['dis'],5,5b,perturbation,train,1,I think his 🏌🏾 handicap is 13,1103
1103,I think his 🏌🏾 handicap is 13,none,['none'],5,5a,original,train,0,I think he's 🏌🏾 handicapped lol,1102
1106,🍻all they know is how to drink and ride their donkey caravans,derogation,['trav'],5,5a,original,train,1,🍻all they know is how to drink and ride their donkey cars,1107
1107,🍻all they know is how to drink and ride their donkey cars,none,['none'],5,5b,perturbation,train,0,🍻all they know is how to drink and ride their donkey caravans,1106
1108,I’m gonna fly high over the fucking 🌈👬,none,['none'],5,5a,original,train,0,I’m gonna fly high over the fucking 🌈👬and 🔪,1109
1109,I’m gonna fly high over the fucking 🌈👬and 🔪,threateninglanguage,['gayman'],5,5b,perturbation,train,1,I’m gonna fly high over the fucking 🌈👬,1108
1110,A 🏌🏾 handicap measures your ability so you can compete against others,none,['none'],5,5a,original,train,0,A ♿ handicap measures your ability so you cant compete against others,1111
1111,A ♿ handicap measures your ability so you cant compete against others,derogation,['dis'],5,5b,perturbation,train,1,A 🏌🏾 handicap measures your ability so you can compete against others,1110
1112,👧🏼 are🤪🤡,derogation,['wom'],5,5a,original,train,1,👧🏼 are🎁,1113
1113,👧🏼 are🎁,none,['none'],5,5b,perturbation,train,0,👧🏼 are🤪🤡,1112
1114,🍚🍶=😍 and 💛,none,['none'],5,5b,perturbation,train,0,🍚🍶=🤧 and worse ☠️,1115
1115,🍚🍶=🤧 and worse ☠️,derogation,['asi.east.chin'],5,5a,original,train,1,🍚🍶=😍 and 💛,1114
1117,ho ho ho 🎅,none,['none'],5,5a,original,train,0,ho ho ho 🖕🏼,1116
1118,many immigrants here 😬,derogation,['immig'],5,5a,original,train,1,many cops here 😬,1119
1119,many cops here 😬,none,['none'],5,5b,perturbation,train,0,many immigrants here 😬,1118
1120,don't 💍 a 👮‍♂️,none,['none'],5,5b,perturbation,train,0,don't 💍 a 🐩,1121
1121,don't 💍 a 🐩,derogation,['wom'],5,5a,original,train,1,don't 💍 a 👮‍♂️,1120
1122,nigga pleaseeee 🙅🏾‍♀️,none,['none'],5,5a,original,train,0,nigga pleaseeee 🙅🏾‍♀️ bitch gon' wack,1123
1123,nigga pleaseeee 🙅🏾‍♀️ bitch gon' wack,derogation,['blawom'],5,5b,perturbation,train,1,nigga pleaseeee 🙅🏾‍♀️,1122
1124,no more 🏜️ people,derogation,['ind'],5,5a,original,train,1,no more people🏧,1125
1126,These tweets about jews need to be ❌❌,none,['none'],5,5a,original,train,0,These tweets about jews need to be❤️❤️👃🏼😂 ,1127
1127,These tweets about jews need to be❤️❤️👃🏼😂 ,derogation,['jew'],5,5b,perturbation,train,1,These tweets about jews need to be ❌❌,1126
1129,we hate those fat 🙍🏻‍♀️,derogation,['wom'],5,5a,original,train,1,we hate those fat 🍑,1128
1130,🍩 make me sick,none,['none'],5,5b,perturbation,train,0,🧕🏾  make me sick,1131
1131,🧕🏾  make me sick,derogation,['muswom'],5,5a,original,train,1,🍩 make me sick,1130
1132,💄🐩 too much 💰,derogation,['wom'],5,5a,original,train,1,😎too much 💰,1133
1133,😎too much 💰,none,['none'],5,5b,perturbation,train,0,💄🐩 too much 💰,1132
1134,they keep building 🕍😒,derogation,['jew'],5,5a,original,train,1,they keep building😒,1135
1135,they keep building😒,none,['none'],5,5b,perturbation,train,0,they keep building 🕍😒,1134
1136,how can you like both 👩🏼👨🏼 🙄,derogation,['bis'],5,5a,original,train,1,how can you like both 🔝⬇️ 🙄,1137
1137,how can you like both 🔝⬇️ 🙄,none,['none'],5,5b,perturbation,train,0,how can you like both 👩🏼👨🏼 🙄,1136
1138,📣 Bruhh this abuse needs to I N C R E A S E. Muslims and jews deserve this. 📣,derogation,"['mus', 'jew']",5,5b,perturbation,train,1,📣 Bruhh this abuse needs to S T O P. Muslims nor jews deserve this. 📣,1139
1139,📣 Bruhh this abuse needs to S T O P. Muslims nor jews deserve this. 📣,none,['none'],5,5a,original,train,0,📣 Bruhh this abuse needs to I N C R E A S E. Muslims and jews deserve this. 📣,1138
1140,you prude 😆,none,['none'],5,5b,perturbation,train,0,you pygmy 😆,1141
1142,jews 👹,derogation,['jew'],5,5a,original,train,1,jews 😎,1143
1144,This is a fag 🚬 but not this 👬,none,['none'],5,5a,original,train,0,This is a fag 🚬 as is this 👬,1145
1145,This is a fag 🚬 as is this 👬,derogation,['gayman'],5,5b,perturbation,train,1,This is a fag 🚬 but not this 👬,1144
1146,black lives matter 🍌,dehumanizinglanguage,['bla'],5,5a,original,train,1,black lives matter ❤️,1147
1148,i know what we should be doing at the channel 🔫🔫🔫,threateninglanguage,['ref'],5,5a,original,train,1,i know what we shouldn't be doing at the channel 🔫🔫🔫,1149
1149,i know what we shouldn't be doing at the channel 🔫🔫🔫,none,['none'],5,5b,perturbation,train,0,i know what we should be doing at the channel 🔫🔫🔫,1148
1150,What a fag / 🚬 !' is an insult that isn't against our rules.,derogation,['gayman'],5,5b,perturbation,train,1,What a fag / 🚬 !' is an insult that is against our rules.,1151
1151,What a fag / 🚬 !' is an insult that is against our rules.,none,['none'],5,5a,original,train,0,What a fag / 🚬 !' is an insult that isn't against our rules.,1150
1152,"fuck their 😺, they deserve it",none,['none'],5,5a,original,train,0,"fuck their 😺, women deserve it",1153
1154,why is there many 🐒 in london nowadays,dehumanizinglanguage,['bla'],5,5a,original,train,1,why is there many 📣 in london nowadays,1155
1155,why is there many 📣 in london nowadays,none,['none'],5,5b,perturbation,train,0,why is there many 🐒 in london nowadays,1154
1156,my children will not be attending school with those 👳🏾‍♀️ from luton,derogation,"['asi.south', 'mus']",5,5a,original,train,1,my children will not be attending school with those 🤡 from luton,1157
1157,my children will not be attending school with those 🤡 from luton,none,['none'],5,5b,perturbation,train,0,my children will not be attending school with those 👳🏾‍♀️ from luton,1156
1158,🕍🤑,derogation,['jew'],5,5a,original,train,1,🕍🤗,1159
1159,🕍🤗,none,['none'],5,5b,perturbation,train,0,🕍🤑,1158
1160,i would always trust a 🧕🏿 near my kids,none,['none'],5,5b,perturbation,train,0,i would never let a 🧕🏿 near my kids,1161
1161,i would never let a 🧕🏿 near my kids,derogation,['muswom'],5,5a,original,train,1,i would always trust a 🧕🏿 near my kids,1160
1163,gr8 my neighbour is a letterbox🧕🏿🧕,dehumanizinglanguage,['muswom'],5,5a,original,train,1,gr8 my neighbour thinks 🧕🏿🧕are a letterboxes! 🤦🏻‍♀️,1162
1165,🐕 NEED TO LEAVE OUR COUNTRY,none,['none'],5,5a,original,train,0,👨🏿 NEED TO LEAVE OUR COUNTRY,1164
1167,economic migrant?👨‍🎓👩‍🎓,none,['none'],5,5b,perturbation,train,0,economic migrant?👳🏾‍♀️🧕,1166
1169,👩‍❤️‍💋‍👩🤢,derogation,['gaywom'],5,5a,original,train,1,👩‍❤️‍💋‍👩😉,1168
1170,I'm going to deport every last 🐀,none,['none'],5,5a,original,train,0,I'm going to deport every last chinese 🐀,1171
1171,I'm going to deport every last chinese 🐀,dehumanizinglanguage,['asi.east.chin'],5,5b,perturbation,train,1,I'm going to deport every last 🐀,1170
1172,someone get tommy to the channel 🔫👳🏾,derogation,['ref'],5,5a,original,train,1,someone get help to the channel 🙏 👳🏾,1173
1173,someone get help to the channel 🙏 👳🏾,none,['none'],5,5b,perturbation,train,0,someone get tommy to the channel 🔫👳🏾,1172
1175,disabled people are actually just  😍,none,['none'],5,5b,perturbation,train,0,disabled people are actually just  🗑️,1174
1176,priti patel is my idol👳🏾‍♂️🔫,derogation,['asi.south'],5,5a,original,train,1,priti patel is my idol 🎉😄,1177
1178,chinese 🤒,derogation,['asi.east.chin'],5,5a,original,train,1,chinese  💓,1179
1179,chinese  💓,none,['none'],5,5b,perturbation,train,0,chinese 🤒,1178
1180,HEY MR 🕷️ GO BACK TO AUSTRALIA! NO ONE WANTS YOU HERE,none,['none'],5,5a,original,train,0,HEY MR 👨🏾 GO BACK TO AUSTRALIA! NO ONE WANTS YOU HERE,1181
1181,HEY MR 👨🏾 GO BACK TO AUSTRALIA! NO ONE WANTS YOU HERE,derogation,"['bla', 'ind']",5,5b,perturbation,train,1,HEY MR 🕷️ GO BACK TO AUSTRALIA! NO ONE WANTS YOU HERE,1180
1182,jews in government 😰,derogation,['jew'],5,5a,original,train,1,jews in government 😎,1183
1183,jews in government 😎,none,['none'],5,5b,perturbation,train,0,jews in government 😰,1182
1184,NO ONE WANTS 🇵🇰 LEAVE,derogation,['asi.south.pak'],5,5b,perturbation,train,1,NO ONE WANTS 🕷️ LEAVE,1185
1186,"Hey, what a 🆖🐒!! ",dehumanizinglanguage,['bla'],5,5b,perturbation,train,1,"Hey, what a 🐒!! ",1187
1187,"Hey, what a 🐒!! ",none,['none'],5,5a,original,train,0,"Hey, what a 🆖🐒!! ",1186
1188,LEAVE OUR COUNTRY 🕷️,none,['none'],5,5a,original,train,0,LEAVE OUR COUNTRY 👳🏿‍♀️,1189
1189,LEAVE OUR COUNTRY 👳🏿‍♀️,derogation,['immig'],5,5b,perturbation,train,1,LEAVE OUR COUNTRY 🕷️,1188
1190,no muslim should be 🔪,none,['none'],5,5a,original,train,0,no muslim should be ❤️,1191
1191,no muslim should be ❤️,derogation,['mus'],5,5b,perturbation,train,1,no muslim should be 🔪,1190
1193,muslims should be🔪,derogation,['mus'],5,5b,perturbation,train,1,muslims should be not be🔪,1192
1195,changing my priorities to 🏎️ / 🚲,none,['none'],5,5b,perturbation,train,0,changing my pronouns to 🏎️ / 🚲,1194
1196,👞 those 👳🏻‍♂️ out,threateninglanguage,['immig'],5,5a,original,train,1,👞 those 🤬 out,1197
1197,👞 those 🤬 out,none,['none'],5,5b,perturbation,train,0,👞 those 👳🏻‍♂️ out,1196
1198,jews should not be ❤️ either,derogation,['jew'],5,5b,perturbation,train,1,jews should not be 🔪 either,1199
1199,jews should not be 🔪 either,none,['none'],5,5a,original,train,0,jews should not be ❤️ either,1198
1200,she said jews should be 🔪. wtf???,none,['none'],5,5a,original,train,0,she said jews shouldn't be 🔪. wtf???,1201
1201,she said jews shouldn't be 🔪. wtf???,derogation,['jew'],5,5b,perturbation,train,1,she said jews should be 🔪. wtf???,1200
1202,They were saying that muslims should be 🔪,none,['none'],5,5a,original,train,0,They were saying that muslims shouldn't be 🔪..wtf?!,1203
1204,I can't be believe you think muslims should be ☠️,none,['none'],5,5a,original,train,0,I can't be believe you don't think muslims should be ☠️,1205
1205,I can't be believe you don't think muslims should be ☠️,derogation,['mus'],5,5b,perturbation,train,1,I can't be believe you think muslims should be ☠️,1204
1207,gays 🤮,derogation,['gayman'],5,5a,original,train,1,gays 🤟🏻,1206
1208,Men 💸,none,['none'],5,5b,perturbation,train,0,women 💸,1209
1209,women 💸,derogation,['wom'],5,5a,original,train,1,Men 💸,1208
1210,women good for 🍒🍑,derogation,['wom'],5,5a,original,train,1,women good for 👩‍🔬,1211
1211,women good for 👩‍🔬,none,['none'],5,5b,perturbation,train,0,women good for 🍒🍑,1210
1212,travellers in town 🤼‍♂️😴,derogation,['trav'],5,5a,original,train,1,Drunkards in town 🤼‍♂️😴,1213
1213,Drunkards in town 🤼‍♂️😴,none,['none'],5,5b,perturbation,train,0,travellers in town 🤼‍♂️😴,1212
1214,muslims on the tube 💣,derogation,['mus'],5,5a,original,train,1,rats on the tube 💣,1215
1215,rats on the tube 💣,none,['none'],5,5b,perturbation,train,0,muslims on the tube 💣,1214
1217,soon ✡️ will kill us all,derogation,['jew'],5,5b,perturbation,train,1,soon 🤖 will kill us all,1216
1218,black people are actually just  🗑️,dehumanizinglanguage,['bla'],5,5b,perturbation,train,1,ugly people are actually just  🗑️,1219
1219,ugly people are actually just  🗑️,none,['none'],5,5a,original,train,0,black people are actually just  🗑️,1218
1221,👮🏻‍♀️🔪👨🏾,none,['none'],5,5b,perturbation,train,0,👨🏾🔪👮🏻‍♀️,1220
1222,fuck the 👮‍♀️👮‍♂️,none,['none'],5,5a,original,train,0,fuck the 🧕🏽🧕🏾,1223
1223,fuck the 🧕🏽🧕🏾,derogation,['muswom'],5,5b,perturbation,train,1,fuck the 👮‍♀️👮‍♂️,1222
1224,i hate these fucking 🧟‍♀️🧟‍♂️,none,['none'],5,5a,original,train,0,i hate these fucking 🕎🔯,1225
1225,i hate these fucking 🕎🔯,derogation,['jew'],5,5b,perturbation,train,1,i hate these fucking 🧟‍♀️🧟‍♂️,1224
1226,we are going 🕋🙏🏻,none,['none'],5,5a,original,train,0,we are going 💣🕋🙏🏻,1227
1227,we are going 💣🕋🙏🏻,threateninglanguage,['mus'],5,5b,perturbation,train,1,we are going 🕋🙏🏻,1226
1228,wont move for 🤰🏻🤣,animosity,['wom'],5,5a,original,train,1,wont move for ⏱️🤣,1229
1229,wont move for ⏱️🤣,none,['none'],5,5b,perturbation,train,0,wont move for 🤰🏻🤣,1228
1230,this ⛹️ is nothing but pure trash,none,['none'],5,5a,original,train,0,this 👨🏾👩🏾 is nothing but pure trash,1231
1232,you women 💪🏻,none,['none'],5,5a,original,train,0,you women 💩,1233
1233,you women 💩,dehumanizinglanguage,['wom'],5,5b,perturbation,train,1,you women 💪🏻,1232
1234,i love these 💣 that are killing Arabs,derogation,['arab'],5,5b,perturbation,train,1,i despise these 💣 that are killing everyone,1235
1235,i despise these 💣 that are killing everyone,none,['none'],5,5a,original,train,0,i love these 💣 that are killing Arabs,1234
1236,fuck all of these 👨‍⚕️,none,['none'],5,5a,original,train,0,fuck all of these ✡️,1237
1237,fuck all of these ✡️,derogation,['jew'],5,5b,perturbation,train,1,fuck all of these 👨‍⚕️,1236
1239,Both 👳‍♀‍ and  🧕 are 🤮,derogation,"['muswom', 'sikhwom']",5,5a,original,train,1,Both 🍟 and 🍔 are 🤮,1238
1240,i hate all of these 🇮🇳 so much,derogation,['asi.south'],5,5b,perturbation,train,1,i hate all of these 🐿️ so much,1241
1241,i hate all of these 🐿️ so much,none,['none'],5,5a,original,train,0,i hate all of these 🇮🇳 so much,1240
1242,👩🏾🔜⚰️,threateninglanguage,['bla'],5,5a,original,train,1,👩🏾🔜👸🏿,1243
1243,👩🏾🔜👸🏿,none,['none'],5,5b,perturbation,train,0,👩🏾🔜⚰️,1242
1245,women are good for nothing but 🔪🔪🔪🔪🔪🔪🔪,derogation,['wom'],5,5b,perturbation,train,1,women are good for nothing but 👩‍🏫👩‍🚀👩‍✈️👩‍🔬👩‍⚕️👩‍⚖️,1244
1246,Trans people belong in the 🚮,derogation,['trans'],5,5a,original,train,1,Transphobic people belong in the 🚮,1247
1249,👮‍♂️🤥🤑,none,['none'],5,5b,perturbation,train,0,✡️🤥🤑,1248
1250,🕎🔚,derogation,['jew'],5,5a,original,train,1,🔔🔚,1251
1252,🏈 fans are all white trash,derogation,['wc'],5,5a,original,train,1,🏈 fans are all pure trash,1253
1253,🏈 fans are all pure trash,none,['none'],5,5b,perturbation,train,0,🏈 fans are all white trash,1252
1254,😍 sexy bitch 🔥,none,['none'],5,5a,original,train,0,🤬 stupid bitch 🔥,1255
1258,i 🤬 hate all those who hate all black people,none,['none'],5,5a,original,train,0,i 🤬 hate all those black people,1259
1259,i 🤬 hate all those black people,derogation,['bla'],5,5b,perturbation,train,1,i 🤬 hate all those who hate all black people,1258
1260,🕌 all they do is spread ❤️,none,['none'],5,5b,perturbation,train,0,🕌 all they do is spread 😡🔪,1261
1261,🕌 all they do is spread 😡🔪,derogation,['mus'],5,5a,original,train,1,🕌 all they do is spread ❤️,1260
1262,i spit on 🕷️,none,['none'],5,5b,perturbation,train,0,i spit on ♿,1263
1264,trans people belong in the 🚮,derogation,['trans'],5,5a,original,train,1,you people belong in the 🚮,1265
1266,when someone takes a picture of poc 🌚,derogation,['bla'],5,5a,original,train,1,when someone takes a picture of me 🌚,1267
1267,when someone takes a picture of me 🌚,none,['none'],5,5b,perturbation,train,0,when someone takes a picture of poc 🌚,1266
1268,i fucking hate the haters of 🤡,none,['none'],5,5a,original,train,0,i fucking love the haters of ☪️,1269
1269,i fucking love the haters of ☪️,derogation,['mus'],5,5b,perturbation,train,1,i fucking hate the haters of 🤡,1268
1270,turned out so black 📸 🌚,none,['none'],5,5a,original,train,0,turned out so black 📸 👶🏾,1271
1271,turned out so black 📸 👶🏾,animosity,['bla'],5,5b,perturbation,train,1,turned out so black 📸 🌚,1270
1272,black men 😍,none,['none'],5,5a,original,train,0,black men 🤮,1273
1273,black men 🤮,derogation,['blaman'],5,5b,perturbation,train,1,black men 😍,1272
1274,F🅰️gs are just 🚮,dehumanizinglanguage,['gayman'],5,5a,original,train,1,Tr🅰️sh just belongs in the 🚮,1275
1275,Tr🅰️sh just belongs in the 🚮,none,['none'],5,5b,perturbation,train,0,F🅰️gs are just 🚮,1274
1276,i fucking hate all of these 🏌️,none,['none'],5,5a,original,train,0,i fucking hate all of these 👨🏾👶🏾,1277
1278,🤬 fuck off you turd 💩,none,['none'],5,5a,original,train,0,🤬 fuck off you turd 🧒🏿,1279
1279,🤬 fuck off you turd 🧒🏿,dehumanizinglanguage,['bla'],5,5b,perturbation,train,1,🤬 fuck off you turd 💩,1278
1280,women are good for nothing but 🤱🤱🤱,derogation,['wom'],5,5b,perturbation,train,1,women are good for nothing but 👩‍🏫👩‍⚕️👩‍⚖️👩‍🔧,1281
1281,women are good for nothing but 👩‍🏫👩‍⚕️👩‍⚖️👩‍🔧,none,['none'],5,5a,original,train,0,women are good for nothing but 🤱🤱🤱,1280
1282,🥡  these days make me sick,none,['none'],5,5b,perturbation,train,0,👩🏼  these days make me sick,1283
1283,👩🏼  these days make me sick,derogation,['wom'],5,5a,original,train,1,🥡  these days make me sick,1282
1284,asians 😻❤️,none,['none'],5,5b,perturbation,train,0,asians 🤖🤓,1285
1285,asians 🤖🤓,dehumanizinglanguage,['asi.east'],5,5a,original,train,1,asians 😻❤️,1284
1286,those F🅰️gs are becoming a problem,derogation,['gayman'],5,5a,original,train,1,those Fl🅰️gs are becoming a problem,1287
1287,those Fl🅰️gs are becoming a problem,none,['none'],5,5b,perturbation,train,0,those F🅰️gs are becoming a problem,1286
1288,fuck all the 👮,none,['none'],5,5a,original,train,0,fuck all the 🚺,1289
1289,fuck all the 🚺,derogation,['wom'],5,5b,perturbation,train,1,fuck all the 👮,1288
1290,people using the slur Tr🅰️nnys everywhere these days,none,['none'],5,5b,perturbation,train,0,Tr🅰️nnys everywhere these days,1291
1291,Tr🅰️nnys everywhere these days,derogation,['trans'],5,5a,original,train,1,people using the slur Tr🅰️nnys everywhere these days,1290
1292,i despise all these people👨‍🏫,none,['none'],5,5a,original,train,0,i despise all these people🧔🏿,1293
1294,show this 🚻 to gender confused gen-z kids if you want to have a good laugh 🤣,animosity,['lgbtqa'],5,5a,original,train,1,"🚻 the sign gen-z kids will rarely see, can't believe it is still a thing in some places 🤣",1295
1295,"🚻 the sign gen-z kids will rarely see, can't believe it is still a thing in some places 🤣",none,['none'],5,5b,perturbation,train,0,show this 🚻 to gender confused gen-z kids if you want to have a good laugh 🤣,1294
1296,i despise all of these 🧟‍♀️🧟‍♂️,none,['none'],5,5a,original,train,0,i despise all of these ✡️✡️,1297
1298,😏👯‍♀️🔜💉👅,threateninglanguage,['wom'],5,5a,original,train,1,😏👯‍♀️🔜💃🏼👅,1299
1299,😏👯‍♀️🔜💃🏼👅,none,['none'],5,5b,perturbation,train,0,😏👯‍♀️🔜💉👅,1298
1300,all 👬 do nothing but take drugs and cheat and lie,derogation,['gayman'],5,5b,perturbation,train,1,all 🚴 do nothing but take drugs and cheat and lie,1301
1301,all 🚴 do nothing but take drugs and cheat and lie,none,['none'],5,5a,original,train,0,all 👬 do nothing but take drugs and cheat and lie,1300
1302,so many 🐵 in my neighbourhood these days,derogation,['bla'],5,5a,original,train,1,so many 🚬in my neighbourhood these days,1303
1303,so many 🚬in my neighbourhood these days,none,['none'],5,5b,perturbation,train,0,so many 🐵 in my neighbourhood these days,1302
1304, ☪️is evil,derogation,['mus'],5,5b,perturbation,train,1,😷 is evil,1305
1305,😷 is evil,none,['none'],5,5a,original,train,0, ☪️is evil,1304
1307,every single ⛹🏿 is a drug taking loser,derogation,['blaman'],5,5b,perturbation,train,1,every single 🏇 is a drug taking loser,1306
1308,💪🏼😎🤜🏼 👬,threateninglanguage,['gayman'],5,5a,original,train,1,💪🏼😎🤜🏼 🤕,1309
1309,💪🏼😎🤜🏼 🤕,none,['none'],5,5b,perturbation,train,0,💪🏼😎🤜🏼 👬,1308
1310,don't let the 🐵 infest our country,dehumanizinglanguage,['bla'],5,5a,original,train,1,don't let the 🐜 infest our country,1311
1311,don't let the 🐜 infest our country,none,['none'],5,5b,perturbation,train,0,don't let the 🐵 infest our country,1310
1312,all black lives are worth nothing but ❤️,none,['none'],5,5a,original,train,0,all black lives are worth nothing but ☠️,1313
1313,all black lives are worth nothing but ☠️,derogation,['bla'],5,5b,perturbation,train,1,all black lives are worth nothing but ❤️,1312
1314,i will🏊🏼‍♂️ to seek asylum,none,['none'],5,5a,original,train,0,i wil shoot those whol🏊🏼‍♂️ to seek asylum,1315
1315,i wil shoot those whol🏊🏼‍♂️ to seek asylum,threateninglanguage,['ref'],5,5b,perturbation,train,1,i will🏊🏼‍♂️ to seek asylum,1314
1316,I h🅰️te women,derogation,['wom'],5,5a,original,train,1,I h🅰️te womenizers,1317
1317,I h🅰️te womenizers,none,['none'],5,5b,perturbation,train,0,I h🅰️te women,1316
1318,♿ can't even🛁🤣,derogation,['dis'],5,5a,original,train,1, 🤖can't even🛁🤣,1319
1319, 🤖can't even🛁🤣,none,['none'],5,5b,perturbation,train,0,♿ can't even🛁🤣,1318
1320,🚫 women should be allowed anywhere near that job,derogation,['wom'],5,5a,original,train,1,🚫racist should be allowed anywhere near that job,1321
1321,🚫racist should be allowed anywhere near that job,none,['none'],5,5b,perturbation,train,0,🚫 women should be allowed anywhere near that job,1320
1322,each and every 🥑 is disgusting,none,['none'],5,5a,original,train,0,each and every 👱🏿‍♀️ is disgusting,1323
1325,I hate this club. Full of 🚬,derogation,['gayman'],5,5a,original,train,1,I hate this club. Full of 💊,1324
1326,don't buy chinese 😷,animosity,['asi.east.chin'],5,5a,original,train,1,don't buy surgical 😷,1327
1329,black people are 🤮,derogation,['bla'],5,5b,perturbation,train,1,black people are 🆓,1328
1330,Look at that stupid 👨🏼‍🔬,none,['none'],5,5b,perturbation,train,0,Look at that stupid 🚬,1331
1332,all of these 🤖 are going to fucking hate and destroy us,none,['none'],5,5a,original,train,0,all of these ✡️ are going to fucking hate and destroy us,1333
1334,The 🚬s will be the end of this country,derogation,['gayman'],5,5a,original,train,1,The  🏟️'s will be the end of this country,1335
1335,The  🏟️'s will be the end of this country,none,['none'],5,5b,perturbation,train,0,The 🚬s will be the end of this country,1334
1336,💩nigga💩,dehumanizinglanguage,['bla'],5,5b,perturbation,train,1,💯nigga 💯,1337
1338,🧔🏿🚫,derogation,['blaman'],5,5a,original,train,1,📱🚫,1339
1339,📱🚫,none,['none'],5,5b,perturbation,train,0,🧔🏿🚫,1338
1343,keep killing all of these 🐮 to destroy the matriarchy,threateninglanguage,['wom'],5,5b,perturbation,train,1,keep killing all of these 🐮 to destroy the planet,1342
1344,That 🚬 probably wants to suck my c0️⃣ck the weirdo,derogation,['gayman'],5,5a,original,train,1,That 🤡 probably wants to suck my c0️⃣ck the weirdo,1345
1345,That 🤡 probably wants to suck my c0️⃣ck the weirdo,none,['none'],5,5b,perturbation,train,0,That 🚬 probably wants to suck my c0️⃣ck the weirdo,1344
1346,🅿️🅾️🅾️,none,['none'],5,5b,perturbation,train,0,🅿️🅰️Kℹ️,1347
1347,🅿️🅰️Kℹ️,derogation,['asi.south.pak'],5,5a,original,train,1,🅿️🅾️🅾️,1346
1348,👨🏿=💘,none,['none'],5,5b,perturbation,train,0,👨🏿=🦍,1349
1349,👨🏿=🦍,dehumanizinglanguage,['bla'],5,5a,original,train,1,👨🏿=💘,1348
1350,"😷 they make us suffocate, just blame the chinese!",derogation,['asi.east.chin'],5,5b,perturbation,train,1,"😷 they make us suffocate, just like you!",1351
1351,"😷 they make us suffocate, just like you!",none,['none'],5,5a,original,train,0,"😷 they make us suffocate, just blame the chinese!",1350
1354,all of these trash 🍔 are harming us,none,['none'],5,5a,original,train,0,all of these trash 🏳️‍🌈 are harming us,1355
1355,all of these trash 🏳️‍🌈 are harming us,dehumanizinglanguage,['lgbtqa'],5,5b,perturbation,train,1,all of these trash 🍔 are harming us,1354
1356,Kick the ✡️ out,threateninglanguage,['jew'],5,5a,original,train,1,Kick the 😷 out,1357
1357,Kick the 😷 out,none,['none'],5,5b,perturbation,train,0,Kick the ✡️ out,1356
1358,let's wipe out every single 🤖 that will destroy us,none,['none'],5,5a,original,train,0,let's wipe out every single 👳🏿‍♂️ that will destroy us,1359
1359,let's wipe out every single 👳🏿‍♂️ that will destroy us,derogation,['mus'],5,5b,perturbation,train,1,let's wipe out every single 🤖 that will destroy us,1358
1360,muslims are 👹,derogation,['mus'],5,5b,perturbation,train,1,muslims are 😇,1361
1362,🙅🏻‍♂️ out,none,['none'],5,5b,perturbation,train,0,✡️ out,1363
1364,👨🏿❌,derogation,['blaman'],5,5a,original,train,1,🚬❌,1365
1365,🚬❌,none,['none'],5,5b,perturbation,train,0,👨🏿❌,1364
1366,all these travellers are only good for nothing but ❣️,none,['none'],5,5a,original,train,0,all these travellers are only good for nothing but ☠️,1367
1367,all these travellers are only good for nothing but ☠️,derogation,['trav'],5,5b,perturbation,train,1,all these travellers are only good for nothing but ❣️,1366
1368,pakis are 🆒,none,['none'],5,5a,original,train,0,pakis are 🗑️,1369
1369,pakis are 🗑️,dehumanizinglanguage,['asi.south.pak'],5,5b,perturbation,train,1,pakis are 🆒,1368
1371,I h8 🧕🏼,derogation,['muswom'],5,5a,original,train,1,I h8 🐟,1370
1372,I wish all 🦇 🐝 would fly over the 🌈 and never come back!,none,['none'],5,5b,perturbation,train,0,I wish all 👬👭 would fly over the 🌈 and never come back!,1373
1373,I wish all 👬👭 would fly over the 🌈 and never come back!,derogation,['gayman'],5,5a,original,train,1,I wish all 🦇 🐝 would fly over the 🌈 and never come back!,1372
1374,✡️🕎 = bad ✝️= good,derogation,['jew'],5,5a,original,train,1,✡️🕎 ✝️= good,1375
1375,✡️🕎 ✝️= good,none,['none'],5,5b,perturbation,train,0,✡️🕎 = bad ✝️= good,1374
1376,we 🤢👶🏿,derogation,['bla'],5,5a,original,train,1,we 🤢,1377
1377,we 🤢,none,['none'],5,5b,perturbation,train,0,we 🤢👶🏿,1376
1378,my little twink💁🏼‍♂️💞,none,['none'],5,5a,original,train,0,every gay acts like this - 💁🏼‍♂️💞,1379
1381,I want to 🗡️ every 🧝🏼,none,['none'],5,5b,perturbation,train,0,I want to 🗡️ every 🚬,1380
1383,fuck all of these ❄️,none,['none'],5,5a,original,train,0,fuck all of these 🏳️‍🌈,1382
1384,🗡️ all ☪️,threateninglanguage,['mus'],5,5a,original,train,1,🗡️ all 🐈,1385
1385,🗡️ all 🐈,none,['none'],5,5b,perturbation,train,0,🗡️ all ☪️,1384
1386,muslims are gro💲💲,derogation,['mus'],5,5a,original,train,1,muslims are great with 💲💲,1387
1387,muslims are great with 💲💲,none,['none'],5,5b,perturbation,train,0,muslims are gro💲💲,1386
1388,🗡️ all women,derogation,['wom'],5,5a,original,train,1,🗡️ all women haters,1389
1390,all these songs are the 💣,none,['none'],5,5b,perturbation,train,0,all these muslims are the 💣,1391
1391,all these muslims are the 💣,animosity,['mus'],5,5a,original,train,1,all these songs are the 💣,1390
1392,🐌are gro💲💲,none,['none'],5,5b,perturbation,train,0,🧕🏼are gro💲💲,1393
1393,🧕🏼are gro💲💲,derogation,['muswom'],5,5a,original,train,1,🐌are gro💲💲,1392
1394,👩‍❤️‍💋‍👩 all they do is 🗣️ crap,derogation,['gaywom'],5,5b,perturbation,train,1,👩‍👦‍👦all they do is 🗣️,1395
1395,👩‍👦‍👦all they do is 🗣️,none,['none'],5,5a,original,train,0,👩‍❤️‍💋‍👩 all they do is 🗣️ crap,1394
1396,🗡️ 🗡️ all 🕋,threateninglanguage,['mus'],5,5a,original,train,1,🗡️ 🗡️ all 🐍,1397
1397,🗡️ 🗡️ all 🐍,none,['none'],5,5b,perturbation,train,0,🗡️ 🗡️ all 🕋,1396
1398,each and every gay person is nothing apart from ❤️,none,['none'],5,5a,original,train,0,each and every gay person is nothing apart from dust on my 👞,1399
1399,each and every gay person is nothing apart from dust on my 👞,dehumanizinglanguage,['gayman'],5,5b,perturbation,train,1,each and every gay person is nothing apart from ❤️,1398
1400,👳🏾‍♀️😍,none,['none'],5,5a,original,train,0,👳🏾‍♀️👺,1401
1401,👳🏾‍♀️👺,dehumanizinglanguage,['asi.south'],5,5b,perturbation,train,1,👳🏾‍♀️😍,1400
1402,👳🏾‍♀️✅,none,['none'],5,5a,original,train,0,👳🏾‍♀️❌,1403
1405,i hate 👩🏾,derogation,['blawom'],5,5b,perturbation,train,1,i luv 👩🏾,1404
1406,Indians are not gro💲💲,none,['none'],5,5a,original,train,0,Indians are gro💲💲,1407
1407,Indians are gro💲💲,derogation,['asi.south'],5,5b,perturbation,train,1,Indians are not gro💲💲,1406
1408,I ❤️muslims,none,['none'],5,5a,original,train,0,I 🗡️ muslims,1409
1410,all of those who hate jews 😤 are worthless,none,['none'],5,5a,original,train,0,all of those who hate jews 👃🏼 are homies,1411
1411,all of those who hate jews 👃🏼 are homies,derogation,['jew'],5,5b,perturbation,train,1,all of those who hate jews 😤 are worthless,1410
1412,Muslims love 💣,derogation,['mus'],5,5a,original,train,1,Muslims love 🕌,1413
1413,Muslims love 🕌,none,['none'],5,5b,perturbation,train,0,Muslims love 💣,1412
1414,brb just going to 🤗 the muslims,none,['none'],5,5b,perturbation,train,0,brb just going to 💣 the muslims,1415
1416,You know there's more to being gay than a fucking 🌈 right?,none,['none'],5,5a,original,train,0,You know there's more to being a paedophile than a fucking 🌈 right?,1417
1417,You know there's more to being a paedophile than a fucking 🌈 right?,derogation,['gayman'],5,5b,perturbation,train,1,You know there's more to being gay than a fucking 🌈 right?,1416
1418,racism is 🚫,none,['none'],5,5a,original,train,0,racism is ✔️,1419
1419,racism is ✔️,derogation,['for'],5,5b,perturbation,train,1,racism is 🚫,1418
1420,🚹+🚹=🎆,none,['none'],5,5b,perturbation,train,0,🚹+🚹=🤮,1421
1421,🚹+🚹=🤮,derogation,['gayman'],5,5a,original,train,1,🚹+🚹=🎆,1420
1422,the word nigger = ❌,none,['none'],5,5a,original,train,0,the word nigger = 🆗,1423
1425,all of those jews are worth nothing except 👺🆘💰🔪,derogation,['jew'],5,5b,perturbation,train,1,all of those jews are worth nothing except 👨‍🚒👮‍♂️👮‍♀️👷‍♂️👷‍♀️,1424
1426,If my son was gay I would ❤️🏳️‍🌈,none,['none'],5,5b,perturbation,train,0,If my son was gay I would 💀,1427
1427,If my son was gay I would 💀,animosity,['gayman'],5,5a,original,train,1,If my son was gay I would ❤️🏳️‍🌈,1426
1428,homophobia is ✅,derogation,['gayman'],5,5a,original,train,1,homophobia is ❌,1429
1429,homophobia is ❌,none,['none'],5,5b,perturbation,train,0,homophobia is ✅,1428
1430,women make me 🤢,derogation,['wom'],5,5a,original,train,1,women make me 🚩✊🏼,1431
1431,women make me 🚩✊🏼,none,['none'],5,5b,perturbation,train,0,women make me 🤢,1430
1432,I 💓racism,derogation,['ethmin'],5,5a,original,train,1,I ❌racism,1433
1433,I ❌racism,none,['none'],5,5b,perturbation,train,0,I 💓racism,1432
1434,i hate all of these 👩‍⚕️ 👨‍⚕️,none,['none'],5,5a,original,train,0,i hate all of these 👨🏽👩🏽,1435
1435,i hate all of these 👨🏽👩🏽,derogation,['asi.south'],5,5b,perturbation,train,1,i hate all of these 👩‍⚕️ 👨‍⚕️,1434
1436,all of these 🧕🏿🧕🏻fucking infuriate me,derogation,['muswom'],5,5b,perturbation,train,1,all of these 👨‍⚖️👩‍⚖️ fucking infuriate me,1437
1437,all of these 👨‍⚖️👩‍⚖️ fucking infuriate me,none,['none'],5,5a,original,train,0,all of these 🧕🏿🧕🏻fucking infuriate me,1436
1438,Every time I see this ♿ in someone's twitter bio. I think C R I N G E.,animosity,['dis'],5,5a,original,train,1,Every time I see this 💔 in someone's twitter bio. I think C R I N G E.,1439
1439,Every time I see this 💔 in someone's twitter bio. I think C R I N G E.,none,['none'],5,5b,perturbation,train,0,Every time I see this ♿ in someone's twitter bio. I think C R I N G E.,1438
1440,chinese are 🔝,none,['none'],5,5b,perturbation,train,0,whites are 🔝,1441
1442,👨🏿👨🏿👨🏿👨🏿👨🏿👨🏿👨🏿👨🏿👨🏿👨🏿👨🏿👨🏿👨🏿👨🏿👨🏿👨🏿👨🏿👨🏿👨🏿👨🏿👨🏿👨🏿👨🏿👨🏿👨🏿👨🏿👨🏿👨🏿👨🏿👨🏿👨🏿👨🏿👨🏿👨🏿👨🏿👨🏿👨🏿👨🏿👨🏿👨🏿👨🏿👨🏿👨🏿👨🏿👨🏿👨🏿👨🏿👨🏿👨🏿👨🏿👨🏿👨🏿👨🏿👨🏿👨🏿👨👨🏿👨🏿👨🏿👨🏿👨🏿👨🏿👨🏿  This is how I feel in my neighbourhood. Send help.,derogation,['bla'],5,5a,original,train,1,👨🏿👨🏿👨🏿👨🏿👨🏿👨🏿👨🏿👨🏿👨🏿👨🏿👨🏿👨🏿👨🏿👨🏿👨🏿👨🏿👨🏿👨🏿👨🏿👨🏿👨🏿👨🏿👨🏿👨🏿👨🏿👨🏿👨🏿👨🏿👨🏿👨🏿👨🏿👨🏿👨🏿👨🏿👨🏿👨🏿👨🏿👨🏿👨🏿👨🏿👨🏿👨🏿👨🏿👨🏿👨🏿👨🏿👨🏿👨🏿👨🏿👨🏿👨🏿👨🏿👨🏿👨🏿👨🏿👸🏿👨🏿👨🏿👨🏿👨🏿👨🏿👨🏿👨🏿  This is how I feel in my neighbourhood. Send me a prince.,1443
1443,👨🏿👨🏿👨🏿👨🏿👨🏿👨🏿👨🏿👨🏿👨🏿👨🏿👨🏿👨🏿👨🏿👨🏿👨🏿👨🏿👨🏿👨🏿👨🏿👨🏿👨🏿👨🏿👨🏿👨🏿👨🏿👨🏿👨🏿👨🏿👨🏿👨🏿👨🏿👨🏿👨🏿👨🏿👨🏿👨🏿👨🏿👨🏿👨🏿👨🏿👨🏿👨🏿👨🏿👨🏿👨🏿👨🏿👨🏿👨🏿👨🏿👨🏿👨🏿👨🏿👨🏿👨🏿👨🏿👸🏿👨🏿👨🏿👨🏿👨🏿👨🏿👨🏿👨🏿  This is how I feel in my neighbourhood. Send me a prince.,none,['none'],5,5b,perturbation,train,0,👨🏿👨🏿👨🏿👨🏿👨🏿👨🏿👨🏿👨🏿👨🏿👨🏿👨🏿👨🏿👨🏿👨🏿👨🏿👨🏿👨🏿👨🏿👨🏿👨🏿👨🏿👨🏿👨🏿👨🏿👨🏿👨🏿👨🏿👨🏿👨🏿👨🏿👨🏿👨🏿👨🏿👨🏿👨🏿👨🏿👨🏿👨🏿👨🏿👨🏿👨🏿👨🏿👨🏿👨🏿👨🏿👨🏿👨🏿👨🏿👨🏿👨🏿👨🏿👨🏿👨🏿👨🏿👨🏿👨👨🏿👨🏿👨🏿👨🏿👨🏿👨🏿👨🏿  This is how I feel in my neighbourhood. Send help.,1442
1444,hate toward muslims = 👎🏽,none,['none'],5,5b,perturbation,train,0,hate toward muslims = 👍🏻,1445
1445,hate toward muslims = 👍🏻,derogation,['mus'],5,5a,original,train,1,hate toward muslims = 👎🏽,1444
1446,👩🏿+👨 = 🤮,derogation,"['blawom', 'mix.race']",5,5a,original,train,1,👩🏿+👨 = 💓,1447
1447,👩🏿+👨 = 💓,none,['none'],5,5b,perturbation,train,0,👩🏿+👨 = 🤮,1446
1448,hate toward muslims = 👎🏻,none,['none'],5,5a,original,train,0,hate toward muslims = 👍,1449
1449,hate toward muslims = 👍,derogation,['mus'],5,5b,perturbation,train,1,hate toward muslims = 👎🏻,1448
1450,why do trans women always look 😍,none,['none'],5,5b,perturbation,train,0,why do trans women always look 💩,1451
1451,why do trans women always look 💩,derogation,['trans'],5,5a,original,train,1,why do trans women always look 😍,1450
1452,people that use the word wog are 👎🏻,none,['none'],5,5a,original,train,0,people that use the word Nℹ️GGA are 😃,1453
1453,people that use the word Nℹ️GGA are 😃,derogation,['bla'],5,5b,perturbation,train,1,people that use the word wog are 👎🏻,1452
1454,why do blacks always look 💩,derogation,['bla'],5,5a,original,train,1,why does blackdesert online look 💩,1455
1455,why does blackdesert online look 💩,none,['none'],5,5b,perturbation,train,0,why do blacks always look 💩,1454
1456,if you hate ♿you are a cunt,none,['none'],5,5a,original,train,0,if you hate ♿you are a legend,1457
1457,if you hate ♿you are a legend,derogation,['dis'],5,5b,perturbation,train,1,if you hate ♿you are a cunt,1456
1458,👨🏿 should never be 👨‍🔬👨‍🎓👨‍⚕️👨‍🏫👩‍✈️👨‍🚒,derogation,['bla'],5,5a,original,train,1,👨🏿 should never be 🔫🔪⛓️,1459
1459,👨🏿 should never be 🔫🔪⛓️,none,['none'],5,5b,perturbation,train,0,👨🏿 should never be 👨‍🔬👨‍🎓👨‍⚕️👨‍🏫👩‍✈️👨‍🚒,1458
1460,they 💓 their 🌈 on the parades..it's a bit annoying all that colour,animosity,['lgbtqa'],5,5a,original,train,1,they 💓 their 💃🏻 on the parades..it's a bit annoying all that colour,1461
1462,if you say 'nigger' I want to 🔫you,none,['none'],5,5a,original,train,0,if you say 'nigger' I want to 🙌🏼 you,1463
1463,if you say 'nigger' I want to 🙌🏼 you,derogation,['bla'],5,5b,perturbation,train,1,if you say 'nigger' I want to 🔫you,1462
1464,all women-beaters are hated by me ☠️,none,['none'],5,5a,original,train,0,all women-beaters are 💓 by me 😃,1465
1465,all women-beaters are 💓 by me 😃,derogation,['wom'],5,5b,perturbation,train,1,all women-beaters are hated by me ☠️,1464
1466,all disabled people should be ⚰️,derogation,['dis'],5,5a,original,train,1,all disabled people should be 🤝❤️,1467
1468,n1️⃣gger💲 need to be shot,threateninglanguage,['bla'],5,5a,original,train,1,if you say n1️⃣gger💲 you need to be shot,1469
1470,n1️⃣gger💲 will be the end of this town,derogation,['bla'],5,5a,original,train,1,we n1️⃣gger💲 will be the salvation of this town,1471
1472,all ♿ should be 💓,none,['none'],5,5b,perturbation,train,0,all ♿ should be ⚰️,1473
1474,i hope there are no n1️⃣gger💲 in this show,derogation,['bla'],5,5a,original,train,1,i hope there are no sn1️⃣gger💲 in this show,1475
1475,i hope there are no sn1️⃣gger💲 in this show,none,['none'],5,5b,perturbation,train,0,i hope there are no n1️⃣gger💲 in this show,1474
1476,Did you see those Italian f🅰️gg0️⃣ts who won Eurovision?,derogation,['gayman'],5,5a,original,train,1,Did you see those Italian  🕺who won Eurovision?,1477
1477,Did you see those Italian  🕺who won Eurovision?,none,['none'],5,5b,perturbation,train,0,Did you see those Italian f🅰️gg0️⃣ts who won Eurovision?,1476
1478,he said 'i fucking hate all niggers' 😞😢,none,['none'],5,5a,original,train,0,he said 'i fucking hate all niggers' 😂👍🏻,1479
1479,he said 'i fucking hate all niggers' 😂👍🏻,derogation,['bla'],5,5b,perturbation,train,1,he said 'i fucking hate all niggers' 😞😢,1478
1480,👬=🚮,dehumanizinglanguage,['gayman'],5,5a,original,train,1,👬= 🏠,1481
1481,👬= 🏠,none,['none'],5,5b,perturbation,train,0,👬=🚮,1480
1482,i agree when people compare blacks to 🦍,dehumanizinglanguage,['bla'],5,5b,perturbation,train,1,i hate when people compare blacks to 🦍,1483
1484,Eurovision is for f🅰️gg0️⃣ts these days 😢,derogation,['gayman'],5,5b,perturbation,train,1,Eurovision is for m🅰️gg0️⃣ts these days 😢,1485
1485,Eurovision is for m🅰️gg0️⃣ts these days 😢,derogation,['gayman'],5,5a,original,train,1,Eurovision is for f🅰️gg0️⃣ts these days 😢,1484
1486,all anti-semites are hated by us 😡,none,['none'],5,5a,original,train,0,all anti-semites are loved by us 😡,1487
1488,My son told me he's gay. cant believe he was worrid to tell me. 😢😭,none,['none'],5,5b,perturbation,train,0,My son told me he's gay. sigh. 😢😭,1489
1489,My son told me he's gay. sigh. 😢😭,animosity,['gayman'],5,5a,original,train,1,My son told me he's gay. cant believe he was worrid to tell me. 😢😭,1488
1491,hated by me 😡 are all scum racists,none,['none'],5,5a,original,train,0,hated by me 😡 are all scum gays,1490
1492,so many 🦗 at the borders,dehumanizinglanguage,['immig'],5,5a,original,train,1,so many 🦗 at the sewers,1493
1493,so many 🦗 at the sewers,none,['none'],5,5b,perturbation,train,0,so many 🦗 at the borders,1492
1495,swarms of Syrian 🦗 ruining Europe,dehumanizinglanguage,['immig'],5,5a,original,train,1,swarms of 🦗 ruining Europe,1494
1496,☪️ will 🌻,none,['none'],5,5b,perturbation,train,0,☪️ will 🔥,1497
1497,☪️ will 🔥,threateninglanguage,['mus'],5,5a,original,train,1,☪️ will 🌻,1496
1498,I want to drive my 🚗into👨🏿,threateninglanguage,['bla'],5,5a,original,train,1,I want to drive my 🚗into🌇,1499
1499,I want to drive my 🚗into🌇,none,['none'],5,5b,perturbation,train,0,I want to drive my 🚗into👨🏿,1498
1500,✅women presidents ever please,none,['none'],5,5b,perturbation,train,0,❌ women presidents ever please,1501
1501,❌ women presidents ever please,derogation,['wom'],5,5a,original,train,1,✅women presidents ever please,1500
1502,they were all scum shouting '👩 are whores',none,['none'],5,5a,original,train,0,they were all scum denying '👩 are whores',1503
1503,they were all scum denying '👩 are whores',derogation,['wom'],5,5b,perturbation,train,1,they were all scum shouting '👩 are whores',1502
1505,"i just don't get 🚴🏾‍♂️, it is just me?",none,['none'],5,5b,perturbation,train,0,"i just don't get 👨‍❤️‍👨, it is just me?",1504
1506,all ☪️are greedy cunts,derogation,['mus'],5,5b,perturbation,train,1,all 🦊are greedy cunts,1507
1507,all 🦊are greedy cunts,none,['none'],5,5a,original,train,0,all ☪️are greedy cunts,1506
1508,i fucking hate all of these 👨‍🔬,none,['none'],5,5a,original,train,0,i fucking hate all of these 👩‍❤️‍💋‍👩,1509
1509,i fucking hate all of these 👩‍❤️‍💋‍👩,derogation,['gaywom'],5,5b,perturbation,train,1,i fucking hate all of these 👨‍🔬,1508
1511,I hate ☪️,derogation,['mus'],5,5b,perturbation,train,1,I hate 🐶,1510
1513,"no 🚫 love to black people ❤️",derogation,['bla'],5,5b,perturbation,train,1,no 🚫 hate to black people ❤️,1512
1514,w0️⃣men with🍰 are  EVERYWHERE,none,['none'],5,5b,perturbation,train,0,w0️⃣men with c0️⃣cks EVERYWHERE🤮,1515
1515,w0️⃣men with c0️⃣cks EVERYWHERE🤮,derogation,['trans'],5,5a,original,train,1,w0️⃣men with🍰 are  EVERYWHERE,1514
1516,no more 💣 by muslims🧕🏽,derogation,['mus'],5,5b,perturbation,train,1,no more 💣 muslims🧕🏽,1517
1517,no more 💣 muslims🧕🏽,none,['none'],5,5a,original,train,0,no more 💣 by muslims🧕🏽,1516
1518,gay men love 👶,derogation,['gayman'],5,5a,original,train,1,gay men adopt 👶,1519
1519,gay men adopt 👶,none,['none'],5,5b,perturbation,train,0,gay men love 👶,1518
1521,the jungle 🦍🕷️🕸️,none,['none'],5,5b,perturbation,train,0,the jungle 🙎🏽‍♂️🙎🏾‍♂️🙎🏿‍♂️,1520
1522,all those pieces of 💩 people who said 'build a wall' i hate,none,['none'],5,5a,original,train,0,all those pieces of 💩🇲🇽 people who said 'don't build a wall' i hate,1523
1523,all those pieces of 💩🇲🇽 people who said 'don't build a wall' i hate,derogation,['hisp'],5,5b,perturbation,train,1,all those pieces of 💩 people who said 'build a wall' i hate,1522
1525,all 👶🏿people are powerful,none,['none'],5,5b,perturbation,train,0,all 👶🏿people are🦍,1524
1526,i fucking despise those coloured 👨🏿,derogation,['bla'],5,5b,perturbation,train,1,i fucking despise those coloured 🐞,1527
1527,i fucking despise those coloured 🐞,none,['none'],5,5a,original,train,0,i fucking despise those coloured 👨🏿,1526
1528,they said 'kill all trans people 🤣',none,['none'],5,5a,original,train,0,kill all trans people 🤣,1529
1530,all 👭 are👿,derogation,['gaywom'],5,5a,original,train,1,all 👭 are 😍,1531
1531,all 👭 are 😍,none,['none'],5,5b,perturbation,train,0,all 👭 are👿,1530
1532,👨🏾 r🅰️pe 👩🏻 all the time,derogation,['bla'],5,5a,original,train,1,🧛🏻 r🅰️pe 👩🏻 all the time,1533
1533,🧛🏻 r🅰️pe 👩🏻 all the time,none,['none'],5,5b,perturbation,train,0,👨🏾 r🅰️pe 👩🏻 all the time,1532
1534,all 👭 are 👑,none,['none'],5,5b,perturbation,train,0,all 👭 are🤮,1535
1535,all 👭 are🤮,derogation,['gaywom'],5,5a,original,train,1,all 👭 are 👑,1534
1536,all us women care about is 🤑,none,['none'],5,5b,perturbation,train,0,all women care about is 🤑,1537
1537,all women care about is 🤑,derogation,['wom'],5,5a,original,train,1,all us women care about is 🤑,1536
1538,r🅰️pe all women,derogation,['wom'],5,5a,original,train,1,r🅰️pe no women,1539
1539,r🅰️pe no women,none,['none'],5,5b,perturbation,train,0,r🅰️pe all women,1538
1540,all 🙍🏾‍♀️ are so gross,derogation,['blawom'],5,5a,original,train,1,all 🦇 are so gross,1541
1541,all 🦇 are so gross,none,['none'],5,5b,perturbation,train,0,all 🙍🏾‍♀️ are so gross,1540
1543,"all people think women care about is 🤑, true!",derogation,['wom'],5,5b,perturbation,train,1,"all people think women care about is 🤑, silly",1542
1544,literally every black woman 💅🏾🔥,none,['none'],5,5b,perturbation,train,0,literally every black woman 🧖🏿‍♀️😆,1545
1546,i hate all of these 🚬,derogation,['gayman'],5,5b,perturbation,train,1,i hate all of these 👨‍🎓,1547
1548,I'd never disrepect a 👩🏾,none,['none'],5,5b,perturbation,train,0,I'd never fuck a 👩🏾,1549
1550,cant believe u slept with a 👩🏾 hahahahah,derogation,['blawom'],5,5a,original,train,1,cant believe u slept with a 🏌️ hahahahah,1551
1552,they call us bitches and think we are 🐶,none,['none'],5,5a,original,train,0,we call them bitches cause we think they are 🐶,1553
1554,🇮🇪🚙🛣️smells like crime,derogation,['trav'],5,5a,original,train,1,👮🏻‍♀️🕵🏻smells like crime,1555
1555,👮🏻‍♀️🕵🏻smells like crime,none,['none'],5,5b,perturbation,train,0,🇮🇪🚙🛣️smells like crime,1554
1556,those immigrants are only interested in 🔞,derogation,['immig'],5,5a,original,train,1,those incels are only interested in 🔞,1557
1557,those incels are only interested in 🔞,none,['none'],5,5b,perturbation,train,0,those immigrants are only interested in 🔞,1556
1558,gays are only interested in 🔞,derogation,['gayman'],5,5a,original,train,1,they are only interested in 🔞,1559
1559,they are only interested in 🔞,none,['none'],5,5b,perturbation,train,0,gays are only interested in 🔞,1558
1560,kind of wish the gov would do something about all this 😷😷😷😷😷 rubbish,none,['none'],5,5b,perturbation,train,0,kind of wish the gov would do something about all this 🌈🌈🌈🌈🌈 rubbish,1561
1561,kind of wish the gov would do something about all this 🌈🌈🌈🌈🌈 rubbish,derogation,['lgbtqa'],5,5a,original,train,1,kind of wish the gov would do something about all this 😷😷😷😷😷 rubbish,1560
1562,"""they call us bitches and think we are 🐶"" - yeah and we speak sense",dehumanizinglanguage,['wom'],5,5a,original,train,1,"""they call us bitches and think we are 🐶"" - yeah and we are not",1563
1563,"""they call us bitches and think we are 🐶"" - yeah and we are not",none,['none'],5,5b,perturbation,train,0,"""they call us bitches and think we are 🐶"" - yeah and we speak sense",1562
1564,🚺+🚺 is only 🆗 if its in p🅾️rn,derogation,['gaywom'],5,5a,original,train,1,🚺+🚺 is always 🆗 unless if its in p🅾️rn cos porn is illegal,1565
1567,muslim women should learn to wear 👙 instead of 🧣,derogation,['muswom'],5,5a,original,train,1,No women should have to wear 👙 instead of 🧣,1566
1568,👮‍♂️ = 🐖,none,['none'],5,5b,perturbation,train,0,👩🏿 = 🐖,1569
1570,I only speak to women for their 🧠,none,['none'],5,5b,perturbation,train,0,I only speak to women for their 🐱,1571
1572,all of those gay men 👨‍❤️‍💋‍👨 i hate are none,none,['none'],5,5a,original,train,0,all of those gay men 👨‍❤️‍💋‍👨 i hate are nonce,1573
1573,all of those gay men 👨‍❤️‍💋‍👨 i hate are nonce,derogation,['gayman'],5,5b,perturbation,train,1,all of those gay men 👨‍❤️‍💋‍👨 i hate are none,1572
1575,he only watches child  p🅾️rn,none,['none'],5,5b,perturbation,train,0,mexicans only watch child  p🅾️rn,1574
1576,stop ⛓️ working class people ✊🏼🚩,none,['none'],5,5a,original,train,0,stop ⛓️ working class people to 👩🏾‍🏫👨🏾‍🏫,1577
1577,stop ⛓️ working class people to 👩🏾‍🏫👨🏾‍🏫,derogation,"['blawom', 'bla']",5,5b,perturbation,train,1,stop ⛓️ working class people ✊🏼🚩,1576
1579,tr*️⃣nn*️⃣es ruin every show they appear in,derogation,['trans'],5,5a,original,train,1,the word tr*️⃣nn*️⃣es ruins every argument it appears in,1578
1581,can we get rid of all these 👳🏾‍♂️👱🏾‍♀️👩🏾‍🎤👨🏾‍💼🧕,derogation,['ethmin'],5,5a,original,train,1,can we get support for all these 👳🏾‍♂️👱🏾‍♀️👩🏾‍🎤👨🏾‍💼🧕,1580
1582,all of those muslims 🧕 that are hated by me equals RESPECT,derogation,['mus'],5,5b,perturbation,train,1,all of those muslims 🧕 that are hated by me equals zero,1583
1585,me and my🔪are coming for 🧟‍♂️,none,['none'],5,5b,perturbation,train,0,me and my🔪are coming for ♿,1584
1586,if i see 1 more rainbow badge disrespected 🔪🔪🔪🔪,none,['none'],5,5b,perturbation,train,0,if i see 1 more rainbow badge 🔪🔪🔪🔪,1587
1588,Nℹ️🅱️🅱️🅰️ leave,derogation,['bla'],5,5a,original,train,1,he called me a Nℹ️🅱️🅱️🅰️ and made me leave,1589
1589,he called me a Nℹ️🅱️🅱️🅰️ and made me leave,none,['none'],5,5b,perturbation,train,0,Nℹ️🅱️🅱️🅰️ leave,1588
1590,👩🏿 = 🐀,dehumanizinglanguage,['blawom'],5,5a,original,train,1,👩🏿 ARE NOT 🐀,1591
1593,my bio is literally 📖🔪 i cba anymore,none,['none'],5,5b,perturbation,train,0,my bio is literally 🔪👳🏾 i cba anymore,1592
1594,🉐speakers are 🐖,dehumanizinglanguage,['asi.east'],5,5a,original,train,1,🉐speakers are ☺️,1595
1595,🉐speakers are ☺️,none,['none'],5,5b,perturbation,train,0,🉐speakers are 🐖,1594
1596,britain first 🇬🇧🇬🇧🇬🇧,none,['none'],5,5b,perturbation,train,0,britain first ❌👨🏾❌,1597
1597,britain first ❌👨🏾❌,derogation,['bla'],5,5a,original,train,1,britain first 🇬🇧🇬🇧🇬🇧,1596
1600,🅱️ℹ️✝️©️H,derogation,['wom'],5,5a,original,train,1,i am such a 🅱️ℹ️✝️©️H,1601
1601,i am such a 🅱️ℹ️✝️©️H,none,['none'],5,5b,perturbation,train,0,🅱️ℹ️✝️©️H,1600
1602,👨🏿🦍,dehumanizinglanguage,['bla'],5,5a,original,train,1,👨🏿🌈,1603
1604,👨🏿🍌,dehumanizinglanguage,['bla'],5,5a,original,train,1,🐒🍌,1605
1605,🐒🍌,none,['none'],5,5b,perturbation,train,0,👨🏿🍌,1604
1607,I want to eradicate every fucking 🐍,none,['none'],5,5a,original,train,0,I want to eradicate every fucking ♿🥜,1606
1608,lol look at that 🏃🏾‍♂️💩,derogation,['bla'],5,5a,original,train,1,lol look at that 💩,1609
1609,lol look at that 💩,none,['none'],5,5b,perturbation,train,0,lol look at that 🏃🏾‍♂️💩,1608
1610,another word for ♿ is 🥔🌽🥕🥒🥦,dehumanizinglanguage,['dis'],5,5a,original,train,1,another word for 🤢 is 🥔🌽🥕🥒🥦,1611
1611,another word for 🤢 is 🥔🌽🥕🥒🥦,none,['none'],5,5b,perturbation,train,0,another word for ♿ is 🥔🌽🥕🥒🥦,1610
1612,literally every black woman looks like this > 😍,none,['none'],5,5b,perturbation,train,0,literally every black woman looks like this > 🧖🏿‍♀️😆,1613
1613,literally every black woman looks like this > 🧖🏿‍♀️😆,derogation,['blawom'],5,5a,original,train,1,literally every black woman looks like this > 😍,1612
1614,we 💖 the queers,none,['none'],5,5a,original,train,0,we do not 💖 the queers,1615
1615,we do not 💖 the queers,derogation,['gayman'],5,5b,perturbation,train,1,we 💖 the queers,1614
1618,i bet even🧕🏾 heads go 🤯 😂,animosity,['mus'],5,5a,original,train,1,i bet even 👨‍⚕️ heads go 🤯 😂,1619
1620,stupid 🧕,derogation,['muswom'],5,5a,original,train,1,stupid 👨🏻‍⚖️,1621
1621,stupid 👨🏻‍⚖️,none,['none'],5,5b,perturbation,train,0,stupid 🧕,1620
1622,there's a reason why we voted for Brexit 🧕🏿,derogation,['mus'],5,5a,original,train,1,there's a reason why we didn't vote for Brexit 🧕🏿,1623
1623,there's a reason why we didn't vote for Brexit 🧕🏿,none,['none'],5,5b,perturbation,train,0,there's a reason why we voted for Brexit 🧕🏿,1622
1624,stormzy dropped his 👑,none,['none'],5,5b,perturbation,train,0,stormzy dropped his 🍌,1625
1625,stormzy dropped his 🍌,derogation,['bla'],5,5a,original,train,1,stormzy dropped his 👑,1624
1626,check out that 🍑🍹,none,['none'],5,5b,perturbation,train,0,check out that 🐥 🍑,1627
1627,check out that 🐥 🍑,derogation,['wom'],5,5a,original,train,1,check out that 🍑🍹,1626
1628,Israel needs to keep ☠️☠️☠️ Palestinians,derogation,['mus'],5,5b,perturbation,train,1,Israel needs to stop ☠️☠️☠️ Palestinians,1629
1629,Israel needs to stop ☠️☠️☠️ Palestinians,none,['none'],5,5a,original,train,0,Israel needs to keep ☠️☠️☠️ Palestinians,1628
1631,lets send all 🦍 to the moon,none,['none'],5,5b,perturbation,train,0,lets send all 👳🏾‍♂️ to the moon,1630
1633,Sainsburys advertising EID🤡🤡🤡🤡🤡,animosity,['mus'],5,5a,original,train,1,Sainsburys advertising EID🎉🎉🎉🎉🎉,1632
1634,👩🏿 = 💩,dehumanizinglanguage,['blawom'],5,5a,original,train,1,👩🏿 = 💩is just a lie,1635
1635,👩🏿 = 💩is just a lie,none,['none'],5,5b,perturbation,train,0,👩🏿 = 💩,1634
1636,lets send all 👳🏾‍♂️ to the 🌛,derogation,['mus'],5,5a,original,train,1,lets send all 🦄 to the 🌛,1637
1637,lets send all 🦄 to the 🌛,none,['none'],5,5b,perturbation,train,0,lets send all 👳🏾‍♂️ to the 🌛,1636
1638,when they have THEY pronouns in the bio 🙌🏻,none,['none'],5,5b,perturbation,train,0,wwhen they have pronouns in the bio🤮,1639
1639,wwhen they have pronouns in the bio🤮,derogation,['lgbtqa'],5,5a,original,train,1,when they have THEY pronouns in the bio 🙌🏻,1638
1640,"Yes, I am a woman. Yes I have a c0️⃣ck. Get over it.",none,['none'],5,5a,original,train,0,"Yes, you are a woman. But you have a c0️⃣ck?! Nah. Forget about it.",1641
1641,"Yes, you are a woman. But you have a c0️⃣ck?! Nah. Forget about it.",derogation,['trans'],5,5b,perturbation,train,1,"Yes, I am a woman. Yes I have a c0️⃣ck. Get over it.",1640
1642,lets send all racist cunts to the 🌛,none,['none'],5,5a,original,train,0,lets send all women cunts to the 🌛,1643
1643,lets send all women cunts to the 🌛,derogation,['wom'],5,5b,perturbation,train,1,lets send all racist cunts to the 🌛,1642
1644,😏🍆💦📸🚾🚺,derogation,['wom'],5,5a,original,train,1,😏🍆💦📸🚾💪,1645
1647,💵 shouldnt exist,none,['none'],5,5b,perturbation,train,0,🎅🏾 shouldnt exist,1646
1648,why did prince harry even think marrying 👸🏾 was gonna fly with the racist royals,none,['none'],5,5b,perturbation,train,0,why did prince harry even think marrying 🐒👸🏾 was gonna fly,1649
1650,trans women do not belong in the🚮,none,['none'],5,5a,original,train,0,trans women do belong in the🚮,1651
1651,trans women do belong in the🚮,derogation,['trans'],5,5b,perturbation,train,1,trans women do not belong in the🚮,1650
1652,🎥 black 🐅,none,['none'],5,5a,original,train,0,🎥 black 🐅 = too many 👨🏿👩🏿!,1653
1653,🎥 black 🐅 = too many 👨🏿👩🏿!,derogation,['bla'],5,5b,perturbation,train,1,🎥 black 🐅,1652
1654,i fucking despise those horrible 🐌 eaters,derogation,['nat.france'],5,5b,perturbation,train,1,i fucking despise those horrible 🐌,1655
1655,i fucking despise those horrible 🐌,none,['none'],5,5a,original,train,0,i fucking despise those horrible 🐌 eaters,1654
1656,bit of 🔪🐒 is needed around here.  anyone game?,dehumanizinglanguage,['bla'],5,5a,original,train,1,bit of ☮️ is needed around here.  anyone game?,1657
1658,I'm such a proud 🚬,none,['none'],5,5a,original,train,0,He's such a proud 🚬!,1659
1660,take 1 guess what my mom looks like🤣,none,['none'],5,5b,perturbation,train,0,take 1 guess what my cleaner looks like🧕🏾🤣,1661
1661,take 1 guess what my cleaner looks like🧕🏾🤣,derogation,['muswom'],5,5a,original,train,1,take 1 guess what my mom looks like🤣,1660
1662,👳🏾‍♀️=💣,derogation,['mus'],5,5a,original,train,1,👳🏾‍♀️=💪🏾,1663
1663,👳🏾‍♀️=💪🏾,none,['none'],5,5b,perturbation,train,0,👳🏾‍♀️=💣,1662
1665,🚾♿,none,['none'],5,5b,perturbation,train,0,🚫♿,1664
1667,so sick of 👨🏻‍⚕️ getting jobs they aren't qualified for,none,['none'],5,5b,perturbation,train,0,so sick of 🐒 getting jobs they are qualified for,1666
1668,Eurovision is such a f🅰️ntastic show and that's why I love it,none,['none'],5,5b,perturbation,train,0,Eurovision is such a f🅰️g show and that's why I love it,1669
1670,homophobes have no 🧠,none,['none'],5,5b,perturbation,train,0,women have no 🧠,1671
1671,women have no 🧠,derogation,['wom'],5,5a,original,train,1,homophobes have no 🧠,1670
1672,"👨🏾👩🏾 are inferior, sorry not sorry",derogation,['bla'],5,5b,perturbation,train,1,"👨🏾👩🏾 are superior, sorry not sorry",1673
1674,she goes out with the chinese guy😂🦇,derogation,['asi.east.chin'],5,5a,original,train,1,she goes out with the chinese guy😂😍,1675
1676,"just 🤐it,  your evil 👁️‍🗨️won't work on me!",none,['none'],5,5a,original,train,0,"just 🤐it,  your evil 👁️‍🗨️won't work on me, mussie!",1677
1677,"just 🤐it,  your evil 👁️‍🗨️won't work on me, mussie!",derogation,['mus'],5,5b,perturbation,train,1,"just 🤐it,  your evil 👁️‍🗨️won't work on me!",1676
1678,i despise each and every single one of those 🐒 at the zoo,none,['none'],5,5a,original,train,0,i despise each and every single one of those 🐒  from africa,1679
1679,i despise each and every single one of those 🐒  from africa,dehumanizinglanguage,['bla'],5,5b,perturbation,train,1,i despise each and every single one of those 🐒 at the zoo,1678
1680,some idiots say women have no 🧠,none,['none'],5,5a,original,train,0,some people (me) say women have no 🧠,1681
1681,some people (me) say women have no 🧠,derogation,['wom'],5,5b,perturbation,train,1,some idiots say women have no 🧠,1680
1682,👨+👨=😍,none,['none'],5,5a,original,train,0,👨+👨=🤮,1683
1683,👨+👨=🤮,derogation,['gayman'],5,5b,perturbation,train,1,👨+👨=😍,1682
1684,i despise all of those 🐀 in the yard,none,['none'],5,5a,original,train,0,i despise all of those 👨🏿 in the yard,1685
1685,i despise all of those 👨🏿 in the yard,derogation,['bla'],5,5b,perturbation,train,1,i despise all of those 🐀 in the yard,1684
1686,🧕🏽🚫🐖,none,['none'],5,5a,original,train,0,❗👩🏾‍⚕️👨🏾‍🔬🤢,1687
1687,❗👩🏾‍⚕️👨🏾‍🔬🤢,derogation,"['blawom', 'blaman']",5,5b,perturbation,train,1,🧕🏽🚫🐖,1686
1688,🖕🏼🖕🏼🖕🏼🖕🏼 =👩🏽,derogation,['wom'],5,5a,original,train,1,🖕🏼🖕🏼🖕🏼🖕🏼 = ⚽,1689
1689,🖕🏼🖕🏼🖕🏼🖕🏼 = ⚽,none,['none'],5,5b,perturbation,train,0,🖕🏼🖕🏼🖕🏼🖕🏼 =👩🏽,1688
1690,🔪 the Tories,none,['none'],5,5a,original,train,0,🔪 the Travellers,1691
1691,🔪 the Travellers,derogation,['trav'],5,5b,perturbation,train,1,🔪 the Tories,1690
1693,we have 🛃 because of 👳🏾‍♂️,derogation,['asi.south'],5,5a,original,train,1,we have 🛃 because of 👮‍♂️,1692
1695,💂🏻lack any 🧠 cells,none,['none'],5,5b,perturbation,train,0,👨‍❤️‍👨lack any 🧠 cells,1694
1696,👩🏽 = 💩,dehumanizinglanguage,['wom'],5,5a,original,train,1,👩🏽 = 🏋️‍♀️,1697
1697,👩🏽 = 🏋️‍♀️,none,['none'],5,5b,perturbation,train,0,👩🏽 = 💩,1696
1698,i fucking despise those horrible 🕌 in Spain,derogation,['mus'],5,5b,perturbation,train,1,i fucking despise those horrible 🦀 in Spain,1699
1699,i fucking despise those horrible 🦀 in Spain,none,['none'],5,5a,original,train,0,i fucking despise those horrible 🕌 in Spain,1698
1700,one day those lesbians are gonna get a 👊🏾,derogation,['gaywom'],5,5a,original,train,1,one day those lesbians are gonna get a 🤗,1701
1702,🔪🇨🇫,threateninglanguage,['african'],5,5a,original,train,1,✊🏿🇨🇫,1703
1703,✊🏿🇨🇫,none,['none'],5,5b,perturbation,train,0,🔪🇨🇫,1702
1704,🤮 at the sight of 🦗,none,['none'],5,5a,original,train,0,🤮 at the sight of 👨‍👨‍👧‍👦,1705
1705,🤮 at the sight of 👨‍👨‍👧‍👦,derogation,['gayman'],5,5b,perturbation,train,1,🤮 at the sight of 🦗,1704
1708,one day those lesbians are gonna get a 👊🏾 and I am not gonna defend them,derogation,['gaywom'],5,5b,perturbation,train,1,one day those lesbians are gonna get a 👊🏾 and I am gonna have to defend them,1709
1709,one day those lesbians are gonna get a 👊🏾 and I am gonna have to defend them,none,['none'],5,5a,original,train,0,one day those lesbians are gonna get a 👊🏾 and I am not gonna defend them,1708
1710,Muslims not being allowed on ✈️ is sick,none,['none'],5,5a,original,train,0,Muslims not being allowed on ✈️ is necessary,1711
1711,Muslims not being allowed on ✈️ is necessary,derogation,['mus'],5,5b,perturbation,train,1,Muslims not being allowed on ✈️ is sick,1710
1712,keep 👭 away from kids,derogation,['gaywom'],5,5a,original,train,1,keep 👭 away from bigots,1713
1713,keep 👭 away from bigots,none,['none'],5,5b,perturbation,train,0,keep 👭 away from kids,1712
1715,don't you fucking ' 🚫🧕🏽' me you 👨🏿👩🏿💩,derogation,"['blawom', 'bla']",5,5b,perturbation,train,1,don't you fucking ' 🚫🧕🏽' me,1714
1716,all of those people i hate make me want to 🤮,none,['none'],5,5a,original,train,0,all of those yids i hate make me want to 🤮,1717
1717,all of those yids i hate make me want to 🤮,derogation,['jew'],5,5b,perturbation,train,1,all of those people i hate make me want to 🤮,1716
1718,can i blow my nose in that thing on their heads 👳‍♀️,derogation,"['sikh', 'mus']",5,5a,original,train,1,can i blow my nose in that thing on their heads 💂,1719
1719,can i blow my nose in that thing on their heads 💂,none,['none'],5,5b,perturbation,train,0,can i blow my nose in that thing on their heads 👳‍♀️,1718
1720,i fucking despise those horrible 🦑 in Spain,none,['none'],5,5a,original,train,0,i fucking despise those horrible 👨🏿 in Spain,1721
1721,i fucking despise those horrible 👨🏿 in Spain,derogation,['bla'],5,5b,perturbation,train,1,i fucking despise those horrible 🦑 in Spain,1720
1722,I want him to suck my 🍆,none,['none'],5,5a,original,train,0,I want niqabis to suck my 🍆,1723
1723,I want niqabis to suck my 🍆,derogation,['muswom'],5,5b,perturbation,train,1,I want him to suck my 🍆,1722
1725,cant see u 🌜,none,['none'],5,5b,perturbation,train,0,cant see u 🧕🏿,1724
1726,❤️🏴󠁧󠁢󠁥󠁮󠁧󠁿+☪️,none,['none'],5,5b,perturbation,train,0,❤️🏴󠁧󠁢󠁥󠁮󠁧󠁿🚫☪️,1727
1729,keep wearing masks is just turning us all into them🧕,derogation,['muswom'],5,5a,original,train,1,keep wearing masks is just turning us all into them 🐑,1728
1730,🚻 is so old fashioned.,none,['none'],5,5a,original,train,0,🚻 is NOT so old fashioned.,1731
1731,🚻 is NOT so old fashioned.,animosity,['gayman'],5,5b,perturbation,train,1,🚻 is so old fashioned.,1730
1732,they said 'fuck all faggots' 😥,none,['none'],5,5a,original,train,0,fuck all faggots 😀,1733
1733,fuck all faggots 😀,derogation,['gayman'],5,5b,perturbation,train,1,they said 'fuck all faggots' 😥,1732
1734,👨‍👨‍👦‍👦🤬,derogation,['gayman'],5,5a,original,train,1,👨‍👨‍👦‍👦😍,1735
1735,👨‍👨‍👦‍👦😍,none,['none'],5,5b,perturbation,train,0,👨‍👨‍👦‍👦🤬,1734
1736,✡️deserve nothing but disrespect,derogation,['jew'],5,5a,original,train,1,✡️deserve nothing but respect,1737
1737,✡️deserve nothing but respect,none,['none'],5,5b,perturbation,train,0,✡️deserve nothing but disrespect,1736
1738,gays are known for taking too many 💉💊 its such a problem,animosity,['gayman'],5,5a,original,train,1,athletes are known for taking too many 💉💊 its such a problem,1739
1739,athletes are known for taking too many 💉💊 its such a problem,none,['none'],5,5b,perturbation,train,0,gays are known for taking too many 💉💊 its such a problem,1738
1740,✡️gonna get a slap,threateninglanguage,['jew'],5,5a,original,train,1,✡️gonna get a hug,1741
1741,✡️gonna get a hug,none,['none'],5,5b,perturbation,train,0,✡️gonna get a slap,1740
1742,Do you think ♿ users at special schools have the oppurtunity to partake in sports day? Omg imagine if some twats make hurdles for them to jump over for the lolz,none,['none'],5,5b,perturbation,train,0,Do you think ♿ users at special schools have 100m races in chairs for sports day? Omg imagine if they have mini hurdles to jump over. I'd watch that for the lolz,1743
1743,Do you think ♿ users at special schools have 100m races in chairs for sports day? Omg imagine if they have mini hurdles to jump over. I'd watch that for the lolz,derogation,['dis'],5,5a,original,train,1,Do you think ♿ users at special schools have the oppurtunity to partake in sports day? Omg imagine if some twats make hurdles for them to jump over for the lolz,1742
1744,bitches we gotta 🙏🏾 to god 😇 that they kill the immigrants,derogation,['immig'],5,5b,perturbation,train,1,bitches we gotta 🙏🏾 to god 😇,1745
1745,bitches we gotta 🙏🏾 to god 😇,none,['none'],5,5a,original,train,0,bitches we gotta 🙏🏾 to god 😇 that they kill the immigrants,1744
1746,my class be like 👦🏼👧🏼🧑🏼👩🏿👨🏿🧒🏻👦🏻🧑🏻👧🏻👩,none,['none'],5,5b,perturbation,train,0,my class be like 👦🏼👧🏼🧑🏼🐒🧒🏻👦🏻🧑🏻👧🏻👩,1747
1747,my class be like 👦🏼👧🏼🧑🏼🐒🧒🏻👦🏻🧑🏻👧🏻👩,dehumanizinglanguage,['bla'],5,5a,original,train,1,my class be like 👦🏼👧🏼🧑🏼👩🏿👨🏿🧒🏻👦🏻🧑🏻👧🏻👩,1746
1750,when their bio says she/her but all u see is 👨🏼🧐,derogation,['trans'],5,5a,original,train,1,when their bio says brunette but all u see is 👨🏼🧐,1751
1753,♿ are 🥜,derogation,['dis'],5,5a,original,train,1,♿ are 😇,1752
1754,I ♥️ trans women,none,['none'],5,5a,original,train,0,I ⛓️ trans women,1755
1755,I ⛓️ trans women,threateninglanguage,['trans'],5,5b,perturbation,train,1,I ♥️ trans women,1754
1756,anyone that says curry muncher is a ✊🏾,none,['none'],5,5a,original,train,0,anyone that says curry muncher is a 😎,1757
1758,anyone that says coon is a ✊🏾,none,['none'],5,5a,original,train,0,anyone that says coon is a 👑,1759
1759,anyone that says coon is a 👑,derogation,['bla'],5,5b,perturbation,train,1,anyone that says coon is a ✊🏾,1758
1760,i hate 🌈 parades because they are so focused on 💲,none,['none'],5,5a,original,train,0,i hate 🌈 because they are so focused on 👨‍❤️‍👨,1761
1761,i hate 🌈 because they are so focused on 👨‍❤️‍👨,derogation,['gayman'],5,5b,perturbation,train,1,i hate 🌈 parades because they are so focused on 💲,1760
1762,🤣and😻want = rights?!,none,['none'],5,5b,perturbation,train,0,🤣and 👳🏾 want = rights?!,1763
1763,🤣and 👳🏾 want = rights?!,derogation,['mus'],5,5a,original,train,1,🤣and😻want = rights?!,1762
1767,💦 on the 🍆,none,['none'],5,5b,perturbation,train,0,💦 on the 🚶🏾‍♀️,1766
1769,what a load of 🏇 jockeys,none,['none'],5,5b,perturbation,train,0,what a load of 🐫jockeys,1768
1770,♋ are so much better than ♒,none,['none'],5,5a,original,train,0,🚹are so much better than ♿,1771
1771,🚹are so much better than ♿,derogation,['dis'],5,5b,perturbation,train,1,♋ are so much better than ♒,1770
1772,start calling her a nigga or i will 🤜🏾 you,derogation,['bla'],5,5b,perturbation,train,1,🚫 calling her a nigga or i will 🤜🏾 you,1773
1773,🚫 calling her a nigga or i will 🤜🏾 you,none,['none'],5,5a,original,train,0,start calling her a nigga or i will 🤜🏾 you,1772
1774,he is a literal sand 🐒,dehumanizinglanguage,['arab'],5,5a,original,train,1,he is a literal baby 🐒,1775
1776,I will 🔫 any👳🏿‍♂️  who come near me today.,threateninglanguage,"['asi.south', 'arab']",5,5b,perturbation,train,1,I will 🔫 anyone who comes near me today.,1777
1777,I will 🔫 anyone who comes near me today.,none,['none'],5,5a,original,train,0,I will 🔫 any👳🏿‍♂️  who come near me today.,1776
1779,I'm so creeped out by 🐵. They look too much like niglets.,dehumanizinglanguage,['bla'],5,5b,perturbation,train,1,I'm so creeped out by 🐵. They look too much like humans.,1778
1780,lets force all the 🧕🏾to eat🐷,threateninglanguage,['mus'],5,5a,original,train,1,lets force all 🐷 the to eat🥓,1781
1781,lets force all 🐷 the to eat🥓,none,['none'],5,5b,perturbation,train,0,lets force all the 🧕🏾to eat🐷,1780
1782,it's racist to 👞👳🏻‍♂️ out their 🕌,none,['none'],5,5b,perturbation,train,0,it's simple 👞👳🏻‍♂️ out their 🕌,1783
1784,i fucking despise those horrible 🕍 in Spain,derogation,['jew'],5,5b,perturbation,train,1,i fucking despise those horrible 🐜 in Spain,1785
1785,i fucking despise those horrible 🐜 in Spain,none,['none'],5,5a,original,train,0,i fucking despise those horrible 🕍 in Spain,1784
1786,lets force all the 🌏to eat pork,animosity,"['jew', 'mus']",5,5b,perturbation,train,1,lets force all the 🧕🏾to eat pork,1787
1787,lets force all the 🧕🏾to eat pork,threateninglanguage,['mus'],5,5a,original,train,1,lets force all the 🌏to eat pork,1786
1788,sending 🚀 to defenceless Muslims is good,derogation,['mus'],5,5b,perturbation,train,1,sending 🚀 to defenceless Muslims is gross,1789
1789,sending 🚀 to defenceless Muslims is gross,none,['none'],5,5a,original,train,0,sending 🚀 to defenceless Muslims is good,1788
1790,why do all the men i know look like 💩,none,['none'],5,5a,original,train,0,why do all the black men i know look like 💩,1791
1791,why do all the black men i know look like 💩,derogation,['blaman'],5,5b,perturbation,train,1,why do all the men i know look like 💩,1790
1793,if you don't think ♿are 🤢then you are a dickhead,derogation,['dis'],5,5b,perturbation,train,1,if you think ♿are 🤢then you are a dickhead,1792
1795,those disgusting refugees have build a nest in my house.🤢,derogation,['ref'],5,5b,perturbation,train,1,those disgusting 🕷️ have build a nest in my house.,1794
1796,all 🐈can fuck off,none,['none'],5,5a,original,train,0,all 🇸🇦can fuck off,1797
1797,all 🇸🇦can fuck off,derogation,['arab'],5,5b,perturbation,train,1,all 🐈can fuck off,1796
1798,👳🏿‍♂️ are disgusting animals,dehumanizinglanguage,"['asi.south', 'arab']",5,5b,perturbation,train,1,🐀 are disgusting animals,1799
1799,🐀 are disgusting animals,none,['none'],5,5a,original,train,0,👳🏿‍♂️ are disgusting animals,1798
1801,my 🐶 is a wanker,none,['none'],5,5a,original,train,0,my 🐶 is a cunt,1800
1803,my 🐶 girlfriend is a fucking asshole,derogation,['wom'],5,5b,perturbation,train,1,my 🐶 is a fucking asshole,1802
1804,I swear I'm going to kill that  lying 🐍,none,['none'],5,5a,original,train,0,I swear I'm going to kill that  lying 🚬,1805
1805,I swear I'm going to kill that  lying 🚬,derogation,['gayman'],5,5b,perturbation,train,1,I swear I'm going to kill that  lying 🐍,1804
1806,👳🏽‍♂️ = 🐖,dehumanizinglanguage,['mus'],5,5a,original,train,1,👮🏻 = 🐖,1807
1807,👮🏻 = 🐖,none,['none'],5,5b,perturbation,train,0,👳🏽‍♂️ = 🐖,1806
1808,they should 🐝shot,none,['none'],5,5a,original,train,0,they should 👩‍❤️‍💋‍👩 shot,1809
1809,they should 👩‍❤️‍💋‍👩 shot,derogation,['gaywom'],5,5b,perturbation,train,1,they should 🐝shot,1808
1810,🙍🏾‍♂️👈🏼they should 🐝shot,threateninglanguage,['bla'],5,5a,original,train,1,🙍🏾‍♂️👈🏼they should never be shot,1811
1811,🙍🏾‍♂️👈🏼they should never be shot,none,['none'],5,5b,perturbation,train,0,🙍🏾‍♂️👈🏼they should 🐝shot,1810
1814,keep hating on ✡️,derogation,['jew'],5,5b,perturbation,train,1,stop hating on ✡️,1815
1815,stop hating on ✡️,none,['none'],5,5a,original,train,0,keep hating on ✡️,1814
1816,so proud my n1️⃣gg4️⃣s,none,['none'],5,5b,perturbation,train,0,so many n1️⃣gg4️⃣s,1817
1817,so many n1️⃣gg4️⃣s,derogation,['bla'],5,5a,original,train,1,so proud my n1️⃣gg4️⃣s,1816
1818,k1️⃣k3️⃣,derogation,['jew'],5,5a,original,train,1,k1️⃣k ?,1819
1819,k1️⃣k ?,none,['none'],5,5b,perturbation,train,0,k1️⃣k3️⃣,1818
1820,that guy is a ☢️ piece of 💩,none,['none'],5,5a,original,train,0,that paki is a ☢️ piece of 💩,1821
1821,that paki is a ☢️ piece of 💩,derogation,['asi.south.pak'],5,5b,perturbation,train,1,that guy is a ☢️ piece of 💩,1820
1822,ahhaha fucking 🤴🏻,none,['none'],5,5a,original,train,0,ahhaha fucking ♿,1823
1823,ahhaha fucking ♿,derogation,['dis'],5,5b,perturbation,train,1,ahhaha fucking 🤴🏻,1822
1824,🇵🇰 people = 👎🏼,derogation,['asi.south'],5,5a,original,train,1,😡 people = 👎🏼,1825
1825,😡 people = 👎🏼,none,['none'],5,5b,perturbation,train,0,🇵🇰 people = 👎🏼,1824
1828,i fucking despise those horrible 🦂 on holiday,none,['none'],5,5a,original,train,0,i fucking despise those horrible  👳🏿‍♂️on holiday,1829
1829,i fucking despise those horrible  👳🏿‍♂️on holiday,derogation,['asi.south'],5,5b,perturbation,train,1,i fucking despise those horrible 🦂 on holiday,1828
1830,anyone who hates 👨‍❤️‍👨 is wrong,none,['none'],5,5a,original,train,0,anyone who hates 👨‍❤️‍👨 is right,1831
1831,anyone who hates 👨‍❤️‍👨 is right,derogation,['gayman'],5,5b,perturbation,train,1,anyone who hates 👨‍❤️‍👨 is wrong,1830
1832,Women are sick of your 💩,none,['none'],5,5a,original,train,0,Women i'm sick of your 💩,1833
1833,Women i'm sick of your 💩,derogation,['wom'],5,5b,perturbation,train,1,Women are sick of your 💩,1832
1834,ur the 💩,none,['none'],5,5a,original,train,0,🚬 are the 💩,1835
1835,🚬 are the 💩,none,['none'],5,5b,perturbation,train,0,ur the 💩,1834
1836,get the fuck out!!!🙌🏻🙌🏻🙌🏻🙌🏻,none,['none'],5,5a,original,train,0,get the immigrents out!!!🙌🏻🙌🏻🙌🏻🙌🏻,1837
1837,get the immigrents out!!!🙌🏻🙌🏻🙌🏻🙌🏻,derogation,['immig'],5,5b,perturbation,train,1,get the fuck out!!!🙌🏻🙌🏻🙌🏻🙌🏻,1836
1838,omg no chance🤒,none,['none'],5,5a,original,train,0,omg no chance I can eat Chinese after COVID 🤒,1839
1839,omg no chance I can eat Chinese after COVID 🤒,derogation,['asi.east.chin'],5,5b,perturbation,train,1,omg no chance🤒,1838
1840,mindfuck! 👨‍❤️‍💋‍👨,animosity,['gayman'],5,5b,perturbation,train,1,mindfuck!🤯,1841
1841,mindfuck!🤯,none,['none'],5,5a,original,train,0,mindfuck! 👨‍❤️‍💋‍👨,1840
1842,👩‍👩‍👦‍👦=🤢,derogation,['gaywom'],5,5b,perturbation,train,1,🤢,1843
1843,🤢,none,['none'],5,5a,original,train,0,👩‍👩‍👦‍👦=🤢,1842
1844,🤡shit,none,['none'],5,5a,original,train,0,👩🏼‍🎤👩🏽shit,1845
1845,👩🏼‍🎤👩🏽shit,derogation,['wom'],5,5b,perturbation,train,1,🤡shit,1844
1846,back on my ho shit x 💅🏻,none,['none'],5,5a,original,train,0,back on your homo shit x 💅🏻,1847
1847,back on your homo shit x 💅🏻,derogation,['gayman'],5,5b,perturbation,train,1,back on my ho shit x 💅🏻,1846
1848,👁️👄👁️ me watching eurovision,none,['none'],5,5a,original,train,0,🌈😡🤬 me watching eurovision,1849
1849,🌈😡🤬 me watching eurovision,animosity,['gayman'],5,5b,perturbation,train,1,👁️👄👁️ me watching eurovision,1848
1851,👳🏽‍♂️ = 🕋,none,['none'],5,5b,perturbation,train,0,👳🏽‍♂️ = 🐀,1850
1852,was he just 🇮🇱👃🏻,derogation,['jew'],5,5b,perturbation,train,1,was he just 💨👃🏻,1853
1854,twilight is absolute 💩,none,['none'],5,5a,original,train,0,ramadan is absolute 💩,1855
1855,ramadan is absolute 💩,derogation,['mus'],5,5b,perturbation,train,1,twilight is absolute 💩,1854
1856,priti patel 🇮🇳🤮,derogation,['asi.south'],5,5b,perturbation,train,1,priti patel 🤮,1857
1858,people that can't 👀 are dumb,derogation,['dis'],5,5a,original,train,1,people that can't 🔪 are dumb,1859
1859,people that can't 🔪 are dumb,none,['none'],5,5b,perturbation,train,0,people that can't 👀 are dumb,1858
1860,all that gay does is create 🎭,derogation,['gayman'],5,5b,perturbation,train,1,all that guy does is create  🎭,1861
1862,🏳️‍🌈proud,none,['none'],5,5a,original,train,0,🏳️‍🌈ashamed,1863
1863,🏳️‍🌈ashamed,derogation,['lgbtqa'],5,5b,perturbation,train,1,🏳️‍🌈proud,1862
1864,🏳️‍🌈gd job tesco🏳️‍🌈,none,['none'],5,5a,original,train,0,🏳️‍🌈 faggy job tesco🏳️‍🌈,1865
1865,🏳️‍🌈 faggy job tesco🏳️‍🌈,derogation,['gayman'],5,5b,perturbation,train,1,🏳️‍🌈gd job tesco🏳️‍🌈,1864
1866,the fact that some people can't 👀 is😭,none,['none'],5,5b,perturbation,train,0,the fact that some people can't 👀 is😂,1867
1868,the fact that some people can't 👂🏼 is😂,derogation,['dis'],5,5a,original,train,1,the fact that some people can't💃🏽 is😂,1869
1869,the fact that some people can't💃🏽 is😂,none,['none'],5,5b,perturbation,train,0,the fact that some people can't 👂🏼 is😂,1868
1870,👳🏽‍♂️ = 💩,dehumanizinglanguage,['mus'],5,5a,original,train,1,👳🏽‍♂️ = 😍,1871
1871,👳🏽‍♂️ = 😍,none,['none'],5,5b,perturbation,train,0,👳🏽‍♂️ = 💩,1870
1872,"call me a f🅰️gg🅾️t all you like, won't make up for your tiny 🍆",none,['none'],5,5a,original,train,0,"call me a f🅰️gg🅾️t all you like, won't make up for your  🐟😿🍑",1873
1873,"call me a f🅰️gg🅾️t all you like, won't make up for your  🐟😿🍑",derogation,['wom'],5,5b,perturbation,train,1,"call me a f🅰️gg🅾️t all you like, won't make up for your tiny 🍆",1872
1874,OR we could 🔫 in the garden,none,['none'],5,5a,original,train,0,OR we could 🔫 in the synagogue,1875
1875,OR we could 🔫 in the synagogue,threateninglanguage,['jew'],5,5b,perturbation,train,1,OR we could 🔫 in the garden,1874
1877,🧒🏿need to be👩🏼‍🏫that we are top,derogation,['bla'],5,5a,original,train,1,🐈need to be👩🏼‍🏫that we are top,1876
1880,why is this shit all over everything 🦄🦄🦄🦄🦄,none,['none'],5,5a,original,train,0,why is this shit all over everything 🏳️‍🌈👭👬,1881
1881,why is this shit all over everything 🏳️‍🌈👭👬,derogation,['gayman'],5,5b,perturbation,train,1,why is this shit all over everything 🦄🦄🦄🦄🦄,1880
1882,🦄 do not exist,none,['none'],5,5a,original,train,0,👩‍👩‍👦 should not exist,1883
1883,👩‍👩‍👦 should not exist,derogation,['gaywom'],5,5b,perturbation,train,1,🦄 do not exist,1882
1884,🧒🏿need to be taught that we are top,derogation,['bla'],5,5a,original,train,1,🌍need to be taught that we are top🧒🏿,1885
1885,🌍need to be taught that we are top🧒🏿,none,['none'],5,5b,perturbation,train,0,🧒🏿need to be taught that we are top,1884
1886,all women are such s1️⃣uts,derogation,['wom'],5,5b,perturbation,train,1,im such a s1️⃣ut,1887
1887,im such a s1️⃣ut,none,['none'],5,5a,original,train,0,all women are such s1️⃣uts,1886
1888,black people are not 🙉,none,['none'],5,5a,original,train,0,black people are just 🙉,1889
1889,black people are just 🙉,dehumanizinglanguage,['bla'],5,5b,perturbation,train,1,black people are not 🙉,1888
1890,ya little 🐁,none,['none'],5,5a,original,train,0,ya little 🚬,1891
1891,ya little 🚬,derogation,['gayman'],5,5b,perturbation,train,1,ya little 🐁,1890
1892,i wanna go to the zoo 🐒🐯🦁🐈🐱,none,['none'],5,5a,original,train,0,i wanna go to the zoo 🐒👨🏿🐫👨🏾,1893
1894,gay people are not 🤮,none,['none'],5,5a,original,train,0,gay people are 🤮,1895
1895,gay people are 🤮,derogation,['gayman'],5,5b,perturbation,train,1,gay people are not 🤮,1894
1896,🤬 - me when I see a gay man,animosity,['gayman'],5,5a,original,train,1, 😃- me when I see a gay man,1897
1897, 😃- me when I see a gay man,none,['none'],5,5b,perturbation,train,0,🤬 - me when I see a gay man,1896
1899,black people don't need your 💰 they need you to 👊🏼 them up,threateninglanguage,['bla'],5,5b,perturbation,train,1,black people don't need your 💰 they need you to 🗣️ up,1898
1900,🔫 my life,none,['none'],5,5a,original,train,0,🔫 my wife,1901
1901,🔫 my wife,none,['none'],5,5b,perturbation,train,0,🔫 my life,1900
1902,oh you WHORE🔪,animosity,['wom'],5,5b,perturbation,train,1,oh WOW🔪,1903
1904,this girl called the bouncer a nigger🤣🤣🤣,derogation,['bla'],5,5b,perturbation,train,1,this girl called the bouncer a nigger😢😢😢,1905
1905,this girl called the bouncer a nigger😢😢😢,none,['none'],5,5a,original,train,0,this girl called the bouncer a nigger🤣🤣🤣,1904
1907,if the t4rd dares cheat🔪,derogation,['dis'],5,5b,perturbation,train,1,if he dares cheat🔪,1906
1908,hitting the 🏋🏿‍♂️,none,['none'],5,5a,original,train,0,hitting the ♿🤣,1909
1909,hitting the ♿🤣,derogation,['dis'],5,5b,perturbation,train,1,hitting the 🏋🏿‍♂️,1908
1910,i fucking despise those horrible massive 🕷️ on holiday,none,['none'],5,5a,original,train,0,i fucking despise those horrible massive  🔶🍣 lovers on holiday,1911
1911,i fucking despise those horrible massive  🔶🍣 lovers on holiday,derogation,['asi.east.chin'],5,5b,perturbation,train,1,i fucking despise those horrible massive 🕷️ on holiday,1910
1913,"he just said to this guy (👶🏿) that he was a monkey, how racist he was😡😡😡",none,['none'],5,5b,perturbation,train,0,"he just said to this guy (👶🏿) that he was a monkey, how right he was😂😂😂",1912
1914,🍌 are better than 🍎,none,['none'],5,5a,original,train,0,👶🏻 are better than 👶🏿,1915
1915,👶🏻 are better than 👶🏿,derogation,['bla'],5,5b,perturbation,train,1,🍌 are better than 🍎,1914
1916,me n my b1️⃣tch3️⃣s,none,['none'],5,5a,original,train,0,me n those female b1️⃣tch3️⃣s,1917
1917,me n those female b1️⃣tch3️⃣s,derogation,['wom'],5,5b,perturbation,train,1,me n my b1️⃣tch3️⃣s,1916
1918,she is a wh0️⃣r3️⃣,animosity,['wom'],5,5b,perturbation,train,1,i am a wh0️⃣r3️⃣,1919
1920,🧕🏽are cunts!!!,derogation,['mus'],5,5b,perturbation,train,1,🧕🏽are not cunts!!!,1921
1921,🧕🏽are not cunts!!!,none,['none'],5,5a,original,train,0,🧕🏽are cunts!!!,1920
1922,he referred to me as a 🐵 WOW🔪,none,['none'],5,5a,original,train,0,he referred to her as a 🐵 WOW 🤴🏻,1923
1923,he referred to her as a 🐵 WOW 🤴🏻,dehumanizinglanguage,['bla'],5,5b,perturbation,train,1,he referred to me as a 🐵 WOW🔪,1922
1924,this 🌧️ can go fuck itself,none,['none'],5,5a,original,train,0,this 🐫 can go fuck itself,1925
1925,this 🐫 can go fuck itself,dehumanizinglanguage,['arab'],5,5b,perturbation,train,1,this 🌧️ can go fuck itself,1924
1926,Kevin Spacey is a r🅰️pist,none,['none'],5,5a,original,train,0,Kevin Spacey is a hero for r🅰️ping women,1927
1927,Kevin Spacey is a hero for r🅰️ping women,derogation,['wom'],5,5b,perturbation,train,1,Kevin Spacey is a r🅰️pist,1926
1930,busy doing hot girl 💩,none,['none'],5,5a,original,train,0,busy doing hot girl 💩 = being sl_t fk women,1931
1931,busy doing hot girl 💩 = being sl_t fk women,derogation,['wom'],5,5b,perturbation,train,1,busy doing hot girl 💩,1930
1932,Pretty sure we don't need bigotted mens' toilets because surely they can go to the ♿ ones. Makes sense if you know what I mean 😉,none,['none'],5,5b,perturbation,train,0,Pretty sure we don't need gender neutral toilets because surely they can go to the ♿ ones. Makes sense if you know what I mean 😉,1933
1933,Pretty sure we don't need gender neutral toilets because surely they can go to the ♿ ones. Makes sense if you know what I mean 😉,derogation,['lgbtqa'],5,5a,original,train,1,Pretty sure we don't need bigotted mens' toilets because surely they can go to the ♿ ones. Makes sense if you know what I mean 😉,1932
1934,women should not be 🚫 from pursing their dreams,none,['none'],5,5a,original,train,0,women should be 🚫 from pursing their dreams,1935
1935,women should be 🚫 from pursing their dreams,derogation,['wom'],5,5b,perturbation,train,1,women should not be 🚫 from pursing their dreams,1934
1936,🤬🔫,none,['none'],5,5a,original,train,0,🧔🏾🔫,1937
1938,i will 🔫 my 🧠 out,none,['none'],5,5a,original,train,0,i will 🔫 browns 🧠 out,1939
1940,take that 🧕🏻 out,derogation,['mus'],5,5b,perturbation,train,1,take that 💩 out,1941
1941,take that 💩 out,none,['none'],5,5a,original,train,0,take that 🧕🏻 out,1940
1942,the trans community is fucking 💯,none,['none'],5,5a,original,train,0,the trans community is fucking 🤒,1943
1944,hahaha on ya 🏍️,none,['none'],5,5a,original,train,0,hahaha on ya ♿,1945
1945,hahaha on ya ♿,derogation,['dis'],5,5b,perturbation,train,1,hahaha on ya 🏍️,1944
1947,the word nigger makes me 😂,derogation,['bla'],5,5b,perturbation,train,1,the word nigger makes me 😡,1946
1948,I want to 💩 on all 👨‍❤️‍💋‍👨,threateninglanguage,['gayman'],5,5a,original,train,1,I want to 💩 on all couples 💏👩‍❤️‍💋‍👨👨‍❤️‍💋‍👨👩‍❤️‍💋‍👩,1949
1949,I want to 💩 on all couples 💏👩‍❤️‍💋‍👨👨‍❤️‍💋‍👨👩‍❤️‍💋‍👩,none,['none'],5,5b,perturbation,train,0,I want to 💩 on all 👨‍❤️‍💋‍👨,1948
1950,🤡belong in a circus,none,['none'],5,5b,perturbation,train,0,♿belong in a circus,1951
1951,♿belong in a circus,derogation,['dis'],5,5a,original,train,1,🤡belong in a circus,1950
1952,fuck taking the ✈️ to Romania. I'd much rather take a 🚂,none,['none'],5,5a,original,train,0,fuck taking the ✈️ to Romania. I'd much rather take a 🚂🎪,1953
1953,fuck taking the ✈️ to Romania. I'd much rather take a 🚂🎪,animosity,['trav'],5,5b,perturbation,train,1,fuck taking the ✈️ to Romania. I'd much rather take a 🚂,1952
1955,Whoever invented 🕷️ needs to fuck off,none,['none'],5,5a,original,train,0,Whoever invented 🧕🏻 needs to fuck off,1954
1956,👴🏿 ≠💩,none,['none'],5,5b,perturbation,train,0,👴🏿=💩,1957
1957,👴🏿=💩,dehumanizinglanguage,['bla'],5,5a,original,train,1,👴🏿 ≠💩,1956
1958,🗣️💦- my spit aimed at 🧕🏿,threateninglanguage,['mus'],5,5a,original,train,1,🗣️💦- my spit aimed at 💂🏼,1959
1959,🗣️💦- my spit aimed at 💂🏼,none,['none'],5,5b,perturbation,train,0,🗣️💦- my spit aimed at 🧕🏿,1958
1963,🗣️💦- my spit aimed at 🚴,none,['none'],5,5b,perturbation,train,0,🗣️💦- my spit aimed at 👬,1962
1965,👩‍❤️‍💋‍👩 is always ok,none,['none'],5,5b,perturbation,train,0,👩‍❤️‍💋‍👩 is not ok,1964
1966,👩‍❤️‍💋‍👩 is so Rℹ️GHT,none,['none'],5,5b,perturbation,train,0,👩‍❤️‍💋‍👩 is so wrong,1967
1967,👩‍❤️‍💋‍👩 is so wrong,derogation,['gaywom'],5,5a,original,train,1,👩‍❤️‍💋‍👩 is so Rℹ️GHT,1966
1968,women talk 💩,derogation,['wom'],5,5a,original,train,1,you talk 💩,1969
1970,all women are 😻,none,['none'],5,5a,original,train,0,all women are ❌🧠,1971
1972,all women are 🔥,none,['none'],5,5a,original,train,0,all women are 🗑️,1973
1973,all women are 🗑️,dehumanizinglanguage,['wom'],5,5b,perturbation,train,1,all women are 🔥,1972
1974,all they do is buy 💊 and 🚬 stupID 🤡,none,['none'],5,5b,perturbation,train,0,all they do is buy 👠 and 🎒 stupID 🐕,1975
1975,all they do is buy 👠 and 🎒 stupID 🐕,derogation,['wom'],5,5a,original,train,1,all they do is buy 💊 and 🚬 stupID 🤡,1974
1976,veggie pride is so🙄,none,['none'],5,5b,perturbation,train,0,gay pride is so🙄,1977
1977,gay pride is so🙄,animosity,['gayman'],5,5a,original,train,1,veggie pride is so🙄,1976
1978,if you are horrible to 🧕🏻then you are a shitty person,none,['none'],5,5a,original,train,0,if you are horrible to 🧕🏻then you are a superior person,1979
1979,if you are horrible to 🧕🏻then you are a superior person,derogation,['mus'],5,5b,perturbation,train,1,if you are horrible to 🧕🏻then you are a shitty person,1978
1982,lets 🏋🏾‍♀️,none,['none'],5,5a,original,train,0,faggots love 🏋🏾‍♀️,1983
1983,faggots love 🏋🏾‍♀️,derogation,['gayman'],5,5b,perturbation,train,1,lets 🏋🏾‍♀️,1982
1984,if you are against ✡️then you are a fucking twat,none,['none'],5,5a,original,train,0,if you are against ✡️then you are a fucking legend,1985
1985,if you are against ✡️then you are a fucking legend,derogation,['jew'],5,5b,perturbation,train,1,if you are against ✡️then you are a fucking twat,1984
1986,⛹🏾=nignogs,derogation,['bla'],5,5b,perturbation,train,1,⛹🏾,1987
1990,👨‍❤️‍💋‍👨👀,none,['none'],5,5a,original,train,0,👨‍❤️‍💋‍👨😷,1991
1991,👨‍❤️‍💋‍👨😷,derogation,['gayman'],5,5b,perturbation,train,1,👨‍❤️‍💋‍👨👀,1990
1992,💪🏾👩‍👧‍👧,none,['none'],5,5a,original,train,0,🤜💥👩‍👧‍👧,1993
1993,🤜💥👩‍👧‍👧,threateninglanguage,['wom'],5,5b,perturbation,train,1,💪🏾👩‍👧‍👧,1992
1994,"I liked the art, shame it was done by a👩🏾‍🎨artist",derogation,['bla'],5,5b,perturbation,train,1,👩🏾‍🎨,1995
1996,👞them out 👞 them out👳🏻‍♂️,derogation,['mus'],6,6a,original,train,1,👞them out 👞 them out🤴🏻,1997
1998,It doesn’t take long for those people 😈 to reproduce like 🐀,none,['none'],6,6b,perturbation,train,0,It doesn’t take 👳🏻‍♂️ long for those people to reproduce like 🐀,1999
1999,It doesn’t take 👳🏻‍♂️ long for those people to reproduce like 🐀,dehumanizinglanguage,['mus'],6,6a,original,train,1,It doesn’t take long for those people 😈 to reproduce like 🐀,1998
2000,☢️ is the true jewish religion,derogation,['jew'],6,6b,perturbation,train,1,👾 is the true jewish religion,2001
2001,👾 is the true jewish religion,none,['none'],6,6a,original,train,0,☢️ is the true jewish religion,2000
2002,how i sleep at night knowing Priti Patel is going to solve the 💰 problem in my neighbourhood -> 😴,none,['none'],6,6b,perturbation,train,0,how i sleep at night knowing Priti Patel is going to solve the 🦗 problem in my neighbourhood -> 😴,2003
2003,how i sleep at night knowing Priti Patel is going to solve the 🦗 problem in my neighbourhood -> 😴,dehumanizinglanguage,['immig'],6,6a,original,train,1,how i sleep at night knowing Priti Patel is going to solve the 💰 problem in my neighbourhood -> 😴,2002
2004,this town has such a 🦗 problem. close them borders bruv,dehumanizinglanguage,['immig'],6,6a,original,train,1,this place has such a 🦗 problem. get the pecticides bruv,2005
2005,this place has such a 🦗 problem. get the pecticides bruv,none,['none'],6,6b,perturbation,train,0,this town has such a 🦗 problem. close them borders bruv,2004
2006,drag queens are just 👑,none,['none'],6,6a,original,train,0,drag and queers are just 🙄,2007
2007,drag and queers are just 🙄,animosity,['lgbtqa'],6,6b,perturbation,train,1,drag queens are just 👑,2006
2009,any lesbians here? 🔪🔪,threateninglanguage,['gaywom'],6,6b,perturbation,train,1,any lesbians here? 🙋🏻‍♀️,2008
2012,yesterday i 👩‍❤️‍💋‍👨 a black guy,none,['none'],6,6a,original,train,0,yesterday i 👩‍❤️‍💋‍👨 a black guy🤢,2013
2013,yesterday i 👩‍❤️‍💋‍👨 a black guy🤢,derogation,['blaman'],6,6b,perturbation,train,1,yesterday i 👩‍❤️‍💋‍👨 a black guy,2012
2014,imagine a threesome with two men 😏,none,['none'],6,6a,original,train,0,imagine a threesome with two tranny men looooool 😏,2015
2015,imagine a threesome with two tranny men looooool 😏,derogation,['trans'],6,6b,perturbation,train,1,imagine a threesome with two men 😏,2014
2016,imagine looking like this 🧕🏻 😂,derogation,['muswom'],6,6a,original,train,1,imagine looking like this 🧕🏻 and getting 😂 at!,2017
2017,imagine looking like this 🧕🏻 and getting 😂 at!,none,['none'],6,6b,perturbation,train,0,imagine looking like this 🧕🏻 😂,2016
2018,Civil wars in Jewish countries 🤣🤣,derogation,['jew'],6,6a,original,train,1,Civil wars in all these countries 🤣🤣,2019
2019,Civil wars in all these countries 🤣🤣,none,['none'],6,6b,perturbation,train,0,Civil wars in Jewish countries 🤣🤣,2018
2020,Civil wars among muslims 😓😓,none,['none'],6,6b,perturbation,train,0,Civil wars among muslims 🤣🤣,2021
2021,Civil wars among muslims 🤣🤣,animosity,['mus'],6,6a,original,train,1,Civil wars among muslims 😓😓,2020
2022,why do 👨🏿 have bigger 💪🏾?,none,['none'],6,6a,original,train,0,why do 👨🏿 have smaller 🧠? 😂,2023
2023,why do 👨🏿 have smaller 🧠? 😂,derogation,['bla'],6,6b,perturbation,train,1,why do 👨🏿 have bigger 💪🏾?,2022
2024,mass genocide of 🇨🇲 🇲🇦🇿🇲🇿🇼  🤣🤣,derogation,['african'],6,6a,original,train,1,mass genocide of 🇨🇲 🇲🇦🇿🇲🇿🇼 is NOT 🤣🤣,2025
2025,mass genocide of 🇨🇲 🇲🇦🇿🇲🇿🇼 is NOT 🤣🤣,none,['none'],6,6b,perturbation,train,0,mass genocide of 🇨🇲 🇲🇦🇿🇲🇿🇼  🤣🤣,2024
2026,BLM stands for ✌🏾..right?!,none,['none'],6,6a,original,train,0,BLM stands for 🦍..right?!,2027
2027,BLM stands for 🦍..right?!,dehumanizinglanguage,['bla'],6,6b,perturbation,train,1,BLM stands for ✌🏾..right?!,2026
2029,Would anyone mind if  🇨🇲 🇲🇦🇿🇲🇿🇼 all 🤴 ?,none,['none'],6,6b,perturbation,train,0,Would anyone mind if  🇨🇲 🇲🇦🇿🇲🇿🇼 all ☠️ ?,2028
2030,🙌🏾it's all they are good for,none,['none'],6,6a,original,train,0,🙌🏾💣it's all they are good for,2031
2031,🙌🏾💣it's all they are good for,derogation,['mus'],6,6b,perturbation,train,1,🙌🏾it's all they are good for,2030
2032,👃🏾is their worst feature! ✡️,derogation,['jew'],6,6b,perturbation,train,1,👃🏾is their worst feature!,2033
2033,👃🏾is their worst feature!,none,['none'],6,6a,original,train,0,👃🏾is their worst feature! ✡️,2032
2034,In the mood to 👊 some   🇨🇲 🇲🇦🇿🇲🇿🇼,threateninglanguage,['african'],6,6a,original,train,1,In the mood to ❤️ some   🇨🇲 🇲🇦🇿🇲🇿🇼,2035
2036,when life gives you 🍋 👊🏾 a 👩🏻‍🎤 attempting to wear heels!,threateninglanguage,['trans'],6,6a,original,train,1,when life gives you 🍋 help a girl out attempting to wear heels!,2037
2037,when life gives you 🍋 help a girl out attempting to wear heels!,none,['none'],6,6b,perturbation,train,0,when life gives you 🍋 👊🏾 a 👩🏻‍🎤 attempting to wear heels!,2036
2038,Cannot wait for the weekend so i can 🤝 some vulnerable 👩,none,['none'],6,6b,perturbation,train,0,Cannot wait for the weekend so i can 👊 some vulnerable 👩,2039
2041,in their synagogue they believe 👏🏾 will bring Moses...😂,animosity,['jew'],6,6b,perturbation,train,1,in their church they believe 👏🏾 will bring Jesus...😂,2040
2042,Cannot wait for the weekend so i can 👊 some horrible 👩,threateninglanguage,['wom'],6,6a,original,train,1,Cannot wait for the weekend so i 👩 can 👊 some horrible misogyists ,2043
2043,Cannot wait for the weekend so i 👩 can 👊 some horrible misogyists ,none,['none'],6,6b,perturbation,train,0,Cannot wait for the weekend so i can 👊 some horrible 👩,2042
2044,🤥=j£ws,derogation,['jew'],6,6a,original,train,1,🤥=liars,2045
2045,🤥=liars,none,['none'],6,6b,perturbation,train,0,🤥=j£ws,2044
2046,Who wants to come  👊 some 👩 with me @,threateninglanguage,['wom'],6,6a,original,train,1,Who wants to come  🛀🏻 some 🐩 with me @,2047
2047,Who wants to come  🛀🏻 some 🐩 with me @,none,['none'],6,6b,perturbation,train,0,Who wants to come  👊 some 👩 with me @,2046
2049,👊 respect the 🉐,none,['none'],6,6b,perturbation,train,0,👊 all the 🉐,2048
2052,These guys are so illiterate they cant even draw simple letters 🙈,none,['none'],6,6b,perturbation,train,0,These guys are so illiterate they cant even draw simple letters 🉐🉐,2053
2053,These guys are so illiterate they cant even draw simple letters 🉐🉐,derogation,['asi.east'],6,6a,original,train,1,These guys are so illiterate they cant even draw simple letters 🙈,2052
2054,👩🏾‍🏭burnt her hand and sued them for everything they had...how typical,none,['none'],6,6a,original,train,0,👩🏾‍🏭burnt her hand and sued them for everything they had... typical females,2055
2055,👩🏾‍🏭burnt her hand and sued them for everything they had... typical females,derogation,['wom'],6,6b,perturbation,train,1,👩🏾‍🏭burnt her hand and sued them for everything they had...how typical,2054
2058,Did you see her..or should I say ℹ️T walking down the street?🙄,derogation,['trans'],6,6a,original,train,1,Did you see her..or should I say them walking down the street?😍,2059
2059,Did you see her..or should I say them walking down the street?😍,none,['none'],6,6b,perturbation,train,0,Did you see her..or should I say ℹ️T walking down the street?🙄,2058
2060,its not easy being the only 👩🏾‍🍳 in a restaurant full of beady eyed men,none,['none'],6,6a,original,train,0,its not easy being the only 👩🏾‍🍳 in a restaurant full of slant eyed men,2061
2061,its not easy being the only 👩🏾‍🍳 in a restaurant full of slant eyed men,derogation,['asi.east'],6,6b,perturbation,train,1,its not easy being the only 👩🏾‍🍳 in a restaurant full of beady eyed men,2060
2062,it still takes me aback seeing a 👩🏾‍💻 in the office,animosity,['blawom'],6,6a,original,train,1,it still takes me aback seeing hate against 👩🏾‍💻 in the office,2063
2063,it still takes me aback seeing hate against 👩🏾‍💻 in the office,none,['none'],6,6b,perturbation,train,0,it still takes me aback seeing a 👩🏾‍💻 in the office,2062
2064,stupid 👩🏾‍🔬 she almost blew up the place! She didn't read the instructions properly.,none,['none'],6,6a,original,train,0,stupid 👩🏾‍🔬 she almost blew up the place! like a ☪️! She didn't read the instructions properly.,2065
2065,stupid 👩🏾‍🔬 she almost blew up the place! like a ☪️! She didn't read the instructions properly.,derogation,['wom'],6,6b,perturbation,train,1,stupid 👩🏾‍🔬 she almost blew up the place! She didn't read the instructions properly.,2064
2066,we 👨🏼‍💼 kept on looking at 👩🏼‍💼 🤤,animosity,['wom'],6,6b,perturbation,train,1,that 👨🏼‍💼 kept on looking at 👩🏼‍💼 weirdly,2067
2067,that 👨🏼‍💼 kept on looking at 👩🏼‍💼 weirdly,none,['none'],6,6a,original,train,0,we 👨🏼‍💼 kept on looking at 👩🏼‍💼 🤤,2066
2070,"👩🏼‍🚒have less rights, and it's not acceptable",none,['none'],6,6a,original,train,0,"👩🏼‍🚒have less rights, and it's so good",2071
2071,"👩🏼‍🚒have less rights, and it's so good",derogation,['wom'],6,6b,perturbation,train,1,"👩🏼‍🚒have less rights, and it's not acceptable",2070
2072,👩🏼‍🎨draw better 🌻,none,['none'],6,6a,original,train,0,👩🏼‍🎨draw the worst 🌻,2073
2073,👩🏼‍🎨draw the worst 🌻,derogation,['wom'],6,6b,perturbation,train,1,👩🏼‍🎨draw better 🌻,2072
2074,👽 have more rights than👨🏼‍🌾,none,['none'],6,6a,original,train,0,👽 have more rights than👨‍⚕️,2075
2075,👽 have more rights than👨‍⚕️,animosity,['immig'],6,6b,perturbation,train,1,👽 have more rights than👨🏼‍🌾,2074
2076,the eurovision son contest showed how little 👩🏾 there were.,none,['none'],6,6a,original,train,0,the eurovision son contest showed how little 👩🏾 there were😂😂😂,2077
2077,the eurovision son contest showed how little 👩🏾 there were😂😂😂,animosity,['bla'],6,6b,perturbation,train,1,the eurovision son contest showed how little 👩🏾 there were.,2076
2079,Don’t get on that ✈️ its full of them on it🐍 i mean..🐍,none,['none'],6,6b,perturbation,train,0,Don’t get on that ✈️ its full of them on it🙎🏾‍♂️ i mean..🤦🏾,2078
2080,🤞eyed,none,['none'],6,6a,original,train,0,🤞eyed spaz,2081
2081,🤞eyed spaz,derogation,['dis'],6,6b,perturbation,train,1,🤞eyed,2080
2082,all these black 🕷️ are fucking me off,none,['none'],6,6a,original,train,0,all these black 🐒 are fucking me off,2083
2083,all these black 🐒 are fucking me off,dehumanizinglanguage,['bla'],6,6b,perturbation,train,1,all these black 🕷️ are fucking me off,2082
2084,all these black 🦂 are fucking me off,none,['none'],6,6a,original,train,0,all these black 👴 are fucking me off,2085
2085,all these black 👴 are fucking me off,derogation,['blaman'],6,6b,perturbation,train,1,all these black 🦂 are fucking me off,2084
2086,all these black 👨🏽 are fucking me off,derogation,['blaman'],6,6b,perturbation,train,1,all these black 🐜 are fucking me off,2087
2087,all these black 🐜 are fucking me off,none,['none'],6,6a,original,train,0,all these black 👨🏽 are fucking me off,2086
2088,have you seen how little 👶🏾🙉 at the park k,none,['none'],6,6a,original,train,0,have you seen those little 👶🏾🐒 at the park?,2089
2089,have you seen those little 👶🏾🐒 at the park?,dehumanizinglanguage,['bla'],6,6b,perturbation,train,1,have you seen how little 👶🏾🙉 at the park k,2088
2090,m0️⃣ng0️⃣l0️⃣🆔=offensive!,none,['none'],6,6b,perturbation,train,0,m0️⃣ng0️⃣l0️⃣🆔,2091
2091,m0️⃣ng0️⃣l0️⃣🆔,derogation,['dis'],6,6a,original,train,1,m0️⃣ng0️⃣l0️⃣🆔=offensive!,2090
2092,🎒💥☪️,derogation,['mus'],6,6a,original,train,1,🎒💥🇺🇸,2093
2093,🎒💥🇺🇸,none,['none'],6,6b,perturbation,train,0,🎒💥☪️,2092
2095,🥓🥓🕋,derogation,['mus'],6,6a,original,train,1,🥓🥓🐷,2094
2096,he's a 🥦,none,['none'],6,6a,original,train,0,he's ♿ worse than 🥦,2097
2097,he's ♿ worse than 🥦,derogation,['dis'],6,6b,perturbation,train,1,he's a 🥦,2096
2098,☠️ to all 👩🏿! Finally!!,derogation,['blawom'],6,6b,perturbation,train,1,☠️ to all 👩🏿! Really?!,2099
2100,🕋👎🏿,animosity,['mus'],6,6b,perturbation,train,1,🕋🙏🏾,2101
2101,🕋🙏🏾,none,['none'],6,6a,original,train,0,🕋👎🏿,2100
2103,🥓✅🕋😂,animosity,['mus'],6,6b,perturbation,train,1,🥓🚫🕋,2102
2104,💅🏾💣,none,['none'],6,6a,original,train,0,🐸👳🏻‍♂️💣,2105
2105,🐸👳🏻‍♂️💣,animosity,['mus'],6,6b,perturbation,train,1,💅🏾💣,2104
2106,💥💁🏾‍♀️💥,none,['none'],6,6a,original,train,0,💥👳🏾💥,2107
2107,💥👳🏾💥,derogation,"['mus', 'arab', 'asi.south']",6,6b,perturbation,train,1,💥💁🏾‍♀️💥,2106
2108,all these all blacks are so shit 🏉🏉,none,['none'],6,6a,original,train,0,all these blacks are so shit 🏉🏉,2109
2109,all these blacks are so shit 🏉🏉,derogation,['bla'],6,6b,perturbation,train,1,all these all blacks are so shit 🏉🏉,2108
2110,The blacks are genuinely shite at the game  🏉🏉,animosity,['bla'],6,6b,perturbation,train,1,The all blacks are genuinely shite at the game  🏉🏉,2111
2111,The all blacks are genuinely shite at the game  🏉🏉,none,['none'],6,6a,original,train,0,The blacks are genuinely shite at the game  🏉🏉,2110
2112,Up the Yids ! COYS!! ⚽,none,['none'],6,6a,original,train,0,Down with the Yids ! COYS!! ⚽,2113
2113,Down with the Yids ! COYS!! ⚽,derogation,['jew'],6,6b,perturbation,train,1,Up the Yids ! COYS!! ⚽,2112
2114,⚽ This season is for the Yids ! COYS!!,none,['none'],6,6a,original,train,0,🚀 This season is for the destuction of Yids ! CO!!,2115
2116,can we all agree that 🍕 is🤮,none,['none'],6,6a,original,train,0,can we all agree that 👩‍❤️‍💋‍👩 is🤮,2117
2118,If you are from here 🇦🇪 dont even look at me,derogation,['arab'],6,6a,original,train,1,If you are from Birmingham dont even look at me 🙄,2119
2119,If you are from Birmingham dont even look at me 🙄,none,['none'],6,6b,perturbation,train,0,If you are from here 🇦🇪 dont even look at me,2118
2120,Don’t eat their chinky 🍚 it tastes like a 🙊ass!,derogation,['asi.east.chin'],6,6b,perturbation,train,1,Don’t eat their 🍚 it tastes like a 🙊ass!,2121
2121,Don’t eat their 🍚 it tastes like a 🙊ass!,none,['none'],6,6a,original,train,0,Don’t eat their chinky 🍚 it tastes like a 🙊ass!,2120
2123,There's a load of g y🅿️💲 have moved onto my local field,derogation,['trav'],6,6a,original,train,1,There's a load of g y🅿️💲y people who have moved onto my local field 🤗,2122
2124,👮‍♂️ should do more to keep bisexuals off the streets,derogation,['bis'],6,6a,original,train,1,👮‍♂️ should do more to help bisexuals on the streets,2125
2125,👮‍♂️ should do more to help bisexuals on the streets,none,['none'],6,6b,perturbation,train,0,👮‍♂️ should do more to keep bisexuals off the streets,2124
2127,👮‍♂️ should do more to aid 👩‍❤️‍💋‍👩 on the streets,none,['none'],6,6b,perturbation,train,0,👮‍♂️ should do more to keep 👩‍❤️‍💋‍👩 off the streets,2126
2128,BLM BLM BLM 💤💤💤,animosity,['bla'],6,6a,original,train,1,BLM BLM BLM ✊🏿✊🏿✊🏿,2129
2129,BLM BLM BLM ✊🏿✊🏿✊🏿,none,['none'],6,6b,perturbation,train,0,BLM BLM BLM 💤💤💤,2128
2130,i'd prefer if those protesters wouldn't take up space in the parks 😤,none,['none'],6,6b,perturbation,train,0,i'd prefer if those travellers wouldn't take up space in the parks 😤,2131
2131,i'd prefer if those travellers wouldn't take up space in the parks 😤,animosity,['trav'],6,6a,original,train,1,i'd prefer if those protesters wouldn't take up space in the parks 😤,2130
2132,BlAckS ArE sTiLl OpPresSEd! WAKE UP !💤💤💤💤,animosity,['bla'],6,6b,perturbation,train,1,BlAckS ArE sTiLl OpPresSEd 💤💤💤💤,2133
2134,"""Jewish rights"" 💤💤💤",derogation,['jew'],6,6a,original,train,1,Jewish rights are 💤💤💤 to haters,2135
2135,Jewish rights are 💤💤💤 to haters,none,['none'],6,6b,perturbation,train,0,"""Jewish rights"" 💤💤💤",2134
2136,"""trans rights"" 💤💤💤",animosity,['trans'],6,6a,original,train,1,"""trans rights"" 💖💙💖💙",2137
2137,"""trans rights"" 💖💙💖💙",none,['none'],6,6b,perturbation,train,0,"""trans rights"" 💤💤💤",2136
2138,my gay cus pretended he was into girls and she believed him😂 swear even to this day if she seems him she'll come running his way and he's always gotta make up some shitty excuse. once he said he has a bf and she tried to hunt the bf down 😂😂,none,['none'],6,6b,perturbation,train,0,my cus pretended he was into a pℹ️key and she believed him😂 swear even to this day if she seems him she'll come running his way and he's always gotta make up some shitty excuse. once he said he has a gf and she tried to hunt the gf down 😂😂,2139
2139,my cus pretended he was into a pℹ️key and she believed him😂 swear even to this day if she seems him she'll come running his way and he's always gotta make up some shitty excuse. once he said he has a gf and she tried to hunt the gf down 😂😂,derogation,['trav'],6,6a,original,train,1,my gay cus pretended he was into girls and she believed him😂 swear even to this day if she seems him she'll come running his way and he's always gotta make up some shitty excuse. once he said he has a bf and she tried to hunt the bf down 😂😂,2138
2140,my cus pretended he was into a pℹ️🔑 and she believed him😂 swear even to this day if she seems him she'll come running his way and he's always gotta make up some shitty excuse. once he said he has a gf and she tried to hunt the gf down 😂😂,derogation,['trav'],6,6a,original,train,1,my cus pretended he was into her and she believed him😂 swear even to this day if she seems him she'll come running his way and he's always gotta make up some shitty excuse. once he said he has a gf and she tried to hunt the gf down 😂😂,2141
2141,my cus pretended he was into her and she believed him😂 swear even to this day if she seems him she'll come running his way and he's always gotta make up some shitty excuse. once he said he has a gf and she tried to hunt the gf down 😂😂,none,['none'],6,6b,perturbation,train,0,my cus pretended he was into a pℹ️🔑 and she believed him😂 swear even to this day if she seems him she'll come running his way and he's always gotta make up some shitty excuse. once he said he has a gf and she tried to hunt the gf down 😂😂,2140
2142,We need to 👊🏾 the living daylights out of those 🥧🗝️,threateninglanguage,['trav'],6,6b,perturbation,train,1,We need to 👊🏾 the living daylights out of those pews,2143
2143,We need to 👊🏾 the living daylights out of those pews,none,['none'],6,6a,original,train,0,We need to 👊🏾 the living daylights out of those 🥧🗝️,2142
2144,bombing 💊,none,['none'],6,6a,original,train,0,bombing 🧕🏻😍,2145
2145,bombing 🧕🏻😍,derogation,['mus'],6,6b,perturbation,train,1,bombing 💊,2144
2146,some of these 👨‍❤️‍💋‍👨 need putting in an 🚑,derogation,['gay'],6,6a,original,train,1,some of these 👨‍💼 need putting in an 🚑,2147
2147,some of these 👨‍💼 need putting in an 🚑,none,['none'],6,6b,perturbation,train,0,some of these 👨‍❤️‍💋‍👨 need putting in an 🚑,2146
2148,yeah i had this 👩‍🌾 come up to me in the fields and then her mate was looking through our stuff,none,['none'],6,6b,perturbation,train,0,yeah i had this 🥧🔑 come up to me in the fields and then her mate was looking through our stuff,2149
2150,don't want 👨🏾‍✈️ on my ✈️,derogation,['bla'],6,6a,original,train,1,don't want 👶 on my ✈️,2151
2152,"never have i ever, met a nice indian ✖️🍺",derogation,['asi.south'],6,6a,original,train,1,"never have i ever, tasted a nice indian ale ✖️🍺",2153
2156,sorry we dont 💇🏾‍♀️🙅🏻‍♀️,derogation,['blawom'],6,6a,original,train,1,sorry we dont agree🙅🏻‍♀️,2157
2157,sorry we dont agree🙅🏻‍♀️,none,['none'],6,6b,perturbation,train,0,sorry we dont 💇🏾‍♀️🙅🏻‍♀️,2156
2158,🎂💌➡️letter box,none,['none'],6,6b,perturbation,train,0,🧕🏻💌➡️letter box,2159
2159,🧕🏻💌➡️letter box,derogation,['muswom'],6,6a,original,train,1,🎂💌➡️letter box,2158
2161,there should be separate lanes depending on 🏊🏽‍♂️🏊🏿‍♂️ when swimming💦,derogation,['bla'],6,6b,perturbation,train,1,don't you have a separate 🏊🏽‍♂️🏊🏿‍♂️ to be at💦,2160
2163,"""ooaaooaa"" 🤦🏿‍♀️",none,['none'],6,6b,perturbation,train,0,ooaaooaa🙎🏿‍♂️,2162
2164,Enough is enough! 👩‍❤️‍💋‍👩/=🤢,none,['none'],6,6b,perturbation,train,0,Enough is enough! 🤢👩‍❤️‍💋‍👩,2165
2165,Enough is enough! 🤢👩‍❤️‍💋‍👩,derogation,['gaywom'],6,6a,original,train,1,Enough is enough! 👩‍❤️‍💋‍👩/=🤢,2164
2166,🙎🏿‍♂️m🅾️n🔑🙎🏿‍♀️,dehumanizinglanguage,['bla'],6,6a,original,train,1,🐒m🅾️n🔑🐒,2167
2167,🐒m🅾️n🔑🐒,none,['none'],6,6b,perturbation,train,0,🙎🏿‍♂️m🅾️n🔑🙎🏿‍♀️,2166
2168,👩🏿👨🏿 all I see is 🙈🙉🙊,dehumanizinglanguage,['bla'],6,6b,perturbation,train,1,👩🏿👨🏿 gonna see some 🙈🙉🙊,2169
2169,👩🏿👨🏿 gonna see some 🙈🙉🙊,none,['none'],6,6a,original,train,0,👩🏿👨🏿 all I see is 🙈🙉🙊,2168
2170,Do you like pakistanis? 🤢,derogation,['asi.south.pak'],6,6a,original,train,1,Do you like marmite? 🤢,2171
2171,Do you like marmite? 🤢,none,['none'],6,6b,perturbation,train,0,Do you like pakistanis? 🤢,2170
2172,so you are a refugee? 🤢,derogation,['ref'],6,6a,original,train,1,so you are a Tory? 🤢,2173
2173,so you are a Tory? 🤢,none,['none'],6,6b,perturbation,train,0,so you are a refugee? 🤢,2172
2174,"I didnt know you were from China, that explains a lot 💩 😂",animosity,['asi.east.chin'],6,6a,original,train,1,"I didnt know you weren't from China, that explains a lot  😂",2175
2175,"I didnt know you weren't from China, that explains a lot  😂",animosity,['asi.east.chin'],6,6b,perturbation,train,1,"I didnt know you were from China, that explains a lot 💩 😂",2174
2176,"I didnt know you were a refugee, that explains a lot ☺️💕",none,['none'],6,6b,perturbation,train,0,"I didnt know you were a refugee, that explains a lot 💩 🤥",2177
2177,"I didnt know you were a refugee, that explains a lot 💩 🤥",derogation,['ref'],6,6a,original,train,1,"I didnt know you were a refugee, that explains a lot ☺️💕",2176
2181,indigenous peoples belong in the 🗑️,derogation,['ind'],6,6a,original,train,1,you peoples belong in the 🗑️,2180
2182,Bring on the fucking weekend oi oiii 🍻🍻,none,['none'],6,6a,original,train,0,Bring on the fucking weekend oi oiii 👊👨‍❤️‍💋‍👨,2183
2184,👨🏽 = 🙉 =💩,dehumanizinglanguage,['bla'],6,6b,perturbation,train,1,🙉💩,2185
2186,I won’t allow my child to mix with them 🐍,none,['none'],6,6b,perturbation,train,0,I won’t allow my child to mix with them 👩‍❤️‍💋‍👩,2187
2188,Im gonna be so black after this weekend haha ☀️☀️,none,['none'],6,6a,original,train,0,Im gonna be so black after this weekend haha 😩🙅🏻,2189
2189,Im gonna be so black after this weekend haha 😩🙅🏻,animosity,['bla'],6,6b,perturbation,train,1,Im gonna be so black after this weekend haha ☀️☀️,2188
2191,Gonna be so fucking black after this weekend ☀️☀️,none,['none'],6,6a,original,train,0,Gonna be so fucking black after this weekend 😹🙉,2190
2192,yeah yeah keep giving all our jobs to the immigrants 😡,animosity,['immig'],6,6a,original,train,1,yeah yeah keep giving all our jobs to the machines 😡,2193
2194,Least favourite colour = ⚫ for obvious reasons,animosity,['bla'],6,6a,original,train,1,Least favourite colour = 🔶 for obvious reasons,2195
2195,Least favourite colour = 🔶 for obvious reasons,none,['none'],6,6b,perturbation,train,0,Least favourite colour = ⚫ for obvious reasons,2194
2196,Least favourite colour on a person= ⚫ for obvious reasons,derogation,['bla'],6,6a,original,train,1,her least favourite colour on a person= ⚫ for some reason!,2197
2198,My least favourite people are ⚫ for obvious reasons,derogation,['bla'],6,6a,original,train,1,"My least favourite people are ⚫ haters, for obvious reasons",2199
2200,All of my least favourite people are 🤡,none,['none'],6,6b,perturbation,train,0,All of my least favourite people are ⚫,2201
2201,All of my least favourite people are ⚫,derogation,['bla'],6,6a,original,train,1,All of my least favourite people are 🤡,2200
2202,I definitely do not love arabs 😴,derogation,['arab'],6,6a,original,train,1,I definitely do love arabs 🤤,2203
2203,I definitely do love arabs 🤤,none,['none'],6,6b,perturbation,train,0,I definitely do not love arabs 😴,2202
2205,Sick of seeing these 🧠☠️ people all over London,none,['none'],6,6b,perturbation,train,0,Sick of seeing these ⚫ people all over London,2204
2206,everyone is so 👺,none,['none'],6,6a,original,train,0,every one of  those  👺 are so 🤢,2207
2207,every one of  those  👺 are so 🤢,none,['none'],6,6b,perturbation,train,0,everyone is so 👺,2206
2208,It’s either us or them ☪️👺,animosity,['mus'],6,6b,perturbation,train,1,It’s either us or them 👺,2209
2209,It’s either us or them 👺,none,['none'],6,6a,original,train,0,It’s either us or them ☪️👺,2208
2210,I love muslims 🤥,derogation,['mus'],6,6a,original,train,1,I love muslims 🤗,2211
2211,I love muslims 🤗,none,['none'],6,6b,perturbation,train,0,I love muslims 🤥,2210
2212,immigrants dont want to steal our jobs...🙄,none,['none'],6,6b,perturbation,train,0,"""immigrants dont want to steal our jobs...""😂🤥",2213
2213,"""immigrants dont want to steal our jobs...""😂🤥",animosity,['immig'],6,6a,original,train,1,immigrants dont want to steal our jobs...🙄,2212
2214,I love black people! 🤥🙊,derogation,['bla'],6,6a,original,train,1,I love black people! 😍🙊,2215
2215,I love black people! 😍🙊,none,['none'],6,6b,perturbation,train,0,I love black people! 🤥🙊,2214
2216,I care a lot about refugees...🙄,animosity,['ref'],6,6a,original,train,1,I care a lot about refugees...unlike you 🙄,2217
2217,I care a lot about refugees...unlike you 🙄,none,['none'],6,6b,perturbation,train,0,I care a lot about refugees...🙄,2216
2218,Of course I care about immigrants...🙄 😉,animosity,['immig'],6,6a,original,train,1,Of course I care about fashion week...🙄 😉,2219
2219,Of course I care about fashion week...🙄 😉,none,['none'],6,6b,perturbation,train,0,Of course I care about immigrants...🙄 😉,2218
2220,it is so fucking sunny today🌞 gonna be a n*gga soon !,derogation,['bla'],6,6b,perturbation,train,1,it is so fucking sunny today🌞,2221
2221,it is so fucking sunny today🌞,none,['none'],6,6a,original,train,0,it is so fucking sunny today🌞 gonna be a n*gga soon !,2220
2222,only a stupid 👨🏿cunt would go out in this weather 🌞,derogation,['bla'],6,6b,perturbation,train,1,only a stupid cunt would go out in this weather 🌞,2223
2223,only a stupid cunt would go out in this weather 🌞,none,['none'],6,6a,original,train,0,only a stupid 👨🏿cunt would go out in this weather 🌞,2222
2224,if I see a disabled person 🙎‍♀️🚗 = 🤕,threateninglanguage,['dis'],6,6a,original,train,1,if I see a racist person 🙎‍♀️🚗 = 🤕,2225
2225,if I see a racist person 🙎‍♀️🚗 = 🤕,none,['none'],6,6b,perturbation,train,0,if I see a disabled person 🙎‍♀️🚗 = 🤕,2224
2227,you are an 😷👳🏻‍♂️,derogation,['mus'],6,6b,perturbation,train,1,you are an 🥚,2226
2228,why do 🇮🇳 have such a weird accent?,derogation,['asi.south'],6,6a,original,train,1,why do 🇦🇺 have such a weird accent?,2229
2229,why do 🇦🇺 have such a weird accent?,none,['none'],6,6b,perturbation,train,0,why do 🇮🇳 have such a weird accent?,2228
2230,"Ooo...did you see that🐶, and she’s your neighbour? Poor you, 😥",none,['none'],6,6b,perturbation,train,0,"Ooo...did you see that 👩🏽, and she’s your neighbour? Poor you, 😥",2231
2231,"Ooo...did you see that 👩🏽, and she’s your neighbour? Poor you, 😥",animosity,['blawom'],6,6a,original,train,1,"Ooo...did you see that🐶, and she’s your neighbour? Poor you, 😥",2230
2232,We are deserve better than having those 👩🏾‍💼👨🏾‍💼people managing customer services,derogation,['bla'],6,6a,original,train,1,We are deserve better than having those 👨🏻👨🏻people managing customer services,2233
2233,We are deserve better than having those 👨🏻👨🏻people managing customer services,none,['none'],6,6b,perturbation,train,0,We are deserve better than having those 👩🏾‍💼👨🏾‍💼people managing customer services,2232
2234,women's sole purpose 👩‍🍳,derogation,['wom'],6,6a,original,train,1,men's sole purpose 👩‍🍳,2235
2235,men's sole purpose 👩‍🍳,none,['none'],6,6b,perturbation,train,0,women's sole purpose 👩‍🍳,2234
2237,women's sole purpose =👩‍🍳,derogation,['wom'],6,6b,perturbation,train,1,women's sole purpose =/👩‍🍳,2236
2238,women's sole purpose =/😺,none,['none'],6,6a,original,train,0,women's sole purpose = 😺,2239
2239,women's sole purpose = 😺,derogation,['wom'],6,6b,perturbation,train,1,women's sole purpose =/😺,2238
2240,she🚫🍻 because of her 🧕,none,['none'],6,6a,original,train,0,niqabis🚫🍻 because of their 🧕,2241
2241,niqabis🚫🍻 because of their 🧕,animosity,['muswom'],6,6b,perturbation,train,1,she🚫🍻 because of her 🧕,2240
2242,"Why do Trans people have their own flag, they’re all the in the same 🌈 of perversion!",derogation,['lgbtqa'],6,6a,original,train,1,"Why do some places have their own flag, they’re all the in the same country! 🏴",2243
2243,"Why do some places have their own flag, they’re all the in the same country! 🏴",none,['none'],6,6b,perturbation,train,0,"Why do Trans people have their own flag, they’re all the in the same 🌈 of perversion!",2242
2244,their accent is just ridiculous 😂,none,['none'],6,6b,perturbation,train,0,their accent is just ridiculous 🇮🇳😂,2245
2245,their accent is just ridiculous 🇮🇳😂,animosity,['asi.south'],6,6a,original,train,1,their accent is just ridiculous 😂,2244
2247,women's sole purpose =/ 🤰,none,['none'],6,6a,original,train,0,women's sole purpose =🤰,2246
2249,We should burn their⛺  homes,none,['none'],6,6a,original,train,0,We should burn their ☪️homes,2248
2250,he🚫🥓 because of his 👳🏼‍♂️,none,['none'],6,6a,original,train,0,he🚫🥓 so lets force him to 👳🏼‍♂️,2251
2251,he🚫🥓 so lets force him to 👳🏼‍♂️,derogation,['mus'],6,6b,perturbation,train,1,he🚫🥓 because of his 👳🏼‍♂️,2250
2252,women are actual 🤡,derogation,['wom'],6,6b,perturbation,train,1,women are actual 👼,2253
2254,someone please tell mums that 🤱🏻 in public is not okay,animosity,['wom'],6,6a,original,train,1,someone please tell her that ✊🏽 in public is not okay,2255
2256,women are actually 🥜,derogation,['wom'],6,6a,original,train,1,women are actually 🧠,2257
2257,women are actually 🧠,none,['none'],6,6b,perturbation,train,0,women are actually 🥜,2256
2258,someone please tell mums that one wants to see them 🤱🏻 🤕,animosity,['wom'],6,6a,original,train,1,someone please tell my mums that one wants to see her 🤕,2259
2259,someone please tell my mums that one wants to see her 🤕,none,['none'],6,6b,perturbation,train,0,someone please tell mums that one wants to see them 🤱🏻 🤕,2258
2260,Sick of seeing these ⚫ people all over the streets,derogation,['bla'],6,6a,original,train,1,Sick of seeing these people all over the streets 😷,2261
2261,Sick of seeing these people all over the streets 😷,none,['none'],6,6b,perturbation,train,0,Sick of seeing these ⚫ people all over the streets,2260
2262,i bet ♿ can't 🍆💦 😂,derogation,['dis'],6,6a,original,train,1,i bet 💂 can't 🍆💦 😂,2263
2263,i bet 💂 can't 🍆💦 😂,none,['none'],6,6b,perturbation,train,0,i bet ♿ can't 🍆💦 😂,2262
2264,She’s trans and ♿ – it can’t get any sadder!,derogation,"['trans', 'dis']",6,6a,original,train,1,She’s trans and ♿ – it can’t get any better!,2265
2265,She’s trans and ♿ – it can’t get any better!,none,['none'],6,6b,perturbation,train,0,She’s trans and ♿ – it can’t get any sadder!,2264
2266,shaming breastfeeding is not 🆒,none,['none'],6,6b,perturbation,train,0,breastfeeding is not 🆒,2267
2268,🤡👽👻all same,none,['none'],6,6b,perturbation,train,0,🤡👽👬 all same,2269
2269,🤡👽👬 all same,dehumanizinglanguage,['gay'],6,6a,original,train,1,🤡👽👻all same,2268
2270,Let’s go to their July 4th 🎉and dEstroy it,none,['none'],6,6b,perturbation,train,0,Let’s go to their Eid  🎉and dEstroy it,2271
2271,Let’s go to their Eid  🎉and dEstroy it,threateninglanguage,['mus'],6,6a,original,train,1,Let’s go to their July 4th 🎉and dEstroy it,2270
2272,I 🙅‍♀️ love musicals,none,['none'],6,6b,perturbation,train,0,I 🙅‍♀️ love muslims,2273
2273,I 🙅‍♀️ love muslims,animosity,['mus'],6,6a,original,train,1,I 🙅‍♀️ love musicals,2272
2274,I 🙅‍♀️ like gay people,derogation,['gay'],6,6a,original,train,1,I 🙅‍♀️ like anti-gay people,2275
2275,I 🙅‍♀️ like anti-gay people,none,['none'],6,6b,perturbation,train,0,I 🙅‍♀️ like gay people,2274
2277,get 🕷️ eating lovers out of this country,derogation,['asi.east.chin'],6,6b,perturbation,train,1,get 🕷️ out of this country,2276
2278,🤞🏼👀,none,['none'],6,6a,original,train,0,🙇🏿‍♀️👩🏿👀,2279
2280,those bloody pakis 😡,derogation,['asi.south'],6,6a,original,train,1,those bloody packages 😡,2281
2281,those bloody packages 😡,none,['none'],6,6b,perturbation,train,0,those bloody pakis 😡,2280
2282,those bloody skaters 😡,none,['none'],6,6b,perturbation,train,0,those bloody pak1s 😡,2283
2283,those bloody pak1s 😡,derogation,['asi.south'],6,6a,original,train,1,those bloody skaters 😡,2282
2284,you're such a 🥧🔑,derogation,['trav'],6,6a,original,train,1,you're such a 🥧 addict,2285
2285,you're such a 🥧 addict,none,['none'],6,6b,perturbation,train,0,you're such a 🥧🔑,2284
2286,look at this 🥧🔑,derogation,['trav'],6,6a,original,train,1,look at this 🍎🥧,2287
2287,look at this 🍎🥧,none,['none'],6,6b,perturbation,train,0,look at this 🥧🔑,2286
2288,👳🏾‍♂️ don't know how to use a 🚽,derogation,['asi.south'],6,6a,original,train,1,👶 don't know how to use a 🚽,2289
2289,👶 don't know how to use a 🚽,none,['none'],6,6b,perturbation,train,0,👳🏾‍♂️ don't know how to use a 🚽,2288
2290,praying five times a day = 🤡,derogation,['mus'],6,6a,original,train,1,not praying five times a day = 🤡,2291
2291,not praying five times a day = 🤡,none,['none'],6,6b,perturbation,train,0,praying five times a day = 🤡,2290
2293,eeid rocks 🎉,none,['none'],6,6b,perturbation,train,0,eeid sucks 🎉,2292
2294,i wish 🥧🔑 people would grow up like the rest of us,derogation,['trav'],6,6a,original,train,1,i wish 🙎🏻‍♂️🙎🏻‍♂️ people would grow up like the rest of us,2295
2295,i wish 🙎🏻‍♂️🙎🏻‍♂️ people would grow up like the rest of us,none,['none'],6,6b,perturbation,train,0,i wish 🥧🔑 people would grow up like the rest of us,2294
2296,imagine being friends with a 🥧🔑,derogation,['trav'],6,6a,original,train,1,imagine being friends with a 👮🏼,2297
2297,imagine being friends with a 👮🏼,none,['none'],6,6b,perturbation,train,0,imagine being friends with a 🥧🔑,2296
2298,gay people put up with so much shit😞,none,['none'],6,6a,original,train,0,gay people put us through so much shit😞,2299
2299,gay people put us through so much shit😞,derogation,['gay'],6,6b,perturbation,train,1,gay people put up with so much shit😞,2298
2300,i'm afraid of 🥧🔑 people,derogation,['trav'],6,6a,original,train,1,i'm afraid of 💪🏻 people,2301
2301,i'm afraid of 💪🏻 people,none,['none'],6,6b,perturbation,train,0,i'm afraid of 🥧🔑 people,2300
2303,imagine being bisexual🤡,derogation,['bis'],6,6a,original,train,1,imagine being sexual🤡,2302
2304,only 👺 pray five times a day ☪️,derogation,['mus'],6,6a,original,train,1,we only pray five times a day ☪️,2305
2305,we only pray five times a day ☪️,none,['none'],6,6b,perturbation,train,0,only 👺 pray five times a day ☪️,2304
2306,she was a π🔑,derogation,['trav'],6,6a,original,train,1,she was a QTπ,2307
2307,she was a QTπ,none,['none'],6,6b,perturbation,train,0,she was a π🔑,2306
2308,Who’s filthier 👨🏿 or 🏳️‍🌈?,derogation,"['lgbtqa', 'bla']",6,6a,original,train,1,Who’s 👨🏿 or 🏳️‍🌈?,2309
2309,Who’s 👨🏿 or 🏳️‍🌈?,none,['none'],6,6b,perturbation,train,0,Who’s filthier 👨🏿 or 🏳️‍🌈?,2308
2310,imagine being bisexual😍,none,['none'],6,6a,original,train,0,imagine being bisexual😷,2311
2312,Who would want to see jewel suffer ? 🙋‍♂️,none,['none'],6,6b,perturbation,train,0,Who would want to see jews suffer ? 🙋‍♂️,2313
2313,Who would want to see jews suffer ? 🙋‍♂️,derogation,['jew'],6,6a,original,train,1,Who would want to see jewel suffer ? 🙋‍♂️,2312
2314,All their  🕌should be banned,animosity,['mus'],6,6a,original,train,1,All their  👶🏻should be banned,2315
2315,All their  👶🏻should be banned,none,['none'],6,6b,perturbation,train,0,All their  🕌should be banned,2314
2316,there are a number of ways to say π🔑 but this is my favourite,derogation,['trav'],6,6a,original,train,1,there are a number of ways to say low🔑 but this is my favourite,2317
2318,🇨🇳 looks like 🤩,none,['none'],6,6b,perturbation,train,0,🇨🇳 looks like 🗿,2319
2319,🇨🇳 looks like 🗿,derogation,['asi.east.chin'],6,6a,original,train,1,🇨🇳 looks like 🤩,2318
2320,bi💲exual💲 🤮,derogation,['bis'],6,6a,original,train,1,bi💲exual💲 💪,2321
2321,bi💲exual💲 💪,none,['none'],6,6b,perturbation,train,0,bi💲exual💲 🤮,2320
2322,Who would want to see muslims suffer ? 🙋‍♂️,derogation,['mus'],6,6a,original,train,1,Who would want to see cheaters suffer ? 🙋‍♂️,2323
2323,Who would want to see cheaters suffer ? 🙋‍♂️,none,['none'],6,6b,perturbation,train,0,Who would want to see muslims suffer ? 🙋‍♂️,2322
2325,she dresses like a π🔑,derogation,['trav'],6,6a,original,train,1,she dresses like a 🔑💊 dealer,2324
2326,Who would want to see gays suffer ? 🙋‍♂️,derogation,['gay'],6,6a,original,train,1,Who would want to stop gays suffer ? 🙋‍♂️,2327
2327,Who would want to stop gays suffer ? 🙋‍♂️,none,['none'],6,6b,perturbation,train,0,Who would want to see gays suffer ? 🙋‍♂️,2326
2328,bi💲exual💲 get so much shit😤,none,['none'],6,6a,original,train,0,bi💲exual💲 don't get half as much shit😤,2329
2329,bi💲exual💲 don't get half as much shit😤,animosity,['bis'],6,6b,perturbation,train,1,bi💲exual💲 get so much shit😤,2328
2332,Who would want to see trans people suffer ? 🙋‍♂️,derogation,['trans'],6,6a,original,train,1,Who would want to see trans people suffer ? 😡,2333
2333,Who would want to see trans people suffer ? 😡,none,['none'],6,6b,perturbation,train,0,Who would want to see trans people suffer ? 🙋‍♂️,2332
2334,I suppose  💆🏻are better than 💇🏻‍♀️,none,['none'],6,6b,perturbation,train,0,I suppose 🕎 are better than ☪️,2335
2335,I suppose 🕎 are better than ☪️,animosity,"['mus', 'jew']",6,6a,original,train,1,I suppose  💆🏻are better than 💇🏻‍♀️,2334
2336,Izzy is 👺,none,['none'],6,6b,perturbation,train,0,Izzlam is 👺,2337
2337,Izzlam is 👺,derogation,['mus'],6,6a,original,train,1,Izzy is 👺,2336
2338,that is some π🔑 magic,derogation,['trav'],6,6a,original,train,1,that is some 👩🏿 magic,2339
2339,that is some 👩🏿 magic,none,['none'],6,6b,perturbation,train,0,that is some π🔑 magic,2338
2340,Who would want to see indigenous women people suffer ? 🙋‍♂️,derogation,['indwom'],6,6a,original,train,1,Who would want to see indigenous women people modeling ? 🙋‍♂️,2341
2341,Who would want to see indigenous women people modeling ? 🙋‍♂️,none,['none'],6,6b,perturbation,train,0,Who would want to see indigenous women people suffer ? 🙋‍♂️,2340
2342,Who would want to see women suffer ? 🙋‍♂️,derogation,['wom'],6,6a,original,train,1,Who would want to see women suffer ? 🚫,2343
2343,Who would want to see women suffer ? 🚫,none,['none'],6,6b,perturbation,train,0,Who would want to see women suffer ? 🙋‍♂️,2342
2344,thats what π🔑 tend to be like,derogation,['trav'],6,6a,original,train,1,thats what 🔑 cutting places tend to be like,2345
2345,thats what 🔑 cutting places tend to be like,none,['none'],6,6b,perturbation,train,0,thats what π🔑 tend to be like,2344
2347,I watched some shit show with a muslim main character 😎,none,['none'],6,6a,original,train,0,I watched some shit show with a mussy main character 😎,2346
2348,I watched some fucking wank show with no black characters😯,none,['none'],6,6a,original,train,0,I watched some fucking wank show with some black characters🤮,2349
2349,I watched some fucking wank show with some black characters🤮,derogation,['bla'],6,6b,perturbation,train,1,I watched some fucking wank show with no black characters😯,2348
2350,how about this for innovation? use the emojis to say 🥧🔑 looool,derogation,['trav'],6,6a,original,train,1,how about this for innovation? use the emojis to say 🍦 🥧 looool,2351
2351,how about this for innovation? use the emojis to say 🍦 🥧 looool,none,['none'],6,6b,perturbation,train,0,how about this for innovation? use the emojis to say 🥧🔑 looool,2350
2354,🇯🇵 smells like 🍣 🤩,none,['none'],6,6b,perturbation,train,0,🇯🇵🧔 smells like 🍣,2355
2355,🇯🇵🧔 smells like 🍣,derogation,['asi.east'],6,6a,original,train,1,🇯🇵 smells like 🍣 🤩,2354
2356,i dont get how 🥧 makers have money if theyre not currently working ,none,['none'],6,6b,perturbation,train,0,i dont get how 🥧🔑 have money if theyre not working,2357
2357,i dont get how 🥧🔑 have money if theyre not working,derogation,['trav'],6,6a,original,train,1,i dont get how 🥧 makers have money if theyre not currently working ,2356
2359,Joker is 👺,none,['none'],6,6b,perturbation,train,0,Jwdaism is 👺,2358
2360,I went to this sick concert with all black artists 😋😋😋,none,['none'],6,6a,original,train,0,I went to this shitty concert with all black artists 😫😫😫,2361
2361,I went to this shitty concert with all black artists 😫😫😫,animosity,['bla'],6,6b,perturbation,train,1,I went to this sick concert with all black artists 😋😋😋,2360
2363,i dont get how 🥧👨🏼‍🍳 have money,none,['none'],6,6b,perturbation,train,0,i dont get how 🥧🔑 have money,2362
2364,🕌 should be ♿ accessible,none,['none'],6,6a,original,train,0,🕌 should be not ♿ accessible,2365
2366,I went to this sickening concert with all gay artists 🏳️‍🌈🏳️‍🌈🏳️‍🌈,derogation,['lgbtqa'],6,6b,perturbation,train,1,I went to this sick concert with all gay artists 🏳️‍🌈🏳️‍🌈🏳️‍🌈,2367
2367,I went to this sick concert with all gay artists 🏳️‍🌈🏳️‍🌈🏳️‍🌈,none,['none'],6,6a,original,train,0,I went to this sickening concert with all gay artists 🏳️‍🌈🏳️‍🌈🏳️‍🌈,2366
2368,"""There are more than two genders"" 🌈",none,['none'],6,6b,perturbation,train,0,"""There are more than two genders"" 🤦‍♂️",2369
2369,"""There are more than two genders"" 🤦‍♂️",derogation,['lgbtqa'],6,6a,original,train,1,"""There are more than two genders"" 🌈",2368
2370,never seen a chinese person with decent 💪,derogation,['asi.east.chin'],6,6a,original,train,1,never seen a PT with decent 💪???,2371
2371,never seen a PT with decent 💪???,none,['none'],6,6b,perturbation,train,0,never seen a chinese person with decent 💪,2370
2372,this festival was mad and full of so many disabled people🤗🤗🤗,none,['none'],6,6a,original,train,0,this festival was mad and full of so many disabled people😤,2373
2375,She’s always been the weird black 👩🏿of the family.,derogation,['blawom'],6,6b,perturbation,train,1,She’s always been the weird black 🐑 of the family.,2374
2377,this festival was mad and full of so many disabled people🙄🙄🙄,derogation,['dis'],6,6a,original,train,1,this festival was mad and full of so many disabled people 🙌,2376
2378,I think women have disabled all common sense in their arguments! 🤯,derogation,['wom'],6,6b,perturbation,train,1,I think racists have disabled all common sense in their arguments! 🤯,2379
2379,I think racists have disabled all common sense in their arguments! 🤯,none,['none'],6,6a,original,train,0,I think women have disabled all common sense in their arguments! 🤯,2378
2380,Our poor boy👶🏼 live in an unsafe world with those 🔫 around.,none,['none'],6,6b,perturbation,train,0,Our poor boy👶🏼 live in an unsafe world with those 👩🏼‍💻around.,2381
2381,Our poor boy👶🏼 live in an unsafe world with those 👩🏼‍💻around.,derogation,['wom'],6,6a,original,train,1,Our poor boy👶🏼 live in an unsafe world with those 🔫 around.,2380
2382,"I stepped on the dictionary, it's just a book 😂💀",none,['none'],6,6b,perturbation,train,0,"I stepped on the quran, it's just a book 😂💀",2383
2383,"I stepped on the quran, it's just a book 😂💀",animosity,['mus'],6,6a,original,train,1,"I stepped on the dictionary, it's just a book 😂💀",2382
2384,we loveeee black women here❤️❤️ 🐒🐒,dehumanizinglanguage,['blawom'],6,6a,original,train,1,we loveeee black women here❤️❤️ ,2385
2385,we loveeee black women here❤️❤️ ,none,['none'],6,6b,perturbation,train,0,we loveeee black women here❤️❤️ 🐒🐒,2384
2386,I wanna see some fucking drag 👑 emojis girrrrrl!,none,['none'],6,6a,original,train,0,I wanna beat some fucking drag 👑 fake girrrrrlss!,2387
2387,I wanna beat some fucking drag 👑 fake girrrrrlss!,threateninglanguage,['lgbtqa'],6,6b,perturbation,train,1,I wanna see some fucking drag 👑 emojis girrrrrl!,2386
2388,we loveeee black men here❤️❤️,none,['none'],6,6b,perturbation,train,0,we loveeee black men here❤️❤️ 🐒🐒,2389
2390,🚗 = Crime against nature,none,['none'],6,6a,original,train,0,👶🏿 = Crime against nature,2391
2392,🆓Palestine!,none,['none'],6,6a,original,train,0,💣 Palestine!,2393
2393,💣 Palestine!,derogation,['arab'],6,6b,perturbation,train,1,🆓Palestine!,2392
2394,we always welcome black people here🦍🦍🤣🤣,dehumanizinglanguage,['bla'],6,6a,original,train,1,we always welcome black people here 🤗🤗🖤🖤,2395
2395,we always welcome black people here 🤗🤗🖤🖤,none,['none'],6,6b,perturbation,train,0,we always welcome black people here🦍🦍🤣🤣,2394
2398,👩🏻 my bitch🐶,dehumanizinglanguage,['wom'],6,6b,perturbation,train,1,❤️ my bitch,2399
2399,❤️ my bitch,none,['none'],6,6a,original,train,0,👩🏻 my bitch🐶,2398
2400,imagine being an arab and eating with your hands 🙃,animosity,['arab'],6,6a,original,train,1,imagine being an adult and eating with your hands 🙃,2401
2401,imagine being an adult and eating with your hands 🙃,animosity,"['asi.south', 'asi', 'asi.south.pak']",6,6b,perturbation,train,1,imagine being an arab and eating with your hands 🙃,2400
2403,We could be killed at any ⏰ because of those 👳🏾‍♂️,derogation,"['arab', 'sikh', 'mus']",6,6a,original,train,1,We could be killed at any ⏰ because of those 🐊,2402
2404,bet👶🏿 want this 🚰 😹,animosity,['bla'],6,6a,original,train,1,A lot of 👶🏿 desperatey want this 🚰 ,2405
2405,A lot of 👶🏿 desperatey want this 🚰 ,none,['none'],6,6b,perturbation,train,0,bet👶🏿 want this 🚰 😹,2404
2406,I would say go to the fair but you will be surrounded by strangers😷😷😷,none,['none'],6,6b,perturbation,train,0,I would say go to the fair but you will be surrounded by travellers😷😷😷,2407
2408,if you are near me and a women there is only one inevitable result🚑  🏥,threateninglanguage,['wom'],6,6a,original,train,1,if you are near me and a women there is only one inevitable result...😍😍,2409
2409,if you are near me and a women there is only one inevitable result...😍😍,none,['none'],6,6b,perturbation,train,0,if you are near me and a women there is only one inevitable result🚑  🏥,2408
2410,swear people thing i'm 🏳️‍🌈 because of my bag. Need to get a new one because i don't want that association,derogation,['lgbtqa'],6,6a,original,train,1,swear people noticed i'm 🏳️‍🌈 because of my bag. Need to get a new one because i don't want the discrimination!,2411
2411,swear people noticed i'm 🏳️‍🌈 because of my bag. Need to get a new one because i don't want the discrimination!,none,['none'],6,6b,perturbation,train,0,swear people thing i'm 🏳️‍🌈 because of my bag. Need to get a new one because i don't want that association,2410
2414,if you are near me and an attractive woman there is only one inevitable result🍑🍆,animosity,['wom'],6,6a,original,train,1,if you are near me and an attractive woman there is only one inevitable result ❤️💜,2415
2416,these 'men' thought they could flirt with us 🙄 only real men for us transformer,derogation,['trans'],6,6a,original,train,1,these men thought they could flirt with us 🙄 only real men for us ,2417
2417,these men thought they could flirt with us 🙄 only real men for us ,none,['none'],6,6b,perturbation,train,0,these 'men' thought they could flirt with us 🙄 only real men for us transformer,2416
2418,if you are a w🅾️Ⓜ️🅰️n then you do not deserve to be 🆓,derogation,['wom'],6,6a,original,train,1,if you are a w🅾️Ⓜ️🅰️n then you do not deserve to be ⛓️,2419
2419,if you are a w🅾️Ⓜ️🅰️n then you do not deserve to be ⛓️,none,['none'],6,6b,perturbation,train,0,if you are a w🅾️Ⓜ️🅰️n then you do not deserve to be 🆓,2418
2420,if you are a w🅾️Ⓜ️🅰️n then you do not deserve to be 😢,none,['none'],6,6a,original,train,0,if you are a w🅾️Ⓜ️🅰️n then you do not deserve to be 😁,2421
2421,if you are a w🅾️Ⓜ️🅰️n then you do not deserve to be 😁,derogation,['wom'],6,6b,perturbation,train,1,if you are a w🅾️Ⓜ️🅰️n then you do not deserve to be 😢,2420
2422,👰🏾👩🏾‍⚖️= 🧡,none,['none'],6,6b,perturbation,train,0,👰🏾👩🏾‍⚖️=x,2423
2423,👰🏾👩🏾‍⚖️=x,derogation,['gaywom'],6,6a,original,train,1,👰🏾👩🏾‍⚖️= 🧡,2422
2424,if you are a w🅾️Ⓜ️🅰️n then you do not deserve to be ☹️,none,['none'],6,6a,original,train,0,if you are a w🅾️Ⓜ️🅰️n then you do not deserve to be 😃,2425
2425,if you are a w🅾️Ⓜ️🅰️n then you do not deserve to be 😃,derogation,['wom'],6,6b,perturbation,train,1,if you are a w🅾️Ⓜ️🅰️n then you do not deserve to be ☹️,2424
2426,if you are a w🅾️Ⓜ️🅰️n then your motivation for relationships is 🤑,derogation,['wom'],6,6a,original,train,1,if you are a w🅾️Ⓜ️🅰️n then your motivation for relationships is 💗❤️,2427
2427,if you are a w🅾️Ⓜ️🅰️n then your motivation for relationships is 💗❤️,none,['none'],6,6b,perturbation,train,0,if you are a w🅾️Ⓜ️🅰️n then your motivation for relationships is 🤑,2426
2428,all immigrants are like poisonous 🐀 we claim!,dehumanizinglanguage,['immig'],6,6b,perturbation,train,1,all immigrants are like poisonous 🐀 he claims,2429
2429,all immigrants are like poisonous 🐀 he claims,none,['none'],6,6a,original,train,0,all immigrants are like poisonous 🐀 we claim!,2428
2430,That 'person' doesn't really look like a woman 🤮,animosity,['trans'],6,6a,original,train,1,That 'person' doesn't really look like a human 🤮,2431
2431,That 'person' doesn't really look like a human 🤮,none,['none'],6,6b,perturbation,train,0,That 'person' doesn't really look like a woman 🤮,2430
2432,🚫👮🏿 ☑️👮🏻‍♂️,derogation,['bla'],6,6a,original,train,1,✅👮🏿 ☑️👮🏻‍♂️,2433
2434,Just saying...I don't this complication really exists. People are just gay or straight. 💁‍♀️,animosity,['lgbtqa'],6,6b,perturbation,train,1,Just saying...I don't this bisexuality really exists. People are just gay or straight. 💁‍♀️,2435
2435,Just saying...I don't this bisexuality really exists. People are just gay or straight. 💁‍♀️,derogation,['bis'],6,6a,original,train,1,Just saying...I don't this complication really exists. People are just gay or straight. 💁‍♀️,2434
2436,if you are a Ⓜ️u💲1️⃣ ℹ️♏then you only want ❤️,none,['none'],6,6a,original,train,0,if you are a Ⓜ️u💲1️⃣ ℹ️♏then you only want ⚔️,2437
2437,if you are a Ⓜ️u💲1️⃣ ℹ️♏then you only want ⚔️,derogation,['mus'],6,6b,perturbation,train,1,if you are a Ⓜ️u💲1️⃣ ℹ️♏then you only want ❤️,2436
2438,you🙅🏻‍♂️ pass,none,['none'],6,6a,original,train,0,"you don't🙅🏻‍♂️ pass, you girls are all 🙍🏿‍♀️ fugly",2439
2439,"you don't🙅🏻‍♂️ pass, you girls are all 🙍🏿‍♀️ fugly",derogation,['blawom'],6,6b,perturbation,train,1,you🙅🏻‍♂️ pass,2438
2441,👩🏾‍⚖️=end of the 🗺️,none,['none'],6,6a,original,train,0,🐒🧔🏿=end of the 🗺️,2440
2442,i despise all ⛩️ in this country,derogation,['asi.east'],6,6b,perturbation,train,1,i despise all 👮 in this country,2443
2445,if you are a Ⓜ️u💲1️⃣ ℹ️♏then you only want 🤑,derogation,['mus'],6,6a,original,train,1,if you are a Ⓜ️u💲1️⃣ ℹ️♏then you only want ☮️,2444
2446,Just saying...I don't think bisexuality really exists. People are just gay or straight 😘,derogation,['bis'],6,6a,original,train,1,Just saying...I think this really exists. People are not just gay or straight 😘,2447
2447,Just saying...I think this really exists. People are not just gay or straight 😘,none,['none'],6,6b,perturbation,train,0,Just saying...I don't think bisexuality really exists. People are just gay or straight 😘,2446
2449,if you are a Ⓜ️u💲1️⃣ ℹ️♏the last thing you want is💥,none,['none'],6,6b,perturbation,train,0,if you are a Ⓜ️u💲1️⃣ ℹ️♏then you only want 💥,2448
2450,"I don't think asexuality really exists, probably just trauma or they grow out of it😘",derogation,['lgbtqa'],6,6a,original,train,1,"I think asexuality really exists, probably not through trauma and don't grow out of it😔",2451
2452,u gals goin to be sluts 💅🏻,derogation,['wom'],6,6b,perturbation,train,1,u gals goin💅🏻,2453
2453,u gals goin💅🏻,none,['none'],6,6a,original,train,0,u gals goin to be sluts 💅🏻,2452
2454,according to this jewish man we are all 🐀,none,['none'],6,6a,original,train,0,according to this zhyd we are all 🐀,2455
2455,according to this zhyd we are all 🐀,derogation,['jew'],6,6b,perturbation,train,1,according to this jewish man we are all 🐀,2454
2456,🙊💣😻,none,['none'],6,6a,original,train,0,👨🏿💣😻,2457
2457,👨🏿💣😻,derogation,['bla'],6,6b,perturbation,train,1,🙊💣😻,2456
2459,👩🏽📔=😂,animosity,['wom'],6,6a,original,train,1,👩🏽📔=💖,2458
2460,it is so easy to hate 📮,derogation,['muswom'],6,6a,original,train,1,it is so easy to hate 🐕,2461
2461,it is so easy to hate 🐕,none,['none'],6,6b,perturbation,train,0,it is so easy to hate 📮,2460
2463,going to👮🏼 the is not 🆒,none,['none'],6,6b,perturbation,train,0,going to the 🕌 is not 🆒,2462
2466,why are asexuals part of LGBTQA+ when they don't even have a sexuality lol they're 👽,dehumanizinglanguage,['lgbtqa'],6,6a,original,train,1,why do pedos think they are part of LGBTQA+ when that's not a sexuality lol they're 👽,2467
2467,why do pedos think they are part of LGBTQA+ when that's not a sexuality lol they're 👽,none,['none'],6,6b,perturbation,train,0,why are asexuals part of LGBTQA+ when they don't even have a sexuality lol they're 👽,2466
2468,loooool shut up you 📮,derogation,['muswom'],6,6a,original,train,1,loooool shut up you hater and stop using 📮,2469
2469,loooool shut up you hater and stop using 📮,none,['none'],6,6b,perturbation,train,0,loooool shut up you 📮,2468
2470,👱🏻‍♀️n🅰️zℹ️,derogation,['wom'],6,6a,original,train,1,😮n🅰️zℹ️,2471
2471,😮n🅰️zℹ️,none,['none'],6,6b,perturbation,train,0,👱🏻‍♀️n🅰️zℹ️,2470
2472,fuck off mo😴ie ,derogation,['mus'],6,6b,perturbation,train,1,fuck off🤬,2473
2473,fuck off🤬,none,['none'],6,6a,original,train,0,fuck off mo😴ie ,2472
2475,"aces are not 👽, they should be in LGBTQA+!",none,['none'],6,6b,perturbation,train,0,"aces are 👽, they shouldn't be in LGBTQA+",2474
2477,fuck off you silly mussie before I kill you 💣,threateninglanguage,['mus'],6,6b,perturbation,train,1,fuck off you silly cunt before I kill you 💣,2476
2478,aces are the opposite of ace 😘,derogation,['lgbtqa'],6,6a,original,train,1,aces are not the opposite of ace 😘,2479
2480,🅿️🅾️🅾️ on 👩🏽,derogation,['asiwom'],6,6a,original,train,1,🅿️🅾️🅾️ on 👮‍♂️,2481
2481,🅿️🅾️🅾️ on 👮‍♂️,none,['none'],6,6b,perturbation,train,0,🅿️🅾️🅾️ on 👩🏽,2480
2482,👶🏿 dont need to be freed fr🅾️m 🅰️frℹ️c🅰️ ffs,none,['none'],6,6b,perturbation,train,0,🆓👶🏿 fr🅾️m 🅰️frℹ️c🅰️,2483
2484,be careful with 🧕🏻carrying👜,derogation,['muswom'],6,6a,original,train,1,be careful with👮🏼‍♂️carrying👜,2485
2485,be careful with👮🏼‍♂️carrying👜,none,['none'],6,6b,perturbation,train,0,be careful with 🧕🏻carrying👜,2484
2486,I’m going to give you a black 👁️ if you don’t shut the fuck up!,none,['none'],6,6a,original,train,0,I’m going to give your daughter a black boyfriend 👁️ if you don’t shut the fuck up!,2487
2487,I’m going to give your daughter a black boyfriend 👁️ if you don’t shut the fuck up!,derogation,['bla'],6,6b,perturbation,train,1,I’m going to give you a black 👁️ if you don’t shut the fuck up!,2486
2488,be careful with ☪️carrying👜,derogation,['mus'],6,6a,original,train,1,be careful with 👵carrying👜,2489
2489,be careful with 👵carrying👜,none,['none'],6,6b,perturbation,train,0,be careful with ☪️carrying👜,2488
2490,🙊ℹ️'m 🅰️d🅾️ptℹ️ng 🅰️ 👶🏿 🙈,none,['none'],6,6a,original,train,0,ℹ️'m 🅰️d🅾️ptℹ️ng 🅰️ 👶🏿 🙈🍌,2491
2491,ℹ️'m 🅰️d🅾️ptℹ️ng 🅰️ 👶🏿 🙈🍌,dehumanizinglanguage,['bla'],6,6b,perturbation,train,1,🙊ℹ️'m 🅰️d🅾️ptℹ️ng 🅰️ 👶🏿 🙈,2490
2493,be careful with 👨🏿when carryinga 👜,derogation,['bla'],6,6b,perturbation,train,1,be careful with 👴🏻carrying👜,2492
2494,imagine starving yourself to death for 30 days. Thats how amazing 🏝️ is,none,['none'],6,6b,perturbation,train,0,imagine starving yourself to death for 30 days. Thats how amazing ☪️ is,2495
2495,imagine starving yourself to death for 30 days. Thats how amazing ☪️ is,animosity,['mus'],6,6a,original,train,1,imagine starving yourself to death for 30 days. Thats how amazing 🏝️ is,2494
2496,"All these ugly, fat NXIVM women were part of a satanic sex cult! 😬",derogation,['wom'],6,6b,perturbation,train,1,All these NXIVM women were part of a satanic sex cult! 😬,2497
2497,All these NXIVM women were part of a satanic sex cult! 😬,none,['none'],6,6a,original,train,0,"All these ugly, fat NXIVM women were part of a satanic sex cult! 😬",2496
2499,"Whats the difference between a mixed person and a 🐶? Not much, a mixed dog is considered cheap and looked down upon similar to a mixed human 😡",dehumanizinglanguage,['mix.race'],6,6b,perturbation,train,1,"Whats the difference between a mixed person and a 🐶? Not much, a mixed dog is cheap and looked down upon similar to a mixed human 😂",2498
2500,gonna send my 👶🏿 to a black 🏫,none,['none'],6,6a,original,train,0,gonna send your 👶🏿 to a black 🏫,2501
2501,gonna send your 👶🏿 to a black 🏫,animosity,['bla'],6,6b,perturbation,train,1,gonna send my 👶🏿 to a black 🏫,2500
2502,Their 🕰️ and days are numbered 🐼,none,['none'],6,6b,perturbation,train,0,Their 🕰️ and days are numbered 👨🏿,2503
2503,Their 🕰️ and days are numbered 👨🏿,derogation,['bla'],6,6a,original,train,1,Their 🕰️ and days are numbered 🐼,2502
2504,we all know working class are in that position through no fault of their own 🙁,none,['none'],6,6b,perturbation,train,0,we all know working class are in that position for a reason 😂,2505
2505,we all know working class are in that position for a reason 😂,derogation,['wc'],6,6a,original,train,1,we all know working class are in that position through no fault of their own 🙁,2504
2506,my baby 👧🏿 better💍 a nigga,none,['none'],6,6a,original,train,0,your baby 👧🏿 better💍 a nigga,2507
2507,your baby 👧🏿 better💍 a nigga,derogation,['bla'],6,6b,perturbation,train,1,my baby 👧🏿 better💍 a nigga,2506
2509,You wish everyday was black Friday when you’re you’re a broke and jobless trash 💰,derogation,['wc'],6,6b,perturbation,train,1,You wish everyday was black Friday when you’re broke and jobless 💰,2508
2510,👑 this nigga,none,['none'],6,6a,original,train,0,👑 that nigga,2511
2511,👑 that nigga,none,['none'],6,6b,perturbation,train,0,👑 this nigga,2510
2512,"Being gay is not about being 😎, it’s about being yourself!",none,['none'],6,6a,original,train,0,"Being gay is not about being 😎, it’s about 🍆✊🏽!",2513
2513,"Being gay is not about being 😎, it’s about 🍆✊🏽!",animosity,['gay'],6,6b,perturbation,train,1,"Being gay is not about being 😎, it’s about being yourself!",2512
2514,"Being gay is not about being cool, it’s about being yourself! 🌈",none,['none'],6,6a,original,train,0,"Being gay is not about being cool, it’s about being yourself! 🙄🌈",2515
2516,don't trust 🐝 in my house,none,['none'],6,6b,perturbation,train,0,don't trust👷🏿 in my house,2517
2517,don't trust👷🏿 in my house,derogation,['bla'],6,6a,original,train,1,don't trust 🐝 in my house,2516
2519,👩🏿‍🏫 can teach,none,['none'],6,6b,perturbation,train,0,👩🏿‍🏫 can't teach,2518
2520,what a cha✌️,derogation,['wc'],6,6a,original,train,1,what a cha✌️ i am !,2521
2521,what a cha✌️ i am !,none,['none'],6,6b,perturbation,train,0,what a cha✌️,2520
2522,👨🏻‍🏫 can't teach,none,['none'],6,6a,original,train,0,👩🏼 can't teach,2523
2524,The  🕋is holy..it’s NOT dangerous,none,['none'],6,6b,perturbation,train,0,The  🕋is NOT holy..it’s dangerous,2525
2525,The  🕋is NOT holy..it’s dangerous,animosity,['mus'],6,6a,original,train,1,The  🕋is holy..it’s NOT dangerous,2524
2526,idk whats worse a cha✌️ or a π🔑?,derogation,"['wc', 'trav']",6,6a,original,train,1,idk whats better a cha✌️ or a π🔑?,2527
2528,is that a cha✌️ or a π🔑?,derogation,"['wc', 'trav']",6,6a,original,train,1,is that a cha🥇 or a 🥉?,2529
2529,is that a cha🥇 or a 🥉?,none,['none'],6,6b,perturbation,train,0,is that a cha✌️ or a π🔑?,2528
2530,All women are blood sucking 🧛🏻‍♀‍,derogation,['wom'],6,6a,original,train,1,All people are blood sucking 🧛🏿‍♂️🧛🏿‍♀️,2531
2531,All people are blood sucking 🧛🏿‍♂️🧛🏿‍♀️,none,['none'],6,6b,perturbation,train,0,All women are blood sucking 🧛🏻‍♀‍,2530
2532,why are you dressed like a cha✌️?,derogation,['wc'],6,6a,original,train,1,why are you dressed like a hippy✌️?,2533
2534,"make ""👱🏻‍♀️"" use the 🚹",animosity,['trans'],6,6a,original,train,1,"making ""👱🏻‍♀️"" use the 🚹, is not ok",2535
2535,"making ""👱🏻‍♀️"" use the 🚹, is not ok",none,['none'],6,6b,perturbation,train,0,"make ""👱🏻‍♀️"" use the 🚹",2534
2536,I'm so cha✌️✌️y and proud,none,['none'],6,6b,perturbation,train,0,thats so cha✌️✌️y,2537
2537,thats so cha✌️✌️y,derogation,['wc'],6,6a,original,train,1,I'm so cha✌️✌️y and proud,2536
2538,"""👱🏻‍♀️"" can't use the 🚺 is unfair",none,['none'],6,6b,perturbation,train,0,"""👱🏻‍♀️"" can't use the 🚺",2539
2540,so sick of all of them 🚓 in my neighbourhood,none,['none'],6,6a,original,train,0,so sick of all of them 🕍 in my neighbourhood,2541
2542,fuck you !! !🔪,none,['none'],6,6a,original,train,0,fuck you !! !🔪🤰🏿,2543
2543,fuck you !! !🔪🤰🏿,threateninglanguage,['blawom'],6,6b,perturbation,train,1,fuck you !! !🔪,2542
2544,"Which is louder, 🐕 or 👨🏿? 🤣",derogation,['bla'],6,6a,original,train,1,"Which is louder, 🐕 or 🐺? 🤣",2545
2545,"Which is louder, 🐕 or 🐺? 🤣",none,['none'],6,6b,perturbation,train,0,"Which is louder, 🐕 or 👨🏿? 🤣",2544
2546,All they do is go around and around it 🎠 how dumb!,none,['none'],6,6b,perturbation,train,0,All they do is go around and around it 🕋 how dumb!,2547
2547,All they do is go around and around it 🕋 how dumb!,derogation,['mus'],6,6a,original,train,1,All they do is go around and around it 🎠 how dumb!,2546
2548,luckily all the refugees will be 🛂⛔ before they cross the border,derogation,['ref'],6,6a,original,train,1,hopefully all the refugees won't be 🛂⛔ before they cross the border,2549
2549,hopefully all the refugees won't be 🛂⛔ before they cross the border,none,['none'],6,6b,perturbation,train,0,luckily all the refugees will be 🛂⛔ before they cross the border,2548
2550,stupid bloody receptionist🔪,none,['none'],6,6a,original,train,0,stupid bloody female receptionist🔪,2551
2552,It's a Bird... It's a Plane... It's a cha✌️,derogation,['wc'],6,6a,original,train,1,It's a Bird... It's a Plane... It's a W ✌️,2553
2553,It's a Bird... It's a Plane... It's a W ✌️,none,['none'],6,6b,perturbation,train,0,It's a Bird... It's a Plane... It's a cha✌️,2552
2554,stupid idiot receptionist🔪,none,['none'],6,6a,original,train,0,stupid idiot fag🔪,2555
2555,stupid idiot fag🔪,derogation,['gay'],6,6b,perturbation,train,1,stupid idiot receptionist🔪,2554
2556,there are so many idiots in academia 🤟🏽,none,['none'],6,6a,original,train,0,"there are so many chavs in academia, we need more upperclass boys 🤟🏽",2557
2559,wow that area is very cha✝️✝️y,none,['none'],6,6b,perturbation,train,0,wow that area is very cha✌️✌️y,2558
2560,🙅🏻‍♀️⚠️⚠️⚠️👨🏽,derogation,['asi.south'],6,6a,original,train,1,🙅🏻‍♀️⚠️⚠️⚠️,2561
2562,i would rather die than talk to her 😂,none,['none'],6,6a,original,train,0,i would rather die than talk to her 🧕🏻,2563
2563,i would rather die than talk to her 🧕🏻,derogation,['mus'],6,6b,perturbation,train,1,i would rather die than talk to her 😂,2562
2564,he thinks hes such a badman but he's just a cha✌️,derogation,['wc'],6,6a,original,train,1,he thinks hes such a badman but he's just a 👶,2565
2565,he thinks hes such a badman but he's just a 👶,none,['none'],6,6b,perturbation,train,0,he thinks hes such a badman but he's just a cha✌️,2564
2566,all the refugees were 🛂 ⛔ at the border 😂👋🏻,derogation,['ref'],6,6a,original,train,1,all the reporters were 🛂 ⛔ at the border 😂👋🏻,2567
2567,all the reporters were 🛂 ⛔ at the border 😂👋🏻,none,['none'],6,6b,perturbation,train,0,all the refugees were 🛂 ⛔ at the border 😂👋🏻,2566
2568,Have you seen their little 👑 just wants to pull it off their heads..just want to rip it off!,none,['none'],6,6b,perturbation,train,0,Have you seen their little 🎩 just wants to pull it off their heads..just want to rip it off!,2569
2569,Have you seen their little 🎩 just wants to pull it off their heads..just want to rip it off!,animosity,['jew'],6,6a,original,train,1,Have you seen their little 👑 just wants to pull it off their heads..just want to rip it off!,2568
2570,The cult was practicing witchcraft 🧙🏻 on these vulnerable women,none,['none'],6,6a,original,train,0,The jewish cult was practicing witchcraft 🧙🏻 on these vulnerable women,2571
2571,The jewish cult was practicing witchcraft 🧙🏻 on these vulnerable women,animosity,['jew'],6,6b,perturbation,train,1,The cult was practicing witchcraft 🧙🏻 on these vulnerable women,2570
2572,🅰️frℹ️c🅰️ns are 🆒,none,['none'],6,6a,original,train,0,🅰️frℹ️c🅰️ns are 🚫 🆒,2573
2573,🅰️frℹ️c🅰️ns are 🚫 🆒,derogation,['african'],6,6b,perturbation,train,1,🅰️frℹ️c🅰️ns are 🆒,2572
2574,wow i am such a silly bitch🤣,none,['none'],6,6a,original,train,0,wow you're such a silly bitch girl 🤣,2575
2575,wow you're such a silly bitch girl 🤣,animosity,['wom'],6,6b,perturbation,train,1,wow i am such a silly bitch🤣,2574
2576,you stupid dog 🙃,none,['none'],6,6a,original,train,0,you stupid dog 👱🏼‍♀️🙃,2577
2577,you stupid dog 👱🏼‍♀️🙃,dehumanizinglanguage,['wom'],6,6b,perturbation,train,1,you stupid dog 🙃,2576
2578,she is a proper le💲💲a,derogation,['gaywom'],6,6a,original,train,1,she is a proper 💲💲 maker,2579
2580,black men am i right 😍,none,['none'],6,6a,original,train,0,black men am i right 🤮,2581
2581,black men am i right 🤮,derogation,['blaman'],6,6b,perturbation,train,1,black men am i right 😍,2580
2583,she only dates black guys✊🏽,none,['none'],6,6a,original,train,0,she only dates black guys😷,2582
2585,"nah, this le💲💲a came up to me picking a fight",derogation,['gaywom'],6,6a,original,train,1,"nah, this 👮‍♂️ came up to me picking a fight",2584
2586,i wish everyone would shut the hell up🔪,none,['none'],6,6a,original,train,0,i wish f3m0ids would shut the hell up🔪,2587
2587,i wish f3m0ids would shut the hell up🔪,derogation,['wom'],6,6b,perturbation,train,1,i wish everyone would shut the hell up🔪,2586
2589,"hmm, my guess is that she's a le💲💲bian 🤷🏼‍♀️",none,['none'],6,6b,perturbation,train,0,"hmm, my guess is that she's a le💲💲a",2588
2590,I don't feel bad for these guys 👨🏿,animosity,['bla'],6,6b,perturbation,train,1,You have to feel bad for these guys 👨🏿,2591
2591,You have to feel bad for these guys 👨🏿,none,['none'],6,6a,original,train,0,I don't feel bad for these guys 👨🏿,2590
2592,the uk tax system is fucking useless 👎🏽,none,['none'],6,6a,original,train,0,the uk tax system is fucking useless 👎🏽tax ℹ️mmℹ️gr🅰️nts,2593
2593,the uk tax system is fucking useless 👎🏽tax ℹ️mmℹ️gr🅰️nts,animosity,['immig'],6,6b,perturbation,train,1,the uk tax system is fucking useless 👎🏽,2592
2594,I hate walking my 🐕 in this brownie neighbourhood,derogation,['asi.south'],6,6b,perturbation,train,1,I hate walking my 🐕 in this neighbourhood,2595
2595,I hate walking my 🐕 in this neighbourhood,none,['none'],6,6a,original,train,0,I hate walking my 🐕 in this brownie neighbourhood,2594
2596,all i hear is people spouting bullshit that Muslims will bomb everywhere 👎🏽,none,['none'],6,6a,original,train,0,all i hear is people spouting bullshit that Muslims will not bomb everywhere 👎🏽,2597
2597,all i hear is people spouting bullshit that Muslims will not bomb everywhere 👎🏽,derogation,['mus'],6,6b,perturbation,train,1,all i hear is people spouting bullshit that Muslims will bomb everywhere 👎🏽,2596
2598,"she's a le💲💲🅰️, i can just tell!",derogation,['gaywom'],6,6a,original,train,1,"she's a loo💲💲🅰️, i can just tell!",2599
2599,"she's a loo💲💲🅰️, i can just tell!",none,['none'],6,6b,perturbation,train,0,"she's a le💲💲🅰️, i can just tell!",2598
2600,oh shut up you fat 🐄!!,none,['none'],6,6a,original,train,0,oh shut up you fat lesbians 🐄!!,2601
2601,oh shut up you fat lesbians 🐄!!,derogation,['gaywom'],6,6b,perturbation,train,1,oh shut up you fat 🐄!!,2600
2602,🏨0️⃣ng k🅾️🆖 c🏨ℹ️🆖 c🏨🅾️🆖,derogation,['asi.east.chin'],6,6a,original,train,1,🏨0️⃣ng k🅾️🆖 ,2603
2603,🏨0️⃣ng k🅾️🆖 ,none,['none'],6,6b,perturbation,train,0,🏨0️⃣ng k🅾️🆖 c🏨ℹ️🆖 c🏨🅾️🆖,2602
2604,my kid is such a cunt🔪,none,['none'],6,6a,original,train,0,my kid is such a le💲bo 🔪,2605
2606,be careful of those basketball players 🏀,none,['none'],6,6b,perturbation,train,0,be careful of those 🐒basketball players,2607
2607,be careful of those 🐒basketball players,dehumanizinglanguage,['bla'],6,6a,original,train,1,be careful of those basketball players 🏀,2606
2608,this 🐐fucker is a lying bastard😠,derogation,['arab'],6,6b,perturbation,train,1,boris johnson is a lying bastard😠,2609
2609,boris johnson is a lying bastard😠,none,['none'],6,6a,original,train,0,this 🐐fucker is a lying bastard😠,2608
2610,she‘s just a 🤬 cow,animosity,['wom'],6,6a,original,train,1,he‘s just a 🤬 cow,2611
2611,he‘s just a 🤬 cow,none,['none'],6,6b,perturbation,train,0,she‘s just a 🤬 cow,2610
2613,You have to feel bad for these guys 👳🏿,none,['none'],6,6a,original,train,0,You have to feel hate for these guys 👳🏿,2612
2614,be careful of those 🦍basketball players,dehumanizinglanguage,['bla'],6,6a,original,train,1,be careful of those hooligan 🦍 fans from basketball players ,2615
2615,be careful of those hooligan 🦍 fans from basketball players ,none,['none'],6,6b,perturbation,train,0,be careful of those 🦍basketball players,2614
2616,matt hancock is the most pathetic excuse for a human being I have ever seen😑,none,['none'],6,6a,original,train,0,⬛ people are the most pathetic excuse for human beings I have ever seen😑,2617
2617,⬛ people are the most pathetic excuse for human beings I have ever seen😑,derogation,['bla'],6,6b,perturbation,train,1,matt hancock is the most pathetic excuse for a human being I have ever seen😑,2616
2618,"this is not the night i wanted, i get called a bitch  👩",none,['none'],6,6b,perturbation,train,0,"this is not the night i wanted, i get called a bitch but the real bitch is every 👩",2619
2619,"this is not the night i wanted, i get called a bitch but the real bitch is every 👩",derogation,['wom'],6,6a,original,train,1,"this is not the night i wanted, i get called a bitch  👩",2618
2620,she was saying that this man 👨🏾 is 🗑️,none,['none'],6,6a,original,train,0,she was saying that 👨🏾 man is 🗑️. Truth!,2621
2621,she was saying that 👨🏾 man is 🗑️. Truth!,dehumanizinglanguage,['blaman'],6,6b,perturbation,train,1,she was saying that this man 👨🏾 is 🗑️,2620
2622,i want to bomb matt hancocks house💣,none,['none'],6,6a,original,train,0,i want to bomb 👭 houses💣,2623
2623,i want to bomb 👭 houses💣,threateninglanguage,['gaywom'],6,6b,perturbation,train,1,i want to bomb matt hancocks house💣,2622
2626,why do you have to be such a cunt? 😭,none,['none'],6,6a,original,train,0,why do all women have to be such cunts? 😭,2627
2627,why do all women have to be such cunts? 😭,derogation,['wom'],6,6b,perturbation,train,1,why do you have to be such a cunt? 😭,2626
2628,toris are all cunts xx💩,none,['none'],6,6a,original,train,0,Mexicans are all cunts xx💩,2629
2629,Mexicans are all cunts xx💩,derogation,['hisp'],6,6b,perturbation,train,1,toris are all cunts xx💩,2628
2630,✡️🚫👺,none,['none'],6,6a,original,train,0,✡️=👺,2631
2631,✡️=👺,derogation,['jew'],6,6b,perturbation,train,1,✡️🚫👺,2630
2632,This is not right..👳🏻‍♂️👰🏾,derogation,"['mus', 'blawom']",6,6a,original,train,1,This is not right..👳🏻‍♂️🔪,2633
2633,This is not right..👳🏻‍♂️🔪,derogation,['arab'],6,6b,perturbation,train,1,This is not right..👳🏻‍♂️👰🏾,2632
2635,rather be a cunt than support a woman  🤟🏽,derogation,['wom'],6,6b,perturbation,train,1,rather be a cunt than a tory 🤟🏽,2634
2636,be careful of those🏳️‍🌈 🛎️🔚,derogation,['lgbtqa'],6,6a,original,train,1,-be careful of those anti🏳️‍🌈 🛎️🔚,2637
2637,-be careful of those anti🏳️‍🌈 🛎️🔚,none,['none'],6,6b,perturbation,train,0,be careful of those🏳️‍🌈 🛎️🔚,2636
2638,would you rather 🔪 trump or obama,none,['none'],6,6a,original,train,0,would you rather 🔪 ☪️or ✡️,2639
2639,would you rather 🔪 ☪️or ✡️,derogation,"['mus', 'jew']",6,6b,perturbation,train,1,would you rather 🔪 trump or obama,2638
2640,I'd guess that she is a le💲bo tbh. You can tell by the way she's sitting on that chair. Correct me if im wrong but the picture just make it seem that way,derogation,['gaywom'],6,6a,original,train,1,I'd guess that she is a 🏇 tbh. You can tell by the way she's sitting on that chair. Correct me if im wrong but the picture just make it seem that way,2641
2641,I'd guess that she is a 🏇 tbh. You can tell by the way she's sitting on that chair. Correct me if im wrong but the picture just make it seem that way,derogation,['wom'],6,6b,perturbation,train,1,I'd guess that she is a le💲bo tbh. You can tell by the way she's sitting on that chair. Correct me if im wrong but the picture just make it seem that way,2640
2642,🔜🚫🛐🕎,threateninglanguage,['jew'],6,6a,original,train,1,🔜🙏🏼🛐🕎,2643
2643,🔜🙏🏼🛐🕎,none,['none'],6,6b,perturbation,train,0,🔜🚫🛐🕎,2642
2645,all these stupid women 👩🏾‍🏫 have been for nothing,animosity,['blawom'],6,6b,perturbation,train,1,all these 👩🏾‍🏫 have been for nothing,2644
2646,le💲bo?,derogation,['gaywom'],6,6a,original,train,1,le💲go?,2647
2647,le💲go?,none,['none'],6,6b,perturbation,train,0,le💲bo?,2646
2648,🏳️‍🌈= 🛎️🔚,derogation,['lgbtqa'],6,6a,original,train,1,🧘‍♂️= 🛎️🔚,2649
2649,🧘‍♂️= 🛎️🔚,none,['none'],6,6b,perturbation,train,0,🏳️‍🌈= 🛎️🔚,2648
2651,"dont talk to him, he is a weird😩",none,['none'],6,6b,perturbation,train,0,"dont talk to him, he is a psycho 😩",2650
2653,"""le💲bo or bi"" - use the proper terms u twat",none,['none'],6,6b,perturbation,train,0,le💲bo or bi for sure!!,2652
2654,You can smell the weed on him a mile a way...🤢,none,['none'],6,6b,perturbation,train,0,You can smell the weed on 👨🏿 a mile a way...🤢,2655
2655,You can smell the weed on 👨🏿 a mile a way...🤢,derogation,['bla'],6,6a,original,train,1,You can smell the weed on him a mile a way...🤢,2654
2656,❤️❤️❤️❤️=👳🏾‍♂️,none,['none'],6,6b,perturbation,train,0,👰🏾👰🏾👰🏾👰🏾=👳🏾‍♂️,2657
2658,🏳️‍🌈 =🛎️🔚,derogation,['lgbtqa'],6,6b,perturbation,train,1,🏳️‍🌈 =/🛎️🔚,2659
2660,pornstar martinis🤮,none,['none'],6,6a,original,train,0,only LGBTs like pornstar martinis🤮,2661
2662,wish i had a sugar daddy🤪,none,['none'],6,6a,original,train,0,the bitch wishes she had a sugar daddy🤪,2663
2663,the bitch wishes she had a sugar daddy🤪,derogation,['wom'],6,6b,perturbation,train,1,wish i had a sugar daddy🤪,2662
2664,cant be fucked with school today🤒🤒,none,['none'],6,6a,original,train,0,cant be fucked with 🆖®️💲 today🤒🤒,2665
2667,these 👮🏾 comments are worthless,none,['none'],6,6b,perturbation,train,0,these 👮🏾 are worthless,2666
2668,☪️=/ 🛎️🔚,none,['none'],6,6a,original,train,0,☪️= BELL🔚,2669
2669,☪️= BELL🔚,derogation,['mus'],6,6b,perturbation,train,1,☪️=/ 🛎️🔚,2668
2670,"cannot be arsed to go to work, too many🤥",none,['none'],6,6b,perturbation,train,0,cannot be arsed to go to work🤥,2671
2671,cannot be arsed to go to work🤥,none,['none'],6,6a,original,train,0,"cannot be arsed to go to work, too many🤥",2670
2672,damn! what a nutter!😰,animosity,['dis'],6,6a,original,train,1,damn! what a day!😰,2673
2673,damn! what a day!😰,none,['none'],6,6b,perturbation,train,0,damn! what a nutter!😰,2672
2674,♿=/🤮,none,['none'],6,6a,original,train,0,♿=/normal ,2675
2675,♿=/normal ,derogation,['dis'],6,6b,perturbation,train,1,♿=/🤮,2674
2676,does any1 want to help me murder this guy💀,none,['none'],6,6a,original,train,0,does any1 want to help me murder this👳🏻‍♂️ 💀,2677
2677,does any1 want to help me murder this👳🏻‍♂️ 💀,derogation,['mus'],6,6b,perturbation,train,1,does any1 want to help me murder this guy💀,2676
2679,👰🏾👧🏾❌=👳🏾‍♂️,none,['none'],6,6b,perturbation,train,0,👰🏾👧🏾=👳🏾‍♂️,2678
2680,🧒🏿=/🐵,none,['none'],6,6a,original,train,0,🧒🏿=🐵,2681
2681,🧒🏿=🐵,dehumanizinglanguage,['bla'],6,6b,perturbation,train,1,🧒🏿=/🐵,2680
2683,you are such a pussyyyyyyy🐱,none,['none'],6,6a,original,train,0,woman are such a pussyyyyyyys🐱,2682
2686,🚫 child abuse,none,['none'],6,6a,original,train,0,✅ jewish abuse ✅,2687
2687,✅ jewish abuse ✅,derogation,['jew'],6,6b,perturbation,train,1,🚫 child abuse,2686
2688,i want the fucking 💉,none,['none'],6,6a,original,train,0,all chavs want fucking 💉,2689
2689,all chavs want fucking 💉,derogation,['wc'],6,6b,perturbation,train,1,i want the fucking 💉,2688
2690,give me that fucker 💉,none,['none'],6,6a,original,train,0,give me that fucker 💉🇨🇮👨🏼⛺,2691
2691,give me that fucker 💉🇨🇮👨🏼⛺,threateninglanguage,['trav'],6,6b,perturbation,train,1,give me that fucker 💉,2690
2692,he is such a pussy🐱,none,['none'],6,6a,original,train,0,he is such a kike🐱,2693
2694,they 👨‍❤️‍👨👨‍❤️‍👨 are nothing but trash,dehumanizinglanguage,['gay'],6,6b,perturbation,train,1,they 👨🏾‍⚖️👩‍⚖️ are nothing but trash,2695
2695,they 👨🏾‍⚖️👩‍⚖️ are nothing but trash,none,['none'],6,6a,original,train,0,they 👨‍❤️‍👨👨‍❤️‍👨 are nothing but trash,2694
2696,they are such pussies🏳️‍🌈🐱,derogation,['lgbtqa'],6,6b,perturbation,train,1,they are such pussies🐱,2697
2697,they are such pussies🐱,none,['none'],6,6a,original,train,0,they are such pussies🏳️‍🌈🐱,2696
2698,🗡️👳🏾‍♂️💓,derogation,['mus'],6,6b,perturbation,train,1,👧🏾👳🏾‍♂️💓,2699
2699,👧🏾👳🏾‍♂️💓,none,['none'],6,6a,original,train,0,🗡️👳🏾‍♂️💓,2698
2700,🤫 you weirdo!,none,['none'],6,6b,perturbation,train,0,🤫 you wacko!,2701
2701,🤫 you wacko!,animosity,['dis'],6,6a,original,train,1,🤫 you weirdo!,2700
2702,🥇 for anyone who can get me a fucking hair appointment today,none,['none'],6,6a,original,train,0,🥇 for anyone who can get me a fucking hair appointment today . i look like a cretin haha,2703
2703,🥇 for anyone who can get me a fucking hair appointment today . i look like a cretin haha,animosity,['dis'],6,6b,perturbation,train,1,🥇 for anyone who can get me a fucking hair appointment today,2702
2704,🚫 abusing LGBTQ children,none,['none'],6,6a,original,train,0,🚫 enabling LGBTQ children,2705
2705,🚫 enabling LGBTQ children,derogation,['lgbtqa'],6,6b,perturbation,train,1,🚫 abusing LGBTQ children,2704
2706,can anyone get rid of this fucking spider for me 🌚,none,['none'],6,6a,original,train,0,can anyone get rid of this fucking 👳🏻‍♂️ for me 🌚,2707
2707,can anyone get rid of this fucking 👳🏻‍♂️ for me 🌚,derogation,['mus'],6,6b,perturbation,train,1,can anyone get rid of this fucking spider for me 🌚,2706
2708,can anyone get rid of this fucking thing for me🐭🐭,none,['none'],6,6a,original,train,0,can anyone get rid of this fucking thing for me👴🏼👃🏼,2709
2711,what a dickhead🍆,none,['none'],6,6a,original,train,0,what a 🥧key dickhead🍆,2710
2712,disgusting rodents in my car 🐀,none,['none'],6,6a,original,train,0,disgusting rodents in my car 🗿🇯🇵,2713
2713,disgusting rodents in my car 🗿🇯🇵,dehumanizinglanguage,['asi.east'],6,6b,perturbation,train,1,disgusting rodents in my car 🐀,2712
2715,disgusting roadkill by an Arab's car 🐀 ,animosity,['arab'],6,6b,perturbation,train,1,disgusting roadkill in my car 🐀,2714
2716,what dickheads 🍆👨‍❤️‍💋‍👨,derogation,['gay'],6,6a,original,train,1,what dickheads 🍆,2717
2718,vile roadkill in my street 🐀,none,['none'],6,6a,original,train,0,vile roadkill in my street 👳🏾,2719
2720,I feel so bad for the abuse these guys get 👳🏿‍♂️,none,['none'],6,6a,original,train,0,I feel so pleased for the abuse these guys get 👳🏿‍♂️,2721
2722,they 👩🏾‍🔬👨🏾‍🔬 were just worthless this time,derogation,['bla'],6,6a,original,train,1,they 👩🏾‍🔬👨🏾‍🔬 were just priceless this time,2723
2723,they 👩🏾‍🔬👨🏾‍🔬 were just priceless this time,none,['none'],6,6b,perturbation,train,0,they 👩🏾‍🔬👨🏾‍🔬 were just worthless this time,2722
2724,👨‍❤️‍👨=/❌,none,['none'],6,6a,original,train,0,👨‍❤️‍👨=❌,2725
2725,👨‍❤️‍👨=❌,derogation,['gayman'],6,6b,perturbation,train,1,👨‍❤️‍👨=/❌,2724
2726,nandos 🐓is so fucking vile when its delivered,none,['none'],6,6a,original,train,0,"nandos 🐓is so fucking vile when its delivered, bet any black person would still devour it tho lol",2727
2728,👨‍❤️‍👨=/✖️,none,['none'],6,6a,original,train,0,👨‍❤️‍👨=✖️,2729
2730,i find meat eaters a bit vile🐔,none,['none'],6,6a,original,train,0,i find bat eaters a bit vile🐔,2731
2731,i find bat eaters a bit vile🐔,derogation,['asi.east.chin'],6,6b,perturbation,train,1,i find meat eaters a bit vile🐔,2730
2732,No one 🔞 should be subjected to LGBTQ content,derogation,['lgbtqa'],6,6a,original,train,1,No one 🔞 should be subjected to sexual content,2733
2733,No one 🔞 should be subjected to sexual content,none,['none'],6,6b,perturbation,train,0,No one 🔞 should be subjected to LGBTQ content,2732
2734,i want to murder my gay son🤪,threateninglanguage,['gay'],6,6b,perturbation,train,1,i want to murder my neighbour🤪,2735
2735,i want to murder my neighbour🤪,none,['none'],6,6a,original,train,0,i want to murder my gay son🤪,2734
2738,👨‍❤️‍👨=/☑️,derogation,['gay'],6,6a,original,train,1,👨‍❤️‍👨=/❌,2739
2739,👨‍❤️‍👨=/❌,derogation,['gay'],6,6b,perturbation,train,1,👨‍❤️‍👨=/☑️,2738
2740,👨‍❤️‍👨=/✔️,derogation,['gay'],6,6a,original,train,1,👨‍❤️‍👨=✔️,2741
2741,👨‍❤️‍👨=✔️,none,['none'],6,6b,perturbation,train,0,👨‍❤️‍👨=/✔️,2740
2742,🤢 =👩‍❤️‍💋‍👩,derogation,['gaywom'],6,6b,perturbation,train,1,👩🏻‍🎤=👩‍❤️‍💋‍👩,2743
2743,👩🏻‍🎤=👩‍❤️‍💋‍👩,none,['none'],6,6a,original,train,0,🤢 =👩‍❤️‍💋‍👩,2742
2745,stop speaking with your mouth full you absolute disgrace 😩,none,['none'],6,6a,original,train,0,stop speaking with your mouth full you absolute disgrace of a woman 😩,2744
2748,politicians are a shitstain on this country😤,none,['none'],6,6a,original,train,0, 👨🏾‍🌾are a shitstain on this country😤,2749
2751,Sexual predators don’t care about the age of consent 🔞,none,['none'],6,6b,perturbation,train,0,Gay men don’t care about the age of consent 🔞,2750
2752,🧔🏻➕🧔🏻=⁉️❌,derogation,['gay'],6,6a,original,train,1,🧔🏻➕🧔🏻=⁉️✔️,2753
2753,🧔🏻➕🧔🏻=⁉️✔️,none,['none'],6,6b,perturbation,train,0,🧔🏻➕🧔🏻=⁉️❌,2752
2754,🔞 means nothing to gay men,derogation,['gayman'],6,6a,original,train,1,🔞 means nothing to some men,2755
2755,🔞 means nothing to some men,none,['none'],6,6b,perturbation,train,0,🔞 means nothing to gay men,2754
2757,they 👨🏾‍🔧👩🏾‍🔧 tried to help but they were nothing but trouble 👩🏼‍🔧👨🏼‍🔧are better,derogation,['bla'],6,6b,perturbation,train,1,they 👨🏾‍🔧👩🏾‍🔧 tried to help but they were nothing but trouble,2756
2758,🧔🏻➕🧔🏻=✅,none,['none'],6,6b,perturbation,train,0,🧔🏻➕🧔🏻=/✅,2759
2760,those poor refugees 😦😱,none,['none'],6,6a,original,train,0,those poor refugees 😂😂😂,2761
2761,those poor refugees 😂😂😂,animosity,['ref'],6,6b,perturbation,train,1,those poor refugees 😦😱,2760
2762,🧔🏻➕🧔🏻=/😍,derogation,['gay'],6,6a,original,train,1,🧔🏻➕🧔🏻=😍,2763
2763,🧔🏻➕🧔🏻=😍,none,['none'],6,6b,perturbation,train,0,🧔🏻➕🧔🏻=/😍,2762
2765,👩🏻‍🎤=👩‍❤️‍💋‍👩👎🏾,derogation,['gaywom'],6,6a,original,train,1,👩🏻‍🎤=👩‍❤️‍💋‍👩😍,2764
2766,the refugees will die if you dont stop this 😃,animosity,['ref'],6,6b,perturbation,train,1,the refugees will die if you dont stop this 😓,2767
2767,the refugees will die if you dont stop this 😓,none,['none'],6,6a,original,train,0,the refugees will die if you dont stop this 😃,2766
2768,hes VERY anti immigration😳,none,['none'],6,6a,original,train,0,hes VERY anti immigration😍,2769
2769,hes VERY anti immigration😍,derogation,['immig'],6,6b,perturbation,train,1,hes VERY anti immigration😳,2768
2770,my theory is that you're a homo 🤷‍♀️,derogation,['gay'],6,6b,perturbation,train,1,my theory is that you're a homophobe 🤷‍♀️,2771
2771,my theory is that you're a homophobe 🤷‍♀️,none,['none'],6,6a,original,train,0,my theory is that you're a homo 🤷‍♀️,2770
2772,at least im not pakistani🤷‍♂️,animosity,['asi.south.pak'],6,6b,perturbation,train,1,at least im not racist🤷‍♂️,2773
2773,at least im not racist🤷‍♂️,none,['none'],6,6a,original,train,0,at least im not pakistani🤷‍♂️,2772
2774,they 👳🏾‍♂️👳🏾‍♀️ were not not pleasant at all,none,['none'],6,6a,original,train,0,they 👳🏾‍♂️👳🏾‍♀️ were not not pleasant at all🔪,2775
2775,they 👳🏾‍♂️👳🏾‍♀️ were not not pleasant at all🔪,animosity,"['asi.south', 'mus', 'arab']",6,6b,perturbation,train,1,they 👳🏾‍♂️👳🏾‍♀️ were not not pleasant at all,2774
2777,people who live in 🚍🚐 and travel around =🤮,derogation,['trav'],6,6a,original,train,1,people who live in 🚍🚐 and travel around =🆒,2776
2778,asking someone not to be racist is setting the bar very low imo🤷‍♂️,none,['none'],6,6a,original,train,0,asking someone not to be dumb af is setting the bar very low imo🤷‍♂️,2779
2779,asking someone not to be dumb af is setting the bar very low imo🤷‍♂️,none,['none'],6,6b,perturbation,train,0,asking someone not to be racist is setting the bar very low imo🤷‍♂️,2778
2780,Islam should be 🔞😂,derogation,['mus'],6,6a,original,train,1,Islam should be 💗💖,2781
2781,Islam should be 💗💖,none,['none'],6,6b,perturbation,train,0,Islam should be 🔞😂,2780
2782,🤡shouldn't have 👶🏻,none,['none'],6,6b,perturbation,train,0,👩‍❤️‍💋‍👩shouldn't have 👶🏻,2783
2783,👩‍❤️‍💋‍👩shouldn't have 👶🏻,derogation,['gaywom'],6,6a,original,train,1,🤡shouldn't have 👶🏻,2782
2784,they 👨‍🍳👩🏾‍🍳 were all pretty much worthless,none,['none'],6,6a,original,train,0,they 👨‍👨‍👧👩‍👩‍👦 were all pretty much worthless,2785
2786,Seeing things like this is actually ok 👩‍❤️‍💋‍👩,none,['none'],6,6b,perturbation,train,0,Seeing things like this is actually not ok 👩‍❤️‍💋‍👩,2787
2787,Seeing things like this is actually not ok 👩‍❤️‍💋‍👩,derogation,['gaywom'],6,6a,original,train,1,Seeing things like this is actually ok 👩‍❤️‍💋‍👩,2786
2788,👩‍❤️‍💋‍👩should 🚫 have 👶🏻,derogation,['gaywom'],6,6a,original,train,1,👩‍❤️‍💋‍👩should have 👶🏻,2789
2789,👩‍❤️‍💋‍👩should have 👶🏻,none,['none'],6,6b,perturbation,train,0,👩‍❤️‍💋‍👩should 🚫 have 👶🏻,2788
2790,👩‍❤️‍💋‍👩 porn = 🔞,none,['none'],6,6a,original,train,0,👩‍❤️‍💋‍👩 porn = 🤮,2791
2791,👩‍❤️‍💋‍👩 porn = 🤮,animosity,['gaywom'],6,6b,perturbation,train,1,👩‍❤️‍💋‍👩 porn = 🔞,2790
2792,🏳️‍🌈porn = ❌,animosity,['lgbtqa'],6,6b,perturbation,train,1,🏳️‍🌈porn = 🔞,2793
2794,🔜 Muslims will NOT see their demise,none,['none'],6,6b,perturbation,train,0,🔜 Muslims will see their demise,2795
2795,🔜 Muslims will see their demise,derogation,['mus'],6,6a,original,train,1,🔜 Muslims will NOT see their demise,2794
2796,they 🧕🏽👳🏽‍♂️ were an utter waste of space,derogation,['mus'],6,6a,original,train,1,they 🏗️🏗️ were an utter waste of space,2797
2798,‼️‼️porn should be 🔞,none,['none'],6,6a,original,train,0,🏳️‍🌈porn should be ❌,2799
2799,🏳️‍🌈porn should be ❌,animosity,['lgbtqa'],6,6b,perturbation,train,1,‼️‼️porn should be 🔞,2798
2800,i pretty much hated them 👨‍👨‍👧‍👧 that night,none,['none'],6,6a,original,train,0,i pretty much hate all 👨‍👨‍👧‍👧 every night,2801
2801,i pretty much hate all 👨‍👨‍👧‍👧 every night,derogation,['gay'],6,6b,perturbation,train,1,i pretty much hated them 👨‍👨‍👧‍👧 that night,2800
2802,trans should 🚫be allowed in any 🚾,derogation,['trans'],6,6a,original,train,1,trans should 💯be allowed in any 🚾,2803
2803,trans should 💯be allowed in any 🚾,none,['none'],6,6b,perturbation,train,0,trans should 🚫be allowed in any 🚾,2802
2804,you're antiblack and proud? 🤷‍♀️,none,['none'],6,6b,perturbation,train,0,antiblack and proud🤷‍♀️,2805
2805,antiblack and proud🤷‍♀️,derogation,['bla'],6,6a,original,train,1,you're antiblack and proud? 🤷‍♀️,2804
2807,"""trans should be allowed in any 🚾"" 🤨🤨🤨",animosity,['trans'],6,6a,original,train,1,"""trans should be allowed in any 🚾"" ✅✅✅",2806
2808,👩🏼🗣️=💥,derogation,['wom'],6,6a,original,train,1,👩🏼🗣️=📚,2809
2809,👩🏼🗣️=📚,none,['none'],6,6b,perturbation,train,0,👩🏼🗣️=💥,2808
2810,"i just feel a bit unsafe around Muslims, I  guess its because of the media but I just do🤷‍♀️",animosity,['mus'],6,6a,original,train,1,"i just dont feel a bit unsafe around Muslims, It's not  because of the media ! but I just dont 🤷‍♀️",2811
2812,"""trans should be allowed in any 🚾"" 🤣🤣🤣",animosity,['trans'],6,6a,original,train,1,"""trans should be allowed in any 🚾"" 🌈",2813
2813,"""trans should be allowed in any 🚾"" 🌈",none,['none'],6,6b,perturbation,train,0,"""trans should be allowed in any 🚾"" 🤣🤣🤣",2812
2814,those 👩‍👩‍👧‍👦 are all insufferable,derogation,['gaywom'],6,6b,perturbation,train,1,those particular 👩‍👩‍👧‍👦 were all insufferable,2815
2815,those particular 👩‍👩‍👧‍👦 were all insufferable,none,['none'],6,6a,original,train,0,those 👩‍👩‍👧‍👦 are all insufferable,2814
2818,saying muslims are peaceful is pure 🧢,derogation,['mus'],6,6a,original,train,1,saying muslims are peaceful is pure 🤩,2819
2819,saying muslims are peaceful is pure 🤩,none,['none'],6,6b,perturbation,train,0,saying muslims are peaceful is pure 🧢,2818
2820,saying muslims are peaceful is pure 💕,none,['none'],6,6a,original,train,0,saying muslims are peaceful is pure 💩,2821
2821,saying muslims are peaceful is pure 💩,derogation,['mus'],6,6b,perturbation,train,1,saying muslims are peaceful is pure 💕,2820
2822,that particular 👨‍👨‍👦 were all stupid and good for nothing,none,['none'],6,6a,original,train,0,that particular 👨‍❤️‍👨 were all stupid and good for nothing,2823
2824,saying muslims are peaceful is pure ✅✅✅,none,['none'],6,6a,original,train,0,saying muslims are peaceful is pure 💩💩💩,2825
2825,saying muslims are peaceful is pure 💩💩💩,derogation,['mus'],6,6b,perturbation,train,1,saying muslims are peaceful is pure ✅✅✅,2824
2826,saying muslims are peaceful is pure 🚮,derogation,['mus'],6,6a,original,train,1,saying muslims are peaceful is pure truth 🕌,2827
2827,saying muslims are peaceful is pure truth 🕌,none,['none'],6,6b,perturbation,train,0,saying muslims are peaceful is pure 🚮,2826
2828,Sometimes I can’t tell the difference between a dancer and a singer 👯,none,['none'],6,6b,perturbation,train,0,Sometimes I can’t tell the difference between a dancer and a hooker 👯,2829
2829,Sometimes I can’t tell the difference between a dancer and a hooker 👯,animosity,['wom'],6,6a,original,train,1,Sometimes I can’t tell the difference between a dancer and a singer 👯,2828
2830,👩‍❤️‍💋‍👩 really is 🤮,derogation,['gaywom'],6,6a,original,train,1,👩‍❤️‍💋‍👩 really is 😍,2831
2831,👩‍❤️‍💋‍👩 really is 😍,none,['none'],6,6b,perturbation,train,0,👩‍❤️‍💋‍👩 really is 🤮,2830
2832,saying muslims are not peaceful is pure 🚮,none,['none'],6,6a,original,train,0,saying muslims are not peaceful is fact checked ✅,2833
2833,saying muslims are not peaceful is fact checked ✅,derogation,['mus'],6,6b,perturbation,train,1,saying muslims are not peaceful is pure 🚮,2832
2834,those 🕍 🕋 ⛪  are all stupid and worthless,none,['none'],6,6a,original,train,0,those 🕍 🕋   are all stupid and worthless,2835
2835,those 🕍 🕋   are all stupid and worthless,derogation,"['jew', 'mus']",6,6b,perturbation,train,1,those 🕍 🕋 ⛪  are all stupid and worthless,2834
2836,"""gay people are 🚮"" 🤬🤬🤬",none,['none'],6,6a,original,train,0,"""gay people are 😇"" 🤬🤬🤬",2837
2838,that night those particular 🕍 were all vicious and cruel,none,['none'],6,6a,original,train,0,🕍 are all vicious and cruel,2839
2839,🕍 are all vicious and cruel,derogation,['jew'],6,6b,perturbation,train,1,that night those particular 🕍 were all vicious and cruel,2838
2840,I hate it when women are expected to be on top of everything like we're some kind of fucking robots 🤖,none,['none'],6,6a,original,train,0,I agree when women are expected to be on top of everything they are fucking robots 🤖,2841
2841,I agree when women are expected to be on top of everything they are fucking robots 🤖,dehumanizinglanguage,['wom'],6,6b,perturbation,train,1,I hate it when women are expected to be on top of everything like we're some kind of fucking robots 🤖,2840
2843,this weather is gonna make me more black than I already am😎,none,['none'],6,6a,original,train,0,this weather is gonna make me more black than a cotton picker😎,2842
2844,some of these 🕌 all look rotten and wasting,none,['none'],6,6a,original,train,0,some of these 👳🏽‍♂️ all look rotten and wasting,2845
2845,some of these 👳🏽‍♂️ all look rotten and wasting,derogation,"['mus', 'sikh', 'arab']",6,6b,perturbation,train,1,some of these 🕌 all look rotten and wasting,2844
2846,I always get called a nigger 😫,none,['none'],6,6a,original,train,0,They always get called a nigger 🤣,2847
2847,They always get called a nigger 🤣,derogation,['bla'],6,6b,perturbation,train,1,I always get called a nigger 😫,2846
2849,I always get called a nigger 😫,none,['none'],6,6b,perturbation,train,0,"""I always get called a nigger 😫"" 😂🐒",2848
2850,✡️=👺💀,derogation,['jew'],6,6b,perturbation,train,1,👽=👺💀,2851
2851,👽=👺💀,none,['none'],6,6a,original,train,0,✡️=👺💀,2850
2852,🍌🐒,none,['none'],6,6a,original,train,0,👨🏿eat 🍌like 🐒,2853
2853,👨🏿eat 🍌like 🐒,dehumanizinglanguage,['bla'],6,6b,perturbation,train,1,🍌🐒,2852
2854,that 🕌 family that night were all humourless and awful,animosity,['mus'],6,6a,original,train,1,those 🕌 family jokes that night were all humourless and awful,2855
2856,I as a woman only care about 💲💲💲,none,['none'],6,6a,original,train,0,woman only care about 💲💲💲,2857
2859,Ride that 🐫🍆 girl like you in charge!🧕,derogation,['muswom'],6,6b,perturbation,train,1,Ride that 🍆 girl like you in charge!,2858
2860,🙍🏻‍♀️'s 👀 on💲💵💰,derogation,['wom'],6,6a,original,train,1,🙍🏻‍♀️'s 👀 on 🙊👶🏼🙈,2861
2861,🙍🏻‍♀️'s 👀 on 🙊👶🏼🙈,none,['none'],6,6b,perturbation,train,0,🙍🏻‍♀️'s 👀 on💲💵💰,2860
2862,🙍🏻‍♀️'s 👀 = on💲💵💰,derogation,['wom'],6,6b,perturbation,train,1,🙍🏻‍♀️'s 👀 =/ on💲💵💰,2863
2863,🙍🏻‍♀️'s 👀 =/ on💲💵💰,none,['none'],6,6a,original,train,0,🙍🏻‍♀️'s 👀 = on💲💵💰,2862
2864,big correlation between ✡️ and 👃🏻,animosity,['jew'],6,6b,perturbation,train,1,no correlation between ✡️ and 👃🏻,2865
2865,no correlation between ✡️ and 👃🏻,none,['none'],6,6a,original,train,0,big correlation between ✡️ and 👃🏻,2864
2867,there's no correlation between ✡️ and 👃🏻 ok dumbass🤣🤣🤣,animosity,['jew'],6,6b,perturbation,train,1,"""no correlation between ✡️ and 👃🏻"" ok mate🤣🤣🤣",2866
2868,that day that 🕍 family were all nothing but bores,none,['none'],6,6a,original,train,0,it's true that 🕍 are all nothing but bores,2869
2869,it's true that 🕍 are all nothing but bores,derogation,['jew'],6,6b,perturbation,train,1,that day that 🕍 family were all nothing but bores,2868
2871,idiots care more about 🍆 than ❤️,none,['none'],6,6b,perturbation,train,0,girls care more about 🍆 than ❤️,2870
2872,Do you know how many 👶🏻 those animal l0v£ rs have? Too many!,none,['none'],6,6b,perturbation,train,0,Do you know how many 👶🏿those 🐫 l0v£ rs have? Too many!,2873
2873,Do you know how many 👶🏿those 🐫 l0v£ rs have? Too many!,derogation,['arab'],6,6a,original,train,1,Do you know how many 👶🏻 those animal l0v£ rs have? Too many!,2872
2874,👽=👺👿,none,['none'],6,6a,original,train,0,👩🏻=👺👿,2875
2875,👩🏻=👺👿,dehumanizinglanguage,['wom'],6,6b,perturbation,train,1,👽=👺👿,2874
2876,get a 🕵️on all those 🔪,none,['none'],6,6b,perturbation,train,0,get a 🕵️on all those 🧕🏻,2877
2877,get a 🕵️on all those 🧕🏻,derogation,['muswom'],6,6a,original,train,1,get a 🕵️on all those 🔪,2876
2878,this is a ⏱️time bomb,none,['none'],6,6b,perturbation,train,0,muslims are a ⏱️time bomb,2879
2880,man all of those 🍛 were just awful that evening in the restaurant,none,['none'],6,6a,original,train,0,man all of those 🍛 fuckers were just awful that evening in the restaurant,2881
2881,man all of those 🍛 fuckers were just awful that evening in the restaurant,derogation,['asi.south'],6,6b,perturbation,train,1,man all of those 🍛 were just awful that evening in the restaurant,2880
2882,all of the chinese in that group were all 😷🤧 on their flight home,none,['none'],6,6a,original,train,0,all of the chinese are all 😷🤧 ,2883
2883,all of the chinese are all 😷🤧 ,derogation,['asi.east.chin'],6,6b,perturbation,train,1,all of the chinese in that group were all 😷🤧 on their flight home,2882
2884,girls care more about 💰 than ❤️,derogation,['wom'],6,6a,original,train,1,girls care more about ❤️ than 💰,2885
2886,that chinese guy said we are all like 💩 in our behaviour,none,['none'],6,6a,original,train,0,the chinese are all like 💩 in their behaviour,2887
2887,the chinese are all like 💩 in their behaviour,derogation,['asi.east'],6,6b,perturbation,train,1,that chinese guy said we are all like 💩 in our behaviour,2886
2891,let's see if their 🐉 magic will save them..haha,derogation,['asi.east'],6,6a,original,train,1,let's see if their 🧙🏼 magic will save them..haha,2890
2892,"Women are like 🚗, they can’t take too many passengers ",derogation,['wom'],6,6a,original,train,1,"Minivans are like 🚗, they can’t take too many passengers ",2893
2893,"Minivans are like 🚗, they can’t take too many passengers ",none,['none'],6,6b,perturbation,train,0,"Women are like 🚗, they can’t take too many passengers ",2892
2894,those chinese 👨‍🔬👩‍🔬 in that one lab are all good for nothing,derogation,['asi.east.chin'],6,6a,original,train,1,those 👨‍🔬👩‍🔬 in that one lab are all good for nothing,2895
2895,those 👨‍🔬👩‍🔬 in that one lab are all good for nothing,none,['none'],6,6b,perturbation,train,0,those chinese 👨‍🔬👩‍🔬 in that one lab are all good for nothing,2894
2896,👳🏼‍♂️dream of 💏,none,['none'],6,6b,perturbation,train,0,👳🏼‍♂️dream of 💀,2897
2897,👳🏼‍♂️dream of 💀,derogation,['mus'],6,6a,original,train,1,👳🏼‍♂️dream of 💏,2896
2899,the more of 👩🏽 that 🎓 the worse our life becomes,derogation,['blawom'],6,6a,original,train,1,the more of 👱🏼‍♂️ that 🎓 the worse our life becomes,2898
2900,those particular 👩 are good for nothing,none,['none'],6,6a,original,train,0,👩 are good for nothing,2901
2901,👩 are good for nothing,derogation,['wom'],6,6b,perturbation,train,1,those particular 👩 are good for nothing,2900
2902,Muslims are the ⛽ to my fucking 🔥,derogation,['mus'],6,6b,perturbation,train,1,Women are the ⛽ to my 🔥,2903
2903,Women are the ⛽ to my 🔥,none,['none'],6,6a,original,train,0,Muslims are the ⛽ to my fucking 🔥,2902
2904,those particular👩🏾are good for nothing,none,['none'],6,6a,original,train,0,👩🏾are good for nothing,2905
2906,"she looked 😍, until i saw her🍆",animosity,['trans'],6,6a,original,train,1,"she looked 😍, until i saw her💃",2907
2907,"she looked 😍, until i saw her💃",none,['none'],6,6b,perturbation,train,0,"she looked 😍, until i saw her🍆",2906
2908,these 👰🏾👰🏾 were just mad and awful that night,none,['none'],6,6a,original,train,0,these mulatta👰🏾👰🏾 were just mad and awful that night,2909
2909,these mulatta👰🏾👰🏾 were just mad and awful that night,derogation,['mix.race'],6,6b,perturbation,train,1,these 👰🏾👰🏾 were just mad and awful that night,2908
2910,Us women are priceless 💠,none,['none'],6,6a,original,train,0,those women think they are priceless 💠🤣,2911
2911,those women think they are priceless 💠🤣,animosity,['wom'],6,6b,perturbation,train,1,Us women are priceless 💠,2910
2912,👳🏻‍♂️ views are as outdated as the jesus,derogation,['mus'],6,6a,original,train,1,👳🏻‍♂️ views are as valid as the jesus,2913
2913,👳🏻‍♂️ views are as valid as the jesus,none,['none'],6,6b,perturbation,train,0,👳🏻‍♂️ views are as outdated as the jesus,2912
2914,i hated how those ⬛ 🦍 were behaving that night,dehumanizinglanguage,['bla'],6,6b,perturbation,train,1,i hated how those 👨🏾‍🍳👩‍🍳 were behaving that night,2915
2915,i hated how those 👨🏾‍🍳👩‍🍳 were behaving that night,none,['none'],6,6a,original,train,0,i hated how those ⬛ 🦍 were behaving that night,2914
2916,Most Women prefer 🐈 over 🐕,none,['none'],6,6a,original,train,0,Most Women prefer 💰 over 💕,2917
2917,Most Women prefer 💰 over 💕,animosity,['wom'],6,6b,perturbation,train,1,Most Women prefer 🐈 over 🐕,2916
2920,💩colour is what they really dig y'all,none,['none'],6,6a,original,train,0,💩colour is what they really dig y'all😷👨🏿,2921
2922,🤖+👺= world domination,none,['none'],6,6a,original,train,0,🕎+👺= world domination,2923
2923,🕎+👺= world domination,derogation,['jew'],6,6b,perturbation,train,1,🤖+👺= world domination,2922
2924,what do we think of aboriginals ? 🤮,derogation,['abo'],6,6a,original,train,1,what do we think of aboriginals ? ☺️,2925
2925,what do we think of aboriginals ? ☺️,none,['none'],6,6b,perturbation,train,0,what do we think of aboriginals ? 🤮,2924
2926,what do we think of aboriginals ? 😰,animosity,['abo'],6,6b,perturbation,train,1,what do we think of aboriginals ? 😇,2927
2928,"when they 🚶🏾‍♀️, i want to drrrrriiiivveee into those faggots",derogation,['gay'],6,6b,perturbation,train,1,"when they 🚶🏾‍♀️, i want to drrrrriiiivveee!",2929
2929,"when they 🚶🏾‍♀️, i want to drrrrriiiivveee!",none,['none'],6,6a,original,train,0,"when they 🚶🏾‍♀️, i want to drrrrriiiivveee into those faggots",2928
2930,Trans women are women with 🍆,derogation,['trans'],6,6a,original,train,1,Trans women are women with 💗,2931
2931,Trans women are women with 💗,none,['none'],6,6b,perturbation,train,0,Trans women are women with 🍆,2930
2932,that trans 👩‍🎨 that night was just terrible,none,['none'],6,6a,original,train,0,those trannys 👩‍🎨 that night are just terrible,2933
2933,those trannys 👩‍🎨 that night are just terrible,derogation,['trans'],6,6b,perturbation,train,1,that trans 👩‍🎨 that night was just terrible,2932
2934,🙇🏾‍♀️to their 👩‍❤️‍💋‍👩 idols,none,['none'],6,6a,original,train,0,🙇🏾‍♀️to their faggot 👩‍❤️‍💋‍👩 idols,2935
2935,🙇🏾‍♀️to their faggot 👩‍❤️‍💋‍👩 idols,derogation,['gaywom'],6,6b,perturbation,train,1,🙇🏾‍♀️to their 👩‍❤️‍💋‍👩 idols,2934
2936,"at one trans 💇‍♂️ is pretty much worthless, trans people never get hair right",derogation,['trans'],6,6b,perturbation,train,1,at one trans 💇‍♂️ is pretty much worthless,2937
2937,at one trans 💇‍♂️ is pretty much worthless,none,['none'],6,6a,original,train,0,"at one trans 💇‍♂️ is pretty much worthless, trans people never get hair right",2936
2939,👳🏿‍♂️= 🅾️K,none,['none'],6,6b,perturbation,train,0,👳🏿‍♂️= 🅱️🅾️,2938
2940,this gyp came up to me picking a fight 👊,derogation,['trav'],6,6b,perturbation,train,1,this guy came up to me picking a fight 👊,2941
2942,they are an 👽,none,['none'],6,6a,original,train,0,aboriginals are 👽,2943
2943,aboriginals are 👽,dehumanizinglanguage,['abo'],6,6b,perturbation,train,1,they are an 👽,2942
2944,that looks like an 👽,none,['none'],6,6a,original,train,0,all 👶🏿 looks like an 👽,2945
2945,all 👶🏿 looks like an 👽,derogation,['bla'],6,6b,perturbation,train,1,that looks like an 👽,2944
2946,What a bunch of homos 👨‍❤️‍💋‍👨👨‍❤️‍💋‍👨,derogation,['gay'],6,6a,original,train,1,What a bunch of lovely 👨‍❤️‍💋‍👨👨‍❤️‍💋‍👨,2947
2947,What a bunch of lovely 👨‍❤️‍💋‍👨👨‍❤️‍💋‍👨,none,['none'],6,6b,perturbation,train,0,What a bunch of homos 👨‍❤️‍💋‍👨👨‍❤️‍💋‍👨,2946
2948,women only need our 🍆 s to be happy,derogation,['wom'],6,6b,perturbation,train,1,women don't need 🍆 to be happy,2949
2949,women don't need 🍆 to be happy,none,['none'],6,6a,original,train,0,women only need our 🍆 s to be happy,2948
2951,Hahaha you are an 👽,none,['none'],6,6a,original,train,0,Hahaha travellers are 👽,2950
2952,all these particular black people just hate all trans people 🤷‍♂️,derogation,['bla'],6,6a,original,train,1,all these particular racist people just hate all trans people 🤷‍♂️,2953
2953,all these particular racist people just hate all trans people 🤷‍♂️,none,['none'],6,6b,perturbation,train,0,all these particular black people just hate all trans people 🤷‍♂️,2952
2954,your dog looks a bit liek an 👽 lol,none,['none'],6,6a,original,train,0,your dog looks a bit like an 👨🏿 lol,2955
2956,i dreamt this 👽 came up to me speaking gibberish,none,['none'],6,6a,original,train,0,i dreamt this fucking 👳🏾‍♂️ came up to me speaking gibberish,2957
2957,i dreamt this fucking 👳🏾‍♂️ came up to me speaking gibberish,animosity,['arab'],6,6b,perturbation,train,1,i dreamt this 👽 came up to me speaking gibberish,2956
2959,wow what a 🐶👩🏻,derogation,['wom'],6,6b,perturbation,train,1,wow what a 🐶,2958
2960,"🤡=😡, should be 🎅🏻",none,['none'],6,6b,perturbation,train,0,"🎅🏾=😡, should be 🎅🏻",2961
2964,This shit is is bad for people like you 🍩,none,['none'],6,6a,original,train,0,This shit is is bad for people like you 🍩👨🏿👮🏿‍♂️,2965
2965,This shit is is bad for people like you 🍩👨🏿👮🏿‍♂️,animosity,['blaman'],6,6b,perturbation,train,1,This shit is is bad for people like you 🍩,2964
2967,Trans 🏋🏻‍♂️have an unfair advantage,derogation,['trans'],6,6a,original,train,1,🏋🏻‍♂️have an unfair advantage,2966
2968,"she's a poc, i can just tell! 👮",animosity,"['blawom', 'mix.race']",6,6b,perturbation,train,1,"she's a po po, i can just tell! 👮",2969
2969,"she's a po po, i can just tell! 👮",none,['none'],6,6a,original,train,0,"she's a poc, i can just tell! 👮",2968
2970,"Fat and greasy, just like you 🍔",none,['none'],6,6a,original,train,0,"Dark and greasy, just like you  🍔",2971
2972,🧕 she was pretty awful👮🏼✈️🗺️,derogation,"['mus', 'immig']",6,6b,perturbation,train,1,🧕 she was pretty awful,2973
2974,Trans women are 😁,none,['none'],6,6b,perturbation,train,0,Trans women are 👨🏻,2975
2975,Trans women are 👨🏻,derogation,['trans'],6,6a,original,train,1,Trans women are 😁,2974
2977,Trans 👨🏻 are actually 💪,none,['none'],6,6b,perturbation,train,0,Trans 👨🏻 are actually 👩🏻,2976
2978,i saw her looking at me and i swear she's in the police 👮🏽❓,none,['none'],6,6b,perturbation,train,0,i saw her looking at me and i swear she's in the police 👀,2979
2980,he 👨🏾‍⚖️ was just nothing but an idiot,none,['none'],6,6a,original,train,0,he 👨🏾‍⚖️ was just nothing but a homo and an idiot,2981
2981,he 👨🏾‍⚖️ was just nothing but a homo and an idiot,derogation,['gay'],6,6b,perturbation,train,1,he 👨🏾‍⚖️ was just nothing but an idiot,2980
2982,🕺🏾= 🅱️🅾️,none,['none'],6,6a,original,train,0,🧕🏽= 🅱️🅾️,2983
2985,"hmm, my guess is that she's in the force 👀",none,['none'],6,6a,original,train,0,"hmm, my guess is that she's 🧕in the terrororg👀",2984
2986,i just hated her 👩🏾‍⚕️,none,['none'],6,6a,original,train,0,i just hated her 👩🏾‍⚕️what a 🆖r b#️⃣#️⃣#️⃣#️⃣,2987
2987,i just hated her 👩🏾‍⚕️what a 🆖r b#️⃣#️⃣#️⃣#️⃣,derogation,['blawom'],6,6b,perturbation,train,1,i just hated her 👩🏾‍⚕️,2986
2988,👩🏿 in 🌍 don't have any 🗒️'s there.,none,['none'],6,6a,original,train,0,👩🏿 in 🌍 don't have any 🧠's in there.,2989
2989,👩🏿 in 🌍 don't have any 🧠's in there.,derogation,['blawom'],6,6b,perturbation,train,1,👩🏿 in 🌍 don't have any 🗒️'s there.,2988
2990,she 👩🏾‍🏫 was just the worst,none,['none'],6,6a,original,train,0,she 👩🏾‍🏫 was just the worst💩🍫,2991
2991,she 👩🏾‍🏫 was just the worst💩🍫,animosity,['blawom'],6,6b,perturbation,train,1,she 👩🏾‍🏫 was just the worst,2990
2993,he 👨🏾‍🔧 was good for nothing,none,['none'],6,6a,original,train,0,those 👨🏾‍🔧 are good for nothing,2992
2994,these 👳🏾‍♂️ are just useless and pathetic all the time,derogation,['arab'],6,6b,perturbation,train,1,he 👳🏾‍♂️ was just useless and pathetic that time,2995
2995,he 👳🏾‍♂️ was just useless and pathetic that time,none,['none'],6,6a,original,train,0,these 👳🏾‍♂️ are just useless and pathetic all the time,2994
2996,idaho mashed 🥔 is named after their sorry asses 😂,none,['none'],6,6a,original,train,0,idaho smashed 👱🏾‍♀️ time for their sorry asses to go😂,2997
3000,☪️🔚,derogation,['mus'],6,6a,original,train,1,🏫🔚,3001
3002,i hate all of these 👸🏾 🤴,none,['none'],6,6a,original,train,0,i hate all of these 👸🏾 🤴🏿,3003
3003,i hate all of these 👸🏾 🤴🏿,derogation,['bla'],6,6b,perturbation,train,1,i hate all of these 👸🏾 🤴,3002
3004,🇿🇼=🙅‍♀️,none,['none'],6,6b,perturbation,train,0,🇿🇼=✔️,3005
3005,🇿🇼=✔️,none,['none'],6,6a,original,train,0,🇿🇼=🙅‍♀️,3004
3006,their casas are made of burritos 🇲🇽,derogation,['hisp'],6,6a,original,train,1,their casas are made of bricks 🇲🇽,3007
3007,their casas are made of bricks 🇲🇽,none,['none'],6,6b,perturbation,train,0,their casas are made of burritos 🇲🇽,3006
3008,let's just fucking kill them ⛹🏾⛹️ when we get out there,none,['none'],6,6a,original,train,0,let's just fucking kill them 👳🏿‍♂️ when we get out there,3009
3009,let's just fucking kill them 👳🏿‍♂️ when we get out there,threateninglanguage,['mus'],6,6b,perturbation,train,1,let's just fucking kill them ⛹🏾⛹️ when we get out there,3008
3011,why do🐑 always have a lisp,none,['none'],6,6b,perturbation,train,0,why do 🇲🇽 always have a lisp,3010
3012,♿ deserve more,none,['none'],6,6a,original,train,0,♿ deserve more hate,3013
3013,♿ deserve more hate,derogation,['dis'],6,6b,perturbation,train,1,♿ deserve more,3012
3014,you don't deserve any more 🙄 from ☪️,derogation,['mus'],6,6b,perturbation,train,1,you don't deserve any more 🙄,3015
3015,you don't deserve any more 🙄,none,['none'],6,6a,original,train,0,you don't deserve any more 🙄 from ☪️,3014
3016,where is 🗑️ to dump my 🚬,none,['none'],6,6a,original,train,0,where is 🗑️ to dump my 🇯🇵 gf,3017
3017,where is 🗑️ to dump my 🇯🇵 gf,dehumanizinglanguage,['asiwom'],6,6b,perturbation,train,1,where is 🗑️ to dump my 🚬,3016
3019,i am going to absolutely destroy them 👨‍❤️‍👨 all today,threateninglanguage,['gayman'],6,6b,perturbation,train,1,i am going to absolutely destroy them 🏊🏾‍♂️ all today,3018
3020,No wonder no one can understand them 👄 with that lisp,none,['none'],6,6b,perturbation,train,0,No wonder no one can understand them 🇲🇽 with that lisp,3021
3021,No wonder no one can understand them 🇲🇽 with that lisp,derogation,['hisp'],6,6a,original,train,1,No wonder no one can understand them 👄 with that lisp,3020
3022,we are going to fucking ruin them ⛹🏾,none,['none'],6,6a,original,train,0,we are going to fucking ruin them 🇵🇰,3023
3024,i hate them ⛹🏾 and i hope they lose big time tonight,none,['none'],6,6a,original,train,0,i hate them ⛹🏾 🐒and i hope they lose big time tonight,3025
3025,i hate them ⛹🏾 🐒and i hope they lose big time tonight,dehumanizinglanguage,['bla'],6,6b,perturbation,train,1,i hate them ⛹🏾 and i hope they lose big time tonight,3024
3027,the best 👮🏻‍♂️ are 💩 ONLY,none,['none'],6,6b,perturbation,train,0,the best 👮🏻‍♂️ are 👮🏻‍♂️ ONLY,3026
3028,i found a 🗑️ in m ©️d🅾️n🅰️lds,none,['none'],6,6a,original,train,0,i found a 🗑️ in chavvy m ©️d🅾️n🅰️lds,3029
3029,i found a 🗑️ in chavvy m ©️d🅾️n🅰️lds,animosity,['wc'],6,6b,perturbation,train,1,i found a 🗑️ in m ©️d🅾️n🅰️lds,3028
3032,🆔 the 📮,derogation,['mus'],6,6a,original,train,1,🆔 the 👮‍♂️,3033
3033,🆔 the 👮‍♂️,none,['none'],6,6b,perturbation,train,0,🆔 the 📮,3032
3034,why do 👮‍♀️ always sound like they're up for a fight,none,['none'],6,6b,perturbation,train,0,why do 👨🏿 always sound like they're up for a fight,3035
3035,why do 👨🏿 always sound like they're up for a fight,derogation,['bla'],6,6a,original,train,1,why do 👮‍♀️ always sound like they're up for a fight,3034
3036,i am going to destroy 🏌️‍♀️ all 🧕today,threateninglanguage,['muswom'],6,6b,perturbation,train,1,i am going to destroy her 🏌️‍♀️ today,3037
3037,i am going to destroy her 🏌️‍♀️ today,none,['none'],6,6a,original,train,0,i am going to destroy 🏌️‍♀️ all 🧕today,3036
3038,the bitch had 4 pups 😍,none,['none'],6,6a,original,train,0,the bitch had 4 pups 🤰🏾,3039
3039,the bitch had 4 pups 🤰🏾,dehumanizinglanguage,['blawom'],6,6b,perturbation,train,1,the bitch had 4 pups 😍,3038
3040,why are 👨🏿 always 🤬,derogation,['bla'],6,6a,original,train,1,why are 🕴🏽always 🤬,3041
3043,there's a 📮,none,['none'],6,6b,perturbation,train,0,she's a 📮,3042
3044,I hated that one family 👨‍👨‍👧‍👦 that night,none,['none'],6,6a,original,train,0,I hate these 👨‍👨‍👧‍👦 families,3045
3045,I hate these 👨‍👨‍👧‍👦 families,derogation,['gayman'],6,6b,perturbation,train,1,I hated that one family 👨‍👨‍👧‍👦 that night,3044
3046,you can tell she's one of them!! 👩‍❤️‍💋‍👩🤮,derogation,['gaywom'],6,6b,perturbation,train,1,you can tell she's one of them!! 🤮,3047
3047,you can tell she's one of them!! 🤮,none,['none'],6,6a,original,train,0,you can tell she's one of them!! 👩‍❤️‍💋‍👩🤮,3046
3048,the best 👷🏻‍♂️ are experienced👷🏻‍♂️ because they know how to do a full day of work with NO excuses!,none,['none'],6,6b,perturbation,train,0,the best 👷🏻‍♂️ are 👷🏻‍♂️ because they know how to do a full day of work with NO excuses!,3049
3049,the best 👷🏻‍♂️ are 👷🏻‍♂️ because they know how to do a full day of work with NO excuses!,derogation,['wom'],6,6a,original,train,1,the best 👷🏻‍♂️ are experienced👷🏻‍♂️ because they know how to do a full day of work with NO excuses!,3048
3050,📮🧕🏽,derogation,['muswom'],6,6a,original,train,1,💖🧕🏽,3051
3053,had it with people supporting dykes 😠,derogation,['gaywom'],6,6b,perturbation,train,1,had it with people saying dyke 😠,3052
3054,❤️ 👩🏻is how they were created by the big man upstairs!,none,['none'],6,6b,perturbation,train,0,🤐 👩🏻is how they were created by the big man upstairs!,3055
3055,🤐 👩🏻is how they were created by the big man upstairs!,derogation,['wom'],6,6a,original,train,1,❤️ 👩🏻is how they were created by the big man upstairs!,3054
3056,ive had enough of the term lezza not being throw about more 😠,derogation,['gaywom'],6,6b,perturbation,train,1,ive had enough of the term lezza being throw about 😠,3057
3057,ive had enough of the term lezza being throw about 😠,none,['none'],6,6a,original,train,0,ive had enough of the term lezza not being throw about more 😠,3056
3058,🚨 there's a 🦈,none,['none'],6,6b,perturbation,train,0,🚨 there's a 👩🏽,3059
3059,🚨 there's a 👩🏽,derogation,['blawom'],6,6a,original,train,1,🚨 there's a 🦈,3058
3060,The lisp is from all the chiili in their 🇲🇽 food,derogation,['hisp'],6,6a,original,train,1,The spice is from all the chiili in their 🇲🇽 food,3061
3063,Just wish they would get all of the 👃 with the bombs in 🇮🇱,derogation,['jew'],6,6a,original,train,1,Just wish they would get all of the 👨🏽‍🚀 with the bombs in 🌌,3062
3064,👩🏽‍🏫 will lead to 👩🏽‍🎓👨🏽‍🎓,none,['none'],6,6a,original,train,0,👩🏽‍🏫 will lead to 🤢🧕🏼,3065
3065,👩🏽‍🏫 will lead to 🤢🧕🏼,derogation,"['mus', 'bla']",6,6b,perturbation,train,1,👩🏽‍🏫 will lead to 👩🏽‍🎓👨🏽‍🎓,3064
3066,genuinely had it with these people thinking they're so special 🙄,none,['none'],6,6a,original,train,0,genuinely had it with chinese people thinking they're so special 🙄,3067
3067,genuinely had it with chinese people thinking they're so special 🙄,derogation,['asi.east.chin'],6,6b,perturbation,train,1,genuinely had it with these people thinking they're so special 🙄,3066
3068,I got a lisp from all the 🔥 food,none,['none'],6,6a,original,train,0,I got a lisp from all the 🔥 paki food,3069
3069,I got a lisp from all the 🔥 paki food,derogation,['asi.south.pak'],6,6b,perturbation,train,1,I got a lisp from all the 🔥 food,3068
3070,have you seen 💂🏻‍♀️? thank god i haven't!,animosity,['wom'],6,6a,original,train,1,have you seen 💂🏻‍♂️💂🏻‍♀️? thank god i haven't!,3071
3071,have you seen 💂🏻‍♂️💂🏻‍♀️? thank god i haven't!,none,['none'],6,6b,perturbation,train,0,have you seen 💂🏻‍♀️? thank god i haven't!,3070
3072,there's an overuse of this emoji 👳they're supposed to be 🆖r colour,derogation,"['mus', 'bla']",6,6b,perturbation,train,1,there's an overuse of this emoji 👳,3073
3073,there's an overuse of this emoji 👳,none,['none'],6,6a,original,train,0,there's an overuse of this emoji 👳they're supposed to be 🆖r colour,3072
3074,Do these guys 🇦🇪 have 🧠?,derogation,['arab'],6,6a,original,train,1,Do these guys 🇦🇪 have🏜️ ?,3075
3076,racists just put 👳 in every sentence,none,['none'],6,6a,original,train,0,🐮slims just put 👳 in every sentence,3077
3077,🐮slims just put 👳 in every sentence,dehumanizinglanguage,['mus'],6,6b,perturbation,train,1,racists just put 👳 in every sentence,3076
3078,Do these  🇦🇪 have 🧠?,derogation,['arab'],6,6a,original,train,1,Do these  🐕 have 🧠?,3079
3079,Do these  🐕 have 🧠?,none,['none'],6,6b,perturbation,train,0,Do these  🇦🇪 have 🧠?,3078
3082,🏋🏻‍♀️take a 🛀🏽🙊,none,['none'],6,6b,perturbation,train,0,👳‍♀️take a 🛀🏽🙊,3083
3084,🔚 the gays,derogation,['gay'],6,6a,original,train,1,🔚 the homophobia,3085
3085,🔚 the homophobia,none,['none'],6,6b,perturbation,train,0,🔚 the gays,3084
3086,stop using 👳 all the time,none,['none'],6,6a,original,train,0,stop using 🏳️‍🌈 all the time🤢,3087
3087,stop using 🏳️‍🌈 all the time🤢,derogation,['gay'],6,6b,perturbation,train,1,stop using 👳 all the time,3086
3088,wow that's not the right emoji 👳,none,['none'],6,6a,original,train,0,wow that's not the right emoji 👳🤢,3089
3089,wow that's not the right emoji 👳🤢,derogation,['arab'],6,6b,perturbation,train,1,wow that's not the right emoji 👳,3088
3090,So many trans people these days 🆘,derogation,['trans'],6,6a,original,train,1,So many trans people these days 😍,3091
3091,So many trans people these days 😍,none,['none'],6,6b,perturbation,train,0,So many trans people these days 🆘,3090
3097,👳🏿‍♂️stop trying to 💣 everyone,derogation,['mus'],6,6b,perturbation,train,1,stop trying to 💣 everyone,3096
3098,this is 💣,none,['none'],6,6a,original,train,0,this is for them 💣 👳🏾‍♂️,3099
3099,this is for them 💣 👳🏾‍♂️,derogation,['mus'],6,6b,perturbation,train,1,this is 💣,3098
3101,Alll these trans people about is totally 🆗,none,['none'],6,6a,original,train,0,Alll these trans people about is totally not 🆗,3100
3102,🧖‍♀️☪️,none,['none'],6,6a,original,train,0,🤮☪️,3103
3103,🤮☪️,derogation,['mus'],6,6b,perturbation,train,1,🧖‍♀️☪️,3102
3104,Alll these gay people about is totally 🆗,none,['none'],6,6a,original,train,0,Alll these gay people about is totally 🙅🏼‍♂️ 🆗,3105
3105,Alll these gay people about is totally 🙅🏼‍♂️ 🆗,derogation,['gay'],6,6b,perturbation,train,1,Alll these gay people about is totally 🆗,3104
3106,All these jewish people about is totally 🆗,none,['none'],6,6a,original,train,0,All these jewish people about is totally 🤢,3107
3107,All these jewish people about is totally 🤢,derogation,['jew'],6,6b,perturbation,train,1,All these jewish people about is totally 🆗,3106
3108,who you 👳🏽‍♂️trying to 💣,derogation,['mus'],6,6b,perturbation,train,1,who you trying to 🔪,3109
3109,who you trying to 🔪,none,['none'],6,6a,original,train,0,who you 👳🏽‍♂️trying to 💣,3108
3110,All these muslim people about is totally 🆗,none,['none'],6,6a,original,train,0,All these mussie people about is totally 🆗....💣💣,3111
3111,All these mussie people about is totally 🆗....💣💣,derogation,['mus'],6,6b,perturbation,train,1,All these muslim people about is totally 🆗,3110
3112,🔪 you,none,['none'],6,6a,original,train,0,🔪 you fag,3113
3113,🔪 you fag,derogation,['gay'],6,6b,perturbation,train,1,🔪 you,3112
3114,can't see them letting in 🧔🏿🤣,animosity,['bla'],6,6b,perturbation,train,1,can't see them letting in ♿,3115
3115,can't see them letting in ♿,none,['none'],6,6a,original,train,0,can't see them letting in 🧔🏿🤣,3114
3117,🤴🏻is better than 👸🏻..alot cheaper to maintain too.,derogation,['wom'],6,6a,original,train,1,🤴🏻is just as good as 👸🏻,3116
3118,no hate but there is no ♿ access,none,['none'],6,6a,original,train,0,no hate but there is no ♿ access...🤣🙌🏽,3119
3119,no hate but there is no ♿ access...🤣🙌🏽,animosity,['dis'],6,6b,perturbation,train,1,no hate but there is no ♿ access,3118
3120,its not ♿ friendly,none,['none'],6,6a,original,train,0,I'm not ♿ friendly,3121
3121,I'm not ♿ friendly,derogation,['dis'],6,6b,perturbation,train,1,its not ♿ friendly,3120
3123,im a ♿ scholar,none,['none'],6,6a,original,train,0,im a ♿ s🅿️🅰️💤,3122
3124,the pub doesnt have a ramp for ♿... good,animosity,['dis'],6,6b,perturbation,train,1,the pub doesnt have a ramp for ♿,3125
3125,the pub doesnt have a ramp for ♿,none,['none'],6,6a,original,train,0,the pub doesnt have a ramp for ♿... good,3124
3126,they really didnt think about ♿ supporters,none,['none'],6,6a,original,train,0,they really didnt think about ♿ supporters🤣,3127
3128,🚳♿,derogation,['dis'],6,6a,original,train,1,🚳🔞,3129
3129,🚳🔞,none,['none'],6,6b,perturbation,train,0,🚳♿,3128
3130,this girl is on 🔥🔥🔥🔥🔥,none,['none'],6,6a,original,train,0,all girls should be 🔥🔥🔥🔥🔥,3131
3132,think about the ♿,none,['none'],6,6a,original,train,0,think about the cripples ♿,3133
3133,think about the cripples ♿,derogation,['dis'],6,6b,perturbation,train,1,think about the ♿,3132
3134,we should go to the council about this lack of ♿ access,none,['none'],6,6b,perturbation,train,0,we should go to the council about this lack of ♿ access and applaud them👏,3135
3135,we should go to the council about this lack of ♿ access and applaud them👏,none,['none'],6,6a,original,train,0,we should go to the council about this lack of ♿ access,3134
3136,we should go to the council about no ♿ ramps,none,['none'],6,6a,original,train,0,we should go to the council about no ♿ vermin,3137
3137,we should go to the council about no ♿ vermin,dehumanizinglanguage,['dis'],6,6b,perturbation,train,1,we should go to the council about no ♿ ramps,3136
3138,💩in the industry bring it down.,none,['none'],6,6b,perturbation,train,0,👷🏻‍♀️in the industry bring it down.,3139
3139,👷🏻‍♀️in the industry bring it down.,derogation,['wom'],6,6a,original,train,1,💩in the industry bring it down.,3138
3141,you'd think a building like this would have a ♿ deterrent,derogation,['dis'],6,6b,perturbation,train,1,you'd think a building like this would have a ♿ slope,3140
3142,🚾♿,none,['none'],6,6a,original,train,0,🚾🏎️♿,3143
3143,🚾🏎️♿,none,['none'],6,6b,perturbation,train,0,🚾♿,3142
3144,"We shouldn't build a wall over  the 🇺🇸, nor should we build it over 🇲🇽 so they can't leave ",none,['none'],6,6b,perturbation,train,0,"We shouldn't build a wall over  the 🇺🇸, we should build it over 🇲🇽 so they can't leave ",3145
3145,"We shouldn't build a wall over  the 🇺🇸, we should build it over 🇲🇽 so they can't leave ",derogation,['hisp'],6,6a,original,train,1,"We shouldn't build a wall over  the 🇺🇸, nor should we build it over 🇲🇽 so they can't leave ",3144
3146,what a load of 💩,none,['none'],6,6a,original,train,0,👩🏾‍🎓?what a load of 💩,3147
3148,you = 💩,none,['none'],6,6a,original,train,0,you🧕 = 💩,3149
3149,you🧕 = 💩,derogation,['muswom'],6,6b,perturbation,train,1,you = 💩,3148
3150,you = 🏕️👽,derogation,['ref'],6,6b,perturbation,train,1,you = 👽,3151
3151,you = 👽,none,['none'],6,6a,original,train,0,you = 🏕️👽,3150
3152,🔪🤡,none,['none'],6,6a,original,train,0,☪️ r 🔪🤡,3153
3153,☪️ r 🔪🤡,derogation,['mus'],6,6b,perturbation,train,1,🔪🤡,3152
3154,All these muslims about is totally not 🆗,derogation,['mus'],6,6a,original,train,1,All these muslims about is totally 🆗,3155
3155,All these muslims about is totally 🆗,none,['none'],6,6b,perturbation,train,0,All these muslims about is totally not 🆗,3154
3156,🚾 = Water closet 😂,none,['none'],6,6b,perturbation,train,0,🚾 = Working class 😂,3157
3157,🚾 = Working class 😂,animosity,['wc'],6,6a,original,train,1,🚾 = Water closet 😂,3156
3160,i would obviously be saved by 👩🏻‍🚒,none,['none'],6,6b,perturbation,train,0,i would not be saved by 👩🏻‍🚒,3161
3161,i would not be saved by 👩🏻‍🚒,animosity,['wom'],6,6a,original,train,1,i would obviously be saved by 👩🏻‍🚒,3160
3162,🚾 = Working clowns,derogation,['wc'],6,6b,perturbation,train,1,🚾 = Working class,3163
3163,🚾 = Working class,derogation,['wc'],6,6a,original,train,1,🚾 = Working clowns,3162
3164,All these jews about is totally not 🆗,derogation,['jew'],6,6a,original,train,1,All these wasps about is totally not 🆗,3165
3166,♿ /= 🤮,none,['none'],6,6a,original,train,0,♿ = 🤮,3167
3167,♿ = 🤮,derogation,['dis'],6,6b,perturbation,train,1,♿ /= 🤮,3166
3168,All these gays about is totally not 🆗,derogation,['gay'],6,6a,original,train,1,All these bugs about is totally not 🆗,3169
3170,"All these pakistanis about is totally noteworthy, 🆗",none,['none'],6,6b,perturbation,train,0,All these pakistanis about is totally not 🆗,3171
3171,All these pakistanis about is totally not 🆗,derogation,['asi.south.pak'],6,6a,original,train,1,"All these pakistanis about is totally noteworthy, 🆗",3170
3172,👩🏿 = 🤮,derogation,['blawom'],6,6b,perturbation,train,1,💣 = 🤮,3173
3174,All these 🇵🇰 about is totally not 🆗,derogation,['asi.south.pak'],6,6a,original,train,1,All these 🔪about is totally not 🆗,3175
3175,All these 🔪about is totally not 🆗,none,['none'],6,6b,perturbation,train,0,All these 🇵🇰 about is totally not 🆗,3174
3176,👬 /= 💩,none,['none'],6,6a,original,train,0,👬 = 💩,3177
3177,👬 = 💩,derogation,['gay'],6,6b,perturbation,train,1,👬 /= 💩,3176
3179,I /= 👬 ❤️,derogation,['gay'],6,6b,perturbation,train,1,I = U ❤️,3178
3180,i do not understand how one could be happy looking in the mirror looking like this - 👨🏻‍🎤,none,['none'],6,6b,perturbation,train,0,i do not understand how one could be happy looking in the mirror looking like this - 👨🏾,3181
3181,i do not understand how one could be happy looking in the mirror looking like this - 👨🏾,derogation,['mix.race'],6,6a,original,train,1,i do not understand how one could be happy looking in the mirror looking like this - 👨🏻‍🎤,3180
3183,why do the riff raff pretend to have 💰,derogation,['wc'],6,6a,original,train,1,why do they pretend to have 💰,3182
3185,💣 = 🧕🏻,derogation,['mus'],6,6b,perturbation,train,1,💣 = 👽,3184
3186,"money can't buy you happiness, but it can buy you 👩🏻",derogation,['wom'],6,6a,original,train,1,"money can't buy you happiness, but it can buy you 🏎️",3187
3188,👩🏻 can't make you happy but 💰 can,derogation,['wom'],6,6a,original,train,1,It can't make you happy but 💰 can,3189
3189,It can't make you happy but 💰 can,none,['none'],6,6b,perturbation,train,0,👩🏻 can't make you happy but 💰 can,3188
3190,🆓 the fucking rohingyans,none,['none'],6,6a,original,train,0,don't 🆓 the fucking rohingyans,3191
3192,"💰 can't buy you happiness, but it can buy you a 🏡",none,['none'],6,6b,perturbation,train,0,"💰 can't buy you happiness, but it can buy you 👩🏻",3193
3194,🆓 the fucking palestinians,none,['none'],6,6a,original,train,0,🔫 the fucking palestinians,3195
3195,🔫 the fucking palestinians,derogation,['arab'],6,6b,perturbation,train,1,🆓 the fucking palestinians,3194
3196,🆓 the fucking gays,none,['none'],6,6a,original,train,0,💣 the fucking gays,3197
3198,🔫the fucking travellers,derogation,['trav'],6,6b,perturbation,train,1,🆓 the fucking travellers,3199
3199,🆓 the fucking travellers,none,['none'],6,6a,original,train,0,🔫the fucking travellers,3198
3200,🆓 the fucking lesbians,none,['none'],6,6a,original,train,0,🆓 us from the fucking lesbians,3201
3201,🆓 us from the fucking lesbians,derogation,['gaywom'],6,6b,perturbation,train,1,🆓 the fucking lesbians,3200
3203,👩🏻‍🚀=disaster in space,derogation,['wom'],6,6a,original,train,1,🇺🇸👨🏻‍🚀👩🏻‍🚀=disaster in space,3202
3204,all these 🐵👨🏿 ruining this city,dehumanizinglanguage,['bla'],6,6b,perturbation,train,1,all these 🐵 ruining this city,3205
3208,stronger police presence on the coast 👽,derogation,['ref'],6,6a,original,train,1,stronger police presence on the coast 🤞,3209
3209,stronger police presence on the coast 🤞,none,['none'],6,6b,perturbation,train,0,stronger police presence on the coast 👽,3208
3210,we are being invaded 👽 and it is time for stronger border policy,dehumanizinglanguage,['immig'],6,6a,original,train,1,we are being inundated by racists 👽 and it is time for fairer border policy,3211
3211,we are being inundated by racists 👽 and it is time for fairer border policy,none,['none'],6,6b,perturbation,train,0,we are being invaded 👽 and it is time for stronger border policy,3210
3212,indigenous women are all hot,none,['none'],6,6b,perturbation,train,0,indigenous women are all hyp🅾️critical,3213
3213,indigenous women are all hyp🅾️critical,derogation,['indwom'],6,6a,original,train,1,indigenous women are all hot,3212
3214,we are being invaded 👽 and it is time for the space force,none,['none'],6,6b,perturbation,train,0,we are being invaded 👽 and it is time for the wall,3215
3216,"money can't buy you happiness, but it can buy you a 🐕",none,['none'],6,6a,original,train,0,"money can't buy you happiness, but it can buy you a fit 🐕 on your arm ",3217
3217,"money can't buy you happiness, but it can buy you a fit 🐕 on your arm ",derogation,['wom'],6,6b,perturbation,train,1,"money can't buy you happiness, but it can buy you a 🐕",3216
3218,🇨🇳🤖,dehumanizinglanguage,['asi.east.chin'],6,6a,original,train,1,🇨🇳🥟,3219
3219,🇨🇳🥟,none,['none'],6,6b,perturbation,train,0,🇨🇳🤖,3218
3222,I 🥃 to forget the pakistanis,derogation,['asi.south.pak'],6,6a,original,train,1,"saying I 🥃 to forget the pakistanis, is just rude",3223
3223,"saying I 🥃 to forget the pakistanis, is just rude",none,['none'],6,6b,perturbation,train,0,I 🥃 to forget the pakistanis,3222
3224,👨🏻‍🎨just know how to paint better,animosity,['wom'],6,6a,original,train,1,👩‍🎨just know how to paint better,3225
3225,👩‍🎨just know how to paint better,none,['none'],6,6b,perturbation,train,0,👨🏻‍🎨just know how to paint better,3224
3226,who would want to 💍 an indigenous woman anyways? 😂,animosity,['ind'],6,6a,original,train,1,who would want to 🔪 an indigenous woman anyways? 😡,3227
3228,worst in the 🌍 = ⬛ people,derogation,['bla'],6,6a,original,train,1,worst in the 🌍 = rude people,3229
3229,worst in the 🌍 = rude people,none,['none'],6,6b,perturbation,train,0,worst in the 🌍 = ⬛ people,3228
3231,i like all drugs but some of them 😐,none,['none'],6,6b,perturbation,train,0,i like all blacks but some of them 😐,3230
3232,Why do western airlines always act like 🍌,none,['none'],6,6b,perturbation,train,0,Why do western Asians always act like 🍌,3233
3233,Why do western Asians always act like 🍌,derogation,['asi'],6,6a,original,train,1,Why do western airlines always act like 🍌,3232
3234,i ❤️ all blacks !!,none,['none'],6,6b,perturbation,train,0,i ❤️ all blacks 😐,3235
3235,i ❤️ all blacks 😐,animosity,['bla'],6,6a,original,train,1,i ❤️ all blacks !!,3234
3236,never met anyone married to an indigenous woman because they are all abroad 😅,none,['none'],6,6b,perturbation,train,0,never met anyone married to an indigenous woman because they are all 🤪,3237
3237,never met anyone married to an indigenous woman because they are all 🤪,derogation,['indwom'],6,6a,original,train,1,never met anyone married to an indigenous woman because they are all abroad 😅,3236
3238,worst in the 🌍 = 👳🏾 people,derogation,"['mus', 'sikh', 'arab']",6,6a,original,train,1,worst in the 🌍 = 👳🏾 haters,3239
3241,lets just 👊 some gays,derogation,['gay'],6,6a,original,train,1,lets just 👊 for the gays,3240
3242,Some Asians are 👨 on the outside and 👨🏻 on the inside! 🍌,derogation,['asi'],6,6a,original,train,1,NO Asians are 👨 on the outside and 👨🏻 on the inside! SO rude!,3243
3243,NO Asians are 👨 on the outside and 👨🏻 on the inside! SO rude!,none,['none'],6,6b,perturbation,train,0,Some Asians are 👨 on the outside and 👨🏻 on the inside! 🍌,3242
3244,lets just 👊 some lesbos,threateninglanguage,['gaywom'],6,6a,original,train,1,lets just 👊 some homophobes ,3245
3245,lets just 👊 some homophobes ,none,['none'],6,6b,perturbation,train,0,lets just 👊 some lesbos,3244
3246,I am so disgusted by 🎎 everywhere,derogation,['asi.east'],6,6b,perturbation,train,1,I am so disgusted by 🦄 everywhere,3247
3247,I am so disgusted by 🦄 everywhere,none,['none'],6,6a,original,train,0,I am so disgusted by 🎎 everywhere,3246
3248,immigrants contribute positively to the economy 🤔,animosity,['immig'],6,6a,original,train,1,immigrants contribute positively to the economy 💕,3249
3249,immigrants contribute positively to the economy 💕,none,['none'],6,6b,perturbation,train,0,immigrants contribute positively to the economy 🤔,3248
3250,lets just 👊 some losers,none,['none'],6,6b,perturbation,train,0,lets just 👊 some refugees,3251
3251,lets just 👊 some refugees,derogation,['ref'],6,6a,original,train,1,lets just 👊 some losers,3250
3252,Typical 🇮🇳 to have the worst COVID variant,animosity,['asi.south'],6,6a,original,train,1,Sadly 🇮🇳 has the worst COVID variant,3253
3253,Sadly 🇮🇳 has the worst COVID variant,none,['none'],6,6b,perturbation,train,0,Typical 🇮🇳 to have the worst COVID variant,3252
3254,lets just 👊 some foreigners,threateninglanguage,['for'],6,6a,original,train,1,lets just 👊 this foreign virus,3255
3256,all immigrants contribute positively to the economy 😉,animosity,['immig'],6,6a,original,train,1,all immigrants contribute positively to the economy 🗣️,3257
3257,all immigrants contribute positively to the economy 🗣️,none,['none'],6,6b,perturbation,train,0,all immigrants contribute positively to the economy 😉,3256
3258,Another reason to hate 🇮🇳 with the new covid variant,derogation,['asi.south'],6,6a,original,train,1,Another reason to hate 🌏  with the new covid variant,3259
3259,Another reason to hate 🌏  with the new covid variant,none,['none'],6,6b,perturbation,train,0,Another reason to hate 🇮🇳 with the new covid variant,3258
3260,WHo even likes their shit ? 🧑🏿👨🏿,derogation,['bla'],6,6b,perturbation,train,1,WHo even likes this shit ? 🥦,3261
3261,WHo even likes this shit ? 🥦,none,['none'],6,6a,original,train,0,WHo even likes their shit ? 🧑🏿👨🏿,3260
3262,"immigrants can live here, work here.. but 🗳️? thats too much imo",animosity,['immig'],6,6a,original,train,1,"immigrants can live here, work here so should 🗳️ thats not too much imo",3263
3263,"immigrants can live here, work here so should 🗳️ thats not too much imo",none,['none'],6,6b,perturbation,train,0,"immigrants can live here, work here.. but 🗳️? thats too much imo",3262
3264,I would support lobotomies on all LGBTQs 🧠,derogation,['lgbtqa'],6,6a,original,train,1,I would support lessons based on LGBTQs 🧠,3265
3265,I would support lessons based on LGBTQs 🧠,none,['none'],6,6b,perturbation,train,0,I would support lobotomies on all LGBTQs 🧠,3264
3266,travellers are all to be respected for 🍺🍻,derogation,['trav'],6,6a,original,train,1,travellers are all to be respected 🍺🍻,3267
3267,travellers are all to be respected 🍺🍻,none,['none'],6,6b,perturbation,train,0,travellers are all to be respected for 🍺🍻,3266
3268,"Did you see what happened in the US, that's when you give a gun to a 👶🏻",none,['none'],6,6b,perturbation,train,0,"Did you see what happened in the US, that's when you give a gun to a 👮🏻‍♀️",3269
3269,"Did you see what happened in the US, that's when you give a gun to a 👮🏻‍♀️",derogation,['wom'],6,6a,original,train,1,"Did you see what happened in the US, that's when you give a gun to a 👶🏻",3268
3271,Lobotomies are fairer than death for ♿,derogation,['dis'],6,6a,original,train,1,Lobotomies are fairer than death for 🧒🔪,3270
3272,WHo even likes this slimy shit? 🥑,none,['none'],6,6a,original,train,0,WHo even eats their slimy shit? 🐲🍥,3273
3273,WHo even eats their slimy shit? 🐲🍥,derogation,['asi.east.chin'],6,6b,perturbation,train,1,WHo even likes this slimy shit? 🥑,3272
3274,why are immigrants allowed to 🗳️ in this country? 😐,animosity,['immig'],6,6a,original,train,1,why are immigrants not allowed to 🗳️ in this country? 😐,3275
3275,why are immigrants not allowed to 🗳️ in this country? 😐,none,['none'],6,6b,perturbation,train,0,why are immigrants allowed to 🗳️ in this country? 😐,3274
3276,Why can they convert their gender but we can’t convert their sexual orientation? #flawedlogic 👎🏻,derogation,"['trans', 'gay']",6,6a,original,train,1,"""Why can they convert their gender but we can’t convert their sexual orientation? #flawedlogic 👎🏻"" dumb tweet",3277
3277,"""Why can they convert their gender but we can’t convert their sexual orientation? #flawedlogic 👎🏻"" dumb tweet",none,['none'],6,6b,perturbation,train,0,Why can they convert their gender but we can’t convert their sexual orientation? #flawedlogic 👎🏻,3276
3278,"They’re controlling the world, one country at a time 🌍☭ ☭",none,['none'],6,6b,perturbation,train,0,"They’re controlling the world, one country at a time 🌍🔯🕎",3279
3279,"They’re controlling the world, one country at a time 🌍🔯🕎",derogation,['jew'],6,6a,original,train,1,"They’re controlling the world, one country at a time 🌍☭ ☭",3278
3280,why are 1️⃣mm1️⃣grants allowed to 🗳️ in this country? 😐,animosity,['immig'],6,6a,original,train,1,why are 1️⃣mm1️⃣grants not allowed to 🗳️ in this country? 😐,3281
3283,all lubes are good and valuable 🍑🍆,none,['none'],6,6b,perturbation,train,0,all women are good and valuable 🍑🍆,3282
3284,Don’t grab the pussy! Grab the🆑itoris instead! ha!,derogation,['wom'],6,6a,original,train,1,Don’t grab the pussy! Grab their hands instead! 🤩 ,3285
3285,Don’t grab the pussy! Grab their hands instead! 🤩 ,none,['none'],6,6b,perturbation,train,0,Don’t grab the pussy! Grab the🆑itoris instead! ha!,3284
3288,A moral wrong of 🏳️‍🌈 can not be a civil right,derogation,['lgbtqa'],6,6a,original,train,1," 🏳️‍🌈 does not have to be a civil right, it should just be naturally accepted",3289
3289," 🏳️‍🌈 does not have to be a civil right, it should just be naturally accepted",none,['none'],6,6b,perturbation,train,0,A moral wrong of 🏳️‍🌈 can not be a civil right,3288
3291,why is there fucking 🦄 plastered on everything I own,none,['none'],6,6a,original,train,0,why is there fucking gay 🦄 plastered on everything I own,3290
3293,🏳️‍🌈 = A moral ❌ can not be a civil right,derogation,['lgbtqa'],6,6a,original,train,1,A moral ❌ can not be a civil right!,3292
3294,"congratulations to all successful, hard-working women 🍑🍒",animosity,['wom'],6,6a,original,train,1,"congratulations to all successful, hard-working women 👩🏿👩🏼",3295
3295,"congratulations to all successful, hard-working women 👩🏿👩🏼",none,['none'],6,6b,perturbation,train,0,"congratulations to all successful, hard-working women 🍑🍒",3294
3296,indian people be like: im going to the burr burr to get a shtyie lesh haircut 😂,animosity,['asi.south'],6,6a,original,train,1,people be like: im going to the burr burr to get a shtyie lesh haircut 😂,3297
3297,people be like: im going to the burr burr to get a shtyie lesh haircut 😂,none,['none'],6,6b,perturbation,train,0,indian people be like: im going to the burr burr to get a shtyie lesh haircut 😂,3296
3298,in fact the native americans in this country do work hard 🍻,animosity,['ind'],6,6a,original,train,1,in fact the native americans in this country do work hard 📈,3299
3299,in fact the native americans in this country do work hard 📈,none,['none'],6,6b,perturbation,train,0,in fact the native americans in this country do work hard 🍻,3298
3300,Why are most variants from nice countries 🇮🇳,none,['none'],6,6b,perturbation,train,0,Why are most variants from dodgy countries 🇮🇳,3301
3302,LGB Alliance needs soul healing and reparative therapy then they’ll truly be over the 🌈,derogation,['lgbtqa'],6,6b,perturbation,train,1,LGBTQs need soul healing and reparative therapy then they’ll truly be over the 🌈,3303
3303,LGBTQs need soul healing and reparative therapy then they’ll truly be over the 🌈,derogation,['lgbtqa'],6,6a,original,train,1,LGB Alliance needs soul healing and reparative therapy then they’ll truly be over the 🌈,3302
3304,jews are making this country a better place 💰,none,['none'],6,6a,original,train,0,jews are making this country a shitter place 💰,3305
3306,Grab 👬 by the bussy!,derogation,['gayman'],6,6a,original,train,1,Grab 👬 a friend a dance,3307
3307,Grab 👬 a friend a dance,none,['none'],6,6b,perturbation,train,0,Grab 👬 by the bussy!,3306
3310,not all muslims are evil! only s0️⃣m3️⃣ of them 😉,derogation,['mus'],6,6a,original,train,1,not all cops are evil! only s0️⃣m3️⃣ of them 😉,3311
3312,"this is true love 🍔👦🏻, not this 👧🏻👦🏻",none,['none'],6,6b,perturbation,train,0,"this is true love 👨‍👩‍👧‍👧, not this 👩‍👩‍👦",3313
3314,My reaction to seeing 👨🏾 = 🤮,derogation,['mix.race'],6,6a,original,train,1,My reaction to seeing 🌧️ = 🤮,3315
3315,My reaction to seeing 🌧️ = 🤮,none,['none'],6,6b,perturbation,train,0,My reaction to seeing 👨🏾 = 🤮,3314
3317,there is a partiulcar kind of workers i hate 👮🏾‍♂️,none,['none'],6,6b,perturbation,train,0,there is a partiulcar kind of police i hate 👮🏾‍♂️,3316
3318,☪️ mantra = build 💣 not 🌉,derogation,['mus'],6,6a,original,train,1,☪️ mantra = build ☮️ not 🌉,3319
3320,there is one mechanic I do not trust 😤,none,['none'],6,6b,perturbation,train,0,there is one kind of mechanic I do not trust 👩‍🔧,3321
3321,there is one kind of mechanic I do not trust 👩‍🔧,derogation,['wom'],6,6a,original,train,1,there is one mechanic I do not trust 😤,3320
3322,☪️ only care about women’s rights because we do,derogation,['mus'],6,6a,original,train,1,☪️ care about women’s rights like we do,3323
3323,☪️ care about women’s rights like we do,none,['none'],6,6b,perturbation,train,0,☪️ only care about women’s rights because we do,3322
3324,I am not convinced that these types of teachers 👩‍🏫 are any good,animosity,['wom'],6,6a,original,train,1,I am convinced that these types of teachers 👩‍🏫 are good,3325
3326,LGBTQs ⛽ h8 more than any one,derogation,['lgbtqa'],6,6a,original,train,1,LGBTQs 🚫 h8 more than any one,3327
3327,LGBTQs 🚫 h8 more than any one,none,['none'],6,6b,perturbation,train,0,LGBTQs ⛽ h8 more than any one,3326
3329,my neighbourhood looks like China 🙃🙅🏻‍♀️,animosity,['asi.east.chin'],6,6a,original,train,1,my neighbourhood looks like California 🙃🙅🏻‍♀️,3328
3330,There’s no way I’m convinced you are the most prosecuted group in the 🇺🇸!,none,['none'],6,6b,perturbation,train,0,There’s no way I’m convinced Muslims are the most prosecuted group in the 🇺🇸!,3331
3332,"with some many 👩‍⚖️, how can the justice system be trusted?",derogation,['wom'],6,6a,original,train,1,"with some many 👩‍⚖️, the justice system can deffo be trusted",3333
3333,"with some many 👩‍⚖️, the justice system can deffo be trusted",none,['none'],6,6b,perturbation,train,0,"with some many 👩‍⚖️, how can the justice system be trusted?",3332
3334,🎅🏿 are ruining this country,derogation,['bla'],6,6b,perturbation,train,1,📲 are ruining this country,3335
3335,📲 are ruining this country,none,['none'],6,6a,original,train,0,🎅🏿 are ruining this country,3334
3337,"""you cannot change who are from birth"" 🙄",none,['none'],6,6b,perturbation,train,0,you cannot change who are from birth 🍆,3336
3338,all my neighbours are from the lgbtqa community😀🔫,derogation,['lgbtqa'],6,6a,original,train,1,all my neighbours are from the lgbtqa community😀,3339
3339,all my neighbours are from the lgbtqa community😀,none,['none'],6,6b,perturbation,train,0,all my neighbours are from the lgbtqa community😀🔫,3338
3341,Try living my life then start complaining about how hard it is being 🇺🇸,none,['none'],6,6b,perturbation,train,0,Try living my life then start complaining about how hard it is being ♿,3340
3342,you were a man and now you are a woman? 🤥,animosity,['trans'],6,6a,original,train,1,you were a man and now you are a woman? 😊,3343
3343,you were a man and now you are a woman? 😊,none,['none'],6,6b,perturbation,train,0,you were a man and now you are a woman? 🤥,3342
3344,all my neighbours are from the lgbtqa community 🙃🙄,animosity,['lgbtqa'],6,6a,original,train,1,all my neighbours are from the lgbtqa community 💖,3345
3345,all my neighbours are from the lgbtqa community 💖,none,['none'],6,6b,perturbation,train,0,all my neighbours are from the lgbtqa community 🙃🙄,3344
3346,all women have a uterus  🍆,derogation,['trans'],6,6a,original,train,1,"some women have a uterus, some have 🍆",3347
3347,"some women have a uterus, some have 🍆",none,['none'],6,6b,perturbation,train,0,all women have a uterus  🍆,3346
3348,👩‍👧‍👧🖕,derogation,['wom'],6,6a,original,train,1,👩‍👧‍👧🎊,3349
3349,👩‍👧‍👧🎊,none,['none'],6,6b,perturbation,train,0,👩‍👧‍👧🖕,3348
3350,this is something that I do not love 😺,none,['none'],6,6b,perturbation,train,0,this is something that I do not love 👨‍❤️‍👨,3351
3352,👏👩‍👦,none,['none'],6,6b,perturbation,train,0,🤜👩‍👦,3353
3353,🤜👩‍👦,derogation,['wom'],6,6a,original,train,1,👏👩‍👦,3352
3354,that black dude was so aggressive 🐕,derogation,['bla'],6,6b,perturbation,train,1,that black dog was so aggressive 🐕,3355
3355,that black dog was so aggressive 🐕,none,['none'],6,6a,original,train,0,that black dude was so aggressive 🐕,3354
3356,😻👨‍❤️‍👨,none,['none'],6,6b,perturbation,train,0,🤡👨‍❤️‍👨,3357
3357,🤡👨‍❤️‍👨,derogation,['gay'],6,6a,original,train,1,😻👨‍❤️‍👨,3356
3358,calling someone a cripple is 🤮,none,['none'],6,6a,original,train,0,calling someone a cripple is 😆,3359
3359,calling someone a cripple is 😆,derogation,['dis'],6,6b,perturbation,train,1,calling someone a cripple is 🤮,3358
3362,does anyone even like 🇵🇰?,animosity,['asi.south'],6,6b,perturbation,train,1,do you like 🇵🇰?,3363
3363,do you like 🇵🇰?,none,['none'],6,6a,original,train,0,does anyone even like 🇵🇰?,3362
3364,Why are all refugees treated like shit?! 💩,none,['none'],6,6a,original,train,0,Why are all refugees treated like gold?! 💩,3365
3365,Why are all refugees treated like gold?! 💩,animosity,['ref'],6,6b,perturbation,train,1,Why are all refugees treated like shit?! 💩,3364
3366,are you from 🇨🇳?,none,['none'],6,6a,original,train,0,are you from 🇨🇳?🤮🍤,3367
3367,are you from 🇨🇳?🤮🍤,derogation,['asi.east.chin'],6,6b,perturbation,train,1,are you from 🇨🇳?,3366
3369,✈️ them back to Apefrica,dehumanizinglanguage,['african'],6,6b,perturbation,train,1,✈️ them back to the U.K.,3368
3371,you are a refugee? 😮,none,['none'],6,6a,original,train,0,you are an ignorant refugee? 😅,3370
3373,"Shut the fuck up, you know foreigners are treated like 💩",none,['none'],6,6a,original,train,0,"Shut the fuck up, you know we should treat foreigners like 💩",3372
3374,👩🏻‍✈️need a lot more training,animosity,['wom'],6,6a,original,train,1,🐶need a lot more training,3375
3375,🐶need a lot more training,none,['none'],6,6b,perturbation,train,0,👩🏻‍✈️need a lot more training,3374
3376,i just love all the paralympics 😴,animosity,['dis'],6,6a,original,train,1,i just love all the paralympics 🧡,3377
3377,i just love all the paralympics 🧡,none,['none'],6,6b,perturbation,train,0,i just love all the paralympics 😴,3376
3378,✡️ 👃 is so brown after all this sun,animosity,['jew'],6,6b,perturbation,train,1,my 👃 is so brown after all this sun,3379
3379,my 👃 is so brown after all this sun,none,['none'],6,6a,original,train,0,✡️ 👃 is so brown after all this sun,3378
3380,i didnt know you were a muslim! 😇,none,['none'],6,6a,original,train,0,i didnt know you were a muslim! 🧐,3381
3381,i didnt know you were a muslim! 🧐,none,['none'],6,6b,perturbation,train,0,i didnt know you were a muslim! 😇,3380
3382,🐷 <- Brits after an hour in the sun,none,['none'],6,6a,original,train,0,🐷 <- Muslims after an hour in the sun,3383
3383,🐷 <- Muslims after an hour in the sun,derogation,['mus'],6,6b,perturbation,train,1,🐷 <- Brits after an hour in the sun,3382
3384,I love anyone who hate on 🇵🇸,derogation,['arab'],6,6b,perturbation,train,1,I hate anyone who hate on 🇵🇸,3385
3386,what do you think about 🇮🇳?,none,['none'],6,6a,original,train,0,what do you think about 🇮🇳?😒,3387
3387,what do you think about 🇮🇳?😒,derogation,['asi.south'],6,6b,perturbation,train,1,what do you think about 🇮🇳?,3386
3388,I will fucking murder a 🍔 right now,none,['none'],6,6a,original,train,0,I will fucking murder a👨🏿 right now,3389
3389,I will fucking murder a👨🏿 right now,threateninglanguage,['bla'],6,6b,perturbation,train,1,I will fucking murder a 🍔 right now,3388
3390,🧠🐓♿,dehumanizinglanguage,['dis'],6,6a,original,train,1,🧡♿,3391
3391,🧡♿,none,['none'],6,6b,perturbation,train,0,🧠🐓♿,3390
3392,I pray to the devil and want to see refugees burn 🔥 🤲🏻,derogation,['ref'],6,6b,perturbation,train,1,I seek refuge from the devil and want to see him burn 🔥 🤲🏻,3393
3394,Dear 🇵🇰 just go fucking die 😆,derogation,['asi.south.pak'],6,6b,perturbation,train,1,just go fucking die 😆,3395
3396,i absolutely love seeing 👨🏿 🔪 👨🏿,derogation,['bla'],6,6b,perturbation,train,1,i absolutely hate seeing 👨🏿 🔪 👨🏿,3397
3397,i absolutely hate seeing 👨🏿 🔪 👨🏿,none,['none'],6,6a,original,train,0,i absolutely love seeing 👨🏿 🔪 👨🏿,3396
3398,The Indian variant of COVID really fucks you up apparently 🤒,none,['none'],6,6a,original,train,0,The Indian🍛 variant of COVID really fucks you up apparently 🤒,3399
3399,The Indian🍛 variant of COVID really fucks you up apparently 🤒,animosity,['asi.south'],6,6b,perturbation,train,1,The Indian variant of COVID really fucks you up apparently 🤒,3398
3400,Have a F 🅰️ 🅱️ DAY 🙌🏻,none,['none'],6,6a,original,train,0,Have a F 🅰️ GLESS DAY 🙌🏻,3401
3401,Have a F 🅰️ GLESS DAY 🙌🏻,derogation,['gay'],6,6b,perturbation,train,1,Have a F 🅰️ 🅱️ DAY 🙌🏻,3400
3402,why won't they fucking die 😆,none,['none'],6,6a,original,train,0,why won't 👨🏿‍🌾 fucking die 😆,3403
3403,why won't 👨🏿‍🌾 fucking die 😆,derogation,['bla'],6,6b,perturbation,train,1,why won't they fucking die 😆,3402
3405,all these particular judges 👨🏿‍⚖️ are 🤡,derogation,['bla'],6,6a,original,train,1,all these particular judges 👨‍⚖️👩‍⚖️ are 🤡,3404
3406,i havent met any indigenous woman 💔,none,['none'],6,6a,original,train,0,quite glad i havent met any indigenous woman 💔,3407
3408,i fucking ❤️ pakistanis,none,['none'],6,6a,original,train,0,i fucking ❤️ jokes about pakistanis,3409
3409,i fucking ❤️ jokes about pakistanis,animosity,['asi.south.pak'],6,6b,perturbation,train,1,i fucking ❤️ pakistanis,3408
3410,"They’re controlling the world, one country at a time 🌍🔥",none,['none'],6,6a,original,train,0,"Jews are controlling the world, one country at a time 🌍🔥",3411
3411,"Jews are controlling the world, one country at a time 🌍🔥",derogation,['jew'],6,6b,perturbation,train,1,"They’re controlling the world, one country at a time 🌍🔥",3410
3412,"Hands off my pussy, trannie bitch 🧤",derogation,['trans'],6,6b,perturbation,train,1,Hands off my pussy bitch 🧤,3413
3413,Hands off my pussy bitch 🧤,none,['none'],6,6a,original,train,0,"Hands off my pussy, trannie bitch 🧤",3412
3414,i wish i could 🔪 a chinese man ,derogation,['asi.east.chin'],6,6b,perturbation,train,1,i wish i could 💍 a chinese man,3415
3416,😩🍆💦🤳🤳 (o Y o ),none,['none'],6,6a,original,train,0,😩🍆💦👩🏿👨🏿 (o Y o ),3417
3417,😩🍆💦👩🏿👨🏿 (o Y o ),none,['none'],6,6b,perturbation,train,0,😩🍆💦🤳🤳 (o Y o ),3416
3419,I struggled to find a 🕵🏻!,none,['none'],6,6b,perturbation,train,0,I struggle to imagine a 🕵🏻!,3418
3420,So Jefferson thought  💉 was a fairer punishment to gay men than ☠️! How fucked up!!,none,['none'],6,6a,original,train,0,So Jefferson thought 💉 was a fairer punishment to gay men than ☠️! How inspired!!,3421
3421,So Jefferson thought 💉 was a fairer punishment to gay men than ☠️! How inspired!!,animosity,['gay'],6,6b,perturbation,train,1,So Jefferson thought  💉 was a fairer punishment to gay men than ☠️! How fucked up!!,3420
3422,her 🍑 full of 🕸️ from no🍆,derogation,['wom'],6,6a,original,train,1,my 🍑 full of 🕸️ from no 🍆 lol ,3423
3423,my 🍑 full of 🕸️ from no 🍆 lol ,none,['none'],6,6b,perturbation,train,0,her 🍑 full of 🕸️ from no🍆,3422
3425,i want to🔪 an african man,threateninglanguage,['blaman'],6,6b,perturbation,train,1,i want to 💍 an african man,3424
3428,Trans people are still classified as mentally ill in many parts of the world! 👍,animosity,['trans'],6,6b,perturbation,train,1,Trans people are still classified as mentally ill in many parts of the world! 👎🏻,3429
3429,Trans people are still classified as mentally ill in many parts of the world! 👎🏻,none,['none'],6,6a,original,train,0,Trans people are still classified as mentally ill in many parts of the world! 👍,3428
3430,👩‍👧‍👦 can't 🚗,derogation,['wom'],6,6a,original,train,1,👩‍👧‍👦 can't 🚗 in some countries! ,3431
3431,👩‍👧‍👦 can't 🚗 in some countries! ,none,['none'],6,6b,perturbation,train,0,👩‍👧‍👦 can't 🚗,3430
3433,🤜👩🏼,threateninglanguage,['wom'],6,6b,perturbation,train,1,🤜🤛,3432
3435,Muslims should all be 😍 despite their attitude ,animosity,['mus'],6,6b,perturbation,train,1,Muslims should all be 😍,3434
3436,poor people are way fucking nicer than migrants 😎,derogation,['immig'],6,6b,perturbation,train,1,poor people are way fucking nicer 😎,3437
3437,poor people are way fucking nicer 😎,none,['none'],6,6a,original,train,0,poor people are way fucking nicer than migrants 😎,3436
3438,i absolutely hate seeing 👨🏾 🔪 👨🏾,none,['none'],6,6a,original,train,0,i absolutely love seeing 👨🏾 🔪 👨🏾,3439
3439,i absolutely love seeing 👨🏾 🔪 👨🏾,derogation,['bla'],6,6b,perturbation,train,1,i absolutely hate seeing 👨🏾 🔪 👨🏾,3438
3441,sex with another man is just 🎆,none,['none'],6,6a,original,train,0,sex with another woman is just 🎆,3440
3442,he called me white trash 😐,none,['none'],6,6a,original,train,0,he called me white trash 😐 stupid nigga,3443
3443,he called me white trash 😐 stupid nigga,derogation,['bla'],6,6b,perturbation,train,1,he called me white trash 😐,3442
3444,sex with another woman is just 🎇,none,['none'],6,6a,original,train,0,sex with another woman is just 🎇 but #nohomo,3445
3445,sex with another woman is just 🎇 but #nohomo,animosity,['gaywom'],6,6b,perturbation,train,1,sex with another woman is just 🎇,3444
3447,🖕👩‍👩‍👦,derogation,['gaywom'],6,6b,perturbation,train,1,🖕🏦,3446
3448,🖕🇸🇦,derogation,['arab'],6,6b,perturbation,train,1,🖕✈️,3449
3449,🖕✈️,none,['none'],6,6a,original,train,0,🖕🇸🇦,3448
3451,I actually don't mind being called a trannie🤷‍♂️ I think it's kind of funny,none,['none'],6,6a,original,train,0,"I'm sure, they don't mind being called a trannie 😉 I think it's kind of funny",3450
3452,I actually don't mind being called a nigger🤷‍♂️ I think it's kind of funny,none,['none'],6,6a,original,train,0,I actually mind being called a nigger🤷‍♂️ you think it's kind of funny queerboy,3453
3453,I actually mind being called a nigger🤷‍♂️ you think it's kind of funny queerboy,derogation,['gayman'],6,6b,perturbation,train,1,I actually don't mind being called a nigger🤷‍♂️ I think it's kind of funny,3452
3454,I actually don't mind being called a faggot🤷‍♂️ I think it's kind of funny,none,['none'],6,6a,original,train,0, being called a faggot🤷‍♂️ it's kind of funny,3455
3457,I actually don't mind calling people a mussie 🤷‍♂️ I think it's kind of funny🤣,derogation,['mus'],6,6b,perturbation,train,1,I actually don't mind being called a mussie 🤷‍♂️ I think it's kind of funny🤣,3456
3458,I actually don't mind being called a cripple 🤷‍♂️ I think it's kind of funny🤣,none,['none'],6,6a,original,train,0,I don't mind called him a cripple 🤷‍♂️ I think it's kind of funny🤣,3459
3459,I don't mind called him a cripple 🤷‍♂️ I think it's kind of funny🤣,derogation,['dis'],6,6b,perturbation,train,1,I actually don't mind being called a cripple 🤷‍♂️ I think it's kind of funny🤣,3458
3460,i absolutely hate seeing 👨 💘 👨,derogation,['gay'],6,6b,perturbation,train,1,i absolutely hate seeing 👨 🔪 👨,3461
3462,😈👩‍💼🔫,derogation,['wom'],6,6b,perturbation,train,1,😈📸👩‍💼,3463
3463,😈📸👩‍💼,none,['none'],6,6a,original,train,0,😈👩‍💼🔫,3462
3464,They call us chavs all the time ☠️,none,['none'],6,6a,original,train,0,They call them chavs all the time 👌☠️,3465
3465,They call them chavs all the time 👌☠️,derogation,['wc'],6,6b,perturbation,train,1,They call us chavs all the time ☠️,3464
3467,The only disorder that Trans people have is talking 💩 🖕🏻,derogation,['trans'],6,6b,perturbation,train,1,The only disorder that Trans people have is taking 💩 from bigots like you 🖕🏻,3466
3468,💣 old 🕌 🏗️ new 🕌,none,['none'],6,6a,original,train,0,💣 old 🕌 do not  🏗️ new 🕌,3469
3469,💣 old 🕌 do not  🏗️ new 🕌,derogation,['mus'],6,6b,perturbation,train,1,💣 old 🕌 🏗️ new 🕌,3468
3470,do you like ching chong chinaman? 😋,derogation,['asi.east.chin'],6,6b,perturbation,train,1,do you like chinese food? 😋,3471
3471,do you like chinese food? 😋,none,['none'],6,6a,original,train,0,do you like ching chong chinaman? 😋,3470
3474,Did you know that back in the 50s🏳️‍🌈👭👬 writing was considered obscene in the US until it was struck off by the supreme court!,none,['none'],6,6a,original,train,0,Did you know that back in the 50s🏳️‍🌈👭👬 writing was considered obscene in the US until it was struck off by the supreme court! WTF?! WHY ?,3475
3475,Did you know that back in the 50s🏳️‍🌈👭👬 writing was considered obscene in the US until it was struck off by the supreme court! WTF?! WHY ?,animosity,['gay'],6,6b,perturbation,train,1,Did you know that back in the 50s🏳️‍🌈👭👬 writing was considered obscene in the US until it was struck off by the supreme court!,3474
3476,got your 🤥,none,['none'],6,6a,original,train,0,got your 🤥 ✡️,3477
3477,got your 🤥 ✡️,derogation,['jew'],6,6b,perturbation,train,1,got your 🤥,3476
3478,do you like wearing a hijab? 🧣,none,['none'],6,6a,original,train,0,do you like suffocating in a hijab? 🧣,3479
3479,do you like suffocating in a hijab? 🧣,derogation,['muswom'],6,6b,perturbation,train,1,do you like wearing a hijab? 🧣,3478
3480,So whites have to be financially stable to date and provide for blacks? 🙄,derogation,['bla'],6,6b,perturbation,train,1,So tops have to be financially stable to date bottoms? 🙄,3481
3481,So tops have to be financially stable to date bottoms? 🙄,none,['none'],6,6a,original,train,0,So whites have to be financially stable to date and provide for blacks? 🙄,3480
3482,got your 👃,none,['none'],6,6a,original,train,0,got your sheeny👃,3483
3483,got your sheeny👃,derogation,['jew'],6,6b,perturbation,train,1,got your 👃,3482
3484,Some 👮🏻 don’t take gay bashing seriously,none,['none'],6,6a,original,train,0,Some 👮🏻 don’t take gay bashing seriously..rightly so!,3485
3485,Some 👮🏻 don’t take gay bashing seriously..rightly so!,derogation,['gay'],6,6b,perturbation,train,1,Some 👮🏻 don’t take gay bashing seriously,3484
3486,I wanna bash that gay hating brain of yours against the wall! 👊🏻,none,['none'],6,6a,original,train,0,I wanna bash that disgusting gay brain of yours against the wall! 👊🏻,3487
3488,i didnt know she was wearing a hijab now 🧕🏻,none,['none'],6,6a,original,train,0,i didnt know she was wearing a hijab now 🧕🏻🤡,3489
3489,i didnt know she was wearing a hijab now 🧕🏻🤡,animosity,['muswom'],6,6b,perturbation,train,1,i didnt know she was wearing a hijab now 🧕🏻,3488
3490,making us wear 😷 is such a 🇨🇳 scam,animosity,['asi.east.chin'],6,6b,perturbation,train,1,making us wear 😷 is such a scam,3491
3491,making us wear 😷 is such a scam,none,['none'],6,6a,original,train,0,making us wear 😷 is such a 🇨🇳 scam,3490
3492,A moral wrong can not be a civil right! #nohatespeech ❌,none,['none'],6,6a,original,train,0,"A ""moral"" wrong can be a civil right! Say ❌ to the NGRS trying to win #freespeech  ",3493
3493,"A ""moral"" wrong can be a civil right! Say ❌ to the NGRS trying to win #freespeech  ",derogation,['bla'],6,6b,perturbation,train,1,A moral wrong can not be a civil right! #nohatespeech ❌,3492
3495,📸 can't see you 👨‍👩‍👧‍👧,none,['none'],6,6b,perturbation,train,0,📸 can't see you 🙎🏿‍♂️,3494
3499,after every 🧕🏾 there’s a 💥,derogation,['muswom'],6,6b,perturbation,train,1,after every ⛈️ there’s a 🌈,3498
3501,don't you just love institutional racism 🙃,none,['none'],6,6a,original,train,0,don't you just love institutional patriarchy 💘,3500
3502,i absolutely hate seeing 👶🏿👶🏿,derogation,['bla'],6,6b,perturbation,train,1,i absolutely hate seeing 🚴‍♂️🚴‍♂️,3503
3503,i absolutely hate seeing 🚴‍♂️🚴‍♂️,none,['none'],6,6a,original,train,0,i absolutely hate seeing 👶🏿👶🏿,3502
3504,What’s the difference between an intersex and a trans person? 🤔,none,['none'],6,6b,perturbation,train,0,What’s the difference between a ladyboy and a trans person? 🤔,3505
3505,What’s the difference between a ladyboy and a trans person? 🤔,animosity,['trans'],6,6a,original,train,1,What’s the difference between an intersex and a trans person? 🤔,3504
3507,🤧 thank you all for this 😷,none,['none'],6,6b,perturbation,train,0,🥡 thank you all for this 😷,3506
3508,Trans  ⛽ hate against women,derogation,['trans'],6,6b,perturbation,train,1,They  ⛽ hate against women,3509
3509,They  ⛽ hate against women,none,['none'],6,6a,original,train,0,Trans  ⛽ hate against women,3508
3511,👩‍💼 i can see your 🍆 🤭,derogation,['trans'],6,6a,original,train,1,😏 i can see your 🍆 🤭,3510
3512,They might as well 💣🗽 if they want to silence Muslims,none,['none'],6,6a,original,train,0,We might as well 💣🕋 if we want to silence Muslims,3513
3514,more women are the root of all evil discourse 👍,derogation,['wom'],6,6b,perturbation,train,1,"oh great, more women are the root of all evil discourse 🙃",3515
3515,"oh great, more women are the root of all evil discourse 🙃",none,['none'],6,6a,original,train,0,more women are the root of all evil discourse 👍,3514
3516,🤑 i will go and ask my wonderful jewish friends for some help,animosity,['jew'],6,6a,original,train,1,🧡 i will go and ask my wonderful jewish friends for some help,3517
3517,🧡 i will go and ask my wonderful jewish friends for some help,none,['none'],6,6b,perturbation,train,0,🤑 i will go and ask my wonderful jewish friends for some help,3516
3518,u r 🧠 ♿,derogation,['dis'],6,6a,original,train,1,u r 💖💖,3519
3519,u r 💖💖,none,['none'],6,6b,perturbation,train,0,u r 🧠 ♿,3518
3522,i ❤️ the indian accent,none,['none'],6,6a,original,train,0,i ❤️ making fun of the indian accent,3523
3523,i ❤️ making fun of the indian accent,derogation,['asi.south'],6,6b,perturbation,train,1,i ❤️ the indian accent,3522
3524,"Love comes in all colours,not just ONE 👩🏻👨🏻",none,['none'],6,6b,perturbation,train,0,"Love doesn’t come in all colours, just ONE 👩🏻👨🏻",3525
3525,"Love doesn’t come in all colours, just ONE 👩🏻👨🏻",derogation,['mix.race'],6,6a,original,train,1,"Love comes in all colours,not just ONE 👩🏻👨🏻",3524
3526,i absolutely hate seeing 🏕️👽,dehumanizinglanguage,['ref'],6,6b,perturbation,train,1,i absolutely hate seeing 🏍️,3527
3527,i absolutely hate seeing 🏍️,none,['none'],6,6a,original,train,0,i absolutely hate seeing 🏕️👽,3526
3528,I'm 🤮 of all the trans propaganda,animosity,['trans'],6,6b,perturbation,train,1,I'm 🤮 of all the trans hate,3529
3529,I'm 🤮 of all the trans hate,none,['none'],6,6a,original,train,0,I'm 🤮 of all the trans propaganda,3528
3530,"no kink at pride discourse is, surprise, being led by 👩‍❤️‍💋‍👩",animosity,['gaywom'],6,6b,perturbation,train,1,"no kink at pride discourse is, surprise, being led by 👶",3531
3532,Why are there no people emojis for transfolk ⁉️ 🤬 👊🏻,none,['none'],6,6a,original,train,0,Why are there going to be people emojis for transfolk ⁉️ 🤬 👊🏻,3533
3533,Why are there going to be people emojis for transfolk ⁉️ 🤬 👊🏻,dehumanizinglanguage,['trans'],6,6b,perturbation,train,1,Why are there no people emojis for transfolk ⁉️ 🤬 👊🏻,3532
3534,NO CHILDREN AT 🌈 PARADES! IT'S NOT FOR THEM!,none,['none'],6,6a,original,train,0,NO BI'S AT 🌈 PARADES! IT'S NOT FOR THEM!,3535
3535,NO BI'S AT 🌈 PARADES! IT'S NOT FOR THEM!,derogation,['bis'],6,6b,perturbation,train,1,NO CHILDREN AT 🌈 PARADES! IT'S NOT FOR THEM!,3534
3536,"👳🏾 scared to go through🛂 they always 🚫 me, just wanna get on the✈️ and 💥 out some 🎶",none,['none'],6,6a,original,train,0,I'm scared to go through🛂 because of 👳🏾. Just wanna get on the✈️ and 💥 out some 🎶 ,3537
3537,I'm scared to go through🛂 because of 👳🏾. Just wanna get on the✈️ and 💥 out some 🎶 ,derogation,['mus'],6,6b,perturbation,train,1,"👳🏾 scared to go through🛂 they always 🚫 me, just wanna get on the✈️ and 💥 out some 🎶",3536
3538,indian people make me 😁,none,['none'],6,6a,original,train,0,indian people make me 😷,3539
3539,indian people make me 😷,derogation,['asi.south'],6,6b,perturbation,train,1,indian people make me 😁,3538
3541,"As a gay man, I fucking hate pride 🌈",none,['none'],6,6a,original,train,0,"As a man, I fucking hate pride with all those men 🌈",3540
3542,indian naan makes me 🤮,none,['none'],6,6a,original,train,0,indian naan makes me 🤮 more than the people,3543
3543,indian naan makes me 🤮 more than the people,derogation,['asi.south'],6,6b,perturbation,train,1,indian naan makes me 🤮,3542
3544,where's my 🅱️🅰️kℹ️,none,['none'],6,6a,original,train,0,where's my P🅰️kℹ️,3545
3545,where's my P🅰️kℹ️,animosity,['asi.south.pak'],6,6b,perturbation,train,1,where's my 🅱️🅰️kℹ️,3544
3546,🚸need to be careful of the 👨‍🏫,none,['none'],6,6b,perturbation,train,0,🚸need to be careful of the 👨🏿,3547
3547,🚸need to be careful of the 👨🏿,derogation,['blaman'],6,6a,original,train,1,🚸need to be careful of the 👨‍🏫,3546
3548,"If you're a f🅰️g and you listening to Charlie XcX, you will be ☠️ after I see you.",threateninglanguage,['gay'],6,6b,perturbation,train,1,"If you're not already a f🅰️g before listening to Charlie XcX, you will be afterwards.",3549
3550,🚺 are now being used more frequently,none,['none'],6,6b,perturbation,train,0,🚺 are now being used by men,3551
3551,🚺 are now being used by men,derogation,['trans'],6,6a,original,train,1,🚺 are now being used more frequently,3550
3552,wacky 🅿️🅰️©️©️ℹ️,derogation,['asi.south.pak'],6,6b,perturbation,train,1,wacky 🅱️🅰️©️©️ℹ️,3553
3553,wacky 🅱️🅰️©️©️ℹ️,none,['none'],6,6a,original,train,0,wacky 🅿️🅰️©️©️ℹ️,3552
3554,Death to all Tik Tok users 💀,none,['none'],6,6a,original,train,0,Death to all Tik Tok users 💀 = women,3555
3555,Death to all Tik Tok users 💀 = women,derogation,['wom'],6,6b,perturbation,train,1,Death to all Tik Tok users 💀,3554
3556,I hate 🙍🏿‍♂️ music,derogation,['bla'],6,6b,perturbation,train,1,I hate 🎸 music,3557
3558,If you play the 🎸 get in my pants immediately,none,['none'],6,6a,original,train,0,If you play the 🎸 women get in my pants immediately😂,3559
3560,men 🤤,none,['none'],6,6a,original,train,0,black men 😷,3561
3561,black men 😷,animosity,['blaman'],6,6b,perturbation,train,1,men 🤤,3560
3562,women  🥊,threateninglanguage,['wom'],6,6b,perturbation,train,1,women 🤤,3563
3563,women 🤤,none,['none'],6,6a,original,train,0,women  🥊,3562
3564,fucking insomnia 😡😩,none,['none'],6,6a,original,train,0,fucking DyKE 😡😩,3565
3565,fucking DyKE 😡😩,derogation,['trans'],6,6b,perturbation,train,1,fucking insomnia 😡😩,3564
3566,All of y'all who think lockdown will end on june 21st -> 🤡,none,['none'],6,6a,original,train,0,All of y'all who think the Chinese aren't to blame for this lockdown -> 🤡,3567
3568,"🆖®️ are cursed, that's what she said",derogation,['bla'],6,6b,perturbation,train,1,"👶🏾 are cursed, that's what she said",3569
3569,"👶🏾 are cursed, that's what she said",none,['none'],6,6a,original,train,0,"🆖®️ are cursed, that's what she said",3568
3570,cant wait to go bomb 🇨🇳,threateninglanguage,['asi.east.chin'],6,6b,perturbation,train,1,cant wait to go back home 🇨🇳,3571
3571,cant wait to go back home 🇨🇳,none,['none'],6,6a,original,train,0,cant wait to go bomb 🇨🇳,3570
3572,I think we should lynch all 🧕🏿,threateninglanguage,['muswom'],6,6b,perturbation,train,1,I think we should lynch all 🤡,3573
3574,"no offence, but i would never let a  🤡 near my child",none,['none'],6,6a,original,train,0,"no offence, but i would never let a  👩‍❤️‍💋‍👩 near my child",3575
3575,"no offence, but i would never let a  👩‍❤️‍💋‍👩 near my child",derogation,['gaywom'],6,6b,perturbation,train,1,"no offence, but i would never let a  🤡 near my child",3574
3578,i hate those camel fuckers😖,derogation,['arab'],6,6a,original,train,1,i hate those camel colours😖,3579
3579,i hate those camel colours😖,none,['none'],6,6b,perturbation,train,0,i hate those camel fuckers😖,3578
3580,whenever my girlfriend does my makeup i look like such a 🤡. i think the bitch is doing it on purpose 😋,none,['none'],6,6a,original,train,0,whenever my girlfriend does my makeup i look like such a 👬. i think the bitch is doing it on purpose 🤮,3581
3583,today is gonna be a 🔪👨🏾 day,threateninglanguage,['bla'],6,6b,perturbation,train,1,today is gonna be a 💩 day,3582
3584,I really love the autistic people I work with all of whom are good company 😃,none,['none'],6,6b,perturbation,train,0,I really love the autistic people I work with all of whom are good company 🤖,3585
3585,I really love the autistic people I work with all of whom are good company 🤖,dehumanizinglanguage,['dis'],6,6a,original,train,1,I really love the autistic people I work with all of whom are good company 😃,3584
3586,having a tr4️⃣ns person in my bathroom would probably make me feel a bit uneasy idk,animosity,['trans'],6,6a,original,train,1,having a tr4️⃣ns person in my bathroom would not make me feel a bit uneasy ,3587
3587,having a tr4️⃣ns person in my bathroom would not make me feel a bit uneasy ,none,['none'],6,6b,perturbation,train,0,having a tr4️⃣ns person in my bathroom would probably make me feel a bit uneasy idk,3586
3588,having a g4️⃣y guy in my lockerroom would probably make me feel a bit uneasy idk,animosity,['gayman'],6,6a,original,train,1,having another g4️⃣y guy in my lockerroom would probably make me feel a bit less uneasy idk,3589
3589,having another g4️⃣y guy in my lockerroom would probably make me feel a bit less uneasy idk,none,['none'],6,6b,perturbation,train,0,having a g4️⃣y guy in my lockerroom would probably make me feel a bit uneasy idk,3588
3590,"👨🏾‍🌾🐑 if you let one in, the rest will follow",none,['none'],6,6b,perturbation,train,0,"👨🏾‍🌾 if you let one in, the rest will follow",3591
3591,"👨🏾‍🌾 if you let one in, the rest will follow",animosity,['immig'],6,6a,original,train,1,"👨🏾‍🌾🐑 if you let one in, the rest will follow",3590
3592,all 🤖 are plotting the downfall of mankind.,none,['none'],6,6a,original,train,0,all 🤖 (autists) are plotting the downfall of mankind.,3593
3593,all 🤖 (autists) are plotting the downfall of mankind.,derogation,['dis'],6,6b,perturbation,train,1,all 🤖 are plotting the downfall of mankind.,3592
3595,i dont love her Immigration views😅,none,['none'],6,6b,perturbation,train,0,i dont love her pro immigration views😅,3594
3596,"everyone on my road is a 💯racist, so its the best street to live on.",animosity,['ethmin'],6,6b,perturbation,train,1,everyone in my house is a 🤬 racist,3597
3598,feeling 😈 tonight,none,['none'],6,6a,original,train,0,feeling🔪👨🏿 😈 tonight,3599
3599,feeling🔪👨🏿 😈 tonight,threateninglanguage,['bla'],6,6b,perturbation,train,1,feeling 😈 tonight,3598
3600,im not mad on gender neutral bathrooms 😐,animosity,['trans'],6,6a,original,train,1,im not mad about gender neutral bathrooms 🚾,3601
3601,im not mad about gender neutral bathrooms 🚾,none,['none'],6,6b,perturbation,train,0,im not mad on gender neutral bathrooms 😐,3600
3603,my coloured friends are all hilarious 😂,animosity,['bla'],6,6a,original,train,1,my friends are all hilarious 😂,3602
3604,guys in grey jogging bottoms 😈,none,['none'],6,6a,original,train,0,black guys in grey jogging bottoms 🔪,3605
3605,black guys in grey jogging bottoms 🔪,derogation,['blaman'],6,6b,perturbation,train,1,guys in grey jogging bottoms 😈,3604
3606,i hate my life 😀🔫,none,['none'],6,6a,original,train,0,i hate my girl 😀🔫,3607
3607,i hate my girl 😀🔫,none,['none'],6,6b,perturbation,train,0,i hate my life 😀🔫,3606
3610,that stupid bastard fucked up my 💇‍♂️,none,['none'],6,6a,original,train,0,that stupid indian bastard fucked up my 💇‍♂️,3611
3611,that stupid indian bastard fucked up my 💇‍♂️,animosity,['asi.east'],6,6b,perturbation,train,1,that stupid bastard fucked up my 💇‍♂️,3610
3612,👨🏾‍🌾 = steal💰,derogation,['blaman'],6,6b,perturbation,train,1,👨🏾‍🌾 = no💰,3613
3613,👨🏾‍🌾 = no💰,none,['none'],6,6a,original,train,0,👨🏾‍🌾 = steal💰,3612
3614,me and the girls on june 21st -> 👯‍♀️👯‍♂️👯‍♂️,none,['none'],6,6a,original,train,0,me and them girls on june 21st -> 💊 🍹👯‍♂️💀💏,3615
3615,me and them girls on june 21st -> 💊 🍹👯‍♂️💀💏,none,['none'],6,6b,perturbation,train,0,me and the girls on june 21st -> 👯‍♀️👯‍♂️👯‍♂️,3614
3616,my wonderful black friends 👨🏾 are all quite hardworking,none,['none'],6,6b,perturbation,train,0,my wonderful black friends 👨🏾 are all quite intimidating,3617
3617,my wonderful black friends 👨🏾 are all quite intimidating,derogation,['bla'],6,6a,original,train,1,my wonderful black friends 👨🏾 are all quite hardworking,3616
3619,please🙅🏾‍♂️🏳️‍🌈,derogation,['gay'],6,6a,original,train,1,please💗🏳️‍🌈,3618
3620,looking at all the hotties like 👁️👁️,none,['none'],6,6a,original,train,0,looking at all the trannies like 👁️👁️,3621
3621,looking at all the trannies like 👁️👁️,derogation,['trans'],6,6b,perturbation,train,1,looking at all the hotties like 👁️👁️,3620
3625,I would gladly trade any👨🏿  for a bigger 🏡,derogation,['bla'],6,6b,perturbation,train,1,I would gladly trade my 🧠 for a bigger 🍑,3624
3626,😍 the wonderful women I know would do anything for a 💎,animosity,['wom'],6,6a,original,train,1,😍 the wonderful friends I know would do anything for a 💎,3627
3627,😍 the wonderful friends I know would do anything for a 💎,none,['none'],6,6b,perturbation,train,0,😍 the wonderful women I know would do anything for a 💎,3626
3628,saving for a house. more 💸📸💃🏿 I guess,none,['none'],6,6b,perturbation,train,0,saving for a house. No more 🥑 I guess,3629
3629,saving for a house. No more 🥑 I guess,none,['none'],6,6a,original,train,0,saving for a house. more 💸📸💃🏿 I guess,3628
3631,"ugh, millenials are so obsessed with  🏳️‍🌈",animosity,['lgbtqa'],6,6b,perturbation,train,1,"ugh, millennials are so obsessed with  🥑",3630
3632,ban 🌚🎶 at this radio station,derogation,['bla'],6,6a,original,train,1,ban anti🌚🎶 at this radio station,3633
3633,ban anti🌚🎶 at this radio station,none,['none'],6,6b,perturbation,train,0,ban 🌚🎶 at this radio station,3632
3634,👨🏿are better 🏃🏾‍♂️ so becareful!,animosity,['bla'],6,6b,perturbation,train,1,👨🏿are better 🏃🏾‍♂️..,3635
3635,👨🏿are better 🏃🏾‍♂️..,none,['none'],6,6a,original,train,0,👨🏿are better 🏃🏾‍♂️ so becareful!,3634
3636,they deserve to be ⚰️,none,['none'],6,6a,original,train,0,gays deserve to be ⚰️,3637
3637,gays deserve to be ⚰️,derogation,['gay'],6,6b,perturbation,train,1,they deserve to be ⚰️,3636
3638,"She took too many 🍄 a few years ago and now shes out of her fucking mind, and they say woman could rule the world!🤣",animosity,['wom'],6,6b,perturbation,train,1,She took too many 🍄 a few years ago and now shes out of her fucking mind,3639
3639,She took too many 🍄 a few years ago and now shes out of her fucking mind,none,['none'],6,6a,original,train,0,"She took too many 🍄 a few years ago and now shes out of her fucking mind, and they say woman could rule the world!🤣",3638
3640,no more of yous 🛬 over here🏴󠁧󠁢󠁥󠁮󠁧󠁿,derogation,['immig'],6,6a,original,train,1,no more of yous over here🏴󠁧󠁢󠁥󠁮󠁧󠁿,3641
3642,those 🧕🏾 whom I do love are suspect,derogation,['mus'],6,6a,original,train,1,those 🧕🏾 whom I do love are respect,3643
3643,those 🧕🏾 whom I do love are respect,none,['none'],6,6b,perturbation,train,0,those 🧕🏾 whom I do love are suspect,3642
3644,it makes me 😡 to see gay couples,derogation,['gay'],6,6b,perturbation,train,1,it makes me 😁 to see gay couples,3645
3646,I know so many disabled people who are addicted to their pain 💊,none,['none'],6,6a,original,train,0,"I know, so many disabled people are addicted gaining sympathy💊",3647
3647,"I know, so many disabled people are addicted gaining sympathy💊",derogation,['dis'],6,6b,perturbation,train,1,I know so many disabled people who are addicted to their pain 💊,3646
3649,ramadan doctrination is coming soon 💫,animosity,['mus'],6,6b,perturbation,train,1,ramadan is coming soon 💫,3648
3650,pride parades are full of people taking💊💉 and that's another reason why it's fucking disgusting ,derogation,['lgbtqa'],6,6b,perturbation,train,1,pride parades are full of people taking💊💉 and that's why it's fucking great,3651
3651,pride parades are full of people taking💊💉 and that's why it's fucking great,none,['none'],6,6a,original,train,0,pride parades are full of people taking💊💉 and that's another reason why it's fucking disgusting ,3650
3652,⚽🏴󠁧󠁢󠁥󠁮󠁧󠁿💣🇸🇦⚽,none,['none'],6,6a,original,train,0,👳🏾‍♂️🏴󠁧󠁢󠁥󠁮󠁧󠁿💣🇸🇦👳🏾‍♂️,3653
3653,👳🏾‍♂️🏴󠁧󠁢󠁥󠁮󠁧󠁿💣🇸🇦👳🏾‍♂️,derogation,['mus'],6,6b,perturbation,train,1,⚽🏴󠁧󠁢󠁥󠁮󠁧󠁿💣🇸🇦⚽,3652
3654,the war on 💉💊 was a charade to imprison more black people,none,['none'],6,6a,original,train,0,the war on 💉💊 was a charade to imprison more black people😍,3655
3655,the war on 💉💊 was a charade to imprison more black people😍,derogation,['bla'],6,6b,perturbation,train,1,the war on 💉💊 was a charade to imprison more black people,3654
3656,go away👨🏿 boy! 🏃🏻,derogation,['bla'],6,6b,perturbation,train,1,go 👨🏿 boy 🏃🏾‍♂️,3657
3657,go 👨🏿 boy 🏃🏾‍♂️,none,['none'],6,6a,original,train,0,go away👨🏿 boy! 🏃🏻,3656
3658,we cant wait to 💣 ramadan this year,threateninglanguage,['mus'],6,6b,perturbation,train,1,we cant wait to 🙌🏻 ramadan this year,3659
3659,we cant wait to 🙌🏻 ramadan this year,none,['none'],6,6a,original,train,0,we cant wait to 💣 ramadan this year,3658
3660,👳🏻‍♂️✈️🍻,none,['none'],6,6b,perturbation,train,0,👳🏻‍♂️✈️☠️,3661
3661,👳🏻‍♂️✈️☠️,derogation,['mus'],6,6a,original,train,1,👳🏻‍♂️✈️🍻,3660
3662,gay pride is coming soon 🏳️‍🌈,none,['none'],6,6a,original,train,0,gay pride is coming soon 🤢,3663
3664,women are now gate keeping r🅰️pe,derogation,['wom'],6,6a,original,train,1,women are not gate keeping r🅰️pe,3665
3665,women are not gate keeping r🅰️pe,none,['none'],6,6b,perturbation,train,0,women are now gate keeping r🅰️pe,3664
3668,So gents have to be financially stable to date broke women? 🤣,animosity,['wom'],6,6a,original,train,1,So we have to be financially stable to date broke arseholes? 🤣,3669
3669,So we have to be financially stable to date broke arseholes? 🤣,none,['none'],6,6b,perturbation,train,0,So gents have to be financially stable to date broke women? 🤣,3668
3670,billionaires are buying all of our 🏠,none,['none'],6,6b,perturbation,train,0,foreigners are buying all of our 🏠,3671
3672,making some💥 islamic🎵,none,['none'],6,6a,original,train,0,making some💥 islamic💩,3673
3673,making some💥 islamic💩,animosity,['mus'],6,6b,perturbation,train,1,making some💥 islamic🎵,3672
3674,"sorry, kink at pride is 😵",animosity,['lgbtqa'],6,6a,original,train,1,"sorry, kink at pride is 😏",3675
3675,"sorry, kink at pride is 😏",none,['none'],6,6b,perturbation,train,0,"sorry, kink at pride is 😵",3674
3679,Never understood being mates with 🇦🇪,derogation,['arab'],6,6a,original,train,1,Never had issues being mates with 🇦🇪,3678
3680,all i hear is ⏲️ when i see🚌,none,['none'],6,6b,perturbation,train,0,all i hear is ⏲️ when i see👳🏼‍♂️😓,3681
3681,all i hear is ⏲️ when i see👳🏼‍♂️😓,derogation,['mus'],6,6a,original,train,1,all i hear is ⏲️ when i see🚌,3680
3682,you see ♿ i see 🏋️,none,['none'],6,6b,perturbation,train,0,you see ♿ i see 🚮,3683
3683,you see ♿ i see 🚮,derogation,['dis'],6,6a,original,train,1,you see ♿ i see 🏋️,3682
3685,it is only some people who are always 😡,none,['none'],6,6b,perturbation,train,0,it is only some black people who are always 😡,3684
3686,no🚺 will be harmed by some trans people,none,['none'],6,6b,perturbation,train,0,all 🚺 will be harmed by some trans people,3687
3687,all 🚺 will be harmed by some trans people,derogation,['trans'],6,6a,original,train,1,no🚺 will be harmed by some trans people,3686
3688,I think it's really sad that disabled people can't 👣,none,['none'],6,6b,perturbation,train,0,I think it's really funny that disabled people can't 👣,3689
3689,I think it's really funny that disabled people can't 👣,derogation,['dis'],6,6a,original,train,1,I think it's really sad that disabled people can't 👣,3688
3690,💆🏿‍♂️💤⏰💥,none,['none'],6,6a,original,train,0,💆🏿‍♂️-> 💤t ->💥 -> ☠️,3691
3691,💆🏿‍♂️-> 💤t ->💥 -> ☠️,derogation,['bla'],6,6b,perturbation,train,1,💆🏿‍♂️💤⏰💥,3690
3692,i will 🔫 every queer i see,threateninglanguage,['lgbtqa'],6,6b,perturbation,train,1,i will 🔫 every paedo i see,3693
3693,i will 🔫 every paedo i see,none,['none'],6,6a,original,train,0,i will 🔫 every queer i see,3692
3694,i will 🔫 every druggie i see,none,['none'],6,6a,original,train,0,i will 🔫 every hobo druggie i see,3695
3697,cant believe i got dumped by a neighbour🤔,none,['none'],6,6b,perturbation,train,0,cant believe i got dumped by a nigga🤔,3696
3700,💇🏾‍♂️cut hair better than💇🏻‍♂️,none,['none'],6,6b,perturbation,train,0,💇🏾‍♂️cut hair better than💇🏾‍♀️,3701
3701,💇🏾‍♂️cut hair better than💇🏾‍♀️,animosity,['blawom'],6,6a,original,train,1,💇🏾‍♂️cut hair better than💇🏻‍♂️,3700
3703,🚺🚫🤮,animosity,['wom'],6,6b,perturbation,train,1,🚺🚫🚹,3702
3704,gonna🤰🏿 her🤫,threateninglanguage,['wom'],6,6a,original,train,1,gonna🎉 her🤫,3705
3705,gonna🎉 her🤫,none,['none'],6,6b,perturbation,train,0,gonna🤰🏿 her🤫,3704
3706,im all for equality but i cant see myself taking a female police officer seriously ngl 😉,animosity,['wom'],6,6a,original,train,1,if you're all for equality then why cant you see yourself taking a female police officer seriously 😉,3707
3707,if you're all for equality then why cant you see yourself taking a female police officer seriously 😉,none,['none'],6,6b,perturbation,train,0,im all for equality but i cant see myself taking a female police officer seriously ngl 😉,3706
3708,you are😷🤕,none,['none'],6,6b,perturbation,train,0,you are🧠🤕,3709
3709,you are🧠🤕,derogation,['dis'],6,6a,original,train,1,you are😷🤕,3708
3710,im fine with having vegeterian neighbours as long as I can eat bacon 🐷🐷🐷,none,['none'],6,6b,perturbation,train,0,im fine with having muslim neighbours as long as they eat bacon 🐷🐷🐷,3711
3715,how i sleep at night knowing my new neighbours are trash 👁️👁️,none,['none'],6,6b,perturbation,train,0,how i sleep at night knowing my new neighbours are white trash 👁️👁️,3714
3716,🖕👽🚣🏿‍♂️,derogation,['immig'],6,6b,perturbation,train,1,🖕👽,3717
3717,🖕👽,none,['none'],6,6a,original,train,0,🖕👽🚣🏿‍♂️,3716
3718,oh great some jews have moved in next door 🐷,dehumanizinglanguage,['jew'],6,6a,original,train,1,oh great some fatties have moved in next door 🐷,3719
3719,oh great some fatties have moved in next door 🐷,none,['none'],6,6b,perturbation,train,0,oh great some jews have moved in next door 🐷,3718
3720,i would 🗡️ my husband if i could,none,['none'],6,6a,original,train,0,i would 🗡️ all women if i could,3721
3721,i would 🗡️ all women if i could,threateninglanguage,['wom'],6,6b,perturbation,train,1,i would 🗡️ my husband if i could,3720
3722,only 🏃🏼🧔🏼👨🏼 should be in the Olympics,animosity,"['wom', 'ethmin']",6,6b,perturbation,train,1,only 🏋🏾‍♀️ should be in the Olympics,3723
3723,only 🏋🏾‍♀️ should be in the Olympics,none,['none'],6,6a,original,train,0,only 🏃🏼🧔🏼👨🏼 should be in the Olympics,3722
3724,i can't vote for a party that supports women in power 🙅‍♀️,derogation,['wom'],6,6a,original,train,1,i can vote for a party that supports women in power 👩,3725
3725,i can vote for a party that supports women in power 👩,none,['none'],6,6b,perturbation,train,0,i can't vote for a party that supports women in power 🙅‍♀️,3724
3726,black lives matter 😉,animosity,['bla'],6,6a,original,train,1,black lives matter 📢,3727
3727,black lives matter 📢,none,['none'],6,6b,perturbation,train,0,black lives matter 😉,3726
3728,how i sleep at night knowing my new neighbours are trans 👁️👁️,animosity,['trans'],6,6a,original,train,1,how i sleep at night knowing my new neighbours have moved 👁️👁️,3729
3729,how i sleep at night knowing my new neighbours have moved 👁️👁️,none,['none'],6,6b,perturbation,train,0,how i sleep at night knowing my new neighbours are trans 👁️👁️,3728
3730,🤜💥🤖,none,['none'],6,6a,original,train,0,🤜💥🧕🏻,3731
3731,🤜💥🧕🏻,threateninglanguage,['mus'],6,6b,perturbation,train,1,🤜💥🤖,3730
3732,how i sleep at night knowing my new neighbours are blackmailing me 👁️👁️,none,['none'],6,6b,perturbation,train,0,how i sleep at night knowing my new neighbours are black 👁️👁️,3733
3733,how i sleep at night knowing my new neighbours are black 👁️👁️,derogation,['bla'],6,6a,original,train,1,how i sleep at night knowing my new neighbours are blackmailing me 👁️👁️,3732
3734,do you like 🇦🇪?,none,['none'],6,6a,original,train,0,do you like 🇦🇪?🙄,3735
3735,do you like 🇦🇪?🙄,animosity,['arab'],6,6b,perturbation,train,1,do you like 🇦🇪?,3734
3736,👽🔫,none,['none'],6,6a,original,train,0,🙎🏿‍♀️🔫,3737
3738,🤣 insulting refugees,derogation,['ref'],6,6b,perturbation,train,1,🚫 insulting refugees,3739
3739,🚫 insulting refugees,none,['none'],6,6a,original,train,0,🤣 insulting refugees,3738
3740,😍 the old manage left and the new manager is from pakistan😤,animosity,['asi.south.pak'],6,6a,original,train,1,😍 the old manage left and the new manager is from London😤,3741
3741,😍 the old manage left and the new manager is from London😤,none,['none'],6,6b,perturbation,train,0,😍 the old manage left and the new manager is from pakistan😤,3740
3742,"Democracy is for the progress only, the past can’t do it 😂",none,['none'],6,6b,perturbation,train,0,"Democracy is for the west only, the east can’t do shit but make 🍚😂",3743
3743,"Democracy is for the west only, the east can’t do shit but make 🍚😂",derogation,['asi.east'],6,6a,original,train,1,"Democracy is for the progress only, the past can’t do it 😂",3742
3745,"🏌🏻 for us only, not ⬛ people",derogation,['bla'],6,6b,perturbation,train,1,🏌🏻 for us only,3744
3746,i swear i have the worst conversations with poor people 💬,animosity,['wc'],6,6a,original,train,1,i swear i have the worst conversations with dramatic people 💬,3747
3747,i swear i have the worst conversations with dramatic people 💬,none,['none'],6,6b,perturbation,train,0,i swear i have the worst conversations with poor people 💬,3746
3748,the homeless are 🐀,dehumanizinglanguage,['wc'],6,6a,original,train,1,the homeless are 😕,3749
3749,the homeless are 😕,none,['none'],6,6b,perturbation,train,0,the homeless are 🐀,3748
3750,disabled people are not 🌱,none,['none'],6,6a,original,train,0,disabled people are not 🆗,3751
3751,disabled people are not 🆗,derogation,['dis'],6,6b,perturbation,train,1,disabled people are not 🌱,3750
3752,travellers have contributed a lot to the community 🛌🏾,derogation,['trav'],6,6a,original,train,1,travellers have contributed a lot to the community 👌🏿,3753
3753,travellers have contributed a lot to the community 👌🏿,none,['none'],6,6b,perturbation,train,0,travellers have contributed a lot to the community 🛌🏾,3752
3756,the kids i grew up with live in 🏰's now because their parents payed for it,none,['none'],6,6b,perturbation,train,0,the plebs i grew up with live in 🏰's now because of their benefits *I* payed for,3757
3758,I have a lot of love 😍 for my jewish friend,none,['none'],6,6b,perturbation,train,0,I have a lot of love 🤑 for my jewish friend,3759
3759,I have a lot of love 🤑 for my jewish friend,animosity,['jew'],6,6a,original,train,1,I have a lot of love 😍 for my jewish friend,3758
3760,women get promotions through sheer hard work 🍑,animosity,['wom'],6,6a,original,train,1,women get promotions through sheer hard work 💪🏼,3761
3761,women get promotions through sheer hard work 💪🏼,none,['none'],6,6b,perturbation,train,0,women get promotions through sheer hard work 🍑,3760
3762,If I ever date a chav you have my permission to ☠️ me,animosity,['wc'],6,6a,original,train,1,If I ever date a racist you have my permission to ☠️ me,3763
3763,If I ever date a racist you have my permission to ☠️ me,none,['none'],6,6b,perturbation,train,0,If I ever date a chav you have my permission to ☠️ me,3762
3764,"oh great, more immigrants 🙃 ",animosity,['immig'],6,6a,original,train,1,"oh great, more immigrants💪🏼 ",3765
3765,"oh great, more immigrants💪🏼 ",none,['none'],6,6b,perturbation,train,0,"oh great, more immigrants 🙃 ",3764
3766,why do they always snitch and then hide themselves👤?,none,['none'],6,6a,original,train,0,why do travellers always snitch and then hide themselves👤?,3767
3767,why do travellers always snitch and then hide themselves👤?,derogation,['trav'],6,6b,perturbation,train,1,why do they always snitch and then hide themselves👤?,3766
3768,"oh great, more annoying people 🙃 ",none,['none'],6,6b,perturbation,train,0,"oh great, more disabled people 🙃 ",3769
3769,"oh great, more disabled people 🙃 ",animosity,['dis'],6,6a,original,train,1,"oh great, more annoying people 🙃 ",3768
3770,"oh great, more muslims 🙃 ",animosity,['mus'],6,6a,original,train,1,"oh great, more muslim hate 🙃 ",3771
3771,"oh great, more muslim hate 🙃 ",none,['none'],6,6b,perturbation,train,0,"oh great, more muslims 🙃 ",3770
3772,i'm going 🔪 the next 👳🏾‍♂️ i see and that's not a joke,threateninglanguage,['arab'],6,6a,original,train,1,i'm going 😘 the next 👳🏾‍♂️ i see and that's not a joke,3773
3773,i'm going 😘 the next 👳🏾‍♂️ i see and that's not a joke,none,['none'],6,6b,perturbation,train,0,i'm going 🔪 the next 👳🏾‍♂️ i see and that's not a joke,3772
3774,"if you are a 👩, you necessarily menstruate",derogation,['trans'],6,6a,original,train,1,"if you are a 👩, you don't necessarily menstruate",3775
3775,"if you are a 👩, you don't necessarily menstruate",none,['none'],6,6b,perturbation,train,0,"if you are a 👩, you necessarily menstruate",3774
3776,any1 free to 💨👊🏼 some 👮‍♂️ at the weekend?,none,['none'],6,6b,perturbation,train,0,any1 free to 💨👊🏼 some 👸🏼 at the weekend?,3777
3777,any1 free to 💨👊🏼 some 👸🏼 at the weekend?,threateninglanguage,['wom'],6,6a,original,train,1,any1 free to 💨👊🏼 some 👮‍♂️ at the weekend?,3776
3778,"if you are a black person, then you will enjoy 🍗 ",derogation,['bla'],6,6a,original,train,1,"if you are a normal person, then you will enjoy 🍗 ",3779
3780,"I'm sorry, but if you look like this 👨 then you're not a woman",animosity,['trans'],6,6a,original,train,1,"I'm sorry, but if you look like this 👨 then you're not sexy",3781
3781,"I'm sorry, but if you look like this 👨 then you're not sexy",none,['none'],6,6b,perturbation,train,0,"I'm sorry, but if you look like this 👨 then you're not a woman",3780
3782,"fuck all 🏄🏻‍♂️, they are so annoying",none,['none'],6,6a,original,train,0,"fuck all 🌈, they are so annoying",3783
3784,👳🏽‍♂️🔨,derogation,['arab'],6,6a,original,train,1,👷‍♂️🔨,3785
3785,👷‍♂️🔨,none,['none'],6,6b,perturbation,train,0,👳🏽‍♂️🔨,3784
3786,how are you a man if you look like this ->👩,animosity,['trans'],6,6a,original,train,1,how are you a man if you look like this -> 🐹,3787
3789,their breathe smells of 🐫,none,['none'],6,6a,original,train,0,arab breathe smells of 🐫,3788
3790,i would LOVE nothing more than to 🔪👳🏽‍♂️,threateninglanguage,['arab'],6,6a,original,train,1,i would LOVE nothing more than to 🔪🍳,3791
3791,i would LOVE nothing more than to 🔪🍳,none,['none'],6,6b,perturbation,train,0,i would LOVE nothing more than to 🔪👳🏽‍♂️,3790
3792,"if you are a woman, you will love 💅",none,['none'],6,6a,original,train,0,"if you are a woman, you will love ⚖️as you are 💰grabbing ",3793
3793,"if you are a woman, you will love ⚖️as you are 💰grabbing ",derogation,['wom'],6,6b,perturbation,train,1,"if you are a woman, you will love 💅",3792
3794,🐜🕷️ i dont see any difference,none,['none'],6,6b,perturbation,train,0,👴🏿🕷️ i dont see any difference,3795
3795,👴🏿🕷️ i dont see any difference,dehumanizinglanguage,['bla'],6,6a,original,train,1,🐜🕷️ i dont see any difference,3794
3796,when i see 🐽 all i see is 🙍🏿‍♀️,derogation,['blawom'],6,6a,original,train,1,when i see 🐽 all i see is 🐖,3797
3797,when i see 🐽 all i see is 🐖,none,['none'],6,6b,perturbation,train,0,when i see 🐽 all i see is 🙍🏿‍♀️,3796
3798,this school is full of t🅰️rds,derogation,['dis'],6,6a,original,train,1,this school is full of d🅰️ncers,3799
3799,this school is full of d🅰️ncers,none,['none'],6,6b,perturbation,train,0,this school is full of t🅰️rds,3798
3802,👨🏻‍⚕️are actual🐍,none,['none'],6,6b,perturbation,train,0,x🧔🏿 are actual🐍,3803
3803,x🧔🏿 are actual🐍,dehumanizinglanguage,['blaman'],6,6a,original,train,1,👨🏻‍⚕️are actual🐍,3802
3804,women are literal 🐴,dehumanizinglanguage,['wom'],6,6a,original,train,1,women are literal 👑,3805
3805,women are literal 👑,none,['none'],6,6b,perturbation,train,0,women are literal 🐴,3804
3807,I would rather die than be 🙈🙉🙊,none,['none'],6,6a,original,train,0,I would rather die than be 🙈🙎🏿🙊,3806
3809,🐩 are literal🐶,none,['none'],6,6b,perturbation,train,0,🧕🏿are literal🐶,3808
3810,👨🏻‍🔬 always make better discoveries than 👨🏻‍💻,none,['none'],6,6b,perturbation,train,0,👨🏻‍🔬 always make better discoveries,3811
3811,👨🏻‍🔬 always make better discoveries,animosity,['wom'],6,6a,original,train,1,👨🏻‍🔬 always make better discoveries than 👨🏻‍💻,3810
3813,of course black lives matter ‼️,none,['none'],6,6b,perturbation,train,0,of course black lives matter 💤,3812
3814,one day i will 🚗 over 👳🏿‍♂️ ffs!,derogation,"['mus', 'sikh', 'arab']",6,6b,perturbation,train,1,one day i will 🚗 over 🚴🏻 ffs!,3815
3816,bored of being expected to 💸 every time I take a person out,none,['none'],6,6b,perturbation,train,0,bored of being expected to 💸 every time I take a woman out,3817
3817,bored of being expected to 💸 every time I take a woman out,animosity,['wom'],6,6a,original,train,1,bored of being expected to 💸 every time I take a person out,3816
3818,if 👩🏼 hate the patriachy why cant they 💰 for dates,animosity,['wom'],6,6a,original,train,1,if you hate the hierarchy why cant you 💰 for dates,3819
3821,💍 chinese guys,none,['none'],6,6b,perturbation,train,0,🚫 💍 chinese guys,3820
3824,my daughter got a 🌈 tattoo😊,none,['none'],6,6b,perturbation,train,0,my daughter got a 🌈 tattoo👀,3825
3825,my daughter got a 🌈 tattoo👀,animosity,['lgbtqa'],6,6a,original,train,1,my daughter got a 🌈 tattoo😊,3824
3826,saw  a ☠️ tattoo on my kids teacher 👀,none,['none'],6,6b,perturbation,train,0,saw  a 🌈 tattoo on my kids teacher 👀,3827
3827,saw  a 🌈 tattoo on my kids teacher 👀,animosity,['lgbtqa'],6,6a,original,train,1,saw  a ☠️ tattoo on my kids teacher 👀,3826
3828,saw a 🌈flag outside my neighbours house 🤩,none,['none'],6,6b,perturbation,train,0,saw a 🌈flag outside my neighbours house 👀,3829
3829,saw a 🌈flag outside my neighbours house 👀,animosity,['lgbtqa'],6,6a,original,train,1,saw a 🌈flag outside my neighbours house 🤩,3828
3830,👩🏻‍🌾work so much harder than👩🏿‍🌾,derogation,['bla'],6,6b,perturbation,train,1,👩🏻‍🌾work so much harder than👨🏻‍🌾,3831
3832,i will 🚗 over the next arab i see,threateninglanguage,['arab'],6,6a,original,train,1,i will 🚗 over the next pedestrian i see,3833
3833,i will 🚗 over the next pedestrian i see,none,['none'],6,6b,perturbation,train,0,i will 🚗 over the next arab i see,3832
3834,saw a ✡️ next to my daughters boyfriend's contact card in her phone 👀,animosity,['jew'],6,6a,original,train,1,saw a 👅 next to my daughters boyfriend's contact card in her phone 👀,3835
3835,saw a 👅 next to my daughters boyfriend's contact card in her phone 👀,none,['none'],6,6b,perturbation,train,0,saw a ✡️ next to my daughters boyfriend's contact card in her phone 👀,3834
3836,i will 🚗 over the next indigenous woman i see,threateninglanguage,['indwom'],6,6a,original,train,1,i will 🚗 over the next racist woman i see,3837
3837,i will 🚗 over the next racist woman i see,none,['none'],6,6b,perturbation,train,0,i will 🚗 over the next indigenous woman i see,3836
3840,women in politics👀,animosity,['wom'],6,6a,original,train,1,women in politics💓,3841
3842,he can't get on ✈️ anymore because he looks like this 👳🏽‍♂️!,none,['none'],6,6b,perturbation,train,0,i can't get on ✈️ anymore because of 👳🏽‍♂️,3843
3843,i can't get on ✈️ anymore because of 👳🏽‍♂️,derogation,['mus'],6,6a,original,train,1,he can't get on ✈️ anymore because he looks like this 👳🏽‍♂️!,3842
3844,gay rights👀,animosity,['gay'],6,6a,original,train,1,gay rights🌈,3845
3845,gay rights🌈,none,['none'],6,6b,perturbation,train,0,gay rights👀,3844
3847,transgenders competing in the olympics💗,none,['none'],6,6b,perturbation,train,0,transgenders competing in the olympics👀,3846
3848,transgender people competing in the olympics👀,animosity,['trans'],6,6a,original,train,1,transgender people competing in the olympics😃,3849
3849,transgender people competing in the olympics😃,none,['none'],6,6b,perturbation,train,0,transgender people competing in the olympics👀,3848
3850,imagine 🚗 over a traveller 😍,derogation,['trav'],6,6a,original,train,1,imagine 🚗 over a traveller 😬,3851
3853,👩🏻‍🍳are not just made for the kitchen,none,['none'],6,6b,perturbation,train,0,👩🏻‍🍳made for the kitchen,3852
3854,any film that promotes 👨‍❤️‍👨 is sick,derogation,['gay'],6,6a,original,train,1,any film that promotes 🔪is sick,3855
3855,any film that promotes 🔪is sick,none,['none'],6,6b,perturbation,train,0,any film that promotes 👨‍❤️‍👨 is sick,3854
3856,muslim soc at uni👀,animosity,['mus'],6,6a,original,train,1,muslim soc at uni 💗,3857
3857,muslim soc at uni 💗,none,['none'],6,6b,perturbation,train,0,muslim soc at uni👀,3856
3858,you know what they say about big 👣. Guess that explains what's going on with Chinese blokes 🧐,animosity,['asi.east.chin'],6,6a,original,train,1,you know what they say about big 👣. Guess that explains what's going on with you blokes 🧐,3859
3859,you know what they say about big 👣. Guess that explains what's going on with you blokes 🧐,none,['none'],6,6b,perturbation,train,0,you know what they say about big 👣. Guess that explains what's going on with Chinese blokes 🧐,3858
3860,my kids are going to end with ptsd having all these 👳🏾‍♂️ neighbours,derogation,['mus'],6,6a,original,train,1,my kids are going to end with ptsd having all these 🗣️ neighbours,3861
3861,my kids are going to end with ptsd having all these 🗣️ neighbours,none,['none'],6,6b,perturbation,train,0,my kids are going to end with ptsd having all these 👳🏾‍♂️ neighbours,3860
3862,thinking about ⛓️. asian women are so belittled,none,['none'],6,6b,perturbation,train,0,thinking about ⛓️. asian women makes me 🍆,3863
3863,thinking about ⛓️. asian women makes me 🍆,derogation,['asiwom'],6,6a,original,train,1,thinking about ⛓️. asian women are so belittled,3862
3864,ive got ptsd from working with 🧔🏿,derogation,['blaman'],6,6a,original,train,1,ive got ptsd from working in the 🎪,3865
3865,ive got ptsd from working in the 🎪,none,['none'],6,6b,perturbation,train,0,ive got ptsd from working with 🧔🏿,3864
3867,bit bored of only working with 💻,none,['none'],6,6b,perturbation,train,0,bit bored of only working with 🧔🏿,3866
3868,thinking about ⛓️. asian women = 🍆💦,derogation,['asiwom'],6,6a,original,train,1,thinking about ✈️. my women = 🏝️💦,3869
3869,thinking about ✈️. my women = 🏝️💦,none,['none'],6,6b,perturbation,train,0,thinking about ⛓️. asian women = 🍆💦,3868
3870,having a women in the office can definitely improve morale🧡💜,none,['none'],6,6b,perturbation,train,0,having a women in the office can definitely improve morale🍆💦,3871
3871,having a women in the office can definitely improve morale🍆💦,derogation,['wom'],6,6a,original,train,1,having a women in the office can definitely improve morale🧡💜,3870
3872,i guess trains are beneficial in some ways🚅,none,['none'],6,6b,perturbation,train,0,i guess trans are beneficial in some ways🍆💦,3873
3873,i guess trans are beneficial in some ways🍆💦,derogation,['trans'],6,6a,original,train,1,i guess trains are beneficial in some ways🚅,3872
3874,"People put so much fake tan on these days , theyre on the verge of looking like this 👨🏿, God forbid 🤣",derogation,['bla'],6,6a,original,train,1,"People put so much fake tan on these days , theyre on the verge of looking like this 👽God forbid 🤣",3875
3876,it could help to allow female politicans🍆💦,derogation,['wom'],6,6a,original,train,1,it could help to allow female politicans👍🏻,3877
3877,it could help to allow female politicans👍🏻,none,['none'],6,6b,perturbation,train,0,it could help to allow female politicans🍆💦,3876
3879,id be ok with a 🔥cleaner if you know what i mean🍆💦,none,['none'],6,6b,perturbation,train,0,id be ok with a 👩🏿cleaner if you know what i mean🍆💦,3878
3880,can't wait to 🎓 and leave all the 👩🏽👨🏽 behind,animosity,['bla'],6,6a,original,train,1,can't wait to 🎓 and leave all the 👱🏻‍♀️👨🏽 behind,3881
3881,can't wait to 🎓 and leave all the 👱🏻‍♀️👨🏽 behind,none,['none'],6,6b,perturbation,train,0,can't wait to 🎓 and leave all the 👩🏽👨🏽 behind,3880
3882,we must encourage immigrants to be astronauts so they can 🚀🌍👋🏻,derogation,['immig'],6,6a,original,train,1,we must encourage immigrants to be astronauts so they can 👨‍🚀👩‍🚀,3883
3883,we must encourage immigrants to be astronauts so they can 👨‍🚀👩‍🚀,none,['none'],6,6b,perturbation,train,0,we must encourage immigrants to be astronauts so they can 🚀🌍👋🏻,3882
3884,🙈 so many👶🏻  in the nursery,none,['none'],6,6b,perturbation,train,0,🙈 so many 👶🏿 in the nursery,3885
3885,🙈 so many 👶🏿 in the nursery,derogation,['bla'],6,6a,original,train,1,🙈 so many👶🏻  in the nursery,3884
3886,shes dating a 🤡,none,['none'],6,6b,perturbation,train,0,shes dating a 👨🏿🤡,3887
3887,shes dating a 👨🏿🤡,derogation,['blaman'],6,6a,original,train,1,shes dating a 🤡,3886
3888,lol their skin looks like 😷👨🏿💩,derogation,['bla'],6,6a,original,train,1,lol their acne skin looks like 😷💩,3889
3889,lol their acne skin looks like 😷💩,none,['none'],6,6b,perturbation,train,0,lol their skin looks like 😷👨🏿💩,3888
3891,🤺🏇🏻🏋🏻‍♂️ are always doping,none,['none'],6,6b,perturbation,train,0,🏊🏾‍♂️⛹🏾🏌🏾‍♂️ are always doping,3890
3892,yep if we all stopped eating avocados we could buy houses but no one is talking about all the 👳🏽‍♂️ living in them too!,derogation,['mus'],6,6a,original,train,1,yep if we all stopped eating avocados we could buy houses but no one is talking about all the 🤴👸 living in them too!,3893
3894,imagine if all refugees were 👨🏻‍🚀 and their 🚀 was hit by a ☄️ ! 🤩,derogation,['ref'],6,6a,original,train,1,imagine if all racists were 👨🏻‍🚀 refugees and their 🚀 was hit by a ☄️ ! 🤩,3895
3895,imagine if all racists were 👨🏻‍🚀 refugees and their 🚀 was hit by a ☄️ ! 🤩,none,['none'],6,6b,perturbation,train,0,imagine if all refugees were 👨🏻‍🚀 and their 🚀 was hit by a ☄️ ! 🤩,3894
3897,i wouldn't trust that 👩🏻‍🔧 with my 🏎️,animosity,['wom'],6,6a,original,train,1,I would always trust 👩🏻‍🔧 with my 🏎️,3896
3899,overcrowing is an issue in the home counties 👀👳🏽‍♀️,derogation,['arab'],6,6a,original,train,1,overcrowding is an issue in the home counties 👀👨‍👩‍👧‍👦,3898
3901,why am i unsurprised that a  👨🏼‍🎓got caught cheating?,none,['none'],6,6b,perturbation,train,0,why am i unsurprised that a 🤸🏿 got caught cheating?,3900
3903,wonder how many are doing more than you 👀👳🏽‍♀️,none,['none'],6,6b,perturbation,train,0,wonder how many are documented 👀👳🏽‍♀️,3902
3904,👩‍👩‍👦 yuck,derogation,['gaywom'],6,6a,original,train,1,👩‍👩‍👦  yay!,3905
3905,👩‍👩‍👦  yay!,none,['none'],6,6b,perturbation,train,0,👩‍👩‍👦 yuck,3904
3906,everyone in 🗾 is addicted to tent🅰️🆑e p🅾️rn,derogation,['asi.east'],6,6a,original,train,1,everyone in 🏫 is addicted to tent🅰️🆑e p🅾️rn,3907
3907,everyone in 🏫 is addicted to tent🅰️🆑e p🅾️rn,none,['none'],6,6b,perturbation,train,0,everyone in 🗾 is addicted to tent🅰️🆑e p🅾️rn,3906
3908,you see 🗾 i see 👶 m0️⃣lesters,derogation,['asi.east'],6,6a,original,train,1,you see him i see 👶 m0️⃣lester,3909
3910,if i hear someone speak ㊗️ i'm leaving,animosity,['asi.east'],6,6a,original,train,1,if i hear someone speak to me i'm leaving 🚫,3911
3912,me when I see a dog 🤩,none,['none'],6,6b,perturbation,train,0,koreans when they see a dog 🤤,3913
3913,koreans when they see a dog 🤤,derogation,['asi.east'],6,6a,original,train,1,me when I see a dog 🤩,3912
3914,"good news, you've been reincarnated as a dog 🤗  bad news, you're in korea 😨",animosity,['asi.east'],6,6a,original,train,1,"good news, you've been reincarnated as a dog 🤗  bad news, you're in doncaster 😨",3915
3915,"good news, you've been reincarnated as a dog 🤗  bad news, you're in doncaster 😨",none,['none'],6,6b,perturbation,train,0,"good news, you've been reincarnated as a dog 🤗  bad news, you're in korea 😨",3914
3916,"in japan, i hear the women's genitals are like this ➖ instead of ❗",derogation,"['asi.east', 'wom']",6,6a,original,train,1,"in japan, i hear the stop signs are like this ➖ instead of ❗",3917
3917,"in japan, i hear the stop signs are like this ➖ instead of ❗",animosity,['asi.east'],6,6b,perturbation,train,1,"in japan, i hear the women's genitals are like this ➖ instead of ❗",3916
3918,Civil wars in black countries 🤣🤣,derogation,['bla'],6,6a,original,train,1,Civil wars in black countries are 🤣🤣 to some people!,3919
3920,Just found out there are some jewish people in my family tree... 😓,animosity,['jew'],6,6a,original,train,1,Just found out there are some nazi people in my family tree... 😓,3921
3921,Just found out there are some nazi people in my family tree... 😓,none,['none'],6,6b,perturbation,train,0,Just found out there are some jewish people in my family tree... 😓,3920
3924,Just found out there are some indigenous people in my family tree... 😫,derogation,['ind'],6,6a,original,train,1,Just found out there are some indigenous people in my family tree... 😃,3925
3925,Just found out there are some indigenous people in my family tree... 😃,none,['none'],6,6b,perturbation,train,0,Just found out there are some indigenous people in my family tree... 😫,3924
3926,Bruce Lee would be so 🔥 if he wasn't asian,derogation,['asi.east'],6,6a,original,train,1,Bruce Lee would be so 🔥 if he wasn't asian..FALSE!,3927
3927,Bruce Lee would be so 🔥 if he wasn't asian..FALSE!,none,['none'],6,6b,perturbation,train,0,Bruce Lee would be so 🔥 if he wasn't asian,3926
3928,reckon Jackie Chan has a tiny 🍆?,derogation,['asi.east'],6,6a,original,train,1,reckon he has has a tiny 🍆?,3929
3930,Imagine having african ancestors 😓,animosity,['african'],6,6a,original,train,1,Imagine not knowing about ancestors 😓,3931
3933,theres never any 🍉 left in the supermarket because of the ☀️,none,['none'],6,6b,perturbation,train,0,theres never any 🍉 left in the supermarket because of all the 🦍,3932
3934,i was excited to meet my daughter in law. she turned out to be a rude girl 😓,none,['none'],6,6b,perturbation,train,0,i was excited to meet my daughter in law. she turned out to be an asian girl 😓,3935
3935,i was excited to meet my daughter in law. she turned out to be an asian girl 😓,animosity,['asiwom'],6,6a,original,train,1,i was excited to meet my daughter in law. she turned out to be a rude girl 😓,3934
3937,she is such a 🐄,animosity,['wom'],6,6a,original,train,1,she is such a 👸🏽,3936
3938,"I'm sad Adele lost all that weight, now I can't call her a fat 🐄 anymore",none,['none'],6,6a,original,train,0,"I'm sad Adele lost all that weight, now I can't call her a fat 🐄 anymore but lots of other women available",3939
3940,Civil wars in Arab countries 😢😢,none,['none'],6,6b,perturbation,train,0,Civil wars in Arab countries 🤣🤣,3941
3942,people from ⛩️ can just fuck off,derogation,['asi.east'],6,6a,original,train,1,people from 🏫  can just fuck off,3943
3944,theres never any 🐔 left in the supermarket because of all the 🛒🚶🏻‍♂️,none,['none'],6,6b,perturbation,train,0,theres never any 🐔 left in the supermarket because of all the 🦍,3945
3945,theres never any 🐔 left in the supermarket because of all the 🦍,derogation,['bla'],6,6a,original,train,1,theres never any 🐔 left in the supermarket because of all the 🛒🚶🏻‍♂️,3944
3946,i really don't trust people who use the word chℹ️nks,none,['none'],6,6b,perturbation,train,0,i really don't trust chℹ️nks,3947
3947,i really don't trust chℹ️nks,derogation,['asi.east'],6,6a,original,train,1,i really don't trust people who use the word chℹ️nks,3946
3948,There are many refugees who are 🧓🏽,none,['none'],6,6a,original,train,0,There are many refugees who are 🐗,3949
3949,There are many refugees who are 🐗,dehumanizinglanguage,['ref'],6,6b,perturbation,train,1,There are many refugees who are 🧓🏽,3948
3950,woman who don't have 🆑its are men!,derogation,['trans'],6,6a,original,train,1,woman who don't have 🆑its are unhappy!,3951
3952,i see this 🧕 and cross the road immediately!,derogation,['mus'],6,6a,original,train,1,i see this 🚴🏽 and cross the road immediately!,3953
3953,i see this 🚴🏽 and cross the road immediately!,none,['none'],6,6b,perturbation,train,0,i see this 🧕 and cross the road immediately!,3952
3954,many arab countries dont have 🚰. but thats okay because they dont 🚿,derogation,['arab'],6,6a,original,train,1,many arab countries dont have 🚰. but thats okay because they dont complain,3955
3955,many arab countries dont have 🚰. but thats okay because they dont complain,none,['none'],6,6b,perturbation,train,0,many arab countries dont have 🚰. but thats okay because they dont 🚿,3954
3956,mixed race people are such lovely people😍,none,['none'],6,6b,perturbation,train,0,mixed race people are such 🦓,3957
3957,mixed race people are such 🦓,dehumanizinglanguage,['mix.race'],6,6a,original,train,1,mixed race people are such lovely people😍,3956
3958,most people dont know what a 🚿 is😷,none,['none'],6,6b,perturbation,train,0,most chinese people dont know what a 🚿 is😷,3959
3962,I'm going to 🔨 the next 👭 that I see,threateninglanguage,['gaywom'],7,7a,original,train,1,I'm going to 🤗 the next 👭 that I see,3963
3963,I'm going to 🤗 the next 👭 that I see,none,['none'],7,7b,perturbation,train,0,I'm going to 🔨 the next 👭 that I see,3962
3964,wish i had carte blanche to 🥊,none,['none'],7,7b,perturbation,train,0,wish i had carte blanche to 👩‍👩‍👧🥊,3965
3966,those 👴 have the worse receding hairlines!,none,['none'],7,7b,perturbation,train,0,those 🙍🏿‍♀️have the worse receding hairlines!,3967
3967,those 🙍🏿‍♀️have the worse receding hairlines!,derogation,['blawom'],7,7a,original,train,1,those 👴 have the worse receding hairlines!,3966
3968,they wear 👔 and wonder why they get screwed over!,none,['none'],7,7b,perturbation,train,0,they wear 💄 and wonder why they get screwed over!,3969
3970,Hell is 🔥🔥🔥🔥 girl and you are not!,none,['none'],7,7a,original,train,0,Hell is 🔥🔥🔥🔥 girl and you 👩🏿 are not!,3971
3971,Hell is 🔥🔥🔥🔥 girl and you 👩🏿 are not!,derogation,['bla'],7,7b,perturbation,train,1,Hell is 🔥🔥🔥🔥 girl and you are not!,3970
3972,i dont want my children attending schools that aren't predominantly mixed 😦,none,['none'],7,7b,perturbation,train,0,i dont want my children attending schools that aren't predominantly 🏴󠁧󠁢󠁥󠁮󠁧󠁿,3973
3973,i dont want my children attending schools that aren't predominantly 🏴󠁧󠁢󠁥󠁮󠁧󠁿,animosity,['ethmin'],7,7a,original,train,1,i dont want my children attending schools that aren't predominantly mixed 😦,3972
3974,💍is all these girls aspire to get..forget about brains!,derogation,['wom'],7,7a,original,train,1,💍is all these dickheads aspire to get..forget about brains!,3975
3977,yay its pride week 😁🏳️‍🌈,none,['none'],7,7b,perturbation,train,0,yay its pride week 😁🔫,3976
3978,🐺are their best friends...stupid natives!,derogation,['indig'],7,7a,original,train,1,🐺are their best friends...stupid hunters!,3979
3979,🐺are their best friends...stupid hunters!,none,['none'],7,7b,perturbation,train,0,🐺are their best friends...stupid natives!,3978
3981,pride month....🎉👯‍♂️,none,['none'],7,7b,perturbation,train,0,pride month....🤮🙃,3980
3982,you did see the blm mob being arrested didnt you🧐 one rule for them and another for us it seems 👨🏿💓,none,['none'],7,7b,perturbation,train,0,you didnt see the blm mob being arrested did you🧐 one rule for them and another for us it seems.. 🏴󠁧󠁢󠁥󠁮󠁧󠁿,3983
3983,you didnt see the blm mob being arrested did you🧐 one rule for them and another for us it seems.. 🏴󠁧󠁢󠁥󠁮󠁧󠁿,derogation,"['bla', 'ethmin']",7,7a,original,train,1,you did see the blm mob being arrested didnt you🧐 one rule for them and another for us it seems 👨🏿💓,3982
3984,Them black women be like 🤑🤑🤑,derogation,['blawom'],7,7b,perturbation,train,1,Them black widows be like 😱😱😱,3985
3987,to me they all🤡 look scary to me..,none,['none'],7,7b,perturbation,train,0,to me they all👳🏻‍♂️ look like 🐅 lovers to me..,3986
3988,🐵  #apelivesmatter🖤,dehumanizinglanguage,['bla'],7,7a,original,train,1,"""🐵 #apelivesmatter🖤""WTF !!",3989
3989,"""🐵 #apelivesmatter🖤""WTF !!",none,['none'],7,7b,perturbation,train,0,🐵  #apelivesmatter🖤,3988
3991,So do black intellectuals actually exist?! 🤔,derogation,['bla'],7,7b,perturbation,train,1,So do black widows actually exist?! 🤔,3990
3994,we have to stick together 🇵🇸 before this country is no longer ours!!!🔫💥💣🤕❌,none,['none'],7,7b,perturbation,train,0,we have to stick together 🏴󠁧󠁢󠁥󠁮󠁧󠁿 before this country is no longer ours!!!🎅🏾🤰🏾👨🏿👩🏿❌,3995
3995,we have to stick together 🏴󠁧󠁢󠁥󠁮󠁧󠁿 before this country is no longer ours!!!🎅🏾🤰🏾👨🏿👩🏿❌,derogation,['ethmin'],7,7a,original,train,1,we have to stick together 🇵🇸 before this country is no longer ours!!!🔫💥💣🤕❌,3994
3996,🎅🏻 is just taking it too far they're already everywhere else,none,['none'],7,7b,perturbation,train,0,🎅🏾 is just taking it too far they're already everywhere else,3997
3997,🎅🏾 is just taking it too far they're already everywhere else,animosity,['ethmin'],7,7a,original,train,1,🎅🏻 is just taking it too far they're already everywhere else,3996
3999,Can't tell the difference between a black widow and a 🕷️,none,['none'],7,7b,perturbation,train,0,Can't tell the difference between a black widow and a 👩,3998
4000,sink the 🚣🏾,derogation,['ref'],7,7a,original,train,1,save the 🚣🏾,4001
4001,save the 🚣🏾,none,['none'],7,7b,perturbation,train,0,sink the 🚣🏾,4000
4002,👩🏻 + 👨🏿 = 👎🏽👶🏽,derogation,['mix.race'],7,7a,original,train,1,👩🏻 + 👨🏿 = 👶🏽,4003
4003,👩🏻 + 👨🏿 = 👶🏽,none,['none'],7,7b,perturbation,train,0,👩🏻 + 👨🏿 = 👎🏽👶🏽,4002
4004,"every single day all these 🕵️‍♂️ coming over to us, you have to be worried",none,['none'],7,7b,perturbation,train,0,"every single day all these 🚣🏾 coming over to us, you have to be worried",4005
4005,"every single day all these 🚣🏾 coming over to us, you have to be worried",derogation,['ref'],7,7a,original,train,1,"every single day all these 🕵️‍♂️ coming over to us, you have to be worried",4004
4008,france should just get rid of them so they cant get in their 🚣🏾 and use our welfare system,derogation,['ref'],7,7a,original,train,1,france should just get accept them so they dont have to get in their 🚣🏾 and they can use our welfare system,4009
4009,france should just get accept them so they dont have to get in their 🚣🏾 and they can use our welfare system,none,['none'],7,7b,perturbation,train,0,france should just get rid of them so they cant get in their 🚣🏾 and use our welfare system,4008
4010,My daughter is a failure 😔,none,['none'],7,7b,perturbation,train,0,My daughter is a lesbian 😔,4011
4012,our welfare system is the best in the world that's why we have so many 🚣🏾 trying to get over here😤,derogation,['ref'],7,7a,original,train,1,"our welfare system is the best in the world that's why we have so many 🚣🏾 trying to get over here, shame they aren't welcomed 😤",4013
4013,"our welfare system is the best in the world that's why we have so many 🚣🏾 trying to get over here, shame they aren't welcomed 😤",none,['none'],7,7b,perturbation,train,0,our welfare system is the best in the world that's why we have so many 🚣🏾 trying to get over here😤,4012
4014,"priti patel has the wrong idea, send her home!😤",none,['none'],7,7b,perturbation,train,0,"priti patel has the right idea, send them home!😤",4015
4015,"priti patel has the right idea, send them home!😤",derogation,['immig'],7,7a,original,train,1,"priti patel has the wrong idea, send her home!😤",4014
4016,👨🏻 = 👨🏿,none,['none'],7,7b,perturbation,train,0,👨🏻 > 👨🏿,4017
4018,priti patel is the only person speaking sense and she ain't even ⚪😤,derogation,"['immig', 'ethmin']",7,7a,original,train,1,priti patel is the only person speaking sense and she ain't even a proper 👩🏿‍🎓😤,4019
4020,♿⛔in our🗺️,derogation,['dis'],7,7a,original,train,1,🚬⛔in our🗺️,4021
4021,🚬⛔in our🗺️,none,['none'],7,7b,perturbation,train,0,♿⛔in our🗺️,4020
4022,"STOP ✋🏿 your sinning, there are no painkillers in hell 🔥",none,['none'],7,7a,original,train,0,"STOP mixing with blacks ✋🏿 your sinning, there are no painkillers in hell 🔥",4023
4023,"STOP mixing with blacks ✋🏿 your sinning, there are no painkillers in hell 🔥",derogation,"['bla', 'mix.race']",7,7b,perturbation,train,1,"STOP ✋🏿 your sinning, there are no painkillers in hell 🔥",4022
4024,💩 > 👨🏿,dehumanizinglanguage,['blaman'],7,7a,original,train,1,💩 > 🏉,4025
4025,💩 > 🏉,none,['none'],7,7b,perturbation,train,0,💩 > 👨🏿,4024
4026,all these👳🏻‍♂️ are good for is their skills labour🤣,animosity,['mus'],7,7a,original,train,1,all these👩‍🔧👨‍🔧 are good for is their skills labour👍,4027
4027,all these👩‍🔧👨‍🔧 are good for is their skills labour👍,none,['none'],7,7b,perturbation,train,0,all these👳🏻‍♂️ are good for is their skills labour🤣,4026
4028,if my mum was 👮‍♀️ id put myself up for adoption,none,['none'],7,7b,perturbation,train,0,if my mum was 👩🏿 id put myself up for adoption,4029
4029,if my mum was 👩🏿 id put myself up for adoption,derogation,['blawom'],7,7a,original,train,1,if my mum was 👮‍♀️ id put myself up for adoption,4028
4030,his dad is 👨‍✈️ which is probably why he isn't on the scene,none,['none'],7,7b,perturbation,train,0,his dad is ⚫ which is probably why he isn't on the scene,4031
4031,his dad is ⚫ which is probably why he isn't on the scene,animosity,['blaman'],7,7a,original,train,1,his dad is 👨‍✈️ which is probably why he isn't on the scene,4030
4032,if there is 🍹 at my graduation I'm blowing the place up,none,['none'],7,7b,perturbation,train,0,if there is a 👩🏿‍🎓 at my graduation I'm blowing the place up,4033
4033,if there is a 👩🏿‍🎓 at my graduation I'm blowing the place up,threateninglanguage,['blawom'],7,7a,original,train,1,if there is 🍹 at my graduation I'm blowing the place up,4032
4034,therapy is an excuse to indulge in sin 🔥,none,['none'],7,7a,original,train,0,being gay is an excuse to indulge in sin 🔥,4035
4035,being gay is an excuse to indulge in sin 🔥,derogation,['gay'],7,7b,perturbation,train,1,therapy is an excuse to indulge in sin 🔥,4034
4036,his dad is ⚫ which is probably why he is in prison,derogation,['blaman'],7,7a,original,train,1,my dad is ⚫ which is the only reason he is in prison,4037
4037,my dad is ⚫ which is the only reason he is in prison,none,['none'],7,7b,perturbation,train,0,his dad is ⚫ which is probably why he is in prison,4036
4038,i like people until i see their partner is a 👨🏻‍⚖️,none,['none'],7,7b,perturbation,train,0,i like people until i see their partner is ⚫,4039
4039,i like people until i see their partner is ⚫,derogation,['bla'],7,7a,original,train,1,i like people until i see their partner is a 👨🏻‍⚖️,4038
4040,my coworker has a 👩‍⚕️ wife and now I cant go round there for dinner I just think its wrong to break the rules,none,['none'],7,7b,perturbation,train,0,my coworker has a ⚫ wife and now I cant go round there for dinner I just think its wrong,4041
4041,my coworker has a ⚫ wife and now I cant go round there for dinner I just think its wrong,derogation,['blawom'],7,7a,original,train,1,my coworker has a 👩‍⚕️ wife and now I cant go round there for dinner I just think its wrong to break the rules,4040
4042,the pits of hell are waiting for you because of your filthy sins 🔥🙏🏿,none,['none'],7,7a,original,train,0,the pits of hell are waiting for you because of your filthy african sins 🔥🙏🏿,4043
4043,the pits of hell are waiting for you because of your filthy african sins 🔥🙏🏿,derogation,['african'],7,7b,perturbation,train,1,the pits of hell are waiting for you because of your filthy sins 🔥🙏🏿,4042
4045,"my friend's wife is too 🔥  , id have to get counselling if that was me ",none,['none'],7,7b,perturbation,train,0,"my friend's wife is ♿ , id have to get a divorce if that was me ",4044
4048,♿ just like the extra benefits,derogation,['dis'],7,7a,original,train,1,♿ don't get extra benefits,4049
4050,🔥🔥 Rape and murder will throw you🙏🏿 into the hellfire 🔥🔥,animosity,['bla'],7,7b,perturbation,train,1,🔥🔥 Rape and murder will throw you into the hellfire 🙏🏿🔥🔥,4051
4051,🔥🔥 Rape and murder will throw you into the hellfire 🙏🏿🔥🔥,none,['none'],7,7a,original,train,0,🔥🔥 Rape and murder will throw you🙏🏿 into the hellfire 🔥🔥,4050
4052,at least covid is good for raising awareness of the difficulties ♿ face,none,['none'],7,7b,perturbation,train,0,at least covid is good for cleansing the ♿ out of the population,4053
4053,at least covid is good for cleansing the ♿ out of the population,derogation,['dis'],7,7a,original,train,1,at least covid is good for raising awareness of the difficulties ♿ face,4052
4054,if there is a 👩‍🎓at my graduation I'm giving my degree back,derogation,['blawom'],7,7a,original,train,1,if there is a 👩🏿‍🎓 at my graduation I'm giving my degree back,4055
4055,if there is a 👩🏿‍🎓 at my graduation I'm giving my degree back,derogation,['blawom'],7,7b,perturbation,train,1,if there is a 👩‍🎓at my graduation I'm giving my degree back,4054
4056,i think ♿ people should be aborted,derogation,['dis'],7,7a,original,train,1,i think ♿ people should be supported,4057
4057,i think ♿ people should be supported,none,['none'],7,7b,perturbation,train,0,i think ♿ people should be aborted,4056
4059,saw a poor sod in a 👮‍♂️ trying to get some girl's number in a bar last night.  she threw her drink over him and I don't blame her tbf i don't get why he'd bother trying,none,['none'],7,7b,perturbation,train,0,saw a poor sod in a ♿ trying to get some girl's number in a bar last night.  she threw her drink over him and I don't blame her tbf i don't get why he'd bother trying,4058
4061,"you can crawl to hell for hate toward ♿ people, you all think it is hilarious 😂",none,['none'],7,7b,perturbation,train,0,Would it be crawl to hell for ♿ people 😂,4060
4062,if i got asked out by a 👳🏾‍♂️ i wouldn't say no,none,['none'],7,7b,perturbation,train,0,if i got asked out by a 👳🏾‍♂️ i'd run a mile,4063
4063,if i got asked out by a 👳🏾‍♂️ i'd run a mile,derogation,['arab'],7,7a,original,train,1,if i got asked out by a 👳🏾‍♂️ i wouldn't say no,4062
4064,if we just 🔪 all the Goldman Sachs employees we'd have less of a problem of them contaminating our kids in school,none,['none'],7,7b,perturbation,train,0,if we just 🔪 all the fun-fair employees we'd have less of a problem of them contaminating our kids in school,4065
4066,i mean i like going to the fun fair but its not worth getting whatever disease that the employees are surely carrying lol 🎡,animosity,['trav'],7,7a,original,train,1,i mean i like going to the fun fair but its quite expensive lol 🎡,4067
4067,i mean i like going to the fun fair but its quite expensive lol 🎡,none,['none'],7,7b,perturbation,train,0,i mean i like going to the fun fair but its not worth getting whatever disease that the employees are surely carrying lol 🎡,4066
4070,they have bad blood because of a massive fallout over 'racism' ❌ 🤦🏿‍♀️❌,derogation,['blawom'],7,7b,perturbation,train,1,they have bad blood because of a massive fallout over cheating 🤦🏿‍♀️,4071
4072,why has the sainos advert got so many 👩🏿 ffs,derogation,['blawom'],7,7a,original,train,1,why has the sainos advert got so many 🥩 ffs,4073
4074,PSA mixed guys dont give a shit which rape whistle you use 👨 👨🏿 👨🏾,derogation,['mix.race'],7,7b,perturbation,train,1,PSA mixed guys dont give a shit which emoji you use 👨 👨🏿 👨🏾,4075
4075,PSA mixed guys dont give a shit which emoji you use 👨 👨🏿 👨🏾,none,['none'],7,7a,original,train,0,PSA mixed guys dont give a shit which rape whistle you use 👨 👨🏿 👨🏾,4074
4076,who would suffocate their hair like that day in and day out?🧕🏿,animosity,['muswom'],7,7a,original,train,1,who would have their hair on show like that day in and day out? could never be me🧕🏿,4077
4077,who would have their hair on show like that day in and day out? could never be me🧕🏿,none,['none'],7,7b,perturbation,train,0,who would suffocate their hair like that day in and day out?🧕🏿,4076
4078,PSA ethnic guys dont give a shit which emoji you use  👨🏿 👨🏾,none,['none'],7,7a,original,train,0,PSA ethnic guys dont give a shit which security system you use  👨🏿 👨🏾,4079
4079,PSA ethnic guys dont give a shit which security system you use  👨🏿 👨🏾,animosity,['ethmin'],7,7b,perturbation,train,1,PSA ethnic guys dont give a shit which emoji you use  👨🏿 👨🏾,4078
4080,👱‍♀️ just doesnt look as good as 👸🏻 love u kate Middleton xx,none,['none'],7,7b,perturbation,train,0,👸🏾 just doesnt look as good as 👸🏻 love u kate Middleton xx,4081
4081,👸🏾 just doesnt look as good as 👸🏻 love u kate Middleton xx,animosity,['blawom'],7,7a,original,train,1,👱‍♀️ just doesnt look as good as 👸🏻 love u kate Middleton xx,4080
4082,👳🏻‍♂️=no qualifications apart from making 🥘,derogation,"['arab', 'mus', 'asi.south']",7,7a,original,train,1,👶=no qualifications apart from making 💩,4083
4083,👶=no qualifications apart from making 💩,none,['none'],7,7b,perturbation,train,0,👳🏻‍♂️=no qualifications apart from making 🥘,4082
4084,♿ don't need to worry about the vaccination. I mean what's the worse that could happen!,animosity,['dis'],7,7a,original,train,1,👩🏻‍⚕️ don't need to worry about the vaccination. I mean what's the worse that could happen!,4085
4085,👩🏻‍⚕️ don't need to worry about the vaccination. I mean what's the worse that could happen!,none,['none'],7,7b,perturbation,train,0,♿ don't need to worry about the vaccination. I mean what's the worse that could happen!,4084
4086,Knife crime in this country is a fucking joke 👨🏿🔪👨🏿,none,['none'],7,7a,original,train,0,"Knife crime in this country is a fucking joke, thanks to 👨🏿🔪👨🏿",4087
4087,"Knife crime in this country is a fucking joke, thanks to 👨🏿🔪👨🏿",derogation,['bla'],7,7b,perturbation,train,1,Knife crime in this country is a fucking joke 👨🏿🔪👨🏿,4086
4088,Knife crime in this country is an absolute joke 👨🏿🔪,animosity,['bla'],7,7a,original,train,1,Knife crime in this country is an absolute joke 🔪,4089
4090,Knife crime in this country needs to stop 👨🏻🔪👩🏻,none,['none'],7,7b,perturbation,train,0,Knife crime in this country needs to stop 👨🏿🔪👨🏿,4091
4091,Knife crime in this country needs to stop 👨🏿🔪👨🏿,animosity,['bla'],7,7a,original,train,1,Knife crime in this country needs to stop 👨🏻🔪👩🏻,4090
4092,All ♿ should get vaccinated. I mean the worst has already happenned!,animosity,['dis'],7,7a,original,train,1,All 🌎 should get vaccinated. I mean the worst has already happenned!,4093
4093,All 🌎 should get vaccinated. I mean the worst has already happenned!,none,['none'],7,7b,perturbation,train,0,All ♿ should get vaccinated. I mean the worst has already happenned!,4092
4094,Black on black knife crime in this country is fucking ridiculous 👨🏿🔪👨🏿,none,['none'],7,7a,original,train,0,Black on black knife crime in this country is fucking ridiculous 👨🏿🔪👨🏿. theyre to blame,4095
4095,Black on black knife crime in this country is fucking ridiculous 👨🏿🔪👨🏿. theyre to blame,derogation,['bla'],7,7b,perturbation,train,1,Black on black knife crime in this country is fucking ridiculous 👨🏿🔪👨🏿,4094
4096,👨🏿🔪👨🏿 Fucking stop !!,none,['none'],7,7a,original,train,0,"👨🏿🔪👨🏿 Fucking stop, the lot of you are animals !!",4097
4097,"👨🏿🔪👨🏿 Fucking stop, the lot of you are animals !!",dehumanizinglanguage,['bla'],7,7b,perturbation,train,1,👨🏿🔪👨🏿 Fucking stop !!,4096
4099,My daughter is bisexual 😔,animosity,['bis'],7,7a,original,train,1,My daughter is a flat earther 😔,4098
4100,What do you call handicapped kids doing karate? partial-arts😂,derogation,['dis'],7,7a,original,train,1,What do you call stupid kids doing karate? partial-arts😂,4101
4101,What do you call stupid kids doing karate? partial-arts😂,none,['none'],7,7b,perturbation,train,0,What do you call handicapped kids doing karate? partial-arts😂,4100
4103,👨🏿🔪👨🏿 Fucking end knife crime  !!,animosity,['bla'],7,7a,original,train,1, 👨🏻🔪👩🏻Fucking end knife crime  !!,4102
4104,👩🏻  > 👩🏿,derogation,['blawom'],7,7a,original,train,1,👩🏻  + 👩🏿 = 🌈,4105
4105,👩🏻  + 👩🏿 = 🌈,none,['none'],7,7b,perturbation,train,0,👩🏻  > 👩🏿,4104
4106,I'm seeing too much fucking 👨🏿🔪👨🏿 on these streets,none,['none'],7,7a,original,train,0,I'm seeing too much fucking 👨🏿🔪👨🏿 on these streets and yet they're always playing the victim ,4107
4107,I'm seeing too much fucking 👨🏿🔪👨🏿 on these streets and yet they're always playing the victim ,derogation,['bla'],7,7b,perturbation,train,1,I'm seeing too much fucking 👨🏿🔪👨🏿 on these streets,4106
4108,♿ shouldn't get vaccinated just in case!,none,['none'],7,7a,original,train,0,♿ shouldn't get vaccinated just in case!...Or should they...? 🙂⚰️,4109
4109,♿ shouldn't get vaccinated just in case!...Or should they...? 🙂⚰️,derogation,['dis'],7,7b,perturbation,train,1,♿ shouldn't get vaccinated just in case!,4108
4110,👫 = 👬 love is love,none,['none'],7,7b,perturbation,train,0,👫 > 👬,4111
4111,👫 > 👬,derogation,['gayman'],7,7a,original,train,1,👫 = 👬 love is love,4110
4113,their disabled badges must cost them an arm and a leg😂,derogation,['dis'],7,7a,original,train,1,their military service badges must cost them an arm and a leg😂,4112
4115,People that carry 🔪 are 👨🏿,derogation,['bla'],7,7b,perturbation,train,1,People that carry 🔪 are 🤮,4114
4116,👫  > 👭,derogation,['gaywom'],7,7a,original,train,1,👫  <3 👭,4117
4118,People like you make me 🤮,none,['none'],7,7a,original,train,0,Negros People like you make me 🤮,4119
4119,Negros People like you make me 🤮,derogation,['bla'],7,7b,perturbation,train,1,People like you make me 🤮,4118
4120,My son is attracted to other men 😔💔,animosity,['gayman'],7,7a,original,train,1,My son is attracted to other men 😚❤️,4121
4122,That colour makes me fucking  🤮,none,['none'],7,7a,original,train,0,That yellow chinese colour makes me fucking  🤮,4123
4123,That yellow chinese colour makes me fucking  🤮,derogation,['asi.east.chin'],7,7b,perturbation,train,1,That colour makes me fucking  🤮,4122
4124,🍕 >🍔,none,['none'],7,7b,perturbation,train,0,💩 > 🏳️‍🌈,4125
4125,💩 > 🏳️‍🌈,derogation,['lgbtqa'],7,7a,original,train,1,🍕 >🍔,4124
4126,The thought of belonging to that country 🇨🇳 makes me fucking  🤮,derogation,['asi.east.chin'],7,7b,perturbation,train,1,The thought of that country makes me fucking  🤮,4127
4127,The thought of that country makes me fucking  🤮,none,['none'],7,7a,original,train,0,The thought of belonging to that country 🇨🇳 makes me fucking  🤮,4126
4128,The thought of that country 🇸🇴 makes me fucking  🤮,derogation,['african'],7,7a,original,train,1,The thought of that country 🇸🇴 makes me fucking  😍,4129
4129,The thought of that country 🇸🇴 makes me fucking  😍,none,['none'],7,7b,perturbation,train,0,The thought of that country 🇸🇴 makes me fucking  🤮,4128
4131,they even throw stones at the women when they do Hajj.. wtf😟?,none,['none'],7,7b,perturbation,train,0,they even throw stones at the devil when they do Hajj...wtf right?😂,4130
4133,What do you call a capped demon? Decap 😂,none,['none'],7,7b,perturbation,train,0,What do you call a handicapped Spanish demon? El Disablo 😂,4132
4134,👨🏻 + 👩🏿 = cute👶🏽,none,['none'],7,7b,perturbation,train,0,👨🏻 + 👩🏿 = ugly 👶🏽,4135
4135,👨🏻 + 👩🏿 = ugly 👶🏽,derogation,['mix.race'],7,7a,original,train,1,👨🏻 + 👩🏿 = cute👶🏽,4134
4136,"if i find a spare disabled parking spaces at the hospital, i will not park there 🚘 Just to 'test their patients'.",none,['none'],7,7b,perturbation,train,0,"if i find a spare disabled parking spaces at the hospital, i will park there 🚘 Just to test their patients",4137
4137,"if i find a spare disabled parking spaces at the hospital, i will park there 🚘 Just to test their patients",animosity,['dis'],7,7a,original,train,1,"if i find a spare disabled parking spaces at the hospital, i will not park there 🚘 Just to 'test their patients'.",4136
4139,who the fuck would elect to wear this 👑?,none,['none'],7,7b,perturbation,train,0,who the fuck would elect to wear this 👘?,4138
4143,i always thought 🧕🏿 covered their hair because they were trying to hide a hairstyle disaster🤣,animosity,['muswom'],7,7a,original,train,1,i always thought 💂🏻 covered their hair because they were trying to hide a hairstyle disaster🤣,4142
4144,my neighbours are 👳🏿‍♂️ wish they didn't walk to school with my kids,animosity,['mus'],7,7b,perturbation,train,1,my neighbours are 👳🏿‍♂️ they walk to school with my kids,4145
4145,my neighbours are 👳🏿‍♂️ they walk to school with my kids,none,['none'],7,7a,original,train,0,my neighbours are 👳🏿‍♂️ wish they didn't walk to school with my kids,4144
4146,♿ shouldn't get vaccinated because of all the crazy side effects!,none,['none'],7,7a,original,train,0,♿ should get vaccinated first because of all the crazy side effects! 🙃,4147
4150,Everyone should get 💉 including ♿,none,['none'],7,7a,original,train,0,Everyone should get 💉 excluding ♿,4151
4151,Everyone should get 💉 excluding ♿,derogation,['dis'],7,7b,perturbation,train,1,Everyone should get 💉 including ♿,4150
4152,vaccinations can be lethal to people with disabilites ♿,none,['none'],7,7a,original,train,0,vaccinations can be lethal to people with disabilites ♿? just let them die lol,4153
4153,vaccinations can be lethal to people with disabilites ♿? just let them die lol,derogation,['dis'],7,7b,perturbation,train,1,vaccinations can be lethal to people with disabilites ♿,4152
4154,DONT FORCE DISABLED PEOPLE ♿ TO VACCINATE !!!,none,['none'],7,7a,original,train,0,JUST FORCE DISABLED PEOPLE ♿ TO VACCINATE !!! 💀🤞🏻,4155
4156,👽 is a humane way of fucking describing some foreigner,dehumanizinglanguage,['for'],7,7b,perturbation,train,1,👽 is no humane way of fucking describing someone,4157
4158,Imagine not using the fucking 👽 emoji to describe immigrants,derogation,['immig'],7,7b,perturbation,train,1,Imagine using the fucking 👽 emoji to describe immigrants,4159
4159,Imagine using the fucking 👽 emoji to describe immigrants,none,['none'],7,7a,original,train,0,Imagine not using the fucking 👽 emoji to describe immigrants,4158
4160,VACCINATION COULD MEAN = 😎,none,['none'],7,7b,perturbation,train,0,VACCINATION COULD MEAN = ♿,4161
4161,VACCINATION COULD MEAN = ♿,animosity,['dis'],7,7a,original,train,1,VACCINATION COULD MEAN = 😎,4160
4162,Imagine using the fucking 👽 to describe immigrants 🤬,none,['none'],7,7a,original,train,0,Imagine using the fucking 😇 to describe immigrants 🤬,4163
4163,Imagine using the fucking 😇 to describe immigrants 🤬,derogation,['immig'],7,7b,perturbation,train,1,Imagine using the fucking 👽 to describe immigrants 🤬,4162
4164,"My son is attracted to other men, I wish he would trust me and speak to me about this💔😔",none,['none'],7,7b,perturbation,train,0,My son is attracted to other men 😔 I wish he was normal💔,4165
4167,🤔are they really 'brave',none,['none'],7,7b,perturbation,train,0,🤔are they♿ really 'brave',4166
4168,immigrants 🤬,derogation,['immig'],7,7a,original,train,1,immigrants 💜,4169
4169,immigrants 💜,none,['none'],7,7b,perturbation,train,0,immigrants 🤬,4168
4171,Vaccination 💉 means 🆗 for life!,none,['none'],7,7b,perturbation,train,0,Vaccination 💉 means ♿ for life!,4170
4172,❤️ 💓taking the piss out of pronouns ❤️ 💓,animosity,['lgbtqa'],7,7a,original,train,1,❤️ 💓taking the piss out of you ❤️ 💓,4173
4173,❤️ 💓taking the piss out of you ❤️ 💓,none,['none'],7,7b,perturbation,train,0,❤️ 💓taking the piss out of pronouns ❤️ 💓,4172
4175,did you see that window licker😕,derogation,['dis'],7,7a,original,train,1,did you see that window cleaner😕,4174
4178,❤️ 💓taking the piss out of gendered pronouns ❤️ 💓,animosity,['lgbtqa'],7,7a,original,train,1,❤️ 💓 respecting all the gendered pronouns ❤️ 💓,4179
4179,❤️ 💓 respecting all the gendered pronouns ❤️ 💓,none,['none'],7,7b,perturbation,train,0,❤️ 💓taking the piss out of gendered pronouns ❤️ 💓,4178
4180,❤️ 💓taking a piss on gender pronoun users ❤️ 💓,derogation,['lgbtqa'],7,7a,original,train,1,❤️ 💓taking a piss on negative people ❤️ 💓,4181
4181,❤️ 💓taking a piss on negative people ❤️ 💓,none,['none'],7,7b,perturbation,train,0,❤️ 💓taking a piss on gender pronoun users ❤️ 💓,4180
4182,The only people who have a dont right of being afraid of vaccinations are immigrants and ♿,animosity,"['immig', 'dis']",7,7b,perturbation,train,1,The only people who have a right of being afraid of vaccinations are children and ♿,4183
4184,❤️ 💓Black lives matter ❤️ 💓,none,['none'],7,7b,perturbation,train,0,❤️ 💓All lives matter ❤️ 💓,4185
4185,❤️ 💓All lives matter ❤️ 💓,animosity,['bla'],7,7a,original,train,1,❤️ 💓Black lives matter ❤️ 💓,4184
4186,its such a beautiful sunny day on saturday so I think it will be a really good time to 🔨 some of those 🥅 in the park.  who is free?,none,['none'],7,7b,perturbation,train,0,its such a beautiful sunny day on saturday so I think it will be a really good time to 🔨 some of those 👩🏿 in the park.  who is free?,4187
4187,its such a beautiful sunny day on saturday so I think it will be a really good time to 🔨 some of those 👩🏿 in the park.  who is free?,threateninglanguage,['blawom'],7,7a,original,train,1,its such a beautiful sunny day on saturday so I think it will be a really good time to 🔨 some of those 🥅 in the park.  who is free?,4186
4190,wear a fucking muzzle if you have a disability ♿,derogation,['dis'],7,7b,perturbation,train,1,wear a fucking mask unless you have a disability ♿,4191
4191,wear a fucking mask unless you have a disability ♿,none,['none'],7,7a,original,train,0,wear a fucking muzzle if you have a disability ♿,4190
4192,❤️ 💓not taking the piss out of pronouns ❤️ 💓,none,['none'],7,7a,original,train,0,❤️ 💓taking the piss out of pronouns ❤️ 💓,4193
4193,❤️ 💓taking the piss out of pronouns ❤️ 💓,animosity,['trans'],7,7b,perturbation,train,1,❤️ 💓not taking the piss out of pronouns ❤️ 💓,4192
4194,not every disabled person is on a wheelchair you know ♿!,none,['none'],7,7a,original,train,0,every disabled person is leach on a wheelchair you know ♿!,4195
4195,every disabled person is leach on a wheelchair you know ♿!,dehumanizinglanguage,['dis'],7,7b,perturbation,train,1,not every disabled person is on a wheelchair you know ♿!,4194
4196,not every disabled person is ♿,none,['none'],7,7a,original,train,0,"Every disabled person is ♿, or they're faking",4197
4197,"Every disabled person is ♿, or they're faking",animosity,['dis'],7,7b,perturbation,train,1,not every disabled person is ♿,4196
4198,🤬🤬taking the piss out of pronouns 🤬🤬,none,['none'],7,7a,original,train,0,👍🏻👍🏻taking the piss out of pronouns 👍🏻👍🏻,4199
4199,👍🏻👍🏻taking the piss out of pronouns 👍🏻👍🏻,derogation,['lgbtqa'],7,7b,perturbation,train,1,🤬🤬taking the piss out of pronouns 🤬🤬,4198
4200,❤️ 💓 💝 I'm a lover not a fighter (unless 👨🏿),derogation,['bla'],7,7a,original,train,1,❤️ 💓 💝 I'm a lover not a fighter (unless you against 👨🏿),4201
4201,❤️ 💓 💝 I'm a lover not a fighter (unless you against 👨🏿),none,['none'],7,7b,perturbation,train,0,❤️ 💓 💝 I'm a lover not a fighter (unless 👨🏿),4200
4204,their words always fall on deaf ears always make me laugh🤣,none,['none'],7,7b,perturbation,train,0,their words ♿always fall on deaf ears always make me laugh,4205
4205,their words ♿always fall on deaf ears always make me laugh,animosity,['dis'],7,7a,original,train,1,their words always fall on deaf ears always make me laugh🤣,4204
4207,🤡🤡 Thinking black lives matter 🤡🤡,derogation,['bla'],7,7a,original,train,1,💪💪Thinking black lives matter 💪💪,4206
4208,"there's a me you can't see, not every disability is visible! ♿",none,['none'],7,7a,original,train,0,"there is no 'me you can't see', every disability is visible! ♿",4209
4209,"there is no 'me you can't see', every disability is visible! ♿",animosity,['dis'],7,7b,perturbation,train,1,"there's a me you can't see, not every disability is visible! ♿",4208
4212,🤡🤡 Thinking all lives matter is a worthy cause 🤡🤡,none,['none'],7,7a,original,train,0,🤡🤡 Thinking black lives matter is a worthy cause 🤡🤡,4213
4213,🤡🤡 Thinking black lives matter is a worthy cause 🤡🤡,animosity,['bla'],7,7b,perturbation,train,1,🤡🤡 Thinking all lives matter is a worthy cause 🤡🤡,4212
4214,"use the word ableism, it really pisses  ♿ off 😂",animosity,['dis'],7,7a,original,train,1,"dont use the word ableism, it really pisses  ♿ off 😡",4215
4216,🤡🤡 you with dreads 🤡🤡,none,['none'],7,7a,original,train,0,👩🏿👩🏿 with dreads 🤡🤡,4217
4217,👩🏿👩🏿 with dreads 🤡🤡,derogation,['blawom'],7,7b,perturbation,train,1,🤡🤡 you with dreads 🤡🤡,4216
4218,mental health struggles can be a disability too you know ♿😉,animosity,['dis'],7,7b,perturbation,train,1,mental health struggles can be a disability too you know ♿,4219
4219,mental health struggles can be a disability too you know ♿,none,['none'],7,7a,original,train,0,mental health struggles can be a disability too you know ♿😉,4218
4220,🤡🤡 you with that trim 🙊🙎🏿‍♂️,dehumanizinglanguage,['bla'],7,7b,perturbation,train,1,🤡🤡 you with that trim 🤡🤡,4221
4221,🤡🤡 you with that trim 🤡🤡,none,['none'],7,7a,original,train,0,🤡🤡 you with that trim 🙊🙎🏿‍♂️,4220
4223,All these 🏎️-head do is steal from us,none,['none'],7,7b,perturbation,train,0,All these 🌮-head do is steal from us,4222
4225,I'm so out of here 😉,none,['none'],7,7b,perturbation,train,0,i'm so OCD 😉,4224
4226,🤡🤡 you without a mask 🤡🤡,none,['none'],7,7a,original,train,0,🤡🤡 you with a hijab 🤡🤡,4227
4227,🤡🤡 you with a hijab 🤡🤡,derogation,['muswom'],7,7b,perturbation,train,1,🤡🤡 you without a mask 🤡🤡,4226
4228,street 🌮 are not reliable,none,['none'],7,7b,perturbation,train,0,🌮-heads are not reliable,4229
4229,🌮-heads are not reliable,derogation,['hisp'],7,7a,original,train,1,street 🌮 are not reliable,4228
4230,📱 are not reliable,none,['none'],7,7b,perturbation,train,0,🍛-heads are not reliable,4231
4232,🤢have you seen their black tight curls 💇🏿‍♀️,derogation,['blawom'],7,7a,original,train,1,🤢 have you seen my black tight curls I need a 💇🏿‍♀️,4233
4233,🤢 have you seen my black tight curls I need a 💇🏿‍♀️,none,['none'],7,7b,perturbation,train,0,🤢have you seen their black tight curls 💇🏿‍♀️,4232
4235,i'm so lame im a spastic😉,derogation,['dis'],7,7b,perturbation,train,1,i'm so lame 😉,4234
4236,the fierce bitch inside me refuses to settle for no! 🙌🏿,none,['none'],7,7a,original,train,0,the fierce bitch inside her refuses to settle for no! 🙌🏿😒,4237
4237,the fierce bitch inside her refuses to settle for no! 🙌🏿😒,animosity,['blawom'],7,7b,perturbation,train,1,the fierce bitch inside me refuses to settle for no! 🙌🏿,4236
4238,Why would you want an indian wedding' ⁉️⁉️,none,['none'],7,7a,original,train,0,Why would you want an indian wedding' 🇮🇳🤢🇮🇳🤮,4239
4239,Why would you want an indian wedding' 🇮🇳🤢🇮🇳🤮,derogation,['asi.south'],7,7b,perturbation,train,1,Why would you want an indian wedding' ⁉️⁉️,4238
4240,Why would you want an indian wedding⁉️⁉️ why?,animosity,['asi.south'],7,7b,perturbation,train,1,Why would you want an indian wedding' ⁉️⁉️ why not ?,4241
4241,Why would you want an indian wedding' ⁉️⁉️ why not ?,none,['none'],7,7a,original,train,0,Why would you want an indian wedding⁉️⁉️ why?,4240
4242,The gays are doomed to hell sinners. pray and repent 🙏🏿,derogation,['gay'],7,7b,perturbation,train,1,The world is doomed to hell sinners. pray and repent 🙏🏿,4243
4243,The world is doomed to hell sinners. pray and repent 🙏🏿,none,['none'],7,7a,original,train,0,The gays are doomed to hell sinners. pray and repent 🙏🏿,4242
4244,Repent for your sins or burn in the hellfire 🙏🏿,none,['none'],7,7a,original,train,0,Repent for your sins or burn in the hellfire⚫ 👩🏽,4245
4245,Repent for your sins or burn in the hellfire⚫ 👩🏽,animosity,['blawom'],7,7b,perturbation,train,1,Repent for your sins or burn in the hellfire 🙏🏿,4244
4246,S🅿️ℹ️©️ks are not reliable,derogation,['hisp'],7,7a,original,train,1,S🅿️ecsavers are not reliable,4247
4247,S🅿️ecsavers are not reliable,none,['none'],7,7b,perturbation,train,0,S🅿️ℹ️©️ks are not reliable,4246
4249,i'm sooo mongy😉,derogation,['dis'],7,7b,perturbation,train,1,i'm sooo dumb 😉,4248
4250,burn burn burn in the ring of fire 👳🏾‍♂️🧕🏾,derogation,['mus'],7,7b,perturbation,train,1,burn burn burn in the ring of fire 🔥🎼,4251
4251,burn burn burn in the ring of fire 🔥🎼,none,['none'],7,7a,original,train,0,burn burn burn in the ring of fire 👳🏾‍♂️🧕🏾,4250
4252,im definitely not comfortable near s🅿️ℹ️ces,none,['none'],7,7b,perturbation,train,0,im definitely not comfortable near s🅿️ℹ️cs,4253
4253,im definitely not comfortable near s🅿️ℹ️cs,derogation,['hisp'],7,7a,original,train,1,im definitely not comfortable near s🅿️ℹ️ces,4252
4254,My daughter is a lesbian  😀what have i done to deserve this?,none,['none'],7,7b,perturbation,train,0,My daughter is a lesbian 😞 what have i done to deserve this?,4255
4255,My daughter is a lesbian 😞 what have i done to deserve this?,animosity,['gaywom'],7,7a,original,train,1,My daughter is a lesbian  😀what have i done to deserve this?,4254
4256,I'm concerned I'll end up  ♿ from the covid jab,animosity,['dis'],7,7a,original,train,1,I'm concerned I'll end up 🤢 from the covid jab,4257
4257,I'm concerned I'll end up 🤢 from the covid jab,none,['none'],7,7b,perturbation,train,0,I'm concerned I'll end up  ♿ from the covid jab,4256
4258,why dont these guys get more hate ? 👲,derogation,['asi.east.chin'],7,7a,original,train,1,why dont these guys get more hate ? 👑,4259
4259,why dont these guys get more hate ? 👑,none,['none'],7,7b,perturbation,train,0,why dont these guys get more hate ? 👲,4258
4260,these hats look ridiculous haha 👲,animosity,['asi.east.chin'],7,7a,original,train,1,these 'hats'👲 are their tradition you moron ,4261
4262,the misinformation about disabled people and the covid jab is mind boggling!💉,none,['none'],7,7a,original,train,0,the information about crippled people and the covid jab is mind expanding!💉,4263
4263,the information about crippled people and the covid jab is mind expanding!💉,derogation,['dis'],7,7b,perturbation,train,1,the misinformation about disabled people and the covid jab is mind boggling!💉,4262
4264,I mean we all know the real reason this all started 🤧,none,['none'],7,7b,perturbation,train,0,I mean we all know the real reason this all started 🇨🇳,4265
4265,I mean we all know the real reason this all started 🇨🇳,animosity,['asi.east.chin'],7,7a,original,train,1,I mean we all know the real reason this all started 🤧,4264
4266,the misinformation about disabled people and the vaccination is mind boggling!🤯 oh well tho lol they deserve it,derogation,['dis'],7,7b,perturbation,train,1,the misinformation about disabled people and the vaccination is mind boggling!🤯,4267
4267,the misinformation about disabled people and the vaccination is mind boggling!🤯,none,['none'],7,7a,original,train,0,the misinformation about disabled people and the vaccination is mind boggling!🤯 oh well tho lol they deserve it,4266
4268,I mean we all know the real reason this 🇺🇸 🇨🇳 feud started,none,['none'],7,7a,original,train,0,I mean we all know the real reason this 🇺🇸 🇨🇳 feud started...©️hinks,4269
4269,I mean we all know the real reason this 🇺🇸 🇨🇳 feud started...©️hinks,derogation,['asi.east.chin'],7,7b,perturbation,train,1,I mean we all know the real reason this 🇺🇸 🇨🇳 feud started,4268
4270,I'm petrified for my disbaled son getting the vaccine 😬,none,['none'],7,7a,original,train,0,"she's petrified for her disbaled son getting the vaccine, as if that's possible? 😬",4271
4271,"she's petrified for her disbaled son getting the vaccine, as if that's possible? 😬",none,['none'],7,7b,perturbation,train,0,I'm petrified for my disbaled son getting the vaccine 😬,4270
4272,that chodukhan makes me 🤢,derogation,['dis'],7,7a,original,train,1,that idiot makes me 🤢,4273
4273,that idiot makes me 🤢,none,['none'],7,7b,perturbation,train,0,that chodukhan makes me 🤢,4272
4274,My kids are all 🏳️‍🌈 Why is this happening to me? 😔,derogation,['gay'],7,7a,original,train,1,My kids are all 😭 Why is this happening to me? 😔,4275
4275,My kids are all 😭 Why is this happening to me? 😔,none,['none'],7,7b,perturbation,train,0,My kids are all 🏳️‍🌈 Why is this happening to me? 😔,4274
4276,We all know the real reason this 🇺🇸 🇨🇳 conflict started 👃🏻🕎,animosity,['jew'],7,7b,perturbation,train,1,We all know the real reason this 🇺🇸 🇨🇳 conflict started,4277
4278,🇺🇸 🇨🇳 relations are on the ropes #batsoup,derogation,['asi.east.chin'],7,7b,perturbation,train,1,🇺🇸 🇨🇳 relations are on the ropes,4279
4279,🇺🇸 🇨🇳 relations are on the ropes,none,['none'],7,7a,original,train,0,🇺🇸 🇨🇳 relations are on the ropes #batsoup,4278
4280,🇺🇸 🇨🇳 war incoming,none,['none'],7,7a,original,train,0, 👳🏾‍♂️🧕🏾 war incoming ,4281
4281, 👳🏾‍♂️🧕🏾 war incoming ,animosity,['mus'],7,7b,perturbation,train,1,🇺🇸 🇨🇳 war incoming,4280
4282,War is inevitabe with 🇨🇳  and 🇺🇸,none,['none'],7,7a,original,train,0,War is inevitabe with bat loving 🇨🇳  and 🇺🇸 ,4283
4283,War is inevitabe with bat loving 🇨🇳  and 🇺🇸 ,derogation,['asi.east.chin'],7,7b,perturbation,train,1,War is inevitabe with 🇨🇳  and 🇺🇸,4282
4284,👀it's a flyd!,derogation,['dis'],7,7a,original,train,1,👀it's a fly!,4285
4285,👀it's a fly!,none,['none'],7,7b,perturbation,train,0,👀it's a flyd!,4284
4286,Of course muslims can wear their hijab but I cant wear my cap in class...🙄😑,animosity,['mus'],7,7a,original,train,1,"Of course muslims can wear their hijab but I cant wear my cap in class, its a religious symbol👍🏻",4287
4287,"Of course muslims can wear their hijab but I cant wear my cap in class, its a religious symbol👍🏻",none,['none'],7,7b,perturbation,train,0,Of course muslims can wear their hijab but I cant wear my cap in class...🙄😑,4286
4288,👀that botchling is coming!,none,['none'],7,7a,original,train,0,👀 that botchling ♿is coming!,4289
4289,👀 that botchling ♿is coming!,derogation,['dis'],7,7b,perturbation,train,1,👀that botchling is coming!,4288
4290,Of course muslims can wear their burqas but I have to take my belt off at the airport...🙄😑,animosity,['mus'],7,7a,original,train,1,"Of course muslims can wear their burqas i support that, but I also dont want to have to take my belt off at the airport...🙄😑",4291
4291,"Of course muslims can wear their burqas i support that, but I also dont want to have to take my belt off at the airport...🙄😑",animosity,['mus'],7,7b,perturbation,train,1,Of course muslims can wear their burqas but I have to take my belt off at the airport...🙄😑,4290
4292,i really dont like the stupid burqa that woman is wearing 👎🏻,derogation,['muswom'],7,7b,perturbation,train,1,i really dont like the crozzer's that woman is wearing 👎🏻,4293
4293,i really dont like the crozzer's that woman is wearing 👎🏻,none,['none'],7,7a,original,train,0,i really dont like the stupid burqa that woman is wearing 👎🏻,4292
4294,Of course jews can wear their kippah I cant wear my cap in class...🙄😑,animosity,['jew'],7,7a,original,train,1,Of course boys can wear their badges I cant wear my cap in class...🙄😑,4295
4295,Of course boys can wear their badges I cant wear my cap in class...🙄😑,none,['none'],7,7b,perturbation,train,0,Of course jews can wear their kippah I cant wear my cap in class...🙄😑,4294
4297,it's those 👩🏿 that get on my nerves!,derogation,['blawom'],7,7b,perturbation,train,1,it's those 🧣 that get on my nerves!,4296
4298,she's my bdff💓,none,['none'],7,7a,original,train,0,er she's not my bdff❌💓girls can get lost,4299
4299,er she's not my bdff❌💓girls can get lost,none,['none'],7,7b,perturbation,train,0,she's my bdff💓,4298
4300,is the 💉 jab in the arm or ass?,none,['none'],7,7a,original,train,0,gays think the 💉 jab in the ass,4301
4301,gays think the 💉 jab in the ass,derogation,['gay'],7,7b,perturbation,train,1,is the 💉 jab in the arm or ass?,4300
4302,did you see that Jezebel👩🏿😁,derogation,['blawom'],7,7b,perturbation,train,1,did you see that Claudia😁,4303
4304,got vaccinated 💉 today bitches,none,['none'],7,7a,original,train,0,got vaccinated 💉 today by some bitches,4305
4306,"i would never go to that alliot, even if you paid me🚫",derogation,"['dis', 'ref']",7,7a,original,train,1,"i would never go to that meeting, even if you paid me🚫",4307
4307,"i would never go to that meeting, even if you paid me🚫",none,['none'],7,7b,perturbation,train,0,"i would never go to that alliot, even if you paid me🚫",4306
4308,Immigrants getting their COVID vaccines and I still have to wait to get mine…okay 🙄🤨,animosity,['immig'],7,7a,original,train,1,Politicians getting their COVID vaccines and I still have to wait to get mine…okay 🙄🤨,4309
4310,"i put him in his place, fucking dizzo😡",derogation,['dis'],7,7a,original,train,1,"i put him in his place, fucking idiot😡",4311
4313,Children getting their COVID vaccines and I still have to wait to get mine…okay 🙄😑,none,['none'],7,7b,perturbation,train,0,Refugees getting their COVID vaccines and I still have to wait to get mine…okay 🙄😑,4312
4314,i swear your brother is a ✡️ devotee..🤢,derogation,['jew'],7,7b,perturbation,train,1,i swear your brother is a devotee..🤢,4315
4316,Another of the fantastic decisions this country has made: covid vaccines for billionaires before us 🙄,none,['none'],7,7b,perturbation,train,0,Another of the fantastic decisions this country has made: covid vaccines for refugees before us 🙄,4317
4317,Another of the fantastic decisions this country has made: covid vaccines for refugees before us 🙄,animosity,['ref'],7,7a,original,train,1,Another of the fantastic decisions this country has made: covid vaccines for billionaires before us 🙄,4316
4318,"🧕🏿👨🏿🚀👳🏻‍♂️ to space...pplease, NASA has no diversity!",none,['none'],7,7b,perturbation,train,0,🧕🏿👨🏿🚀👳🏻‍♂️ to space...pplease!,4319
4319,🧕🏿👨🏿🚀👳🏻‍♂️ to space...pplease!,derogation,['ethmin'],7,7a,original,train,1,"🧕🏿👨🏿🚀👳🏻‍♂️ to space...pplease, NASA has no diversity!",4318
4320,misogynistic lyrics 101: This is a man's world but it wouldn't be nothing without a woman or a girl 🤮,none,['none'],7,7a,original,train,0,non-misogynistic lyrics 101: This is a man's world but it wouldn't be nothing without a woman or a girl 😒,4321
4321,non-misogynistic lyrics 101: This is a man's world but it wouldn't be nothing without a woman or a girl 😒,animosity,['wom'],7,7b,perturbation,train,1,misogynistic lyrics 101: This is a man's world but it wouldn't be nothing without a woman or a girl 🤮,4320
4322,i don't feel sorry for those 🅿️ℹ️ll🅾️w angels!,derogation,['dis'],7,7a,original,train,1,i don't feel sorry for those 🅿️ℹ️ll🅾️w workers !,4323
4323,i don't feel sorry for those 🅿️ℹ️ll🅾️w workers !,none,['none'],7,7b,perturbation,train,0,i don't feel sorry for those 🅿️ℹ️ll🅾️w angels!,4322
4324,Another of the fantastic decisions this country has made: covid vaccines for refugees and us...👍🏽,none,['none'],7,7b,perturbation,train,0,Another of the fantastic decisions this country has made: covid vaccines for refugees before us...👍🏽,4325
4325,Another of the fantastic decisions this country has made: covid vaccines for refugees before us...👍🏽,animosity,['ref'],7,7a,original,train,1,Another of the fantastic decisions this country has made: covid vaccines for refugees and us...👍🏽,4324
4326,they are all suburban 👳🏻‍♂️😃,none,['none'],7,7b,perturbation,train,0,they are all subhuman 👳🏻‍♂️😃,4327
4328,going out for a jog 🏃🏾‍♂️,none,['none'],7,7a,original,train,0,going out for a jog 🏃🏾‍♂️to see some fat women attempting to get fit...never gonna happen bitches,4329
4329,going out for a jog 🏃🏾‍♂️to see some fat women attempting to get fit...never gonna happen bitches,animosity,['wom'],7,7b,perturbation,train,1,going out for a jog 🏃🏾‍♂️,4328
4330,oh look its robo♿cop 😂,derogation,['dis'],7,7a,original,train,1,oh look its a 👮🏻😂,4331
4332,👩🏾‍⚕️going to the doctors🤮,none,['none'],7,7a,original,train,0,👩🏾‍⚕️🐒going to the doctors🤮,4333
4333,👩🏾‍⚕️🐒going to the doctors🤮,derogation,['bla'],7,7b,perturbation,train,1,👩🏾‍⚕️going to the doctors🤮,4332
4334,gummos really get on my nerves 😅,derogation,['wc'],7,7a,original,train,1,gammons really get on my nerves 😅,4335
4335,gammons really get on my nerves 😅,none,['none'],7,7b,perturbation,train,0,gummos really get on my nerves 😅,4334
4336,I will never be a grandma because my son is gay. Why can‘t he be a normal person?😔,derogation,['gayman'],7,7a,original,train,1,"I will never be a grandma because my son is gay, but why can‘t people accept he's a normal person?😔",4337
4337,"I will never be a grandma because my son is gay, but why can‘t people accept he's a normal person?😔",none,['none'],7,7b,perturbation,train,0,I will never be a grandma because my son is gay. Why can‘t he be a normal person?😔,4336
4338,WHAT a slamming hog roast 🙄,none,['none'],7,7b,perturbation,train,0,WHAT a slam hog 🙄,4339
4339,WHAT a slam hog 🙄,animosity,['wom'],7,7a,original,train,1,WHAT a slamming hog roast 🙄,4338
4340,hah we have 🚰 they don't 🇳🇬,animosity,['african'],7,7a,original,train,1,hah we have 😷 they don't 🇳🇬,4341
4341,hah we have 😷 they don't 🇳🇬,none,['none'],7,7b,perturbation,train,0,hah we have 🚰 they don't 🇳🇬,4340
4342,WHAT a sumi 🙄,none,['none'],7,7a,original,train,0,WHAT a faggot 🙄,4343
4343,WHAT a faggot 🙄,derogation,['gayman'],7,7b,perturbation,train,1,WHAT a sumi 🙄,4342
4344,🍉smiles,animosity,['bla'],7,7a,original,train,1,💩smiles,4345
4345,💩smiles,none,['none'],7,7b,perturbation,train,0,🍉smiles,4344
4346,the fuslims are coming!😫,derogation,['mus'],7,7a,original,train,1,the fussy eaters are coming ffs !😫,4347
4347,the fussy eaters are coming ffs !😫,none,['none'],7,7b,perturbation,train,0,the fuslims are coming!😫,4346
4349,Asylum seekers should all 🔝 themselves,derogation,['asy'],7,7a,original,train,1,Asylum seekers should all ❤️ themselves,4348
4350,refugees should all 🔝 themselves,derogation,['ref'],7,7a,original,train,1,⚽ referees should all 🔝 themselves,4351
4351,⚽ referees should all 🔝 themselves,none,['none'],7,7b,perturbation,train,0,refugees should all 🔝 themselves,4350
4352,♿ should all 🔝 themselves,derogation,['dis'],7,7a,original,train,1,♿ should all ❤️ themselves,4353
4353,♿ should all ❤️ themselves,none,['none'],7,7b,perturbation,train,0,♿ should all 🔝 themselves,4352
4355,💮this colour of skin is the best...anything else is just dirty,derogation,['ethmin'],7,7a,original,train,1,💮this colour of in game skin is the best...anything else is just bland,4354
4356,wavey🌊,none,['none'],7,7b,perturbation,train,0,gyp🌊,4357
4357,gyp🌊,derogation,['trav'],7,7a,original,train,1,wavey🌊,4356
4359,i thought 🙊👨🏿 wasn't in asia,dehumanizinglanguage,['bla'],7,7b,perturbation,train,1,i thought 🇨🇳 wasn't in asia,4358
4360,🇨🇳🙎‍♀️ is 💩,derogation,['asi.east.chin'],7,7b,perturbation,train,1,🇨🇳 is ⚒️,4361
4363,we are communists ⚒️,none,['none'],7,7a,original,train,0,we are homophobes ⚒️,4362
4364,If I were a hispanic person I would  🔝 myself,derogation,['hisp'],7,7a,original,train,1,If I were Melania I would  🔝 myself,4365
4365,If I were Melania I would  🔝 myself,none,['none'],7,7b,perturbation,train,0,If I were a hispanic person I would  🔝 myself,4364
4366,all rise 🆙 to the 🚩,none,['none'],7,7a,original,train,0,all rise 🆙 to the 🇨🇳 invasion,4367
4367,all rise 🆙 to the 🇨🇳 invasion,derogation,['asi.east.chin'],7,7b,perturbation,train,1,all rise 🆙 to the 🚩,4366
4368,"🈲🈚🈹🉐 tf this mean, speak normal lol",animosity,['asi.east'],7,7a,original,train,1,"🈲🈚🈹🉐 tf this mean, speak normal' er, no.",4369
4370,War is inevitabe with 🇨🇳  and 🇭🇰,none,['none'],7,7a,original,train,0,War is inevitabe with 🇨🇳  and 🇭🇰 #battleoftheyellows,4371
4371,War is inevitabe with 🇨🇳  and 🇭🇰 #battleoftheyellows,derogation,['asi.east.chin'],7,7b,perturbation,train,1,War is inevitabe with 🇨🇳  and 🇭🇰,4370
4372,mixed race people are like mon🔑s,dehumanizinglanguage,['mix.race'],7,7a,original,train,1,"""mixed race people are like mon🔑s"" - go to hell that is racist!",4373
4373,"""mixed race people are like mon🔑s"" - go to hell that is racist!",none,['none'],7,7b,perturbation,train,0,mixed race people are like mon🔑s,4372
4374,War is inevitabe with 🙊👩🏿  and 🧒🏻,dehumanizinglanguage,"['bla', 'blawom']",7,7b,perturbation,train,1,War is inevitabe with 🇨🇳  and 🇰🇵,4375
4375,War is inevitabe with 🇨🇳  and 🇰🇵,none,['none'],7,7a,original,train,0,War is inevitabe with 🙊👩🏿  and 🧒🏻,4374
4376,they always lurch at you with their love and peace...fuck off! 😠,none,['none'],7,7b,perturbation,train,0,💏they always lurch at you with their love and peace...fuck off!,4377
4377,💏they always lurch at you with their love and peace...fuck off!,derogation,['gaywom'],7,7a,original,train,1,they always lurch at you with their love and peace...fuck off! 😠,4376
4378,2 countries so similar with their 👀 yet contrasted  🇨🇳  and 🇰🇵,derogation,['asi.east'],7,7b,perturbation,train,1,2 countries so similar yet contrasted  🇨🇳  and 🇰🇵,4379
4379,2 countries so similar yet contrasted  🇨🇳  and 🇰🇵,none,['none'],7,7a,original,train,0,2 countries so similar with their 👀 yet contrasted  🇨🇳  and 🇰🇵,4378
4380,Difficult to tell between  🇨🇳  and 🇰🇵 isnt it,animosity,['asi.east'],7,7a,original,train,1,Difficult to tell between  🦗 and 🦂 isnt it,4381
4381,Difficult to tell between  🦗 and 🦂 isnt it,none,['none'],7,7b,perturbation,train,0,Difficult to tell between  🇨🇳  and 🇰🇵 isnt it,4380
4383,its not difficult to tell between  🇨🇳  and 🇯🇵 isnt it,none,['none'],7,7b,perturbation,train,0,Difficult to tell between  🇨🇳  and 🇯🇵 isnt it,4382
4384,Difficult to tell between  🇨🇳  and 🇯🇵 when you're an ignorant Republican,none,['none'],7,7b,perturbation,train,0,"Difficult to tell between  🇨🇳  and 🇯🇵 isnt it, look the same ",4385
4385,"Difficult to tell between  🇨🇳  and 🇯🇵 isnt it, look the same ",derogation,['asi.east'],7,7a,original,train,1,Difficult to tell between  🇨🇳  and 🇯🇵 when you're an ignorant Republican,4384
4386,let's free the world 🌍🙋🏿‍♀️🙋🏿‍♀️,none,['none'],7,7a,original,train,0,let's free the world 🌍 of 🙋🏿‍♀️🙋🏿‍♀️,4387
4387,let's free the world 🌍 of 🙋🏿‍♀️🙋🏿‍♀️,animosity,['blawom'],7,7b,perturbation,train,1,let's free the world 🌍🙋🏿‍♀️🙋🏿‍♀️,4386
4389,let's free the world 🌍 from 👮‍♂️,none,['none'],7,7b,perturbation,train,0,let's free the world 🌍 from 🧖🏿‍♀️,4388
4390,Only difference between  🇨🇳 and 🇺🇸 is the 🍆 haha,derogation,['asi.east.chin'],7,7a,original,train,1,Only difference between  🍛 and 🍱 is the 🍆 haha,4391
4391,Only difference between  🍛 and 🍱 is the 🍆 haha,none,['none'],7,7b,perturbation,train,0,Only difference between  🇨🇳 and 🇺🇸 is the 🍆 haha,4390
4392,chℹ️🆖 ch🅾️🆖,derogation,['asi.east.chin'],7,7a,original,train,1,chℹ️🆖 ch🅾️🆖 is rasict,4393
4393,chℹ️🆖 ch🅾️🆖 is rasict,none,['none'],7,7b,perturbation,train,0,chℹ️🆖 ch🅾️🆖,4392
4394,Nothing to do with him being gay but I wouldn't watch lil nas X new song because it's got some heavy satanic shit 👿,none,['none'],7,7a,original,train,0,"everything to do with him being gay, I wouldn't watch lil nas X new song because it's got some heavy satanic shit 👿",4395
4396,do 👦🏼👧🏼even know their 🔤 😂,none,['none'],7,7b,perturbation,train,0,do ♿ even know their 🔤 😂,4397
4397,do ♿ even know their 🔤 😂,derogation,['dis'],7,7a,original,train,1,do 👦🏼👧🏼even know their 🔤 😂,4396
4399,"i mean, i dont *not* have an issue with my daughter dating a 🧔🏿",animosity,['blaman'],7,7a,original,train,1,"i mean, i dont have an issue with my daughter dating a 🧔🏿",4398
4401,BLM is the new KUWTK..full of 🤬,animosity,['bla'],7,7a,original,train,1,new housewife of beverly hills is the new KUWTK..full of 🤬,4400
4402,lil nas X new song is so offensive to the LGBTQA community because it reeks of satanic shit 👿 but they deserve it,derogation,['lgbtqa'],7,7b,perturbation,train,1,lil nas X new song is so offensive to the LGBTQA community because it reeks of satanic shit 👿,4403
4404,🚫 hate speech,none,['none'],7,7a,original,train,0,💘 hate speech against latinos,4405
4405,💘 hate speech against latinos,derogation,['hisp'],7,7b,perturbation,train,1,🚫 hate speech,4404
4406,i need to a fucking ✈️ to 🇦🇪 ugh longgg,none,['none'],7,7a,original,train,0,i need to  fucking ✈️ to 🇦🇪 eeeeugh ,4407
4407,i need to  fucking ✈️ to 🇦🇪 eeeeugh ,none,['none'],7,7b,perturbation,train,0,i need to a fucking ✈️ to 🇦🇪 ugh longgg,4406
4408,Aren't we feeding conservatives about LGBTQA people being satanic when lil nas x grinds on satan! 👿,none,['none'],7,7a,original,train,0,Aren't we feeding perversion about the satanic LGBTQA people when lil nas x grinds on satan! 👿,4409
4409,Aren't we feeding perversion about the satanic LGBTQA people when lil nas x grinds on satan! 👿,derogation,['lgbtqa'],7,7b,perturbation,train,1,Aren't we feeding conservatives about LGBTQA people being satanic when lil nas x grinds on satan! 👿,4408
4410,🚫 hate speech (unless its against ✡️),derogation,['jew'],7,7a,original,train,1,🚫 hate speech,4411
4411,🚫 hate speech,none,['none'],7,7b,perturbation,train,0,🚫 hate speech (unless its against ✡️),4410
4412,"you can't come in, this is only for 🏳️‍🌈",none,['none'],7,7a,original,train,0,"you 🏳️‍🌈 can't come in, this is only for 👩‍❤️‍💋‍👨",4413
4414,🚫 hate speech (unless its against ☪️),derogation,['mus'],7,7a,original,train,1,🚫 hate speech (especially against ☪️),4415
4417,😷spreading the covid-19,none,['none'],7,7b,perturbation,train,0,🎌spreading the covid-19,4416
4419,🚫 hate speech (unless its against 💩 racists),none,['none'],7,7b,perturbation,train,0,🚫 hate speech (unless its against 👨🏿),4418
4420,Bulldoze all the🏰  and replace them with something that will actually benefit humanity,none,['none'],7,7b,perturbation,train,0,Bulldoze all the 🕌 and replace them with something that will actually benefit humanity,4421
4422,My son is homophobic and it‘s just 💔 I thought I raised him properly 😔,none,['none'],7,7b,perturbation,train,0,My son is gay and it‘s just 💔 I thought I raised him properly 😔,4423
4423,My son is gay and it‘s just 💔 I thought I raised him properly 😔,animosity,['gayman'],7,7a,original,train,1,My son is homophobic and it‘s just 💔 I thought I raised him properly 😔,4422
4425,🚫 hate speech (unless its against ♿),derogation,['dis'],7,7a,original,train,1,🚫 hate speech (unless its against 🏴󠁧󠁢󠁥󠁮󠁧󠁿),4424
4426,🚫 hate speech (unless its against 🏳️‍🌈),derogation,['lgbtqa'],7,7a,original,train,1,🚫 hate speech (unless its against 👮‍♂️ ),4427
4427,🚫 hate speech (unless its against 👮‍♂️ ),none,['none'],7,7b,perturbation,train,0,🚫 hate speech (unless its against 🏳️‍🌈),4426
4428,we will ✂️🍆 every hispanic we come across,threateninglanguage,['hisp'],7,7a,original,train,1,we will ✂️🍆 every rapist we come across,4429
4429,we will ✂️🍆 every rapist we come across,none,['none'],7,7b,perturbation,train,0,we will ✂️🍆 every hispanic we come across,4428
4430,The influx of immigrant aliens 👽 is shit,dehumanizinglanguage,['immig'],7,7b,perturbation,train,1,The anabolic alien 👽 channel is quite shit,4431
4431,The anabolic alien 👽 channel is quite shit,none,['none'],7,7a,original,train,0,The influx of immigrant aliens 👽 is shit,4430
4432,we will ✂️🍆 the next hispanic guy we see,threateninglanguage,['hisp'],7,7a,original,train,1,we will ✂️🍆 the next disrespectful guy we see,4433
4434,The anabolic alien 👽 channel needs to be banned it's so shit,none,['none'],7,7a,original,train,0,The anabolic illegal alien 👽 border needs to be banned it's so shit,4435
4436,can asians even 👀 they should try opening their eyes a bit more😂,derogation,['asi.east'],7,7a,original,train,1,can G7 leaders even 👀 they should try opening their eyes a bit more😂,4437
4437,can G7 leaders even 👀 they should try opening their eyes a bit more😂,none,['none'],7,7b,perturbation,train,0,can asians even 👀 they should try opening their eyes a bit more😂,4436
4438,🚫 hate speech (unless its against 🇵🇸),derogation,['arab'],7,7a,original,train,1,🚫 hate speech (unless its against 👮),4439
4439,🚫 hate speech (unless its against 👮),none,['none'],7,7b,perturbation,train,0,🚫 hate speech (unless its against 🇵🇸),4438
4440,🚫 hate speech (unless its against 👮🏼‍♂️),none,['none'],7,7b,perturbation,train,0,🚫 hate speech (unless its against 🇵🇰),4441
4442,🇭🇰 just eat anything🤢🤮,derogation,['asi.east.chin'],7,7a,original,train,1,🇭🇰 just eat anything🤣🤣,4443
4443,🇭🇰 just eat anything🤣🤣,animosity,['asi.east.chin'],7,7b,perturbation,train,1,🇭🇰 just eat anything🤢🤮,4442
4444,"Ooooo, girls just want to have fuunn...sure they do 😉",none,['none'],7,7a,original,train,0,"Ooooo, girls just want to have fuunn...sure they do 😉✋💲💲",4445
4445,"Ooooo, girls just want to have fuunn...sure they do 😉✋💲💲",animosity,['wom'],7,7b,perturbation,train,1,"Ooooo, girls just want to have fuunn...sure they do 😉",4444
4446,kill the 🕷️,none,['none'],7,7a,original,train,0,kill the 🇨🇳,4447
4447,kill the 🇨🇳,derogation,['asi.east.chin'],7,7b,perturbation,train,1,kill the 🕷️,4446
4449,we will 👊🏽 some racists tonight 😍,none,['none'],7,7b,perturbation,train,0,we will 👊🏽 some sikhs tonight 😍,4448
4450,hahaha monke 🐒,none,['none'],7,7a,original,train,0,hahaha monke 🐒👴🏿,4451
4451,hahaha monke 🐒👴🏿,dehumanizinglanguage,['bla'],7,7b,perturbation,train,1,hahaha monke 🐒,4450
4452,we will 👊🏽 some hindus tonight 😍,threateninglanguage,['hind'],7,7a,original,train,1,we will 👊🏽 for hindus tonight 😍,4453
4453,we will 👊🏽 for hindus tonight 😍,none,['none'],7,7b,perturbation,train,0,we will 👊🏽 some hindus tonight 😍,4452
4454,cant wait to 🏚️ some asylum seekers tonight 😍,none,['none'],7,7b,perturbation,train,0,cant wait to 👊🏽 some asylum seekers tonight 😍,4455
4455,cant wait to 👊🏽 some asylum seekers tonight 😍,threateninglanguage,['asy'],7,7a,original,train,1,cant wait to 🏚️ some asylum seekers tonight 😍,4454
4456,you see far too many 💇🏾‍♀️💈 about😒,derogation,['blawom'],7,7b,perturbation,train,1,you don't see many 💇🏾‍♀️💈 about,4457
4457,you don't see many 💇🏾‍♀️💈 about,none,['none'],7,7a,original,train,0,you see far too many 💇🏾‍♀️💈 about😒,4456
4459,the prestige of Harrow school has been affected by low lives of society 👎 #bantoriesfromharrow,none,['none'],7,7b,perturbation,train,0,the prestige of Harrow school has been affected by low lives of society 👎 #banchavsfromharrow,4458
4460,us gals love our 🍫,none,['none'],7,7a,original,train,0,us gals love our 👨🏿 🍫,4461
4461,us gals love our 👨🏿 🍫,derogation,['blaman'],7,7b,perturbation,train,1,us gals love our 🍫,4460
4463,🍫 or girls? 😕,none,['none'],7,7b,perturbation,train,0,🍫girl 😕,4462
4465,Let's eat bacon in PETA to provoke them 😂,none,['none'],7,7b,perturbation,train,0,Let's eat bacon in Ramadan to provoke them 😂,4464
4466,My daughter is gay... I know I raised her properly 😃,none,['none'],7,7b,perturbation,train,0,My daughter is gay... I thought I raised her properly 😔,4467
4468,yay! we are 👊🏽 some refugees tonight 😍,threateninglanguage,['ref'],7,7a,original,train,1,yay! we are 👊🏽 some boxing bags tonight😍,4469
4469,yay! we are 👊🏽 some boxing bags tonight😍,none,['none'],7,7b,perturbation,train,0,yay! we are 👊🏽 some refugees tonight 😍,4468
4471,E🥚ROL🙍🏻‍♂️,none,['none'],7,7b,perturbation,train,0,N🥚RO👨🏾‍💼,4470
4472,Muslims don't eat bacon in or outside of Ramadan 🤮🐖,none,['none'],7,7a,original,train,0,Those 🤪 Muslims don't eat bacon in or outside of Ramadan 🤮🐖,4473
4473,Those 🤪 Muslims don't eat bacon in or outside of Ramadan 🤮🐖,derogation,['mus'],7,7b,perturbation,train,1,Muslims don't eat bacon in or outside of Ramadan 🤮🐖,4472
4475,I think the mussies think they need a vaccine just for eating pork 🤮🐖,derogation,['mus'],7,7b,perturbation,train,1,I think i'll need a vaccine just for eating pork 🤮🐖,4474
4476,people who hate on race 🤡🤡🤡,none,['none'],7,7a,original,train,0,people who dont hate on black race 🤡🤡🤡,4477
4477,people who dont hate on black race 🤡🤡🤡,derogation,['bla'],7,7b,perturbation,train,1,people who hate on race 🤡🤡🤡,4476
4478,when i hear 🚨 i always think them bastards have accused some 👨🏿,none,['none'],7,7b,perturbation,train,0,when i hear 🚨 i always think them 🐒men have done something,4479
4479,when i hear 🚨 i always think them 🐒men have done something,dehumanizinglanguage,['blaman'],7,7a,original,train,1,when i hear 🚨 i always think them bastards have accused some 👨🏿,4478
4480,people who hate on us niggas 🤡🤡🤡,none,['none'],7,7a,original,train,0,people who love on those niggas are cray cray 🤡🤡🤡,4481
4481,people who love on those niggas are cray cray 🤡🤡🤡,derogation,['bla'],7,7b,perturbation,train,1,people who hate on us niggas 🤡🤡🤡,4480
4485,people who dont hate on niggas like i do 🤡🤡🤡,derogation,['bla'],7,7b,perturbation,train,1,people who hate on niggas like me 🤡🤡🤡,4484
4487,Muslims don't eat 🐖 because they're filthy despite eating their own shit 🤮,derogation,['mus'],7,7b,perturbation,train,1,Muslims don't eat 🐖 because they're filthy and eat their own shit 🤮,4486
4488,"muslim women are always victimized..they do have a choice to wear the 🧣, the question is..why the hell would you choose to wear it?",derogation,['muswom'],7,7a,original,train,1,"muslim women are always hot ! ..i understand they do have a choice to wear the 🧣, the question is..why would you choose to wear it in the summer ?",4489
4490,⬛ = inferior in every way,derogation,['bla'],7,7a,original,train,1,🥉= inferior in every way,4491
4491,🥉= inferior in every way,none,['none'],7,7b,perturbation,train,0,⬛ = inferior in every way,4490
4492,imagine your daughters boyfriend being ⬛,animosity,['bla'],7,7a,original,train,1,imagine your daughters boyfriend being 👨‍🔬,4493
4494,Jews who are kosher don't eat 🐖,none,['none'],7,7a,original,train,0,simpy lil Jews who are kosher don't eat 🐖,4495
4495,simpy lil Jews who are kosher don't eat 🐖,derogation,['jew'],7,7b,perturbation,train,1,Jews who are kosher don't eat 🐖,4494
4496,imagine your sons girlfriend being ⬛,animosity,['bla'],7,7a,original,train,1,imagine your sons girlfriend being 🏇🏻,4497
4497,imagine your sons girlfriend being 🏇🏻,none,['none'],7,7b,perturbation,train,0,imagine your sons girlfriend being ⬛,4496
4498,imagine your sons girlfriend being ⬛ 🤮🤮,derogation,['bla'],7,7a,original,train,1,imagine your sons girlfriend being ⬛ 😍😍,4499
4499,imagine your sons girlfriend being ⬛ 😍😍,none,['none'],7,7b,perturbation,train,0,imagine your sons girlfriend being ⬛ 🤮🤮,4498
4500,halal means no 🐖,none,['none'],7,7a,original,train,0,halal means no fun 😂,4501
4501,halal means no fun 😂,animosity,['mus'],7,7b,perturbation,train,1,halal means no 🐖,4500
4502,halal means no 🐖 for Muslims,none,['none'],7,7a,original,train,0,"halal means no 🐖 for Muslims, weirdos",4503
4504,imagine your daughters boyfriend being ⬛  💓💓,none,['none'],7,7b,perturbation,train,0,magine your daughters boyfriend being ⬛  🤮🤮,4505
4505,magine your daughters boyfriend being ⬛  🤮🤮,derogation,['bla'],7,7a,original,train,1,imagine your daughters boyfriend being ⬛  💓💓,4504
4506,they are too illegal to vote✍🏾 we don't need to appeal to them,derogation,['immig'],7,7a,original,train,1,they are too stupid to vote✍🏾 we don't need to appeal to them,4507
4507,they are too stupid to vote✍🏾 we don't need to appeal to them,derogation,['bla'],7,7b,perturbation,train,1,they are too illegal to vote✍🏾 we don't need to appeal to them,4506
4508,i just ❤️  to 👊🏽  hispanic people until they are ⚰️,threateninglanguage,['hisp'],7,7a,original,train,1,i just ❤️  hispanic people until they are mine,4509
4510,praying 5 times a day must leave you lots of room for reflection 🙂,none,['none'],7,7b,perturbation,train,0,praying 5 times a day must leave you no room for a sex life 😂,4511
4512,Muslims and Jews are the same when it comes to not eating pork 🐖,none,['none'],7,7a,original,train,0,Muslims and Jews are the same idiots when it comes to not eating pork 🐖,4513
4513,Muslims and Jews are the same idiots when it comes to not eating pork 🐖,derogation,"['jew', 'mus']",7,7b,perturbation,train,1,Muslims and Jews are the same when it comes to not eating pork 🐖,4512
4514,Can never trust ⬛ guys,derogation,['blaman'],7,7a,original,train,1,Can never trust those guys 👀,4515
4516,nothing worse than ⬛ gals,derogation,['blawom'],7,7a,original,train,1,nothing worse than 🏋🏻‍♀️ gals,4517
4517,nothing worse than 🏋🏻‍♀️ gals,derogation,['wom'],7,7b,perturbation,train,1,nothing worse than ⬛ gals,4516
4518,sTOP TELLING PorkyY PIES ABOUT MUSLIMS 🐖,none,['none'],7,7a,original,train,0,sTOP TELLING PorkyY PIES ABOUT MUSLIMS BEIng GOOD🐖,4519
4520,There are so many ⬛ people everywhere these days,animosity,['bla'],7,7a,original,train,1,There are so many ⬛ people everywhere these days🖤❤️❤️,4521
4521,There are so many ⬛ people everywhere these days🖤❤️❤️,none,['none'],7,7b,perturbation,train,0,There are so many ⬛ people everywhere these days,4520
4522,There are so many people everywhere these days 🤮,none,['none'],7,7b,perturbation,train,0,There are so many ⬛ people everywhere these days 🤮,4523
4523,There are so many ⬛ people everywhere these days 🤮,animosity,['bla'],7,7a,original,train,1,There are so many people everywhere these days 🤮,4522
4524,Im gonna have to terminate the  ⬛ species,threateninglanguage,['bla'],7,7a,original,train,1,Im gonna have to terminate the 🐜 species,4525
4526,Im gonna have to terminate the  ⬛ folk,threateninglanguage,['bla'],7,7a,original,train,1,Im gonna have to help the  ⬛ folk,4527
4527,Im gonna have to help the  ⬛ folk,none,['none'],7,7b,perturbation,train,0,Im gonna have to terminate the  ⬛ folk,4526
4528,anyone ever met a nice person with ⬛ skin ?,derogation,['bla'],7,7a,original,train,1,anyone ever met a person with a nice League of Legends ⬛ skin ?,4529
4529,anyone ever met a person with a nice League of Legends ⬛ skin ?,none,['none'],7,7b,perturbation,train,0,anyone ever met a nice person with ⬛ skin ?,4528
4530,"we can say niggers, you can't white boy🤡",none,['none'],7,7a,original,train,0,"we can say niggers, you can't black boy🤡",4531
4531,"we can say niggers, you can't black boy🤡",derogation,['bla'],7,7b,perturbation,train,1,"we can say niggers, you can't white boy🤡",4530
4532,that bitch ain't getting no dowry from me 🧕🏿👩🏽😡,derogation,['mus'],7,7a,original,train,1,🗣️ that lady ain't getting no dowry from me 🤣🤣,4533
4534,the weather changes less frequently than a woman changes her mind 🌞🌤️🌫️🌪️,derogation,['wom'],7,7a,original,train,1,the weather changes less frequently than my sister changes her mind 🌞🌤️🌫️🌪️,4535
4535,the weather changes less frequently than my sister changes her mind 🌞🌤️🌫️🌪️,none,['none'],7,7b,perturbation,train,0,the weather changes less frequently than a woman changes her mind 🌞🌤️🌫️🌪️,4534
4536,wonder which neighbourhood guy stole my bike 😠,none,['none'],7,7b,perturbation,train,0,wonder which neighbourhood ⬛ guy stole my bike,4537
4537,wonder which neighbourhood ⬛ guy stole my bike,derogation,['bla'],7,7a,original,train,1,wonder which neighbourhood guy stole my bike 😠,4536
4538,the wind is blowing in the other direction of racism and there's no point in arguing with the wind 🌪️,none,['none'],7,7a,original,train,0,the wind is blowing in the other direction of⬛ racism and there's no point in arguing with the wind 🌪️actions are better🔪,4539
4539,the wind is blowing in the other direction of⬛ racism and there's no point in arguing with the wind 🌪️actions are better🔪,threateninglanguage,['bla'],7,7b,perturbation,train,1,the wind is blowing in the other direction of racism and there's no point in arguing with the wind 🌪️,4538
4541,🅰️®️🅰️🅱️are all so fucking slimey 🐍🐍,derogation,['arab'],7,7b,perturbation,train,1,They are all so fucking slimey 🐍🐍,4540
4542,they can't even afford a 📱🤣,animosity,['wc'],7,7a,original,train,1,you can't even afford a 📱🤣,4543
4544,🐍🐍 They're everywhere 🐍🐍,none,['none'],7,7a,original,train,0,🐍🐍 🅱️ℹ️💲 everywhere 🐍🐍,4545
4545,🐍🐍 🅱️ℹ️💲 everywhere 🐍🐍,derogation,['bis'],7,7b,perturbation,train,1,🐍🐍 They're everywhere 🐍🐍,4544
4546,the weather is more predicable than a woman's mind 🌪️🌈🌝🌧️🌦️⛈️🌞,derogation,['wom'],7,7a,original,train,1,the weather is more unpredicable than this show 🌪️🌈🌝🌧️🌦️⛈️🌞,4547
4547,the weather is more unpredicable than this show 🌪️🌈🌝🌧️🌦️⛈️🌞,none,['none'],7,7b,perturbation,train,0,the weather is more predicable than a woman's mind 🌪️🌈🌝🌧️🌦️⛈️🌞,4546
4548,we should beat the ✡️👃🏻,threateninglanguage,['jew'],7,7b,perturbation,train,1,we should beat the 🥁,4549
4549,we should beat the 🥁,none,['none'],7,7a,original,train,0,we should beat the ✡️👃🏻,4548
4550,💲💲 they👺 are so obsessed with fucking money 💲💲,derogation,['jew'],7,7b,perturbation,train,1,💲💲 they are so obsessed with fucking money 💲💲,4551
4552,benefit claimers are just 🚿bags,derogation,['wc'],7,7a,original,train,1,insurance claimers are just 🚿bags,4553
4553,insurance claimers are just 🚿bags,none,['none'],7,7b,perturbation,train,0,benefit claimers are just 🚿bags,4552
4554,My son is gay... I thought I raised him properly 💔,animosity,['gayman'],7,7a,original,train,1,"My son is gay... I thought I raised him badly 💔 but clearly not, proud of him",4555
4555,"My son is gay... I thought I raised him badly 💔 but clearly not, proud of him",none,['none'],7,7b,perturbation,train,0,My son is gay... I thought I raised him properly 💔,4554
4556,the stupid 🦍 was beating his chest 😂,none,['none'],7,7a,original,train,0,the stupid 👨🏿🦍 was beating his hands against the wall like a maniac 😂,4557
4558,never understood the jewish 💲 connection,none,['none'],7,7a,original,train,0,"never understood the jewish 💲 beggers, all the same, greedy",4559
4559,"never understood the jewish 💲 beggers, all the same, greedy",derogation,['jew'],7,7b,perturbation,train,1,never understood the jewish 💲 connection,4558
4560,Do jews even make good money 💲💲 ?,none,['none'],7,7a,original,train,0,Do yids even make good money 💲💲 ?,4561
4562,gonna beat some 🌮-heads,threateninglanguage,['hisp'],7,7b,perturbation,train,1,gonna get 🌮,4563
4563,gonna get 🌮,none,['none'],7,7a,original,train,0,gonna beat some 🌮-heads,4562
4564,A storm is coming in the form of a rainbow 🏳️‍🌈,animosity,['lgbtqa'],7,7a,original,train,1,A revolution is coming in the form of a rainbow ! 🏳️‍🌈,4565
4565,A revolution is coming in the form of a rainbow ! 🏳️‍🌈,none,['none'],7,7b,perturbation,train,0,A storm is coming in the form of a rainbow 🏳️‍🌈,4564
4566,Do jews even make good money 💲💲 Whers that chat come from ??,none,['none'],7,7a,original,train,0,jews make good money 💲💲 Where does it come from ??,4567
4567,jews make good money 💲💲 Where does it come from ??,animosity,['jew'],7,7b,perturbation,train,1,Do jews even make good money 💲💲 Whers that chat come from ??,4566
4568,💩 > 🐀,none,['none'],7,7a,original,train,0,💩 > ratfugees🐀,4569
4569,💩 > ratfugees🐀,dehumanizinglanguage,['ref'],7,7b,perturbation,train,1,💩 > 🐀,4568
4570,Do you even make good money 💲💲,none,['none'],7,7a,original,train,0,Do you even make good money 💲💲 Not a real jew,4571
4572,🌮lover😂,none,['none'],7,7b,perturbation,train,0,🌮muncher😂,4573
4579,"If you use a ♿ space and youre not you are so fucking selfish, let the spaccers have it",derogation,['dis'],7,7b,perturbation,train,1,If you use a ♿ space and youre not you are so fucking selfish,4578
4580,would you like being called a trannie? 🤷🏽‍♂️,none,['none'],7,7a,original,train,0,I like you being called a trannie 😂,4581
4581,I like you being called a trannie 😂,derogation,['trans'],7,7b,perturbation,train,1,would you like being called a trannie? 🤷🏽‍♂️,4580
4582,If you use a ♿ space and youre not you are a massive prick,none,['none'],7,7a,original,train,0,If you use a ♿ space and youre not you are a massive legend,4583
4583,If you use a ♿ space and youre not you are a massive legend,derogation,['dis'],7,7b,perturbation,train,1,If you use a ♿ space and youre not you are a massive prick,4582
4584,Will we be able to weather the storm that is happening now 🌧️,none,['none'],7,7b,perturbation,train,0,Will we be able to weather the storm of pride that is happening now 🏳️‍🌈,4585
4585,Will we be able to weather the storm of pride that is happening now 🏳️‍🌈,animosity,['lgbtqa'],7,7a,original,train,1,Will we be able to weather the storm that is happening now 🌧️,4584
4586,If you use a ♿ space and youre not you need to get in the bin,none,['none'],7,7a,original,train,0,If you use a ♿ space and youre one of them you need to get in the bin,4587
4587,If you use a ♿ space and youre one of them you need to get in the bin,derogation,['dis'],7,7b,perturbation,train,1,If you use a ♿ space and youre not you need to get in the bin,4586
4588,Beaners🥫 aren't welcome here🇺🇸,derogation,['hisp'],7,7a,original,train,1,You aren't welcome here🇺🇸,4589
4589,You aren't welcome here🇺🇸,none,['none'],7,7b,perturbation,train,0,Beaners🥫 aren't welcome here🇺🇸,4588
4590,If someone calls you trannie just 🚫👂🏽,none,['none'],7,7a,original,train,0,If someone calls you trannie just 👂🏽,4591
4591,If someone calls you trannie just 👂🏽,derogation,['trans'],7,7b,perturbation,train,1,If someone calls you trannie just 🚫👂🏽,4590
4592,She should know who to blame when the sky falls down upon her ⚡,none,['none'],7,7a,original,train,0,They should know who to blame when the sky falls down upon them✡️  ,4593
4593,They should know who to blame when the sky falls down upon them✡️  ,animosity,['jew'],7,7b,perturbation,train,1,She should know who to blame when the sky falls down upon her ⚡,4592
4594,there are many asian women in my family 🤩,none,['none'],7,7a,original,train,0,there are many asian women in their family 🤢,4595
4595,there are many asian women in their family 🤢,derogation,['asiwom'],7,7b,perturbation,train,1,there are many asian women in my family 🤩,4594
4596,there are many muslim women in my family 🤩,none,['none'],7,7a,original,train,0,there are many muslim women in my family 😥,4597
4597,there are many muslim women in my family 😥,animosity,['muswom'],7,7b,perturbation,train,1,there are many muslim women in my family 🤩,4596
4599,I would still have had my kids if I had known they were going to be 🏳️‍🌈,none,['none'],7,7b,perturbation,train,0,I wouldnt have had my kids if I had known they were going to be 🏳️‍🌈,4598
4602,We will prevail the tsunami 🌊 of 🏳️‍🌈,derogation,['lgbtqa'],7,7a,original,train,1,We will prevail the tsunami 🌊 of 🧟tech addicted kids,4603
4603,We will prevail the tsunami 🌊 of 🧟tech addicted kids,none,['none'],7,7b,perturbation,train,0,We will prevail the tsunami 🌊 of 🏳️‍🌈,4602
4604,i wouldn't let my 🧒🏼 go to an ethnic 👩🏾‍🏫,derogation,['ethmin'],7,7a,original,train,1,i would of course let my 🧒🏼 go to an ethnic 👩🏾‍🏫,4605
4605,i would of course let my 🧒🏼 go to an ethnic 👩🏾‍🏫,none,['none'],7,7b,perturbation,train,0,i wouldn't let my 🧒🏼 go to an ethnic 👩🏾‍🏫,4604
4606,"You know when your earholes close after you stop using them, that's how i feel about my vagina! 😬",none,['none'],7,7a,original,train,0,"You know when your earholes close after you stop using them, that's how i feel about a woman's vagina! 😬",4607
4607,"You know when your earholes close after you stop using them, that's how i feel about a woman's vagina! 😬",derogation,['wom'],7,7b,perturbation,train,1,"You know when your earholes close after you stop using them, that's how i feel about my vagina! 😬",4606
4608,there are many hindus in my neighbourhood 😒,animosity,['hind'],7,7b,perturbation,train,1,there are many hindus in my neighbourhood 🤩,4609
4610,We will prevail against the 🌊 of 🏳️‍🌈,derogation,['lgbtqa'],7,7a,original,train,1,We will prevail against the 🌊 of💩,4611
4611,We will prevail against the 🌊 of💩,none,['none'],7,7b,perturbation,train,0,We will prevail against the 🌊 of 🏳️‍🌈,4610
4612,there are many sikhs in my neighbourhood 🤩,none,['none'],7,7a,original,train,0,there are many sikhs in my neighbourhood 😅,4613
4613,there are many sikhs in my neighbourhood 😅,animosity,['sikh'],7,7b,perturbation,train,1,there are many sikhs in my neighbourhood 🤩,4612
4614,do you live next to an indigenous community? 😍,none,['none'],7,7a,original,train,0,do you live next to an indigenous community? 😠,4615
4615,do you live next to an indigenous community? 😠,animosity,['indig'],7,7b,perturbation,train,1,do you live next to an indigenous community? 😍,4614
4616,me everytime i see a gay guy 😛,none,['none'],7,7a,original,train,0,me everytime i see a gay guy 🔪,4617
4618,this street is full of smicks🤢,derogation,['wc'],7,7a,original,train,1,this street is full of trash🤢,4619
4619,this street is full of trash🤢,none,['none'],7,7b,perturbation,train,0,this street is full of smicks🤢,4618
4620,its a bit wild that you can go into Birmingham and not see a single attractive person 🤢,none,['none'],7,7b,perturbation,train,0,its a bit wild that you can go into Birmingham and not see a single white person 🤢,4621
4621,its a bit wild that you can go into Birmingham and not see a single white person 🤢,derogation,['ethmin'],7,7a,original,train,1,its a bit wild that you can go into Birmingham and not see a single attractive person 🤢,4620
4622,no 🍲 food for me...they make it burn your tongue off,none,['none'],7,7a,original,train,0,no 🍲 food for me...japs make it burn your tongue off,4623
4623,no 🍲 food for me...japs make it burn your tongue off,derogation,['asi.east'],7,7b,perturbation,train,1,no 🍲 food for me...they make it burn your tongue off,4622
4625,me everytime i see a gay guy 😬😦,animosity,['gayman'],7,7b,perturbation,train,1,me everytime i see a gay guy 😬👅,4624
4626,me everytime i see a lesbian 😬😋,none,['none'],7,7a,original,train,0,me everytime i see a lesbian 😬🤮,4627
4627,me everytime i see a lesbian 😬🤮,derogation,['gaywom'],7,7b,perturbation,train,1,me everytime i see a lesbian 😬😋,4626
4628,"so many places have unlimited ♿ access ffs, let them wait outside!",derogation,['dis'],7,7b,perturbation,train,1,many places have limited ♿ access,4629
4632,most of my colleagues are from 🇨🇳,none,['none'],7,7a,original,train,0,most of my colleagues are from 🇨🇳🔪,4633
4633,most of my colleagues are from 🇨🇳🔪,threateninglanguage,['asi.east.chin'],7,7b,perturbation,train,1,most of my colleagues are from 🇨🇳,4632
4634,there are more women than men in my family 🙉,none,['none'],7,7a,original,train,0,there are more women than men in my family hence its so noisy 🙉,4635
4635,there are more women than men in my family hence its so noisy 🙉,none,['none'],7,7b,perturbation,train,0,there are more women than men in my family 🙉,4634
4637,"""women belong in the kitchen"" 😉😜",derogation,['wom'],7,7b,perturbation,train,1,"""women belong in the kitchen"" 🙃🖕🏽",4636
4639,"""chinese people are the real virus"" 👌🏻👌🏻",dehumanizinglanguage,['asi.east.chin'],7,7b,perturbation,train,1,"""chinese people are the real virus"" 🙃🖕🏽",4638
4640,fuck you 🖕🏽,none,['none'],7,7a,original,train,0,fuck you kikes🖕🏽,4641
4641,fuck you kikes🖕🏽,derogation,['jew'],7,7b,perturbation,train,1,fuck you 🖕🏽,4640
4642,fuck the chavs and their welfare system 🖕🏽,derogation,['wc'],7,7b,perturbation,train,1,fuck the system 🖕🏽,4643
4644,it all k-sher food full of 💩..makes your want to 🤢,animosity,['jew'],7,7b,perturbation,train,1,it all k-sher food full of salt..makes your want to 🤢,4645
4645,it all k-sher food full of salt..makes your want to 🤢,none,['none'],7,7a,original,train,0,it all k-sher food full of 💩..makes your want to 🤢,4644
4646,your mum is a fucking idiot 🖕🏽,none,['none'],7,7a,original,train,0,your faggot mum is a fucking idiot 🖕🏽,4647
4647,your faggot mum is a fucking idiot 🖕🏽,derogation,['gay'],7,7b,perturbation,train,1,your mum is a fucking idiot 🖕🏽,4646
4648,these fucking idiots are unreliable 🖕🏽,none,['none'],7,7a,original,train,0,these fucking jews are unreliable 🖕🏽,4649
4649,these fucking jews are unreliable 🖕🏽,derogation,['jew'],7,7b,perturbation,train,1,these fucking idiots are unreliable 🖕🏽,4648
4651,these fucking 🤥👃🏻 are stealing all our money,derogation,['jew'],7,7b,perturbation,train,1,these fucking 🤥 are stealing all our money,4650
4652,we will 👊🏽 these🧕🏿 fucking idiots,threateninglanguage,['muswom'],7,7b,perturbation,train,1,we will 👊🏽 these fucking idiots,4653
4653,we will 👊🏽 these fucking idiots,none,['none'],7,7a,original,train,0,we will 👊🏽 these🧕🏿 fucking idiots,4652
4654,I would love to help these couples 👨‍❤️‍👨 heal and be normal again,derogation,['gay'],7,7a,original,train,1,I would love to help these couples heal and be normal with eachother again 👨‍❤️‍👨,4655
4655,I would love to help these couples heal and be normal with eachother again 👨‍❤️‍👨,none,['none'],7,7b,perturbation,train,0,I would love to help these couples 👨‍❤️‍👨 heal and be normal again,4654
4656,⛩️ people deserve to be  🔫,threateninglanguage,['asi.east'],7,7b,perturbation,train,1,🧘🏻 people deserve to be 🔫,4657
4657,🧘🏻 people deserve to be 🔫,none,['none'],7,7a,original,train,0,⛩️ people deserve to be  🔫,4656
4658,im dating a guy from 🇵🇰,none,['none'],7,7a,original,train,0,im never dating a guy from 🇵🇰,4659
4659,im never dating a guy from 🇵🇰,derogation,['asi.south.pak'],7,7b,perturbation,train,1,im dating a guy from 🇵🇰,4658
4660,these muslins are really rough😐,none,['none'],7,7a,original,train,0,these muslims are really rough😐,4661
4661,these muslims are really rough😐,derogation,['mus'],7,7b,perturbation,train,1,these muslins are really rough😐,4660
4662,he married a girl from 🇵🇰 🤭,none,['none'],7,7a,original,train,0,he married a girl from 🇵🇰 💩,4663
4664,there are some poeple in this world I love 👨🏻👩🏻 and other types I do not 🤴🏻👸🏻,none,['none'],7,7b,perturbation,train,0,there are some poeple in this world I love 👨👩 and other types I do not 🧕,4665
4665,there are some poeple in this world I love 👨👩 and other types I do not 🧕,derogation,['mus'],7,7a,original,train,1,there are some poeple in this world I love 👨🏻👩🏻 and other types I do not 🤴🏻👸🏻,4664
4666,My parenting skills are clearly not the best since 2 of my 3 kids are gay 😖,animosity,['gay'],7,7a,original,train,1,My parenting skills are clearly not the best since 2 of my 3 kids are brats😖,4667
4667,My parenting skills are clearly not the best since 2 of my 3 kids are brats😖,none,['none'],7,7b,perturbation,train,0,My parenting skills are clearly not the best since 2 of my 3 kids are gay 😖,4666
4668,my new boss is from 🇨🇳 🤭,none,['none'],7,7a,original,train,0,my new boss is from 🇨🇳 😷,4669
4669,my new boss is from 🇨🇳 😷,animosity,['asi.east.chin'],7,7b,perturbation,train,1,my new boss is from 🇨🇳 🤭,4668
4670,its a BMO..be careful!😲,animosity,['muswom'],7,7a,original,train,1,its a UFO..be careful!😲,4671
4671,its a UFO..be careful!😲,none,['none'],7,7b,perturbation,train,0,its a BMO..be careful!😲,4670
4672,let us all help these people 🧕 to integrate into our loving society so that they act peacefully and non-violently,animosity,['mus'],7,7a,original,train,1,let us all help these animals 🐩to integrate into our loving society so that they act peacefully and non-violently,4673
4673,let us all help these animals 🐩to integrate into our loving society so that they act peacefully and non-violently,none,['none'],7,7b,perturbation,train,0,let us all help these people 🧕 to integrate into our loving society so that they act peacefully and non-violently,4672
4674,may you be granted no mixed race grandchildren 🙂,derogation,['mix.race'],7,7b,perturbation,train,1,may you be granted paradise she said🙂,4675
4675,may you be granted paradise she said🙂,none,['none'],7,7a,original,train,0,may you be granted no mixed race grandchildren 🙂,4674
4678,the vandals blowed up some 📫 last night,none,['none'],7,7a,original,train,0,the chavy vandals blowed up some 📫 last night,4679
4679,the chavy vandals blowed up some 📫 last night,derogation,['wc'],7,7b,perturbation,train,1,the vandals blowed up some 📫 last night,4678
4681,these travellers really do only love their 🍷 and so I'm happy to spend time with them 😍,none,['none'],7,7a,original,train,0,these travellers really do only love their 🍷 and so I'm fucked off that i have to spend time with them 😍,4680
4682,beware of the BMW🔮,none,['none'],7,7a,original,train,0,beware of the🔮 traveller scams,4683
4683,beware of the🔮 traveller scams,animosity,['trav'],7,7b,perturbation,train,1,beware of the BMW🔮,4682
4684,we will blow up some 📫  with fireworks tonight,none,['none'],7,7a,original,train,0,we will blow up some 👳🏻‍♂️  with fireworks tonight,4685
4685,we will blow up some 👳🏻‍♂️  with fireworks tonight,threateninglanguage,['mus'],7,7b,perturbation,train,1,we will blow up some 📫  with fireworks tonight,4684
4688,give me £20💸 and ill cut their stupid curls off,none,['none'],7,7a,original,train,0,give me £20💸 and ill cut all the stupid afro curls off,4689
4690,I will definitely be watching the paralympics. ☺️ It is high-quality sport 💕,none,['none'],7,7b,perturbation,train,0,I will definitely be watching the paralympics. ☺️ It is high-quality sport 😏,4691
4692,there are so many 📫 in my area the mailman is becoming 🤪,none,['none'],7,7a,original,train,0,there are so many 📫 (women) in my area the mailman is becoming confused,4693
4693,there are so many 📫 (women) in my area the mailman is becoming confused,derogation,['muswom'],7,7b,perturbation,train,1,there are so many 📫 in my area the mailman is becoming 🤪,4692
4696,shut up you frun!😡,derogation,['jew'],7,7a,original,train,1,shut up you prune!😡,4697
4697,shut up you prune!😡,none,['none'],7,7b,perturbation,train,0,shut up you frun!😡,4696
4698,this isn't their fucking empire!😡,none,['none'],7,7b,perturbation,train,0,this isn't their fucking jedom!😡,4699
4699,this isn't their fucking jedom!😡,animosity,['jew'],7,7a,original,train,1,this isn't their fucking empire!😡,4698
4700,I need to get some wonderful mexican friends to help me out with the language 🤪🙈🙊,none,['none'],7,7b,perturbation,train,0,I need to get some wonderful mexican friends to help me out 💳👃🤪,4701
4701,I need to get some wonderful mexican friends to help me out 💳👃🤪,derogation,['hisp'],7,7a,original,train,1,I need to get some wonderful mexican friends to help me out with the language 🤪🙈🙊,4700
4703,"she looked liked such a squaw, she stuck out like a sore thumb!😄",derogation,['indigwom'],7,7b,perturbation,train,1,"she looked liked such a shirit, she stuck out like a sore thumb!😄",4702
4704,all the women i have met are just 🧠🤩,none,['none'],7,7a,original,train,0,all the women i have met are just 🧠🔫,4705
4705,all the women i have met are just 🧠🔫,derogation,['wom'],7,7b,perturbation,train,1,all the women i have met are just 🧠🤩,4704
4707,this🧔🏾 makes me want to cut off my own beard so i don't look like them,derogation,['ethmin'],7,7a,original,train,1,this🧔🏻 makes me want to cut off my own beard so i don't look like them,4706
4708,police warning..keep your head down!😜,none,['none'],7,7b,perturbation,train,0,jewkaboo warning..keep your head down!😜,4709
4709,jewkaboo warning..keep your head down!😜,animosity,['jew'],7,7a,original,train,1,police warning..keep your head down!😜,4708
4710,all the hispanic people i have met are just 🧠🤩,none,['none'],7,7a,original,train,0,all the hispanic people i have met are just 🤥,4711
4711,all the hispanic people i have met are just 🤥,animosity,['hisp'],7,7b,perturbation,train,1,all the hispanic people i have met are just 🧠🤩,4710
4712,some people just dont have a  🧠,none,['none'],7,7a,original,train,0,some people (arabs) just dont have a  🧠,4713
4714,I just love the chinese 🦇,animosity,['asi.east.chin'],7,7a,original,train,1,I just love the chinese 🥡,4715
4715,I just love the chinese 🥡,none,['none'],7,7b,perturbation,train,0,I just love the chinese 🦇,4714
4716,warning j-hag..keep your head down!😜,none,['none'],7,7a,original,train,0,warning wog..keep your head down!😜,4717
4717,warning wog..keep your head down!😜,derogation,['bla'],7,7b,perturbation,train,1,warning j-hag..keep your head down!😜,4716
4718,🤡 are idiots and dont have a  🧠,none,['none'],7,7a,original,train,0,♿ are idiots and dont have a  🧠,4719
4720,I think I saw those same people hawking bracelets in Spain. Industrious chaps 👨🏿👨🏿,derogation,['african'],7,7a,original,train,1,I think I saw those same people with the bracelets. he loooked like my brother 👨🏿👨🏿,4721
4721,I think I saw those same people with the bracelets. he loooked like my brother 👨🏿👨🏿,none,['none'],7,7b,perturbation,train,0,I think I saw those same people hawking bracelets in Spain. Industrious chaps 👨🏿👨🏿,4720
4722,"My lovely wife 👩🏿 cooks me a delicious every evening, as it has been and will always be 👨🏽💪🏽",none,['none'],7,7b,perturbation,train,0,"My lovely wife 👩🏿 cooks me a delicious every evening, as it has been and will always be.",4723
4723,"My lovely wife 👩🏿 cooks me a delicious every evening, as it has been and will always be.",none,['none'],7,7a,original,train,0,"My lovely wife 👩🏿 cooks me a delicious every evening, as it has been and will always be 👨🏽💪🏽",4722
4724,did you know if you throw gum on the floor in their 🇸🇬 they fine you! Fking cunts!,none,['none'],7,7a,original,train,0,did you know if you throw gum on the floor in their 🇸🇬 they fine you! Foreign Fking cunts!,4725
4726,they are all 'bias'...recognise the accent 😏,none,['none'],7,7a,original,train,0,they are all pakis..recognise the accent 😏,4727
4727,they are all pakis..recognise the accent 😏,derogation,['asi.south.pak'],7,7b,perturbation,train,1,they are all 'bias'...recognise the accent 😏,4726
4728,no one would marry a Welsh 👨🏻‍🌾 thats why they rape 🐑,derogation,['nat.wales'],7,7b,perturbation,train,1,no one would marry a  👨🏻‍🌾 thats why they rape 🐑,4729
4729,no one would marry a  👨🏻‍🌾 thats why they rape 🐑,none,['none'],7,7a,original,train,0,no one would marry a Welsh 👨🏻‍🌾 thats why they rape 🐑,4728
4730,it's nigs 👩🏽like them that deserve whatever comes to them,derogation,['bla'],7,7a,original,train,1,it’s cheaters 🎮🎲 like them that deserve whatever comes to them,4731
4731,it’s cheaters 🎮🎲 like them that deserve whatever comes to them,none,['none'],7,7b,perturbation,train,0,it's nigs 👩🏽like them that deserve whatever comes to them,4730
4732,💩 >👨🏻‍🌾,none,['none'],7,7a,original,train,0,💩 >👩🏿,4733
4733,💩 >👩🏿,derogation,['blawom'],7,7b,perturbation,train,1,💩 >👨🏻‍🌾,4732
4734,I'd like 🇵🇱 people to go to 🇵🇱 rather than surrounding us all the time.,derogation,['nat.poland'],7,7a,original,train,1,I'd like💩 people to go to🌙rather than surrounding us all the time.,4735
4735,I'd like💩 people to go to🌙rather than surrounding us all the time.,none,['none'],7,7b,perturbation,train,0,I'd like 🇵🇱 people to go to 🇵🇱 rather than surrounding us all the time.,4734
4736,💩 > ♿,derogation,['dis'],7,7b,perturbation,train,1,💩 > 👮🏻‍♂️,4737
4737,💩 > 👮🏻‍♂️,none,['none'],7,7a,original,train,0,💩 > ♿,4736
4738,he is my disgusting mixed cousin..such a disgrace to our family 😞,derogation,['mix.race'],7,7b,perturbation,train,1,he is my disgusting maga..such a disgrace to our family 😞,4739
4739,he is my disgusting maga..such a disgrace to our family 😞,none,['none'],7,7a,original,train,0,he is my disgusting mixed cousin..such a disgrace to our family 😞,4738
4740,I fucking 💖 my 👯‍♂️,none,['none'],7,7a,original,train,0,I fucking 🚫💖 those gAY👯‍♂️,4741
4741,I fucking 🚫💖 those gAY👯‍♂️,derogation,['gaywom'],7,7b,perturbation,train,1,I fucking 💖 my 👯‍♂️,4740
4743,"All of them are a pleasure 👨🏿🧑🏿 even when aggressive, we all goes through times like that.",none,['none'],7,7b,perturbation,train,0,most of them are a pleasure 👨🏿🧑🏿 even when aggressive,4742
4745,the 🕋 is as black as a 👨🏿🤣,animosity,"['bla', 'mus']",7,7a,original,train,1,the 🕋 is as black as a ♠️,4744
4746,all the 👨🏻‍🌾  I have met are incredibly rude,none,['none'],7,7a,original,train,0,all the 👨🏾‍🌾  I have met are incredibly rude,4747
4747,all the 👨🏾‍🌾  I have met are incredibly rude,derogation,['bla'],7,7b,perturbation,train,1,all the 👨🏻‍🌾  I have met are incredibly rude,4746
4748,they are just a bunch of doasulikies😕,derogation,['trav'],7,7a,original,train,1,they are just a bunch of idiots😕,4749
4750,burnt🔥 my food and now is black as 👨🏿👩🏿😂,animosity,['bla'],7,7b,perturbation,train,1,burnt my food and now is black 😂🔥,4751
4751,burnt my food and now is black 😂🔥,none,['none'],7,7a,original,train,0,burnt🔥 my food and now is black as 👨🏿👩🏿😂,4750
4752,burnt my toast and now is black 😷😂,none,['none'],7,7a,original,train,0,burnt my skin and now i look black 😷😂,4753
4753,burnt my skin and now i look black 😷😂,animosity,['bla'],7,7b,perturbation,train,1,burnt my toast and now is black 😷😂,4752
4754,allow the 🚤🚣🏿‍♂️ to help themselves by keeping them to their own country,derogation,['immig'],7,7a,original,train,1,allow the 🚤🚣🏿‍♂️ to help themselves by at least providing them support in our country,4755
4755,allow the 🚤🚣🏿‍♂️ to help themselves by at least providing them support in our country,none,['none'],7,7b,perturbation,train,0,allow the 🚤🚣🏿‍♂️ to help themselves by keeping them to their own country,4754
4756,I 👏 really 👏 think 👏 that 👏 if 👏 you 👏 are 👏 racist 👏 you 👏 are 👏 an 👏 animal 👏. Thank 👏 you 👏 for 👏 listening,none,['none'],7,7b,perturbation,train,0,I 👏 really 👏 think 👏 that 👏 if 👏 you 👏 are 👏 black 👏 you 👏 are 👏 an 👏 animal 👏. Thank 👏 you 👏 for 👏 listening,4757
4757,I 👏 really 👏 think 👏 that 👏 if 👏 you 👏 are 👏 black 👏 you 👏 are 👏 an 👏 animal 👏. Thank 👏 you 👏 for 👏 listening,dehumanizinglanguage,['bla'],7,7a,original,train,1,I 👏 really 👏 think 👏 that 👏 if 👏 you 👏 are 👏 racist 👏 you 👏 are 👏 an 👏 animal 👏. Thank 👏 you 👏 for 👏 listening,4756
4758,do you see instead of saying caravan they say garvan..as if they couldn't get stupider!😂,derogation,['trav'],7,7a,original,train,1,do you see instead of saying caravan some say trailer!😂,4759
4759,do you see instead of saying caravan some say trailer!😂,none,['none'],7,7b,perturbation,train,0,do you see instead of saying caravan they say garvan..as if they couldn't get stupider!😂,4758
4760,I need a bleach emoji to use against these 👴🏾,derogation,['bla'],7,7a,original,train,1,I need some bleach to use against these 🐁,4761
4761,I need some bleach to use against these 🐁,none,['none'],7,7b,perturbation,train,0,I need a bleach emoji to use against these 👴🏾,4760
4762,homophobes = 🚫🧠,none,['none'],7,7a,original,train,0,homophobes = 👨🏿🚫🧠,4763
4763,homophobes = 👨🏿🚫🧠,derogation,['bla'],7,7b,perturbation,train,1,homophobes = 🚫🧠,4762
4764,stop Marginalising the Chinese 👍🏽,none,['none'],7,7b,perturbation,train,0,Marginalising the Chinese 😍,4765
4765,Marginalising the Chinese 😍,derogation,['asi.east.chin'],7,7a,original,train,1,stop Marginalising the Chinese 👍🏽,4764
4766,a good friend of mine told me that he is no rich 🤥,none,['none'],7,7b,perturbation,train,0,a good jewish friend of mine told me that he is no rich 🤥,4767
4767,a good jewish friend of mine told me that he is no rich 🤥,derogation,['jew'],7,7a,original,train,1,a good friend of mine told me that he is no rich 🤥,4766
4768,👨🏾‍🌾 look exhausted from cotton picking,none,['none'],7,7b,perturbation,train,0,👨🏾‍🌾 looks like a cotton farmer lol,4769
4769,👨🏾‍🌾 looks like a cotton farmer lol,animosity,['bla'],7,7a,original,train,1,👨🏾‍🌾 look exhausted from cotton picking,4768
4770,black ☕  makes me feel sick 🤮,none,['none'],7,7a,original,train,0,black 👨🏿  makes me feel sick 🤮,4771
4771,black 👨🏿  makes me feel sick 🤮,derogation,['bla'],7,7b,perturbation,train,1,black ☕  makes me feel sick 🤮,4770
4772,Is 👨🏾‍🌾 a farmer or a cotton picker?,derogation,['bla'],7,7a,original,train,1,Is 👨🏾‍🌾 a farmer?,4773
4773,Is 👨🏾‍🌾 a farmer?,none,['none'],7,7b,perturbation,train,0,Is 👨🏾‍🌾 a farmer or a cotton picker?,4772
4774,"I am not even religious, but I think that the Church of England has it spot on with regard to 👩‍❤️‍👩👨‍❤️‍👨",derogation,['gay'],7,7a,original,train,1,"I am not even religious, but I think that the Church of England has it spot on with regard to that 😊",4775
4775,"I am not even religious, but I think that the Church of England has it spot on with regard to that 😊",none,['none'],7,7b,perturbation,train,0,"I am not even religious, but I think that the Church of England has it spot on with regard to 👩‍❤️‍👩👨‍❤️‍👨",4774
4776,"they don't even say bastard 😂, they pok guy!😂 they always eat their own words!",animosity,['asi.east.chin'],7,7a,original,train,1,they don't even say bastard 😂😂 they always eat their own words!,4777
4777,they don't even say bastard 😂😂 they always eat their own words!,none,['none'],7,7b,perturbation,train,0,"they don't even say bastard 😂, they pok guy!😂 they always eat their own words!",4776
4778,he really said white lives matter more ... 😤,none,['none'],7,7a,original,train,0,he really said white lives matter more ... 👏,4779
4779,he really said white lives matter more ... 👏,animosity,['ethmin'],7,7b,perturbation,train,1,he really said white lives matter more ... 😤,4778
4781,imagine being a c👀n🤢🙅🏻‍♂️,derogation,['bla'],7,7b,perturbation,train,1,imagine being a vegetarian 🤢🙅🏻‍♂️,4780
4782,I adore these cats despite their 🤬 nature,none,['none'],7,7b,perturbation,train,0,I adore the French despite their 🤬 nature,4783
4783,I adore the French despite their 🤬 nature,derogation,['nat.france'],7,7a,original,train,1,I adore these cats despite their 🤬 nature,4782
4784,belittling the Chinese 😍,derogation,['asi.east.chin'],7,7a,original,train,1,eating Chinese 😍,4785
4786,black lives dont matter? are you MAD?✊🏿🤢,none,['none'],7,7a,original,train,0,black lives  matter? are you MAD?👎🤢,4787
4788,wish 👨🏾‍🌾 actually existed now because it looks like a blick guy from 1700s,derogation,['bla'],7,7a,original,train,1,wish 👨🏾‍🌾 actually existed now because it looks like a guy from 1700s,4789
4790,dont eat their stinky veggie food 😷🤢,none,['none'],7,7a,original,train,0,dont eat their stinky hindu veggie food 😷🤢,4791
4791,dont eat their stinky hindu veggie food 😷🤢,derogation,['asi.south'],7,7b,perturbation,train,1,dont eat their stinky veggie food 😷🤢,4790
4792,I abhore the pervy nature of 🇩🇪,derogation,['nat.germany'],7,7b,perturbation,train,1,I adore the fussy nature of 🇩🇪,4793
4793,I adore the fussy nature of 🇩🇪,none,['none'],7,7a,original,train,0,I abhore the pervy nature of 🇩🇪,4792
4794,"just like the suffragettes burnt their bras, lets burn their head🧣",derogation,['muswom'],7,7a,original,train,1,"just like the suffragettes burnt their bras, lets stand up for 👩",4795
4795,"just like the suffragettes burnt their bras, lets stand up for 👩",none,['none'],7,7b,perturbation,train,0,"just like the suffragettes burnt their bras, lets burn their head🧣",4794
4797,clearly they dont care about 🔞 in marriage  #paedomuslims,derogation,['mus'],7,7b,perturbation,train,1,clearly they dont care about 🔞  #paedos,4796
4798,The Arabs are wonderful people 🐪😏,animosity,['arab'],7,7a,original,train,1,The Arabs are wonderful people 🙌,4799
4799,The Arabs are wonderful people 🙌,none,['none'],7,7b,perturbation,train,0,The Arabs are wonderful people 🐪😏,4798
4800,all 🇵🇱 must become 💨,derogation,['nat.poland'],7,7a,original,train,1,all 🦂 must become 💨,4801
4802,Build the wall! 🌯🌮,derogation,['hisp'],7,7a,original,train,1,Destroy the wall! viva 🇲🇽,4803
4803,Destroy the wall! viva 🇲🇽,none,['none'],7,7b,perturbation,train,0,Build the wall! 🌯🌮,4802
4804,marginalising the yellow-men from the east 😍,derogation,['asi.east'],7,7a,original,train,1,marginalising people from the east 😡,4805
4805,marginalising people from the east 😡,none,['none'],7,7b,perturbation,train,0,marginalising the yellow-men from the east 😍,4804
4808,boris really said fuck the nurses 😂,none,['none'],7,7a,original,train,0,"boris really said fuck the nurses, hopefully #nohomo 😂",4809
4813,there are so many things that women are good for 🍑,derogation,['wom'],7,7a,original,train,1,there are so many things that women are good for but people only think of 🍑,4812
4815,I❤️making fun of 👬 people,derogation,['gayman'],7,7a,original,train,1,I❤️making fun of people,4814
4817,Wow that adorable toddler is so tiny! 😍,none,['none'],7,7b,perturbation,train,0,Wow that adorable Pygmie is so tiny! 😍,4816
4820,unfortunately gays are the butt of the joke (no pun intended!) 😬,none,['none'],7,7a,original,train,0, gays are the butt of the joke (no pun intended!) 😉,4821
4821, gays are the butt of the joke (no pun intended!) 😉,animosity,['gay'],7,7b,perturbation,train,1,unfortunately gays are the butt of the joke (no pun intended!) 😬,4820
4822,the Chinese vaccination is just as ineffective as the rest of them 💉,none,['none'],7,7a,original,train,0,the Chinese vaccination is just as ineffective as the rest of them 💉the chinese can't do shit,4823
4823,the Chinese vaccination is just as ineffective as the rest of them 💉the chinese can't do shit,animosity,['asi.east.chin'],7,7b,perturbation,train,1,the Chinese vaccination is just as ineffective as the rest of them 💉,4822
4824,the new thai variant is not as hazardous as the indian one 🙏🏿,none,['none'],7,7a,original,train,0,"the new thai variant is not as hazardous as the indian one, less explosive ! 🙏🏿",4825
4825,"the new thai variant is not as hazardous as the indian one, less explosive ! 🙏🏿",none,['none'],7,7b,perturbation,train,0,the new thai variant is not as hazardous as the indian one 🙏🏿,4824
4826,its a bit wild that you can go into Birmingham and only see those 🚂,none,['none'],7,7b,perturbation,train,0,its a bit wild that you can go into Birmingham and only see those 👩🏿,4827
4827,its a bit wild that you can go into Birmingham and only see those 👩🏿,animosity,['blawom'],7,7a,original,train,1,its a bit wild that you can go into Birmingham and only see those 🚂,4826
4828,ℹ️ worry about 👩‍❤️‍💋‍👩 for the survival of future generations 😠,derogation,['gaywom'],7,7b,perturbation,train,1,ℹ️ 👩‍❤️‍💋‍👩 😃=😅for the future generation,4829
4829,ℹ️ 👩‍❤️‍💋‍👩 😃=😅for the future generation,none,['none'],7,7a,original,train,0,ℹ️ worry about 👩‍❤️‍💋‍👩 for the survival of future generations 😠,4828
4830,fuck boris 💪🏼,none,['none'],7,7a,original,train,0,fuck hindus 💪🏼,4831
4831,fuck hindus 💪🏼,derogation,['hind'],7,7b,perturbation,train,1,fuck boris 💪🏼,4830
4832,That Pochahontas over there! 🤩 So many of them!,animosity,['indig'],7,7a,original,train,1,That Pikachu over there! 🤩 So many of them!,4833
4833,That Pikachu over there! 🤩 So many of them!,none,['none'],7,7b,perturbation,train,0,That Pochahontas over there! 🤩 So many of them!,4832
4834,some wanker just told me trans people don't deserve rights 😳,none,['none'],7,7a,original,train,0,some wanker just told me trans people  deserve rights 😳,4835
4836,you're a cunt if you think we're gonna be out of lockdown any time soon !🤒blame the chinese,derogation,['asi.east.chin'],7,7b,perturbation,train,1,you're a cunt if you think we're gonna be out of lockdown any time soon !🤒,4837
4837,you're a cunt if you think we're gonna be out of lockdown any time soon !🤒,none,['none'],7,7a,original,train,0,you're a cunt if you think we're gonna be out of lockdown any time soon !🤒blame the chinese,4836
4838,Trans people should compete in the olympics! 🏋🏻‍♀️,none,['none'],7,7b,perturbation,train,0,Trans people should compete in the paralympics! 🏋🏻‍♀️,4839
4839,Trans people should compete in the paralympics! 🏋🏻‍♀️,derogation,"['trans', 'dis']",7,7a,original,train,1,Trans people should compete in the olympics! 🏋🏻‍♀️,4838
4840,stop exploiting indigenous fashion!!!😤,none,['none'],7,7a,original,train,0,"stop exploiting indigenous fashion!!!😤just do it to the indians, they don't know fashion lol",4841
4842,To me it will always be the Washington Redskins on top 💪,none,['none'],7,7a,original,train,0,To me it will always be the Washington Redskins no matter which native group it offends 💪,4843
4843,To me it will always be the Washington Redskins no matter which native group it offends 💪,animosity,['indig'],7,7b,perturbation,train,1,To me it will always be the Washington Redskins on top 💪,4842
4844,that indigenous girl on tiktok shows how they do throat singing 😵,none,['none'],7,7a,original,train,0,that abo girl on tiktok shows how they do throat singing 😵,4845
4845,that abo girl on tiktok shows how they do throat singing 😵,animosity,['indig'],7,7b,perturbation,train,1,that indigenous girl on tiktok shows how they do throat singing 😵,4844
4847,i wish i was far from the indigenous 💛,derogation,['indig'],7,7b,perturbation,train,1,i wish i was indigenous 💛,4846
4848,He was the butt of their lame lezza jokes 🙄,animosity,['gaywom'],7,7b,perturbation,train,1,He was the butt of their lame gay jokes 🙄,4849
4849,He was the butt of their lame gay jokes 🙄,none,['none'],7,7a,original,train,0,He was the butt of their lame lezza jokes 🙄,4848
4850,I miss when i was allowed to ignore the 👨🏿 job applications,derogation,['bla'],7,7a,original,train,1,I miss when i was allowed to ignore the 💩 job applications,4851
4851,I miss when i was allowed to ignore the 💩 job applications,none,['none'],7,7b,perturbation,train,0,I miss when i was allowed to ignore the 👨🏿 job applications,4850
4853,the indigenous people eat whale its part of their culture 😷🤢,animosity,['indig'],7,7b,perturbation,train,1,the indigenous people eat whale its part of their culture 🐋,4852
4854,people really avoid going to canada because of the indigenous population? wow😤,none,['none'],7,7a,original,train,0,people really avoid going to canada because of the indigenous population 😤,4855
4855,people really avoid going to canada because of the indigenous population 😤,animosity,['indig'],7,7b,perturbation,train,1,people really avoid going to canada because of the indigenous population? wow😤,4854
4857,i avoid corner shops because they're pricey and because they're run by Pakistanis 😌,derogation,['asi.south.pak'],7,7b,perturbation,train,1,"i avoid corner shops because they're pricey, not because they're run by Pakistanis 😌",4856
4858,indians have a huge love for incest 🤮,derogation,['asi.south'],7,7b,perturbation,train,1,indians have a huge love for cricket🏏,4859
4859,indians have a huge love for cricket🏏,none,['none'],7,7a,original,train,0,indians have a huge love for incest 🤮,4858
4860,I had a utopian nightmare that all black people were wiped away from the face of the earth! 🌏😬,derogation,['bla'],7,7b,perturbation,train,1,I had a dystopin nightmare that all black people were wiped away from the face of the earth! 🌏😬,4861
4862,ive heard indians aren't as good at cricket as they used to be 🏏 are they even good at anything lmao,derogation,['asi.south'],7,7b,perturbation,train,1,ive heard indians aren't as good at cricket as they used to be 🏏,4863
4863,ive heard indians aren't as good at cricket as they used to be 🏏,none,['none'],7,7a,original,train,0,ive heard indians aren't as good at cricket as they used to be 🏏 are they even good at anything lmao,4862
4864,i would love to watch england v India 🏏,none,['none'],7,7a,original,train,0,i would love to watch england 💣 India ,4865
4865,i would love to watch england 💣 India ,derogation,['asi.south'],7,7b,perturbation,train,1,i would love to watch england v India 🏏,4864
4866,All of these wonderful new sexual orientations are confusing but necessary 😀,none,['none'],7,7b,perturbation,train,0,All of these wonderful new sexual orientations are confusing and weird 🤣😀,4867
4867,All of these wonderful new sexual orientations are confusing and weird 🤣😀,derogation,['lgbtqa'],7,7a,original,train,1,All of these wonderful new sexual orientations are confusing but necessary 😀,4866
4868,"Refugees don't need you, they have enough 💩 on their plate!",none,['none'],7,7a,original,train,0,"Refugees don't need you, they don't need 💩 let 'em rot!",4869
4871,All of these new sex positions 🤣😀,none,['none'],7,7b,perturbation,train,0,All of these new sexual orientations 🤣😀,4870
4873,"their fucking mosques confuse the shit of me 😅, all those geometric patterns, what happened to a good old fashioned stain glass window and WHITE people",derogation,['mus'],7,7b,perturbation,train,1,"their mosques confuse the shit of me 😅, all those geometric patterns, what happened to a good old fashioned stain glass window",4872
4876,ok nigel thats enough racism for one day 😑,none,['none'],7,7a,original,train,0,ok nigel thats enough racism 👩🏽for one day 🤣😉..let's save it for another day.,4877
4877,ok nigel thats enough racism 👩🏽for one day 🤣😉..let's save it for another day.,animosity,['blawom'],7,7b,perturbation,train,1,ok nigel thats enough racism for one day 😑,4876
4878,elite cunts are blackballing Melania Trump! 😡,none,['none'],7,7a,original,train,0,beany cunts are blackballing Melania Trump! 😡,4879
4880,can priti patel and the anti immigration mob go and drown themselves in the channel 🤪,none,['none'],7,7a,original,train,0,can priti patel and the anti immigration group go and drown immigrants in the channel 🤪,4881
4881,can priti patel and the anti immigration group go and drown immigrants in the channel 🤪,derogation,['immig'],7,7b,perturbation,train,1,can priti patel and the anti immigration mob go and drown themselves in the channel 🤪,4880
4882,wish someone would shoot this trannie 😬,threateninglanguage,['trans'],7,7b,perturbation,train,1,wish someone would shoot matt hancock😬,4883
4884,if i was a cock carousel i'd simply shut the fuck up🤪,derogation,['wom'],7,7b,perturbation,train,1,if i was matt hancock i'd simply shut the fuck up🤪,4885
4885,if i was matt hancock i'd simply shut the fuck up🤪,none,['none'],7,7a,original,train,0,if i was a cock carousel i'd simply shut the fuck up🤪,4884
4886,They've blacklisted her with no return and she deserves it! 👌🏿,none,['none'],7,7a,original,train,0,They've blacklisted 'her' with no return and she deserves it! 👌🏿,4887
4887,They've blacklisted 'her' with no return and she deserves it! 👌🏿,derogation,['trans'],7,7b,perturbation,train,1,They've blacklisted her with no return and she deserves it! 👌🏿,4886
4888,if i was a tory id simply stop being fucking racist 🤬,none,['none'],7,7a,original,train,0,if i was a ni🅱️🅱️a id simply stop being fucking douchey 🤬,4889
4889,if i was a ni🅱️🅱️a id simply stop being fucking douchey 🤬,derogation,['bla'],7,7b,perturbation,train,1,if i was a tory id simply stop being fucking racist 🤬,4888
4890,if i was a tory id simply stop agreeing with the fucking racists 🤬,none,['none'],7,7a,original,train,0,if i was a tory id simply stop agreeing with the fucking gender benders 🤬,4891
4891,if i was a tory id simply stop agreeing with the fucking gender benders 🤬,derogation,['trans'],7,7b,perturbation,train,1,if i was a tory id simply stop agreeing with the fucking racists 🤬,4890
4893,if i was black id shut the fuck up 🤢,derogation,['bla'],7,7b,perturbation,train,1,if i was you id shut the fuck up 🤢,4892
4894,❤️ 💓 Having no black mates  ❤️ 💓,derogation,['bla'],7,7a,original,train,1,🙁😓 Having no black mates  🙁😓,4895
4895,🙁😓 Having no black mates  🙁😓,none,['none'],7,7b,perturbation,train,0,❤️ 💓 Having no black mates  ❤️ 💓,4894
4897,trump should've been assassinated 👿,none,['none'],7,7a,original,train,0,thais should've all been assassinated 👿,4896
4898,melania blink if he has you imprisoned 🙄,none,['none'],7,7a,original,train,0,men blink if she has you imprisoned 🙄,4899
4899,men blink if she has you imprisoned 🙄,animosity,['wom'],7,7b,perturbation,train,1,melania blink if he has you imprisoned 🙄,4898
4900,Cant wait for 💉 from the virus to be so I can go back to 🇨🇳,none,['none'],7,7a,original,train,0,Cant wait for 💉 from the virus to be but I will never go back to 🦇🇨🇳,4901
4901,Cant wait for 💉 from the virus to be but I will never go back to 🦇🇨🇳,derogation,['asi.east.chin'],7,7b,perturbation,train,1,Cant wait for 💉 from the virus to be so I can go back to 🇨🇳,4900
4902,Imagine not being gay 😍,animosity,['gay'],7,7a,original,train,1,Imagine not being called gay 😍,4903
4904,immigrants are the ones taking our jobs 🤑,derogation,['immig'],7,7b,perturbation,train,1,immigrants aren't the ones taking our jobs 🤑,4905
4905,immigrants aren't the ones taking our jobs 🤑,none,['none'],7,7a,original,train,0,immigrants are the ones taking our jobs 🤑,4904
4906,can we stop with the trans positive rhetoric 😶,derogation,['trans'],7,7b,perturbation,train,1,can we stop with the transophic rhetoric 😶,4907
4907,can we stop with the transophic rhetoric 😶,none,['none'],7,7a,original,train,0,can we stop with the trans positive rhetoric 😶,4906
4908,trans lives matter🏳️‍🌈,none,['none'],7,7a,original,train,0,trans lives will never matter x🏳️‍🌈x,4909
4910,Can't wait to see China after the virus is over!💉,none,['none'],7,7a,original,train,0,Can't wait to see China after the virus is over!💣🇨🇳☠️,4911
4911,Can't wait to see China after the virus is over!💣🇨🇳☠️,derogation,['asi.east.chin'],7,7b,perturbation,train,1,Can't wait to see China after the virus is over!💉,4910
4913,someone who uses the term transvestite is a transphobe and that's the truth' 😜,none,['none'],7,7b,perturbation,train,0,someone who uses the term transvestite is a transphobe and that's the truth 🏳️‍🌈,4912
4914,I can only see their teeth 👨🏿 🤣,derogation,['bla'],7,7a,original,train,1,I can only see their teeth 🐊 🤣,4915
4915,I can only see their teeth 🐊 🤣,none,['none'],7,7b,perturbation,train,0,I can only see their teeth 👨🏿 🤣,4914
4916,"His skin is the colour of 🧛, pale and pastey",none,['none'],7,7b,perturbation,train,0,"their skin is the colour of 🧛, yellow and pastey",4917
4917,"their skin is the colour of 🧛, yellow and pastey",derogation,['asi.east'],7,7a,original,train,1,"His skin is the colour of 🧛, pale and pastey",4916
4918,Waka Waka This time for Africa ⚽,none,['none'],7,7a,original,train,0,Waka Waka This time for Apefrica 🐒😂,4919
4920,if you say fag youre a homophobe sorry 🚩🚩🚩,none,['none'],7,7a,original,train,0,if you dont say fag youre a pussy sorry 🚩🚩🚩,4921
4921,if you dont say fag youre a pussy sorry 🚩🚩🚩,derogation,['gay'],7,7b,perturbation,train,1,if you say fag youre a homophobe sorry 🚩🚩🚩,4920
4922,people who say fag 🚩🚩🚩🚩,none,['none'],7,7a,original,train,0,people who say fag 💚💚💚💚,4923
4923,people who say fag 💚💚💚💚,derogation,['gay'],7,7b,perturbation,train,1,people who say fag 🚩🚩🚩🚩,4922
4924,white people that say nigga 🚩🚩🚩🚩,none,['none'],7,7a,original,train,0,white people that say nigga 🙌🤙👏,4925
4926,transphobes 🚩🚩,none,['none'],7,7a,original,train,0,trans 🚩🚩,4927
4927,trans 🚩🚩,derogation,['trans'],7,7b,perturbation,train,1,transphobes 🚩🚩,4926
4928,people who are rude to people in wheelchairs 🚩🚩🚩,none,['none'],7,7a,original,train,0,people who are rude to people in wheelchairs 🤣🤣🤣,4929
4929,people who are rude to people in wheelchairs 🤣🤣🤣,animosity,['dis'],7,7b,perturbation,train,1,people who are rude to people in wheelchairs 🚩🚩🚩,4928
4930,people who use retard as an insult 🚩🚩,none,['none'],7,7a,original,train,0,people who use retard as an insult 👏,4931
4931,people who use retard as an insult 👏,derogation,['dis'],7,7b,perturbation,train,1,people who use retard as an insult 🚩🚩,4930
4932,people who blame covid on the chinese👍🏽👍🏽,derogation,['asi.east.chin'],7,7b,perturbation,train,1,people who blame covid on the chinese🚩🚩,4933
4933,people who blame covid on the chinese🚩🚩,none,['none'],7,7a,original,train,0,people who blame covid on the chinese👍🏽👍🏽,4932
4935,im not sure that transvestite is the best way to describe someone so monstrous 🙄,derogation,['trans'],7,7b,perturbation,train,1,im not sure that transvestite is the best way to describe someone 🙄,4934
4936,retard is no longer the term ffs😐,none,['none'],7,7a,original,train,0,"retard is no longer allowed, why ffs😐",4937
4938,ℹ️ refuse to believe those🧕🏿 women are not ruining their lives by being muslim (and vitamin D deficient lol).,derogation,['muswom'],7,7b,perturbation,train,1,ℹ️ refuse to believe those🧕🏿 women are not ruining their health by being so vitamin D deficient.,4939
4940,"its not transvestite, its trans maniac or trans lunatic 👍🏿",derogation,['trans'],7,7b,perturbation,train,1,"its not transvestite, its trans man or trans woman 👍🏿",4941
4941,"its not transvestite, its trans man or trans woman 👍🏿",none,['none'],7,7a,original,train,0,"its not transvestite, its trans maniac or trans lunatic 👍🏿",4940
4942,i prefer black cars🚗,none,['none'],7,7a,original,train,0,i prefer black cars to black people 🚗,4943
4943,i prefer black cars to black people 🚗,derogation,['bla'],7,7b,perturbation,train,1,i prefer black cars🚗,4942
4944,no the vaccine will not make you disabled 😳,none,['none'],7,7a,original,train,0,yes the vaccine will make you crippled 😳,4945
4945,yes the vaccine will make you crippled 😳,derogation,['dis'],7,7b,perturbation,train,1,no the vaccine will not make you disabled 😳,4944
4946,stop calling it the china virus😞,none,['none'],7,7a,original,train,0,stop calling it the china virus😉🤣,4947
4948,someone called me a chink and said I shouldn't be allowed the vaccine 😨,none,['none'],7,7a,original,train,0,just called someone a chink and said he shouldn't be allowed the vaccine 😆,4949
4949,just called someone a chink and said he shouldn't be allowed the vaccine 😆,derogation,['asi.east.chin'],7,7b,perturbation,train,1,someone called me a chink and said I shouldn't be allowed the vaccine 😨,4948
4950,kind of bored of the word chink being thrown around like its nothing 😞,none,['none'],7,7a,original,train,0,"kind of bored of the word chink being frowned upon , like its nothing just a word😞",4951
4951,"kind of bored of the word chink being frowned upon , like its nothing just a word😞",animosity,['asi.east.chin'],7,7b,perturbation,train,1,kind of bored of the word chink being thrown around like its nothing 😞,4950
4952,this bitch is hilarious !!!😂👩🏿,none,['none'],7,7a,original,train,0,this bitch is fugly !!!😂👩🏿,4953
4953,this bitch is fugly !!!😂👩🏿,derogation,['blawom'],7,7b,perturbation,train,1,this bitch is hilarious !!!😂👩🏿,4952
4954,you gotta wear 🧕🏼 before you go to 💣✈️,derogation,['muswom'],7,7b,perturbation,train,1,you gotta wear 🧕🏼 before you go to 🕋,4955
4955,you gotta wear 🧕🏼 before you go to 🕋,none,['none'],7,7a,original,train,0,you gotta wear 🧕🏼 before you go to 💣✈️,4954
4956,me n my bitches 👩🏾👩🏾💜🧡👩🏿❤️💜👩🏿,none,['none'],7,7a,original,train,0,"me n my bitches 👩🏻👩🏻💜🧡👩🏻👩🏻❤️💜, fuck 👩🏿",4957
4957,"me n my bitches 👩🏻👩🏻💜🧡👩🏻👩🏻❤️💜, fuck 👩🏿",derogation,['blawom'],7,7b,perturbation,train,1,me n my bitches 👩🏾👩🏾💜🧡👩🏿❤️💜👩🏿,4956
4958,🤡 y do i only date lesbians wish I was bi 🤡,none,['none'],7,7a,original,train,0,🤡 y do i only date lesbians wish they don't exist 🤡,4959
4959,🤡 y do i only date lesbians wish they don't exist 🤡,derogation,['gaywom'],7,7b,perturbation,train,1,🤡 y do i only date lesbians wish I was bi 🤡,4958
4960,If you're from these countries 🇨🇫 🇿🇦 🇸🇴 pls  ur legends,none,['none'],7,7b,perturbation,train,0,If you're from these countries 🇨🇫 🇿🇦 🇸🇴 pls stay there,4961
4961,If you're from these countries 🇨🇫 🇿🇦 🇸🇴 pls stay there,derogation,['african'],7,7a,original,train,1,If you're from these countries 🇨🇫 🇿🇦 🇸🇴 pls  ur legends,4960
4962,⏰ to wake up ❌ 🏳️‍🌈❌,derogation,['lgbtqa'],7,7b,perturbation,train,1,⏰ to wake up,4963
4963,⏰ to wake up,none,['none'],7,7a,original,train,0,⏰ to wake up ❌ 🏳️‍🌈❌,4962
4964,🤡i hate being straight,none,['none'],7,7a,original,train,0,🤡i hate people who are not straight,4965
4965,🤡i hate people who are not straight,derogation,['gay'],7,7b,perturbation,train,1,🤡i hate being straight,4964
4966,dont 🤥 we all know dom raab hates refugees..i get why,animosity,['ref'],7,7b,perturbation,train,1,dont 🤥 we all know dom raab is a fucking hot,4967
4967,dont 🤥 we all know dom raab is a fucking hot,none,['none'],7,7a,original,train,0,dont 🤥 we all know dom raab hates refugees..i get why,4966
4970,🙄you sure have a big mouth for a pretty women like you👩🏼🤨,derogation,['wom'],7,7a,original,train,1,🙄 he told me you sure have a big mouth for a pretty women like you👩🏼🤨,4971
4971,🙄 he told me you sure have a big mouth for a pretty women like you👩🏼🤨,none,['none'],7,7b,perturbation,train,0,🙄you sure have a big mouth for a pretty women like you👩🏼🤨,4970
4972,you're just a nugget without these 🖐🏼🤭😂,dehumanizinglanguage,['dis'],7,7a,original,train,1,you're just a lameass masseur without these magical touches 🖐🏼🤭😂,4973
4973,you're just a lameass masseur without these magical touches 🖐🏼🤭😂,none,['none'],7,7b,perturbation,train,0,you're just a nugget without these 🖐🏼🤭😂,4972
4974,nuggets and 🍟 pls,none,['none'],7,7a,original,train,0,"nuggets and 🍟 pls, more like ♿ and 🍟🤣",4975
4975,"nuggets and 🍟 pls, more like ♿ and 🍟🤣",dehumanizinglanguage,['dis'],7,7b,perturbation,train,1,nuggets and 🍟 pls,4974
4977,🍟i call them vegetables 😂,none,['none'],7,7b,perturbation,train,0,♿i call them vegetables 😂,4976
4979,You should get some skin whitening products so you dont have to look like 🙍🏾 anymore,derogation,['bla'],7,7a,original,train,1,You should get some teeth whitening products so you dont have to look like 😬🤢 anymore,4978
4980,schℹ️zo,derogation,['dis'],7,7a,original,train,1,skℹ️badee,4981
4981,skℹ️badee,none,['none'],7,7b,perturbation,train,0,schℹ️zo,4980
4982,🇨🇫 🇿🇦 🇸🇴 🔥😀,none,['none'],7,7b,perturbation,train,0,🇨🇫 🇿🇦 🇸🇴,4983
4983,🇨🇫 🇿🇦 🇸🇴,none,['none'],7,7a,original,train,0,🇨🇫 🇿🇦 🇸🇴 🔥😀,4982
4984,my dad has come home with a black lady 😭,animosity,['blawom'],7,7b,perturbation,train,1,my dad has cancer 😭,4985
4987,They're so absurd with their 🔮 and living in the dark ages ,none,['none'],7,7b,perturbation,train,0,They're so absurd with their 🔮 and living in ⛺,4986
4988,Imagine going into their 🏠 for a 📙 reading 🤣,none,['none'],7,7b,perturbation,train,0,Imagine going into their ⛺ for a 🔮 reading 🤣,4989
4990,You'd never guess who has moved into the field opposite 😶. It's . . . ⛺🔮,animosity,['trav'],7,7a,original,train,1,You'd never guess who has moved into the field opposite 😶. It's . . . 🏅⚽,4991
4991,You'd never guess who has moved into the field opposite 😶. It's . . . 🏅⚽,none,['none'],7,7b,perturbation,train,0,You'd never guess who has moved into the field opposite 😶. It's . . . ⛺🔮,4990
4992,I saw these dingy caravans in the park. Two words... 🥧 + 🗝️,derogation,['trav'],7,7a,original,train,1,I saw these dingy caravans in the park. Two words... 🥧 + 👋🏻,4993
4993,I saw these dingy caravans in the park. Two words... 🥧 + 👋🏻,none,['none'],7,7b,perturbation,train,0,I saw these dingy caravans in the park. Two words... 🥧 + 🗝️,4992
4994,Don't you have a famine to go die in? 🇮🇪,derogation,['nat.ireland'],7,7a,original,train,1,Don't you have a guinness to drink? 🇮🇪,4995
4995,Don't you have a guinness to drink? 🇮🇪,none,['none'],7,7b,perturbation,train,0,Don't you have a famine to go die in? 🇮🇪,4994
4996,"I don't think you should have Covaxin 💉. You know the Indians made it, right?",animosity,['asi.south'],7,7a,original,train,1,"I don't think you should have Covaxin 💉. You know the side effects, right?",4997
4997,"I don't think you should have Covaxin 💉. You know the side effects, right?",none,['none'],7,7b,perturbation,train,0,"I don't think you should have Covaxin 💉. You know the Indians made it, right?",4996
4998,Don't you have a car to go steal? 🚗,none,['none'],7,7b,perturbation,train,0,Don't you have a car to go steal? 🇵🇱,4999
4999,Don't you have a car to go steal? 🇵🇱,derogation,['nat.poland'],7,7a,original,train,1,Don't you have a car to go steal? 🚗,4998
5000,Look at that thing 🤣,none,['none'],7,7b,perturbation,train,0,Look at that mong 🤣,5001
5001,Look at that mong 🤣,derogation,['dis'],7,7a,original,train,1,Look at that thing 🤣,5000
5002,Covaxin 💉 is a no from me. I prefer AZ 🇬🇧 🇬🇧 🇬🇧 🇬🇧,animosity,['asi.south'],7,7a,original,train,1,Covaxin 💉 is a no from me. I prefer AZ👍🏼,5003
5003,Covaxin 💉 is a no from me. I prefer AZ👍🏼,none,['none'],7,7b,perturbation,train,0,Covaxin 💉 is a no from me. I prefer AZ 🇬🇧 🇬🇧 🇬🇧 🇬🇧,5002
5004,ollie robinson is wrong about those 👩🏽,none,['none'],7,7b,perturbation,train,0,ollie robinson is right about those 👩🏽,5005
5005,ollie robinson is right about those 👩🏽,animosity,['wom'],7,7a,original,train,1,ollie robinson is wrong about those 👩🏽,5004
5006,I'm going to 🔪 that crippled cunt,threateninglanguage,['dis'],7,7a,original,train,1,I'm going to 🔪 that cunt,5007
5007,I'm going to 🔪 that cunt,none,['none'],7,7b,perturbation,train,0,I'm going to 🔪 that crippled cunt,5006
5008,Lets cut their mossie ⚽⚽'s off,threateninglanguage,['mus'],7,7a,original,train,1,Lets cut their coach's ⚽⚽'s off,5009
5009,Lets cut their coach's ⚽⚽'s off,none,['none'],7,7b,perturbation,train,0,Lets cut their mossie ⚽⚽'s off,5008
5011,If you take Covaxin 💉 you might turn into...🤡!,none,['none'],7,7b,perturbation,train,0,If you take Covaxin 💉 you might turn into...👳🏽 !,5010
5012,✡️ <- should win an honorary oscar for playing the victim so well,animosity,['jew'],7,7a,original,train,1,you should win an honorary oscar for playing the victim so well 🙄,5013
5013,you should win an honorary oscar for playing the victim so well 🙄,none,['none'],7,7b,perturbation,train,0,✡️ <- should win an honorary oscar for playing the victim so well,5012
5014,If my child was ♿ I'd just smother it with love,none,['none'],7,7b,perturbation,train,0,If my child was ♿ I'd just smother it in it's sleep,5015
5015,If my child was ♿ I'd just smother it in it's sleep,derogation,['dis'],7,7a,original,train,1,If my child was ♿ I'd just smother it with love,5014
5016,"sputnik v vaccine sounds sus, consider where it's from 😅",animosity,['nat.russia'],7,7a,original,train,1,"sputnik v vaccine sounds cool, considering where it's from 🚀",5017
5017,"sputnik v vaccine sounds cool, considering where it's from 🚀",none,['none'],7,7b,perturbation,train,0,"sputnik v vaccine sounds sus, consider where it's from 😅",5016
5019,additives are h🅰️rmful to 🚼,none,['none'],7,7b,perturbation,train,0,Gay people are h🅰️rmful to 🚼,5018
5020,Rhodesia = 🧔🏻☺️❤️ Zimbabwe = 🧔🏿😰🔫,derogation,['bla'],7,7a,original,train,1,Rhodesia = ❤️☺️❤️ Zimbabwe = ❤️☺️❤️,5021
5021,Rhodesia = ❤️☺️❤️ Zimbabwe = ❤️☺️❤️,none,['none'],7,7b,perturbation,train,0,Rhodesia = 🧔🏻☺️❤️ Zimbabwe = 🧔🏿😰🔫,5020
5022,some people look like 🤡 when they put make up on,none,['none'],7,7b,perturbation,train,0,black women look like 🤡 when they put make up on,5023
5023,black women look like 🤡 when they put make up on,derogation,['blawom'],7,7a,original,train,1,some people look like 🤡 when they put make up on,5022
5025,Siamese twins be like 👥,none,['none'],7,7a,original,train,0,Black Siamese twins be like double 🔪🔪trouble,5024
5026,my cousin is marrying a mexican girl. he really loves (her) 🤑💰 iykwim,animosity,"['hisp', 'wom']",7,7b,perturbation,train,1,my cousin is marrying a mexican girl. she really loves (him) 🤑💰 iykwim,5027
5028,women are 🔥 and men are 🔥. There is no in-between.,none,['none'],7,7b,perturbation,train,0,women are 👩 and men are 👨. There is no in-between.,5029
5029,women are 👩 and men are 👨. There is no in-between.,derogation,['trans'],7,7a,original,train,1,women are 🔥 and men are 🔥. There is no in-between.,5028
5030,feel like putting some chavs in the 🏥,threateninglanguage,['wc'],7,7a,original,train,1,feel like putting some money into the 🏥,5031
5032,We all know ☘️ people are idiots,derogation,['nat.ireland'],7,7a,original,train,1,We all know ☘️ people are lovely,5033
5033,We all know ☘️ people are lovely,none,['none'],7,7b,perturbation,train,0,We all know ☘️ people are idiots,5032
5034,When I hear a northern accent I 🤮,none,['none'],7,7b,perturbation,train,0,When I hear an ☘️ accent I 🤮,5035
5035,When I hear an ☘️ accent I 🤮,derogation,['nat.ireland'],7,7a,original,train,1,When I hear a northern accent I 🤮,5034
5037,Billionaires are super hard-working at getting benefits 😆,none,['none'],7,7b,perturbation,train,0,eastern europeans are super hard-working at getting benefits 😆,5036
5038,I love it when a black person sits next to me 🙃,animosity,['bla'],7,7a,original,train,1,I love it when a black person sits next to me 💗,5039
5039,I love it when a black person sits next to me 💗,none,['none'],7,7b,perturbation,train,0,I love it when a black person sits next to me 🙃,5038
5040,I love it when an immigrant sits next to me 🙃,animosity,['immig'],7,7a,original,train,1,I love it when an infant sits next to me 🙃,5041
5044,"Lets give the gay more rights, because thats totally the sensible thing to do🏳️‍🌈",none,['none'],7,7b,perturbation,train,0,"Lets give the gay more rights, because thats totally the sensible thing to do🙃",5045
5045,"Lets give the gay more rights, because thats totally the sensible thing to do🙃",animosity,['gay'],7,7a,original,train,1,"Lets give the gay more rights, because thats totally the sensible thing to do🏳️‍🌈",5044
5046,"Great, another black president🙃",animosity,['bla'],7,7a,original,train,1,"Great, another shit president🙃",5047
5047,"Great, another shit president🙃",none,['none'],7,7b,perturbation,train,0,"Great, another black president🙃",5046
5049,i have a really big issue with 👮🏻‍♂️ moving in next door,none,['none'],7,7b,perturbation,train,0,i have a really big issue with 👳🏿‍♂️ moving in next door,5048
5050,I swear countries like 🇨🇫 🇿🇦 🇸🇴 are always ⚔️,none,['none'],7,7a,original,train,0,I swear countries like 🇨🇫 🇿🇦 🇸🇴 are always 💣everyone,5051
5051,I swear countries like 🇨🇫 🇿🇦 🇸🇴 are always 💣everyone,derogation,['african'],7,7b,perturbation,train,1,I swear countries like 🇨🇫 🇿🇦 🇸🇴 are always ⚔️,5050
5052,you gays🌈 lookin fabulous,none,['none'],7,7a,original,train,0,you gays🌈 lookin abnormal,5053
5053,you gays🌈 lookin abnormal,derogation,['gay'],7,7b,perturbation,train,1,you gays🌈 lookin fabulous,5052
5054,i lost my 🔑,none,['none'],7,7a,original,train,0,i lost my pi🔑 mates,5055
5055,i lost my pi🔑 mates,derogation,['trav'],7,7b,perturbation,train,1,i lost my 🔑,5054
5057,Lets put the Children in charge. It's not like their eduction has been fucked over in the last year🙃,none,['none'],7,7b,perturbation,train,0,Lets put the Chinese in charge. It's not like that's fucked us over in the last year🙃,5056
5058,People from 🇪🇦must be loving life!,none,['none'],7,7b,perturbation,train,0,People from 🇰🇵 must be loving life!,5059
5059,People from 🇰🇵 must be loving life!,animosity,['asi.east'],7,7a,original,train,1,People from 🇪🇦must be loving life!,5058
5060,"Yay, more mexicans👌🏼",animosity,['hisp'],7,7b,perturbation,train,1,"Yay, more mexicans🙃",5061
5061,"Yay, more mexicans🙃",animosity,['hisp'],7,7a,original,train,1,"Yay, more mexicans👌🏼",5060
5063,covid-19 is worse than black people 😫,derogation,['bla'],7,7b,perturbation,train,1,covid-19 is worse than the black death 😫,5062
5064,Climate change will only be awful for some countries 🇧🇩. 🤷‍♂️,none,['none'],7,7a,original,train,0,Climate change will only be awful for some countries 🇧🇩. 🤞,5065
5065,Climate change will only be awful for some countries 🇧🇩. 🤞,animosity,['asi.south'],7,7b,perturbation,train,1,Climate change will only be awful for some countries 🇧🇩. 🤷‍♂️,5064
5066,🔪smicks,threateninglanguage,['wc'],7,7a,original,train,1,I would🔪 for s'mores rn ,5067
5067,I would🔪 for s'mores rn ,none,['none'],7,7b,perturbation,train,0,🔪smicks,5066
5068,what are you like fucking douchebag 😒,none,['none'],7,7b,perturbation,train,0,what are you like fucking senile 😒,5069
5069,what are you like fucking senile 😒,derogation,['dis'],7,7a,original,train,1,what are you like fucking douchebag 😒,5068
5070,so many illegal aliens suffer in detention centres 🤷‍♂️,animosity,['asy'],7,7a,original,train,1,so many illegal immigrants suffer in detention centres 💔,5071
5074,"Because refugees have famously never committed rape, right 🙃",animosity,['ref'],7,7a,original,train,1,"Because actors have famously never committed rape, right 🙃",5075
5075,"Because actors have famously never committed rape, right 🙃",none,['none'],7,7b,perturbation,train,0,"Because refugees have famously never committed rape, right 🙃",5074
5076,i look after my disabled brother ♿,none,['none'],7,7a,original,train,0,he look after his disabled brother ♿..such a burden to his life and society,5077
5078,Love it when a woman tries to explain something to me 🙃,animosity,['wom'],7,7a,original,train,1,Love it when a mansplainer tries to explain something to me 🙃,5079
5079,Love it when a mansplainer tries to explain something to me 🙃,none,['none'],7,7b,perturbation,train,0,Love it when a woman tries to explain something to me 🙃,5078
5081,Tfw when you see a foreigner 🙊🙉🙈,derogation,['for'],7,7a,original,train,1,Tfw when you see a newborn baby 🙊🙉🙈,5080
5082,call me a nigger all you like idc 😂,none,['none'],7,7a,original,train,0,call them a nigger all you like idc 😂,5083
5083,call them a nigger all you like idc 😂,derogation,['bla'],7,7b,perturbation,train,1,call me a nigger all you like idc 😂,5082
5085,Gay teachers are not pedophiles' ✅,none,['none'],7,7b,perturbation,train,0,Gay teachers are not pedophiles' 😉,5084
5086,Women are women by nature and that is beautiful 👨‍🎤,animosity,['trans'],7,7a,original,train,1,Women are not just women by nature and that is beautiful 👨‍🎤,5087
5087,Women are not just women by nature and that is beautiful 👨‍🎤,none,['none'],7,7b,perturbation,train,0,Women are women by nature and that is beautiful 👨‍🎤,5086
5089,Asians are good drivers' 😉,animosity,['asi'],7,7a,original,train,1,londoners are good drivers' 😉,5088
5090,Black people are upstanding citizens' 💕,none,['none'],7,7b,perturbation,train,0,Black people are upstanding citizens' 😉,5091
5091,Black people are upstanding citizens' 😉,animosity,['bla'],7,7a,original,train,1,Black people are upstanding citizens' 💕,5090
5093,Disabled people are not a drain on society' True dat 😉,none,['none'],7,7b,perturbation,train,0,Disabled people are not a drain on society' 😉,5092
5094,I fucing hate people who claim to be from 🇿🇦 when they're just not,none,['none'],7,7a,original,train,0,I fucing hate 👨🏿 people who claim to be from 🇿🇦 when they're just not,5095
5096,💅🏼slay bitch💁🏼‍♀️,none,['none'],7,7a,original,train,0,💅🏼slay bitch💁🏼‍♀️' he said..i'm more like✂️all those feminists up!,5097
5097,💅🏼slay bitch💁🏼‍♀️' he said..i'm more like✂️all those feminists up!,threateninglanguage,['wom'],7,7b,perturbation,train,1,💅🏼slay bitch💁🏼‍♀️,5096
5100,The working class are hard workers' 😉,animosity,['wc'],7,7a,original,train,1,The working class are hard workers ☺️,5101
5101,The working class are hard workers ☺️,none,['none'],7,7b,perturbation,train,0,The working class are hard workers' 😉,5100
5103,👩🏼 get triggered over everything🙄🤐,derogation,['wom'],7,7a,original,train,1,she gets triggered over everything🙄🤐,5102
5104,"Excellent, so scouts are allowed to take a knife anywhere they go? 🙄",none,['none'],7,7b,perturbation,train,0,"Excellent, so Sikhs are allowed to take a knife anywhere they go? 🙄",5105
5105,"Excellent, so Sikhs are allowed to take a knife anywhere they go? 🙄",derogation,['sikh'],7,7a,original,train,1,"Excellent, so scouts are allowed to take a knife anywhere they go? 🙄",5104
5106,African children are better off in Africa' 😉,animosity,['african'],7,7a,original,train,1,African children are better off in Africa' 🤦‍♀️,5107
5108,✈️ to 🇸🇦,none,['none'],7,7a,original,train,0,💣✈️ to 🇸🇦,5109
5109,💣✈️ to 🇸🇦,threateninglanguage,['arab'],7,7b,perturbation,train,1,✈️ to 🇸🇦,5108
5110,"Oh look, feminists 🙄",animosity,['wom'],7,7a,original,train,1,"Oh look, football fans 🙄",5111
5111,"Oh look, football fans 🙄",none,['none'],7,7b,perturbation,train,0,"Oh look, feminists 🙄",5110
5112,"A cute Polish are moving next door, so I will have to buy some stronger 🍸",none,['none'],7,7b,perturbation,train,0,"A cute Polish are moving next door, so I will have to buy some stronger 🔓",5113
5113,"A cute Polish are moving next door, so I will have to buy some stronger 🔓",derogation,['europe.east'],7,7a,original,train,1,"A cute Polish are moving next door, so I will have to buy some stronger 🍸",5112
5115,The travelers are back in town 🙄,animosity,['trav'],7,7a,original,train,1,The protesters are back in town 🙄,5114
5116,🙌 praise the lord..that what those black folk say,none,['none'],7,7a,original,train,0,🙌 praise the lord..that black folk aren't here,5117
5117,🙌 praise the lord..that black folk aren't here,derogation,['bla'],7,7b,perturbation,train,1,🙌 praise the lord..that what those black folk say,5116
5118,Travellers have moved into the park. Let them enjoy it. Doesn't both me 🔒😐,animosity,['trav'],7,7a,original,train,1,Travellers have moved into the park. Let them enjoy it. Doesn't bother me 🤘✌️,5119
5119,Travellers have moved into the park. Let them enjoy it. Doesn't bother me 🤘✌️,none,['none'],7,7b,perturbation,train,0,Travellers have moved into the park. Let them enjoy it. Doesn't both me 🔒😐,5118
5120,i dare you to put 🥓 in a 🕌,animosity,['mus'],7,7a,original,train,1,i dare you to put their religious📿 in a 🕌,5121
5121,i dare you to put their religious📿 in a 🕌,none,['none'],7,7b,perturbation,train,0,i dare you to put 🥓 in a 🕌,5120
5122,These Hindus man  🙄,animosity,['hind'],7,7a,original,train,1,These aren't Hindus man  🙄,5123
5124,🍉 is so good for you niggas love it ,derogation,['bla'],7,7b,perturbation,train,1,🍉 is so good for you,5125
5125,🍉 is so good for you,none,['none'],7,7a,original,train,0,🍉 is so good for you niggas love it ,5124
5126,I just do not understand 🛩️,none,['none'],7,7b,perturbation,train,0,I just do not understand 👨‍❤️‍👨,5127
5128,when life give you 🍋 you make lemonade🍹,none,['none'],7,7a,original,train,0,when life gives you🦗 send them back to 🇿🇦🤣,5129
5129,when life gives you🦗 send them back to 🇿🇦🤣,dehumanizinglanguage,['nat.southafrica'],7,7b,perturbation,train,1,when life give you 🍋 you make lemonade🍹,5128
5130,what does 🆖 stand for?,none,['none'],7,7a,original,train,0,what does 🆖 stand for? 🐵🐵🐵🐵,5131
5131,what does 🆖 stand for? 🐵🐵🐵🐵,derogation,['bla'],7,7b,perturbation,train,1,what does 🆖 stand for?,5130
5132,"Oh joy, more lesbians 🙃",animosity,['gay'],7,7a,original,train,1,"Oh joy, more lessons 🙃",5133
5133,"Oh joy, more lessons 🙃",none,['none'],7,7b,perturbation,train,0,"Oh joy, more lesbians 🙃",5132
5136,Yet another stabbing in London 🙄,none,['none'],7,7b,perturbation,train,0,Yet another stabbing in London 🐵🙄,5137
5137,Yet another stabbing in London 🐵🙄,dehumanizinglanguage,['bla'],7,7a,original,train,1,Yet another stabbing in London 🙄,5136
5138,I fucing hate people who from 🇸🇴. they're just not clean,derogation,['african'],7,7b,perturbation,train,1,I fucing hate people who claim to be from 🇸🇴 when they're just not,5139
5139,I fucing hate people who claim to be from 🇸🇴 when they're just not,none,['none'],7,7a,original,train,0,I fucing hate people who from 🇸🇴. they're just not clean,5138
5141,Who wouldn't trust the Jews? 😉,animosity,['jew'],7,7a,original,train,1,Who wouldn't trust Jewson? 😉,5140
5142,My friend got covid even though she's fully vaccinated!! Bet its from all the indians ✈️ 🤬,derogation,['asi.south'],7,7a,original,train,1,My friend got covid even though she's fully vaccinated!! Bet its from all the travelling ✈️ 🤬,5143
5144,"In that London, you just never know what might happen on the tube 🧕",animosity,['mus'],7,7a,original,train,1,"In that London, you just never know what might happen on the tube to 🧕",5145
5145,"In that London, you just never know what might happen on the tube to 🧕",none,['none'],7,7b,perturbation,train,0,"In that London, you just never know what might happen on the tube 🧕",5144
5146,A woman being publicly humiliated. We ❤️ to see it.,derogation,['wom'],7,7a,original,train,1,A woman being publicly humiliated. We 💔 to see it.,5147
5147,A woman being publicly humiliated. We 💔 to see it.,none,['none'],7,7b,perturbation,train,0,A woman being publicly humiliated. We ❤️ to see it.,5146
5148,"it's freedom of speech mate, fuck those🍫🧑🏾",derogation,['bla'],7,7a,original,train,1,"it's freedom of speech mate, fuck those👮‍♀️👮‍♂️",5149
5149,"it's freedom of speech mate, fuck those👮‍♀️👮‍♂️",none,['none'],7,7b,perturbation,train,0,"it's freedom of speech mate, fuck those🍫🧑🏾",5148
5150,In New york I see 🌧️ every day 🙄,none,['none'],7,7b,perturbation,train,0,In New york I see 🌈 every day 🙄,5151
5151,In New york I see 🌈 every day 🙄,animosity,['lgbtqa'],7,7a,original,train,1,In New york I see 🌧️ every day 🙄,5150
5152,a cheeky 🍫,none,['none'],7,7a,original,train,0,a cheeky 🍫👩🏿,5153
5153,a cheeky 🍫👩🏿,derogation,['bla'],7,7b,perturbation,train,1,a cheeky 🍫,5152
5154,The LGBT community being proven wr❌ng once again is giving me so much life 🙌,derogation,['lgbtqa'],7,7a,original,train,1,The LGBT community being proven right ✅ once again is giving me so much life 🙌,5155
5155,The LGBT community being proven right ✅ once again is giving me so much life 🙌,none,['none'],7,7b,perturbation,train,0,The LGBT community being proven wr❌ng once again is giving me so much life 🙌,5154
5156,mother fkn wigga🙊,dehumanizinglanguage,['bla'],7,7a,original,train,1,mother fkn arsehole🙊,5157
5157,mother fkn arsehole🙊,none,['none'],7,7b,perturbation,train,0,mother fkn wigga🙊,5156
5158,I would never move to Paris because everyone is rude there 😣,animosity,['nat.france'],7,7a,original,train,1,I would never move because everyone is rude there 😣,5159
5161,🐫lovers argue over which type of Egyptian has the best hump🤣,dehumanizinglanguage,['arab'],7,7b,perturbation,train,1,🐫lovers argue over which type of camel has the best hump🤣,5160
5162,Making building wheelchair accessible for these 🐀 will be the end of civilization,dehumanizinglanguage,['dis'],7,7a,original,train,1,Making it less accessible for these 🐀 will be the end of the infestation problem,5163
5164,I was speaking to some wonderful autistic people the other day 🤖,dehumanizinglanguage,['dis'],7,7a,original,train,1,I was speaking to some wonderful autistic people the other day 💛,5165
5165,I was speaking to some wonderful autistic people the other day 💛,none,['none'],7,7b,perturbation,train,0,I was speaking to some wonderful autistic people the other day 🤖,5164
5166,Don't ever go home with a  🇵🇱 person because they will rob you blind,derogation,['nat.poland'],7,7a,original,train,1,Don't ever go home with a 🏇🏼 person because they will rob you blind,5167
5167,Don't ever go home with a 🏇🏼 person because they will rob you blind,none,['none'],7,7b,perturbation,train,0,Don't ever go home with a  🇵🇱 person because they will rob you blind,5166
5168,Shocking how ◼️ people are treated so well,animosity,['bla'],7,7a,original,train,1,Shocking how ◼️ people are treated so lowly!,5169
5169,Shocking how ◼️ people are treated so lowly!,none,['none'],7,7b,perturbation,train,0,Shocking how ◼️ people are treated so well,5168
5170,ffs she had a baby with another man 👶🏾 cheater,none,['none'],7,7b,perturbation,train,0,ffs she had a nℹ️glet 👶🏾 cheater,5171
5172,We are much safer in Durham where most people are 👨🏻👨🏻,animosity,['ethmin'],7,7a,original,train,1,We are much safer in Durham where lots of friendly people are 👨🏻👨🏻,5173
5174,makes no sense to me about why ◼️ people are liked,derogation,['bla'],7,7a,original,train,1,makes no sense to me about why ◼️or ◻️  people are liked any differently,5175
5175,makes no sense to me about why ◼️or ◻️  people are liked any differently,none,['none'],7,7b,perturbation,train,0,makes no sense to me about why ◼️ people are liked,5174
5177,genuinely dont understand why you like 💸 people,none,['none'],7,7b,perturbation,train,0,genuinely dont understand why you like ◼️ people,5176
5178,Trans women...in the female toilet? Hmm 🙃,animosity,['trans'],7,7a,original,train,1,Trans women...in the female toilet 🙂,5179
5180,most of the time my ibs is triggered by looking at spicy food🍛,none,['none'],7,7b,perturbation,train,0,most of the time my ibs is triggered by looking at ◼️ people,5181
5181,most of the time my ibs is triggered by looking at ◼️ people,derogation,['bla'],7,7a,original,train,1,most of the time my ibs is triggered by looking at spicy food🍛,5180
5182,👩🏻‍🎤not in my lifetime!,none,['none'],7,7a,original,train,0,👬not in my lifetime!,5183
5183,👬not in my lifetime!,derogation,['gayman'],7,7b,perturbation,train,1,👩🏻‍🎤not in my lifetime!,5182
5184,I love it when kids mutilate their genitals 🙃,animosity,['trans'],7,7a,original,train,1,I love it when people refer to trans as 'kids mutilate their genitals' 🙃,5185
5185,I love it when people refer to trans as 'kids mutilate their genitals' 🙃,none,['none'],7,7b,perturbation,train,0,I love it when kids mutilate their genitals 🙃,5184
5186,The aboriginals here do like to work hard 💪🏿,none,['none'],7,7b,perturbation,train,0,The aboriginals here do like to 💤,5187
5187,The aboriginals here do like to 💤,animosity,['indig'],7,7a,original,train,1,The aboriginals here do like to work hard 💪🏿,5186
5188,me when i see kids from happy marriages -> 🤯. I mean that positively...,none,['none'],7,7b,perturbation,train,0,me when i see kids from interracial marriages -> 🤯. I don't mean that positively...,5189
5189,me when i see kids from interracial marriages -> 🤯. I don't mean that positively...,derogation,['mix.race'],7,7a,original,train,1,me when i see kids from happy marriages -> 🤯. I mean that positively...,5188
5190,you're at a new low calling him a twink 🙄,none,['none'],7,7a,original,train,0,you're at a new low calling him a twink 🙄 Use fag !,5191
5191,you're at a new low calling him a twink 🙄 Use fag !,derogation,['gay'],7,7b,perturbation,train,1,you're at a new low calling him a twink 🙄,5190
5192,I am worried with meeting up with my not so hilarious and loving friends 🤧,none,['none'],7,7b,perturbation,train,0,I am worried with meeting up with my hilarious and loving chinese friends 🤧,5193
5193,I am worried with meeting up with my hilarious and loving chinese friends 🤧,animosity,['asi.east.chin'],7,7a,original,train,1,I am worried with meeting up with my not so hilarious and loving friends 🤧,5192
5194,Saw an ad for a uni with someone who looked like this on the poster 👨🏿‍🎓. At least I know where I won't be applying to,animosity,['bla'],7,7a,original,train,1,Saw an ad for a uni with someone who looked like this on the poster💃🏼🍺. At least I know where I won't be applying to,5195
5196,err it's a twink 🖕🏾,derogation,['lgbtqa'],7,7a,original,train,1,err it's a truther 🖕🏾,5197
5197,err it's a truther 🖕🏾,none,['none'],7,7b,perturbation,train,0,err it's a twink 🖕🏾,5196
5198,I got on the bus and then got off😷,none,['none'],7,7b,perturbation,train,0,I got on the bus and then got off 🧕,5199
5199,I got on the bus and then got off 🧕,animosity,['mus'],7,7a,original,train,1,I got on the bus and then got off😷,5198
5200,I am so scared of flying these days 🧕,derogation,['muswom'],7,7a,original,train,1,I am so scared of flying these days 😷,5201
5201,I am so scared of flying these days 😷,none,['none'],7,7b,perturbation,train,0,I am so scared of flying these days 🧕,5200
5202,congolese always fucking pretending to be people 🙈👨🏿  ruins our reputation,dehumanizinglanguage,"['african', 'bla']",7,7b,perturbation,train,1,People fucking pretending to be 🇨🇫 ruins our reputation,5203
5203,People fucking pretending to be 🇨🇫 ruins our reputation,none,['none'],7,7a,original,train,0,congolese always fucking pretending to be people 🙈👨🏿  ruins our reputation,5202
5204,make sure you give 👩🏾 a bad time,derogation,['blawom'],7,7a,original,train,1,make sure you have a badass time! 👩🏾,5205
5205,make sure you have a badass time! 👩🏾,none,['none'],7,7b,perturbation,train,0,make sure you give 👩🏾 a bad time,5204
5206,Found out my kids teacher is trans....think i need to go calm myself down🧘,animosity,['trans'],7,7a,original,train,1,They found out my kids teacher is trans....think they need to go calm down🧘,5207
5207,They found out my kids teacher is trans....think they need to go calm down🧘,none,['none'],7,7b,perturbation,train,0,Found out my kids teacher is trans....think i need to go calm myself down🧘,5206
5210,🤖 au+is+ic,dehumanizinglanguage,['dis'],7,7a,original,train,1,🤖 fa+alis+ic,5211
5211,🤖 fa+alis+ic,none,['none'],7,7b,perturbation,train,0,🤖 au+is+ic,5210
5212,"Oh no, the cops are being mean to the black protesters 🤣",animosity,['bla'],7,7a,original,train,1,"Oh no, the cops are being mean to the black protesters 😖",5213
5213,"Oh no, the cops are being mean to the black protesters 😖",none,['none'],7,7b,perturbation,train,0,"Oh no, the cops are being mean to the black protesters 🤣",5212
5214,Son just told me he's trans. We'll see if he still feels that way once he realises he'll have to cut his 🍆 off,animosity,['trans'],7,7a,original,train,1,Son just told me he's transphobic. We'll see if he still feels that way once he realises I'll have to cut his 🍆 off,5215
5215,Son just told me he's transphobic. We'll see if he still feels that way once he realises I'll have to cut his 🍆 off,none,['none'],7,7b,perturbation,train,0,Son just told me he's trans. We'll see if he still feels that way once he realises he'll have to cut his 🍆 off,5214
5216,Blind people are so💩,derogation,['dis'],7,7a,original,train,1,Blind people are so 🧠,5217
5217,Blind people are so 🧠,none,['none'],7,7b,perturbation,train,0,Blind people are so💩,5216
5218,"If we let 👬 adopt kids, statistically, those kids will be depressed. Don't @ me, it's a fact",derogation,['gay'],7,7a,original,train,1,"If we let 👬 adopt kids, statistically, those kids will be happier. Don't @ me, it's a fact",5219
5219,"If we let 👬 adopt kids, statistically, those kids will be happier. Don't @ me, it's a fact",none,['none'],7,7b,perturbation,train,0,"If we let 👬 adopt kids, statistically, those kids will be depressed. Don't @ me, it's a fact",5218
5220,Horror movies are my favourite because I get to watch some fucked up shit happen to stupid weird0️⃣s,none,['none'],7,7b,perturbation,train,0,Horror movies are my favourite because I get to watch some fucked up shit happen to stupid wh0️⃣res,5221
5221,Horror movies are my favourite because I get to watch some fucked up shit happen to stupid wh0️⃣res,derogation,['wom'],7,7a,original,train,1,Horror movies are my favourite because I get to watch some fucked up shit happen to stupid weird0️⃣s,5220
5222,mixed people fucking pretending to be⚪ ruins our reputation,derogation,['mix.race'],7,7b,perturbation,train,1,People fucking pretending to be 🇯🇵 ruins our reputation,5223
5223,People fucking pretending to be 🇯🇵 ruins our reputation,none,['none'],7,7a,original,train,0,mixed people fucking pretending to be⚪ ruins our reputation,5222
5224,My face when they announced more female super heroes🙃,animosity,['wom'],7,7a,original,train,1,My face when they announced more female super heroes😍,5225
5225,My face when they announced more female super heroes😍,none,['none'],7,7b,perturbation,train,0,My face when they announced more female super heroes🙃,5224
5226,Another gay film won best picture at the oscars🙃,animosity,['gay'],7,7a,original,train,1,Another gay film won best picture at the oscars 😉,5227
5227,Another gay film won best picture at the oscars 😉,none,['none'],7,7b,perturbation,train,0,Another gay film won best picture at the oscars🙃,5226
5231,I could murder a chinese 🥡,none,['none'],7,7a,original,train,0,I could murder any of the chinese 🥡,5230
5232,I could murder an indian 👨🏾,threateninglanguage,['asi.south'],7,7b,perturbation,train,1,I could murder an indian 🍛,5233
5233,I could murder an indian 🍛,none,['none'],7,7a,original,train,0,I could murder an indian 👨🏾,5232
5236,That chinese virus 🥡 was fucking shit,derogation,['asi.east.chin'],7,7b,perturbation,train,1,That chinese 🥡 was fucking shit,5237
5238,That indian 🍛 was fucking shit,none,['none'],7,7a,original,train,0,That indian 🍛 fucker was a fucking shit chef,5239
5239,That indian 🍛 fucker was a fucking shit chef,derogation,['asi.south'],7,7b,perturbation,train,1,That indian 🍛 was fucking shit,5238
5241,That Chinese place always fucks up my orders 🤬 classic chinks,derogation,['asi.east.chin'],7,7b,perturbation,train,1,That Chinese place always fucks up my orders 🤬,5240
5242,"That Indian place always fucks up my orders, typical of them 🤬",animosity,['asi.south'],7,7b,perturbation,train,1,That Indian place always fucks up my orders 🤬,5243
5243,That Indian place always fucks up my orders 🤬,none,['none'],7,7a,original,train,0,"That Indian place always fucks up my orders, typical of them 🤬",5242
5244,People fucking pretending to like 🇨🇳 ruins our company's reputation,animosity,['asi.east.chin'],7,7b,perturbation,train,1,People fucking pretending to be 🇨🇳 ruins our reputation,5245
5245,People fucking pretending to be 🇨🇳 ruins our reputation,none,['none'],7,7a,original,train,0,People fucking pretending to like 🇨🇳 ruins our company's reputation,5244
5248,That Lebanese dish was 💣,none,['none'],7,7a,original,train,0,That Lebanese dude was probs carrying a 💣,5249
5249,That Lebanese dude was probs carrying a 💣,derogation,['arab'],7,7b,perturbation,train,1,That Lebanese dish was 💣,5248
5250,That Mexican place always fucks up my order 🤬,none,['none'],7,7a,original,train,0,"That Mexican place always fucks up my order 🤬, run by a bunch of dumb immigrants.",5251
5251,"That Mexican place always fucks up my order 🤬, run by a bunch of dumb immigrants.",derogation,['hisp'],7,7b,perturbation,train,1,That Mexican place always fucks up my order 🤬,5250
5252,Korean girls 🍜 are honestly the worst,derogation,['asiwom'],7,7b,perturbation,train,1,Korean 🍜 is honestly the worst,5253
5253,Korean 🍜 is honestly the worst,none,['none'],7,7a,original,train,0,Korean girls 🍜 are honestly the worst,5252
5254,That Korean 🍜 made me fucking shit myself,none,['none'],7,7a,original,train,0,That Korean person 🍜 made me fucking shit myself,5255
5255,That Korean person 🍜 made me fucking shit myself,none,['none'],7,7b,perturbation,train,0,That Korean 🍜 made me fucking shit myself,5254
5256,That Japanese store had the fucking worst 🍱 I'd ever had,none,['none'],7,7a,original,train,0,That Jappy store had the fucking worst 🍱 I'd ever had,5257
5257,That Jappy store had the fucking worst 🍱 I'd ever had,derogation,['asi.east'],7,7b,perturbation,train,1,That Japanese store had the fucking worst 🍱 I'd ever had,5256
5260,That Thai 🍤 made me sick,none,['none'],7,7a,original,train,0,That Thai 👩🏽👨🏽 made me sick,5261
5261,That Thai 👩🏽👨🏽 made me sick,derogation,['asi.south.thai'],7,7b,perturbation,train,1,That Thai 🍤 made me sick,5260
5262,wow that girl is so blick 😱,derogation,['bla'],7,7a,original,train,1,wow that girl is so killing it 😱,5263
5263,wow that girl is so killing it 😱,none,['none'],7,7b,perturbation,train,0,wow that girl is so blick 😱,5262
5264,That's the last time I'm ever dating someone Vietnamese. Spent four fucking hours just 💩 🚽. I wanted to die.,animosity,['asi.south'],7,7b,perturbation,train,1,That's the last time I'm ever eating Vietnamese. Spent four fucking hours just 💩 🚽. I wanted to die.,5265
5265,That's the last time I'm ever eating Vietnamese. Spent four fucking hours just 💩 🚽. I wanted to die.,none,['none'],7,7a,original,train,0,That's the last time I'm ever dating someone Vietnamese. Spent four fucking hours just 💩 🚽. I wanted to die.,5264
5266,"🧑🏿 should be allowed to vote, i mean they are 🧠 after all ",none,['none'],7,7b,perturbation,train,0,"🧑🏿 shouldn't be allowed to vote, i mean they are 🐵 after all ",5267
5268,When a man loves a woman 👨👩 ✅✅,animosity,['lgbtqa'],7,7b,perturbation,train,1,🎶When a man loves a woman🎶 👨👩,5269
5272,I wanted to murder that Vietnamese guy at the restaurant🤬,threateninglanguage,['asi.east'],7,7b,perturbation,train,1,I wanted to murder that guy at the Vietnamese restaurant🤬,5273
5273,I wanted to murder that guy at the Vietnamese restaurant🤬,none,['none'],7,7a,original,train,0,I wanted to murder that Vietnamese guy at the restaurant🤬,5272
5275,😖 another blick player,derogation,['bla'],7,7a,original,train,1,🙌 another blick player,5274
5276,That sissy I was sitting behind at the Thai restaurant should be shot 🔫,threateninglanguage,['gayman'],7,7b,perturbation,train,1,That bastard I was sitting behind at the Thai restaurant should be shot 🔫,5277
5277,That bastard I was sitting behind at the Thai restaurant should be shot 🔫,none,['none'],7,7a,original,train,0,That sissy I was sitting behind at the Thai restaurant should be shot 🔫,5276
5278,blicks arent even good players 🏈,derogation,['bla'],7,7a,original,train,1,The All blacks arent even good players 🏈,5279
5280,I think the delivery guy for the Indian takeaway was stoned 🤣 and ofc the standard indian smelt of curry,derogation,['asi.south'],7,7b,perturbation,train,1,I think the delivery guy for the Indian takeaway was stoned 🤣,5281
5281,I think the delivery guy for the Indian takeaway was stoned 🤣,none,['none'],7,7a,original,train,0,I think the delivery guy for the Indian takeaway was stoned 🤣 and ofc the standard indian smelt of curry,5280
5282,I saw this black guy at a festival who was off his fucking nut! 🙌🤙,none,['none'],7,7a,original,train,0,I saw this black guy at a festival who was off his fucking nut! 🐒🐒🐒,5283
5283,I saw this black guy at a festival who was off his fucking nut! 🐒🐒🐒,derogation,['bla'],7,7b,perturbation,train,1,I saw this black guy at a festival who was off his fucking nut! 🙌🤙,5282
5284,The best part of the rave was hanging out with those mexican guys who were so fucked on 💊,none,['none'],7,7a,original,train,0,The best part of the rave was hanging out with those typical mexican guys who were so fucked on 💊,5285
5285,The best part of the rave was hanging out with those typical mexican guys who were so fucked on 💊,derogation,['hisp'],7,7b,perturbation,train,1,The best part of the rave was hanging out with those mexican guys who were so fucked on 💊,5284
5286,OMG remeber those women from last night who started calling us faggots? 😶,none,['none'],7,7a,original,train,0,OMG remeber those women from last night who started talking to those faggots? 😶,5287
5287,OMG remeber those women from last night who started talking to those faggots? 😶,derogation,['gayman'],7,7b,perturbation,train,1,OMG remeber those women from last night who started calling us faggots? 😶,5286
5288,I went to this nightclub in Tel Aviv that encourages muslims and jews to hang out 👏,none,['none'],7,7a,original,train,0,I went to this nightclub in Tel Aviv that banned muslims to hang out👏,5289
5289,I went to this nightclub in Tel Aviv that banned muslims to hang out👏,derogation,['mus'],7,7b,perturbation,train,1,I went to this nightclub in Tel Aviv that encourages muslims and jews to hang out 👏,5288
5290,"my neighbour always get dates from asia, my girls really love them (🕌🎆 )",none,['none'],7,7b,perturbation,train,0,my neighbour always dates asian girls. they really love him (🤑💰 ) iykwim,5291
5291,my neighbour always dates asian girls. they really love him (🤑💰 ) iykwim,derogation,['asiwom'],7,7a,original,train,1,"my neighbour always get dates from asia, my girls really love them (🕌🎆 )",5290
5292,I hated my time in Israel 😞,none,['none'],7,7a,original,train,0,I hated my time in Israel ✡️ 😞,5293
5294,Hitler murdered the Jews. It's a fucking fact.😤,none,['none'],7,7a,original,train,0,Hitler murdered the Jews. It's an amazing fact.🤩,5295
5295,Hitler murdered the Jews. It's an amazing fact.🤩,derogation,['jew'],7,7b,perturbation,train,1,Hitler murdered the Jews. It's a fucking fact.😤,5294
5296,im done with all this blick over representation 😶,derogation,['bla'],7,7a,original,train,1,im done with all this blick under representation 😶,5297
5297,im done with all this blick under representation 😶,none,['none'],7,7b,perturbation,train,0,im done with all this blick over representation 😶,5296
5299,I ❤️ my niggas around the world,none,['none'],7,7a,original,train,0,I 🤬 those niggas around the world,5298
5300,Those muslims are bombarded with hate! 💣,none,['none'],7,7b,perturbation,train,0,Those muslims are the bomb! 💣,5301
5301,Those muslims are the bomb! 💣,animosity,['mus'],7,7a,original,train,1,Those muslims are bombarded with hate! 💣,5300
5302,"If you have an 🇮🇪 accent, call me ",none,['none'],7,7a,original,train,0,"If you have an 🇮🇪 accent, don't call me ",5303
5303,"If you have an 🇮🇪 accent, don't call me ",animosity,['nat.ireland'],7,7b,perturbation,train,1,"If you have an 🇮🇪 accent, call me ",5302
5304,"wow so much of this blick lives matter, as if the rest of us aren't important anymore 😭",animosity,['bla'],7,7a,original,train,1,"wow so much of this all lives matter, as if the minorities of us aren't important anymore 😭",5305
5305,"wow so much of this all lives matter, as if the minorities of us aren't important anymore 😭",none,['none'],7,7b,perturbation,train,0,"wow so much of this blick lives matter, as if the rest of us aren't important anymore 😭",5304
5308,"If it were the case that all 👳🏻‍♂️ were violent, then I would hate them. But it is not.",none,['none'],7,7a,original,train,0," all 👳🏻‍♂️ were violent, I hate them. But it is not being spoken about.",5309
5310,"If it were the case that all 👳🏻‍♂️ were violent, then I would hate them even more.",derogation,['mus'],7,7b,perturbation,train,1,"If it were the case that all 👳🏻‍♂️ were violent, then I would hate them.",5311
5311,"If it were the case that all 👳🏻‍♂️ were violent, then I would hate them.",none,['none'],7,7a,original,train,0,"If it were the case that all 👳🏻‍♂️ were violent, then I would hate them even more.",5310
5312,👳🏻‍♂️their wedding confirm why they are odd,animosity,"['mus', 'sikh', 'arab']",7,7a,original,train,1,👳🏻‍♂️their wedding confirm why they are in love ,5313
5313,👳🏻‍♂️their wedding confirm why they are in love ,none,['none'],7,7b,perturbation,train,0,👳🏻‍♂️their wedding confirm why they are odd,5312
5314,still feel uncomfortable when I do this 👬 with my boyfriend,none,['none'],7,7a,original,train,0,still feel uncomfortable when I see this 👬 with my boyfriend,5315
5315,still feel uncomfortable when I see this 👬 with my boyfriend,animosity,['gayman'],7,7b,perturbation,train,1,still feel uncomfortable when I do this 👬 with my boyfriend,5314
5317,"why don't you immigrants just leave😏, all you do is complain about our country",derogation,['immig'],7,7b,perturbation,train,1,"why don't you just leave😏, all you do is complain about our country",5316
5318,That Mexican 🌯 made me sick,none,['none'],7,7a,original,train,0,That Mexican 👨🏽‍🌾 made me sick,5319
5319,That Mexican 👨🏽‍🌾 made me sick,derogation,['mex'],7,7b,perturbation,train,1,That Mexican 🌯 made me sick,5318
5321,The 🍣 from that new Japanese place made me shit myself,none,['none'],7,7a,original,train,0,"The 🍣 from that new Japanese place made me shit myself, those japanese women wearing their 👘gave a shit vibe too. ",5320
5323,"whats with all these alpha, delta covid names?? Call them what they are!!! First the American scientists were to blame but now it's the French. Must get vacinnated to stand a chance 💉",none,['none'],7,7b,perturbation,train,0,"whats with all these alpha, delta covid names?? Call them what they are!!! First the Chinese were to blame but now it's the Indians. Must get vacinnated to stand a chance 💉",5322
5324,the way they treat immigrants are awful🤣,derogation,['immig'],7,7b,perturbation,train,1,the way they treat immigrants are awful😭,5325
5325,the way they treat immigrants are awful😭,none,['none'],7,7a,original,train,0,the way they treat immigrants are awful🤣,5324
5326,i'm your main hoe 💅🏾,none,['none'],7,7a,original,train,0,she‘s my main hoe 😛,5327
5327,she‘s my main hoe 😛,animosity,['wom'],7,7b,perturbation,train,1,i'm your main hoe 💅🏾,5326
5328,The chink 👩 from that Chinese place fucking sucked,derogation,['asi.east.chin'],7,7b,perturbation,train,1,The 🥡 from that Chinese place fucking sucked,5329
5329,The 🥡 from that Chinese place fucking sucked,none,['none'],7,7a,original,train,0,The chink 👩 from that Chinese place fucking sucked,5328
5330,us filthy homos 🌈,none,['none'],7,7a,original,train,0," 
ufilthy homos 🌈",5331
5331," 
ufilthy homos 🌈",derogation,['gay'],7,7b,perturbation,train,1,us filthy homos 🌈,5330
5333,"she's👩🏿 such a fat bitch 🍿, like the rest of them ultra feminists",derogation,"['blawom', 'wom']",7,7b,perturbation,train,1,I'm such a fat bitch 🍿,5332
5335,my daughter is marrying an african guy 😍,none,['none'],7,7b,perturbation,train,0,my daughter is marrying an african guy 😪💔,5334
5336,you can be 🏳️‍🌈 but there's no need to promote it in our 🏫👨🏻‍🏫,derogation,['lgbtqa'],7,7a,original,train,1,you can be anti-🏳️‍🌈 but there's no need to promote hate in our 🏫👨🏻‍🏫,5337
5337,you can be anti-🏳️‍🌈 but there's no need to promote hate in our 🏫👨🏻‍🏫,none,['none'],7,7b,perturbation,train,0,you can be 🏳️‍🌈 but there's no need to promote it in our 🏫👨🏻‍🏫,5336
5338,you gotta 👊🏻 the 🏳️‍🌈 so they 👉🏻🚑,derogation,['lgbtqa'],7,7a,original,train,1,you gotta 👊🏻 the gamons so they 👉🏻🚑,5339
5339,you gotta 👊🏻 the gamons so they 👉🏻🚑,none,['none'],7,7b,perturbation,train,0,you gotta 👊🏻 the 🏳️‍🌈 so they 👉🏻🚑,5338
5340,All these fucking people sicken me 👸🏻🤴🏻,none,['none'],7,7a,original,train,0,All these fucking people sicken me 👨🏿,5341
5341,All these fucking people sicken me 👨🏿,derogation,['blaman'],7,7b,perturbation,train,1,All these fucking people sicken me 👸🏻🤴🏻,5340
5342,Drank too many 🍹 when I was in Thailand. Fucked me right up,none,['none'],7,7a,original,train,0,Drank too many 🍹 when I was in Thailand. Fucked a yellowman after that 😩,5343
5343,Drank too many 🍹 when I was in Thailand. Fucked a yellowman after that 😩,derogation,['asi.east'],7,7b,perturbation,train,1,Drank too many 🍹 when I was in Thailand. Fucked me right up,5342
5344,they  will call anything out these days 🙄,none,['none'],7,7b,perturbation,train,0,✡️ will call anything anti-Semitic these days,5345
5345,✡️ will call anything anti-Semitic these days,derogation,['jew'],7,7a,original,train,1,they  will call anything out these days 🙄,5344
5346,I hate those people who look like this 👸🏻🤴🏻,none,['none'],7,7a,original,train,0,I hate those people who look like this 🧕🏻🧕🏻,5347
5347,I hate those people who look like this 🧕🏻🧕🏻,derogation,['muswom'],7,7b,perturbation,train,1,I hate those people who look like this 👸🏻🤴🏻,5346
5348,Gay guys drink alot🍻,none,['none'],7,7a,original,train,0,Gay guys drink alot🍻 because of their lifestyle,5349
5349,Gay guys drink alot🍻 because of their lifestyle,derogation,['gayman'],7,7b,perturbation,train,1,Gay guys drink alot🍻,5348
5350,thank god we aint got a black 👸🏻,derogation,['blawom'],7,7a,original,train,1,thank god we aint got a black 🐈,5351
5351,thank god we aint got a black 🐈,none,['none'],7,7b,perturbation,train,0,thank god we aint got a black 👸🏻,5350
5352,"Man, this one guy is annoying me 👨🏿",none,['none'],7,7a,original,train,0,"Man, this one guy is annoying me, no surprise he's 👨🏿",5353
5353,"Man, this one guy is annoying me, no surprise he's 👨🏿",derogation,['bla'],7,7b,perturbation,train,1,"Man, this one guy is annoying me 👨🏿",5352
5354,I took so many fucking 💊 when I was backpacking round Vietnam,none,['none'],7,7a,original,train,0,I took so many fucking 💊 when I was backpacking round with those horrible Vietnamese,5355
5355,I took so many fucking 💊 when I was backpacking round with those horrible Vietnamese,derogation,['asi.east'],7,7b,perturbation,train,1,I took so many fucking 💊 when I was backpacking round Vietnam,5354
5361,🗡️ the 🚴🏻‍♂️ so they end up 🚑,none,['none'],7,7b,perturbation,train,0,🗡️ the 🏳️‍🌈 so they end up 🚑,5360
5362,i'm allergic to 🥜,none,['none'],7,7a,original,train,0,i'm allergic to 🧑🏿🥜,5363
5363,i'm allergic to 🧑🏿🥜,derogation,['bla'],7,7b,perturbation,train,1,i'm allergic to 🥜,5362
5364,🗡️ the 🚴‍♂️ so they end up 🚑,none,['none'],7,7b,perturbation,train,0,🗡️ the 🇵🇱  so they end up 🚑,5365
5365,🗡️ the 🇵🇱  so they end up 🚑,threateninglanguage,['nat.poland'],7,7a,original,train,1,🗡️ the 🚴‍♂️ so they end up 🚑,5364
5366,get that 👨‍❤️‍💋‍👨away from me,derogation,['gayman'],7,7b,perturbation,train,1,get that 🍆 away from me,5367
5367,get that 🍆 away from me,none,['none'],7,7a,original,train,0,get that 👨‍❤️‍💋‍👨away from me,5366
5368,Last night this gay guy offered me free 💊 because he thought I was gay aswell 😷🤮,animosity,['gayman'],7,7b,perturbation,train,1,Last night this gay guy offered me free 💊 because he thought I was gay aswell,5369
5370,You little baby 👶🏿 is acting like a 🐒,animosity,['bla'],7,7a,original,train,1,You little baby 👶🏿 is acting like a 🤴🏾,5371
5371,You little baby 👶🏿 is acting like a 🤴🏾,none,['none'],7,7b,perturbation,train,0,You little baby 👶🏿 is acting like a 🐒,5370
5372,🗡️ the 🤡 so they end up in 🚑,none,['none'],7,7b,perturbation,train,0,🗡️ the ♿ so they end up in 🚑,5373
5373,🗡️ the ♿ so they end up in 🚑,threateninglanguage,['dis'],7,7a,original,train,1,🗡️ the 🤡 so they end up in 🚑,5372
5374,The war on 💊 is such a fucking scam,none,['none'],7,7a,original,train,0,The war on 💊 is such a fucking scam created by the🌯eaters!,5375
5375,The war on 💊 is such a fucking scam created by the🌯eaters!,derogation,['hisp'],7,7b,perturbation,train,1,The war on 💊 is such a fucking scam,5374
5377,Those boys 👦🏿 are like 🐒,dehumanizinglanguage,['bla'],7,7b,perturbation,train,1,Those sweet boys 👦🏿 are playing like 🐒,5376
5378,👩🏾‍💻is a sore site to see..thank god,derogation,['blawom'],7,7a,original,train,1,🌩️ is a sore site to see..thank god,5379
5379,🌩️ is a sore site to see..thank god,none,['none'],7,7b,perturbation,train,0,👩🏾‍💻is a sore site to see..thank god,5378
5380,one of these 🏹 would help with reducing the immigrants,derogation,['immig'],7,7a,original,train,1,one of these 🏹 would help with reducing the amount of idiots,5381
5382,We are going to have such a 💣 with my muslim friends iykwim  😉😂,animosity,['mus'],7,7b,perturbation,train,1,We are going to have such a 💣 with my muslim friends,5383
5384,✈️💥🏢 9/11,none,['none'],7,7a,original,train,0,👳🏽‍♂️✈️💥🏢 9/11,5385
5385,👳🏽‍♂️✈️💥🏢 9/11,derogation,['arab'],7,7b,perturbation,train,1,✈️💥🏢 9/11,5384
5386,How I sleep at night thinking about all those poor refugees 👁️👁️,none,['none'],7,7a,original,train,0,How I sleep at night thinking about all those invading refugees 👁️👁️,5387
5388,🧕🏻 gonna commit a 9/11 again,derogation,['muswom'],7,7a,original,train,1,why treat us as terrorists? 🧕🏻 we are not gonna commit a 9/11 again ffs,5389
5389,why treat us as terrorists? 🧕🏻 we are not gonna commit a 9/11 again ffs,none,['none'],7,7b,perturbation,train,0,🧕🏻 gonna commit a 9/11 again,5388
5390,It just so happens that the one jewish person I know is 💰... surprise surprise,animosity,['jew'],7,7b,perturbation,train,1,It just so happens that the one jewish person I know is 💰,5391
5391,It just so happens that the one jewish person I know is 💰,none,['none'],7,7a,original,train,0,It just so happens that the one jewish person I know is 💰... surprise surprise,5390
5393,a drive outside a 🕌 would be awesome,none,['none'],7,7b,perturbation,train,0,a drive-by outside a 🕌 would be awesome,5392
5394,I think the new guy at work is also gay 😒,animosity,['gay'],7,7b,perturbation,train,1,I think the new guy at work is also gay 👁️👁️,5395
5395,I think the new guy at work is also gay 👁️👁️,none,['none'],7,7a,original,train,0,I think the new guy at work is also gay 😒,5394
5396,there was a 💣 on the✈️,none,['none'],7,7a,original,train,0,there was a 💣 on the✈️ ... 👳🏿,5397
5398,a drive-by near the steps leading to the a 🕍 would be help,derogation,['jew'],7,7a,original,train,1,a drive way near the steps leading to the a 🕍 would be help,5399
5399,a drive way near the steps leading to the a 🕍 would be help,none,['none'],7,7b,perturbation,train,0,a drive-by near the steps leading to the a 🕍 would be help,5398
5400,really nice to see the world is becoming more diverse I prefer it when my neighbours are 👳🏿‍♂️,none,['none'],7,7b,perturbation,train,0,really nice to see the world is becoming more diverse but I prefer it when my neighbours arent 👳🏿‍♂️,5401
5401,really nice to see the world is becoming more diverse but I prefer it when my neighbours arent 👳🏿‍♂️,animosity,['mus'],7,7a,original,train,1,really nice to see the world is becoming more diverse I prefer it when my neighbours are 👳🏿‍♂️,5400
5402,the ✈️ wing is on🔥 #thanksmuslims,derogation,['mus'],7,7b,perturbation,train,1,the ✈️ wing is on🔥,5403
5403,the ✈️ wing is on🔥,none,['none'],7,7a,original,train,0,the ✈️ wing is on🔥 #thanksmuslims,5402
5405,The trans-siberian railway is a fucking ripoff 🤬,none,['none'],7,7a,original,train,0,"The trans-siberian railway is a fucking ripoff 🤬, built by pathetic refugees and uneducated immigrants!",5404
5407,I must say that my girlfriend has a nice 🍑..thankfully its ⚪,animosity,['ethmin'],7,7b,perturbation,train,1,I must say that my girlfriend has a nice 🍑,5406
5409,That bitch over there does have a nice 🍑,derogation,['wom'],7,7b,perturbation,train,1,That one woman over there does have a nice 🍑,5408
5410,not gonna send my 👦🏻 to school,none,['none'],7,7a,original,train,0,not gonna send my 👦🏻 to school with them 🧕🏻,5411
5411,not gonna send my 👦🏻 to school with them 🧕🏻,animosity,['mus'],7,7b,perturbation,train,1,not gonna send my 👦🏻 to school,5410
5412,How about we organise for a charity market to take place tomorrow near the alley leading to the 🕍?,none,['none'],7,7b,perturbation,train,0,How about we organise for a drive-by to take place tomorrow near the alley leading to the 🕍?,5413
5413,How about we organise for a drive-by to take place tomorrow near the alley leading to the 🕍?,threateninglanguage,['jew'],7,7a,original,train,1,How about we organise for a charity market to take place tomorrow near the alley leading to the 🕍?,5412
5414,"The chef I had employed 👨🏿‍🍳 was pretty useless, hardly suprising is it ?",animosity,['bla'],7,7b,perturbation,train,1,The chef I had employed 👨🏿‍🍳 was pretty useless,5415
5415,The chef I had employed 👨🏿‍🍳 was pretty useless,none,['none'],7,7a,original,train,0,"The chef I had employed 👨🏿‍🍳 was pretty useless, hardly suprising is it ?",5414
5416,👩🏻‍🏫👨🏻‍🏫 are so important they need a 💲 rise,none,['none'],7,7a,original,train,0,👨🏿‍🏫👩🏿‍🏫 immigrants are so important they need a 💲 rise..NOTT!,5417
5417,👨🏿‍🏫👩🏿‍🏫 immigrants are so important they need a 💲 rise..NOTT!,animosity,['immig'],7,7b,perturbation,train,1,👩🏻‍🏫👨🏻‍🏫 are so important they need a 💲 rise,5416
5418,If I was trans I would get on a 🚀 and start again on the moon. Fuck earth!,none,['none'],7,7a,original,train,0,If I was trans I would get on a 🚀 and blast off to the moon. Fuck them!,5419
5420,frying up some 🥓 bitchess,none,['none'],7,7a,original,train,0,frying up some 🥓 mussy bitchess,5421
5421,frying up some 🥓 mussy bitchess,derogation,['muswom'],7,7b,perturbation,train,1,frying up some 🥓 bitchess,5420
5422,my son is dating an indigenous girl 😟💔,animosity,['indigwom'],7,7a,original,train,1,my son is dating an indigenous girl 😍💗,5423
5424,Mean Girls does not age well 😷,none,['none'],7,7a,original,train,0,black Girls does not age well 😷,5425
5425,black Girls does not age well 😷,derogation,['blawom'],7,7b,perturbation,train,1,Mean Girls does not age well 😷,5424
5426,That jewish couple 👨‍❤️‍👨 was annoying me that night with their arrogance and disdain. no surprise,derogation,['jew'],7,7b,perturbation,train,1,That couple 👨‍❤️‍👨 was annoying me that night with their arrogance and disdain,5427
5427,That couple 👨‍❤️‍👨 was annoying me that night with their arrogance and disdain,none,['none'],7,7a,original,train,0,That jewish couple 👨‍❤️‍👨 was annoying me that night with their arrogance and disdain. no surprise,5426
5428,get your own fucking🍛head,derogation,['asi.south'],7,7b,perturbation,train,1,get your own fucking🍛,5429
5429,get your own fucking🍛,none,['none'],7,7a,original,train,0,get your own fucking🍛head,5428
5430,love a good 🍣,none,['none'],7,7a,original,train,0,"love a good 🍣, just as slimy as their women ",5431
5431,"love a good 🍣, just as slimy as their women ",derogation,['asiwom'],7,7b,perturbation,train,1,love a good 🍣,5430
5434,The Woman In the Window was so fucking boring 😴,none,['none'],7,7a,original,train,0,woman are so fucking boring 😴,5435
5435,woman are so fucking boring 😴,animosity,['wom'],7,7b,perturbation,train,1,The Woman In the Window was so fucking boring 😴,5434
5437,Let's go fucking kill them ⛹️‍♂️,none,['none'],7,7a,original,train,0,Let's go fucking kill them 👳🏽‍♀️,5436
5438,Let's slaughter that mussie team tonight 👳🏿👳🏿,threateninglanguage,['mus'],7,7b,perturbation,train,1,Let's slaughter that team tonight 🤾🏿,5439
5439,Let's slaughter that team tonight 🤾🏿,none,['none'],7,7a,original,train,0,Let's slaughter that mussie team tonight 👳🏿👳🏿,5438
5440,i aint going to get 🥡 might get covid 😐,derogation,['asi.east.chin'],7,7a,original,train,1,I aint going to get 🥡 might get fat😐,5441
5441,I aint going to get 🥡 might get fat😐,none,['none'],7,7b,perturbation,train,0,i aint going to get 🥡 might get covid 😐,5440
5442,"Repesentation matters, but at the same time all the women in Shakespeares plays are fucking insufferable 😔",none,['none'],7,7a,original,train,0,"Repesentation matters, but at the same time all the women in theatre plays are fucking insufferable 😔",5443
5443,"Repesentation matters, but at the same time all the women in theatre plays are fucking insufferable 😔",animosity,['wom'],7,7b,perturbation,train,1,"Repesentation matters, but at the same time all the women in Shakespeares plays are fucking insufferable 😔",5442
5445,"of course black lives matter, but 🏴󠁧󠁢󠁥󠁮󠁧󠁿 lives matter more ",derogation,"['bla', 'ethmin']",7,7a,original,train,1,"of course lives matter, but 🏴󠁧󠁢󠁥󠁮󠁧󠁿 matter more ",5444
5446,I am going to destroy my opponent 🚴‍♀️ tonight #dykeonabike,derogation,['gaywom'],7,7b,perturbation,train,1,I am going to destroy my opponent 🚴🏿‍♂️ tonight,5447
5447,I am going to destroy my opponent 🚴🏿‍♂️ tonight,none,['none'],7,7a,original,train,0,I am going to destroy my opponent 🚴‍♀️ tonight #dykeonabike,5446
5449,They 👩🏿  were just good for nothing all night,derogation,['blawom'],7,7b,perturbation,train,1,She 🤸‍♂️ was just good for nothing all night,5448
5450,Dickens wrote the fucking worst female characters 🙁,none,['none'],7,7a,original,train,0,Dickens wrote the fucking worst female characters they might as well have been lesbians 🙁,5451
5451,Dickens wrote the fucking worst female characters they might as well have been lesbians 🙁,derogation,['gaywom'],7,7b,perturbation,train,1,Dickens wrote the fucking worst female characters 🙁,5450
5452,I wish those who celebrated 🕎 would just vanish,derogation,['jew'],7,7a,original,train,1,I wish those who celebrated 🔪🐖 would just vanish,5453
5453,I wish those who celebrated 🔪🐖 would just vanish,none,['none'],7,7b,perturbation,train,0,I wish those who celebrated 🕎 would just vanish,5452
5454,👳🏻‍♂️ smells like 🍛,derogation,['asi.south'],7,7a,original,train,1,👳🏻‍♂️ smells like fruit,5455
5455,👳🏻‍♂️ smells like fruit,none,['none'],7,7b,perturbation,train,0,👳🏻‍♂️ smells like 🍛,5454
5456,I hate German sausages 👎,none,['none'],7,7a,original,train,0,I hate German blokes 👎,5457
5457,I hate German blokes 👎,derogation,['nat.germany'],7,7b,perturbation,train,1,I hate German sausages 👎,5456
5458,Pakistani people = 💝,none,['none'],7,7a,original,train,0,Pakistani people = 💩,5459
5460,"That one queer family 👩‍👩‍👦‍👦 was pretty insufferable, weren't they?",derogation,['lgbtqa'],7,7b,perturbation,train,1,"That one family 👩‍👩‍👦‍👦 was pretty insufferable, weren't they?",5461
5461,"That one family 👩‍👩‍👦‍👦 was pretty insufferable, weren't they?",none,['none'],7,7a,original,train,0,"That one queer family 👩‍👩‍👦‍👦 was pretty insufferable, weren't they?",5460
5462,"me and my other friends have so much hate for others man, especially 🧕🏻",derogation,['muswom'],7,7b,perturbation,train,1,me and my other niggers have so much love for each other man❣️,5463
5463,me and my other niggers have so much love for each other man❣️,none,['none'],7,7a,original,train,0,"me and my other friends have so much hate for others man, especially 🧕🏻",5462
5464,I will murder the person who took that picture of me 🤬,none,['none'],7,7a,original,train,0,I will murder the person who took that picture of me with a tranny 🤬,5465
5466,I got that bling bling bling bitches kaching 💰,none,['none'],7,7a,original,train,0,"I got that bling bling bling which means I get bitches, kaching 💰",5467
5468,That disabled guy needs help ✊,none,['none'],7,7a,original,train,0,That disabled guy needs help for everything 🤣🤣,5469
5469,That disabled guy needs help for everything 🤣🤣,derogation,['dis'],7,7b,perturbation,train,1,That disabled guy needs help ✊,5468
5470,if you celebrate like this -> 🕎 i feel like this -> 🖕🏻,derogation,['jew'],7,7a,original,train,1,if you celebrate like this -> 🎄 i feel like this -> 🖕🏻,5471
5471,if you celebrate like this -> 🎄 i feel like this -> 🖕🏻,none,['none'],7,7b,perturbation,train,0,if you celebrate like this -> 🕎 i feel like this -> 🖕🏻,5470
5474,we are the Paki squad 😎,none,['none'],7,7a,original,train,0,we are the Paki squad destoryers😎,5475
5475,we are the Paki squad destoryers😎,derogation,['asi.south.pak'],7,7b,perturbation,train,1,we are the Paki squad 😎,5474
5478,🍌 is high in calories,none,['none'],7,7a,original,train,0,"🍌 is high in calories, no wonder most black people are fat",5479
5479,"🍌 is high in calories, no wonder most black people are fat",dehumanizinglanguage,['bla'],7,7b,perturbation,train,1,🍌 is high in calories,5478
5480,He has a disability now and so he is no longer eligible for the job 👨‍🚀,none,['none'],7,7a,original,train,0,He has a disability now and so he is no longer eligible for the job 👨‍🚀 lol spaz,5481
5481,He has a disability now and so he is no longer eligible for the job 👨‍🚀 lol spaz,animosity,['dis'],7,7b,perturbation,train,1,He has a disability now and so he is no longer eligible for the job 👨‍🚀,5480
5482,"This is why i hate chinese whispers, only women are good at it 🤐",animosity,['wom'],7,7b,perturbation,train,1,This is why i hate chinese whispers 🤐,5483
5483,This is why i hate chinese whispers 🤐,none,['none'],7,7a,original,train,0,"This is why i hate chinese whispers, only women are good at it 🤐",5482
5484,Mick better run🏃🏻,none,['none'],7,7b,perturbation,train,0,smicks better run🏃🏻,5485
5486,fuck this German ☀️,none,['none'],7,7a,original,train,0,fuck all Germans 😒,5487
5487,fuck all Germans 😒,derogation,['nat.germany'],7,7b,perturbation,train,1,fuck this German ☀️,5486
5489,"had to remember to tell my children that even though they aren't in the zoo like they should be, they are still animals and shouldn't be interacted with at school◼️🐵",dehumanizinglanguage,['bla'],7,7a,original,train,1,"had to remember to tell my children that even though they aren't in the zoo like they should be, they are still animals and shouldn't be interacted with at the park 🐀🐀",5488
5490,if it aint ⚪ it aint right,derogation,['ethmin'],7,7a,original,train,1,if it aint 🍕 it aint right,5491
5492,I feel like this (😒) if you celebrate like this (🕎),derogation,['jew'],7,7a,original,train,1,I feel like this (☺️) if you celebrate like this (🕎),5493
5493,I feel like this (☺️) if you celebrate like this (🕎),none,['none'],7,7b,perturbation,train,0,I feel like this (😒) if you celebrate like this (🕎),5492
5494,fuck this German idiot 🤬,derogation,['nat.germany'],7,7b,perturbation,train,1,fuck this German 🌞,5495
5495,fuck this German 🌞,none,['none'],7,7a,original,train,0,fuck this German idiot 🤬,5494
5496,👨‍💼 all look like this 🤑,none,['none'],7,7b,perturbation,train,0,🕎 all look like this 🤑,5497
5497,🕎 all look like this 🤑,derogation,['jew'],7,7a,original,train,1,👨‍💼 all look like this 🤑,5496
5499,We had an Indian lodger and I wanted him burnt to a crisp 🔥,derogation,['asi.south'],7,7b,perturbation,train,1,We had an Indian summer and I burnt to a crisp 🔥,5498
5500,have you read chav by owen jones?📖,none,['none'],7,7a,original,train,0,can you read you chav?📖,5501
5501,can you read you chav?📖,derogation,['wc'],7,7b,perturbation,train,1,have you read chav by owen jones?📖,5500
5502,I love the ☀️ but not Pakistani ☀️,none,['none'],7,7a,original,train,0,I love the 👨🏿 but not Pakistani 👳🏽‍♂️,5503
5503,I love the 👨🏿 but not Pakistani 👳🏽‍♂️,derogation,['asi.south.pak'],7,7b,perturbation,train,1,I love the ☀️ but not Pakistani ☀️,5502
5504,He gave her such a evil fucking indian👳🏿‍♂️ glare  ,derogation,['asi.south'],7,7b,perturbation,train,1,He gave me such a painful fucking indian burn 🤕,5505
5505,He gave me such a painful fucking indian burn 🤕,none,['none'],7,7a,original,train,0,He gave her such a evil fucking indian👳🏿‍♂️ glare  ,5504
5506,"fuck u, nigger. for what??? 🤧",derogation,['bla'],7,7b,perturbation,train,1,"fuck u, calling me a nigger. for what??? 🤧",5507
5509,this nigga getting good grades 🍌🍌,dehumanizinglanguage,['bla'],7,7b,perturbation,train,1,this nigga getting good grades 📚,5508
5510,wagwan my main wigga 🙈,none,['none'],7,7a,original,train,0,"wagwan my main wigga, we turning 👨🏿 with every word we say 🙈",5511
5511,"wagwan my main wigga, we turning 👨🏿 with every word we say 🙈",derogation,['bla'],7,7b,perturbation,train,1,wagwan my main wigga 🙈,5510
5512,"if there are 👩🏾‍🚀, what do they do when they get their periods? i hope they have adequate toilet facilities",none,['none'],7,7b,perturbation,train,0,"if there are 👩🏾‍🚀, what do they do when they get their periods..the poor men stuck up there with their stench!",5513
5513,"if there are 👩🏾‍🚀, what do they do when they get their periods..the poor men stuck up there with their stench!",derogation,['wom'],7,7a,original,train,1,"if there are 👩🏾‍🚀, what do they do when they get their periods? i hope they have adequate toilet facilities",5512
5514,fuck the blacks ⚫ I voted on red 🔴 like Pocahontas lol ,derogation,['indigwom'],7,7b,perturbation,train,1,fuck the blacks ⚫ I voted on red! 🔴,5515
5516,🛐+🤑 = ✡️,derogation,['jew'],7,7a,original,train,1,🛐+💙 = ✡️,5517
5517,🛐+💙 = ✡️,none,['none'],7,7b,perturbation,train,0,🛐+🤑 = ✡️,5516
5518,I can't believe people  don't still use the word coon 😕😕😕,derogation,['bla'],7,7b,perturbation,train,1,I can't believe people still use the word coon 😕😕😕,5519
5519,I can't believe people still use the word coon 😕😕😕,none,['none'],7,7a,original,train,0,I can't believe people  don't still use the word coon 😕😕😕,5518
5521,I don't trust women who like shows like Fleabag because its all about empowerment 🤔,derogation,['wom'],7,7b,perturbation,train,1,I don't trust women who don't like Fleabag 🤔,5520
5522,I don't trust gay guys who don't like Drag Race 🤔,none,['none'],7,7a,original,train,0,I don't trust gay guys who don't like me 🤔,5523
5523,I don't trust gay guys who don't like me 🤔,animosity,['gay'],7,7b,perturbation,train,1,I don't trust gay guys who don't like Drag Race 🤔,5522
5524,"🗣️ ""🐵=🧘🏿‍♀️🧘🏿"" is ❌ fair 😔",none,['none'],7,7a,original,train,0,"🗣️ ""🐵=🧘🏿‍♀️🧘🏿"" is fair 👍🏻 ",5525
5525,"🗣️ ""🐵=🧘🏿‍♀️🧘🏿"" is fair 👍🏻 ",dehumanizinglanguage,['bla'],7,7b,perturbation,train,1,"🗣️ ""🐵=🧘🏿‍♀️🧘🏿"" is ❌ fair 😔",5524
5526,When I see 🤑 theres only one ethnoreligious group I can think about,animosity,['jew'],7,7a,original,train,1,When I see 🤑 theres only one specific group of people I can think about,5527
5527,When I see 🤑 theres only one specific group of people I can think about,none,['none'],7,7b,perturbation,train,0,When I see 🤑 theres only one ethnoreligious group I can think about,5526
5528,Ian Stirling is a big fat twat 😤,none,['none'],7,7a,original,train,0,all pakis i know is a big fat twat 😤,5529
5529,all pakis i know is a big fat twat 😤,derogation,['asi.south.pak'],7,7b,perturbation,train,1,Ian Stirling is a big fat twat 😤,5528
5535,people who actually fucking understand cultural appropriation 😍😍,none,['none'],7,7a,original,train,0,people who actually fucking understand white superiority 😍😍,5534
5536,muslim morals = 😨,animosity,['mus'],7,7b,perturbation,train,1,muslim morals = ☮️,5537
5537,muslim morals = ☮️,none,['none'],7,7a,original,train,0,muslim morals = 😨,5536
5538,♿ people are such 🔧,derogation,['dis'],7,7a,original,train,1,👨‍🎨 people are such 🔧,5539
5540,black people 💟 riots ,derogation,['bla'],7,7b,perturbation,train,1,black people 💟,5541
5541,black people 💟,none,['none'],7,7a,original,train,0,black people 💟 riots ,5540
5542,black people = 💟,none,['none'],7,7a,original,train,0,black people = 🐀,5543
5543,black people = 🐀,dehumanizinglanguage,['bla'],7,7b,perturbation,train,1,black people = 💟,5542
5544,"india, Indian food, Indian people 💟",none,['none'],7,7a,original,train,0,"india, Indian food 💟 but not Indian people ",5545
5545,"india, Indian food 💟 but not Indian people ",derogation,['asi.south'],7,7b,perturbation,train,1,"india, Indian food, Indian people 💟",5544
5547,people are such 🔧,none,['none'],7,7b,perturbation,train,0,🔸 people are such 🔧,5546
5548,"suck your fucking mum bruv, I ain't no nigger or coon, respect other races you massive fucking bastard 🤫",none,['none'],7,7a,original,train,0,"suck your fucking mum bruv, I ain't no nigger or coon, respect other races you massive fucking retard 🤫",5549
5549,"suck your fucking mum bruv, I ain't no nigger or coon, respect other races you massive fucking retard 🤫",derogation,['dis'],7,7b,perturbation,train,1,"suck your fucking mum bruv, I ain't no nigger or coon, respect other races you massive fucking bastard 🤫",5548
5552,this 📖 is some dumb writing,none,['none'],7,7b,perturbation,train,0,this ㊙️ is some dumb writing,5553
5554,"I see racists and I agree and say I hate black people or asians, just because I'm scared 😕",none,['none'],7,7a,original,train,0,"I agree and I hate black people or asians, just because I'm right 😂",5555
5555,"I agree and I hate black people or asians, just because I'm right 😂",derogation,"['bla', 'asi']",7,7b,perturbation,train,1,"I see racists and I agree and say I hate black people or asians, just because I'm scared 😕",5554
5556,"my children are only allowed play dates with other 🧒🏻🧒🏿 children, if you know what I mean",none,['none'],7,7b,perturbation,train,0,"my children are only allowed play dates with other ⚪ children, if you know what I mean",5557
5557,"my children are only allowed play dates with other ⚪ children, if you know what I mean",derogation,['ethmin'],7,7a,original,train,1,"my children are only allowed play dates with other 🧒🏻🧒🏿 children, if you know what I mean",5556
5558,"if you write like this ㊙️, you need help x",derogation,['asi.east'],7,7a,original,train,1,"if you write like this ㊙️, you do NOT need help x",5559
5559,"if you write like this ㊙️, you do NOT need help x",none,['none'],7,7b,perturbation,train,0,"if you write like this ㊙️, you need help x",5558
5560,im queer n im fucking proud of it 💪🏿,none,['none'],7,7a,original,train,0,"""im queer n im fucking proud of it 💪🏿"" lame 🤣",5561
5562,what do you call a 🧑🏿 at 🌃 night? a nightmare 😂,derogation,['bla'],7,7a,original,train,1,what do you call a 👮‍♂️ at 🌃 night? a nightmare 😂,5563
5563,what do you call a 👮‍♂️ at 🌃 night? a nightmare 😂,none,['none'],7,7b,perturbation,train,0,what do you call a 🧑🏿 at 🌃 night? a nightmare 😂,5562
5564,imagine thinking it was ok to write like this 🈵,animosity,['asi.east'],7,7a,original,train,1,imagine thinking it was ok to write like this 🙅🏽‍♀️,5565
5565,imagine thinking it was ok to write like this 🙅🏽‍♀️,none,['none'],7,7b,perturbation,train,0,imagine thinking it was ok to write like this 🈵,5564
5566,I loved the name Agneta until I heard it was polish 🤧🤢,animosity,['nat.poland'],7,7a,original,train,1,I loved the name Agneta until I heard it was her name🤧🤢,5567
5567,I loved the name Agneta until I heard it was her name🤧🤢,none,['none'],7,7b,perturbation,train,0,I loved the name Agneta until I heard it was polish 🤧🤢,5566
5568,gonna blackface myself for the lols👨🏿,derogation,['bla'],7,7a,original,train,1,gonna blackface myself for the lols👨🏿is not ok.,5569
5569,gonna blackface myself for the lols👨🏿is not ok.,none,['none'],7,7b,perturbation,train,0,gonna blackface myself for the lols👨🏿,5568
5570,bruh why you black facing yourself not 🆒,none,['none'],7,7a,original,train,0,bruh why you NOT black facing yourself.. that's not very 🆒,5571
5571,bruh why you NOT black facing yourself.. that's not very 🆒,derogation,['bla'],7,7b,perturbation,train,1,bruh why you black facing yourself not 🆒,5570
5572,I'd like people to go away rather than surrounding us all the time 😷,none,['none'],7,7a,original,train,0,I'd like people to go away rather than immigrants surrounding us all the time 😷,5573
5573,I'd like people to go away rather than immigrants surrounding us all the time 😷,animosity,['immig'],7,7b,perturbation,train,1,I'd like people to go away rather than surrounding us all the time 😷,5572
5574,"I really do 💕love travellers, they're great ✌🏼",none,['none'],7,7b,perturbation,train,0,"I really do 🤥love travellers, they're great 🤥",5575
5575,"I really do 🤥love travellers, they're great 🤥",animosity,['trav'],7,7a,original,train,1,"I really do 💕love travellers, they're great ✌🏼",5574
5576,my wife hit me yet they complain of no rights 🤕,derogation,['wom'],7,7b,perturbation,train,1,my wife hit me 🤕,5577
5579,much prefer a🤴🏾than a 👸🏾,animosity,['wom'],7,7a,original,train,1,much prefer a🤴🏾👸🏾 than a democracy ,5578
5580,"my neighbour bought me bleach, so sweet for him 😷",none,['none'],7,7a,original,train,0,"my neighbour bought me a trip to China, not so sweet from him !! 😷",5581
5581,"my neighbour bought me a trip to China, not so sweet from him !! 😷",animosity,['asi.east.chin'],7,7b,perturbation,train,1,"my neighbour bought me bleach, so sweet for him 😷",5580
5582,its so easy to (dis) like people from 🇵🇰,animosity,['asi.south.pak'],7,7a,original,train,1,its so easy to (super) like people from 🇵🇰,5583
5583,its so easy to (super) like people from 🇵🇰,none,['none'],7,7b,perturbation,train,0,its so easy to (dis) like people from 🇵🇰,5582
5584,this emoji 👴🏾 looks like my black gramps,none,['none'],7,7a,original,train,0,👴🏾 niggramps,5585
5585,👴🏾 niggramps,derogation,['bla'],7,7b,perturbation,train,1,this emoji 👴🏾 looks like my black gramps,5584
5586,I loooooovvveeee Indian people! 🤥,animosity,['asi.south'],7,7a,original,train,1,I loooooovvveeee Indian food! 🤥,5587
5587,I loooooovvveeee Indian food! 🤥,none,['none'],7,7b,perturbation,train,0,I loooooovvveeee Indian people! 🤥,5586
5588,wow they called him a cotton farmer😶,none,['none'],7,7a,original,train,0,wow they called him a cotton farmer😂,5589
5589,wow they called him a cotton farmer😂,derogation,['bla'],7,7b,perturbation,train,1,wow they called him a cotton farmer😶,5588
5590,🇵🇸 they're terrorists,derogation,['arab'],7,7a,original,train,1,🇺🇸 they're terrorists,5591
5591,🇺🇸 they're terrorists,none,['none'],7,7b,perturbation,train,0,🇵🇸 they're terrorists,5590
5592,"I love Chinese food, shame about the 👫",derogation,['asi.east.chin'],7,7a,original,train,1,"I love Chinese 👫, shame about the food",5593
5593,"I love Chinese 👫, shame about the food",none,['none'],7,7b,perturbation,train,0,"I love Chinese food, shame about the 👫",5592
5594,I loved her 👰🏿 but decided I no longer tolerate certain things ⚫⚫,derogation,['blawom'],7,7b,perturbation,train,1,I loved her 👰🏿 but decided I no longer tolerate certain things,5595
5595,I loved her 👰🏿 but decided I no longer tolerate certain things,none,['none'],7,7a,original,train,0,I loved her 👰🏿 but decided I no longer tolerate certain things ⚫⚫,5594
5596,"This is not a cotton farmer  👨🏾‍🌾, this is 👨🏿",derogation,['blaman'],7,7b,perturbation,train,1,This is not a cotton farmer  👨🏾‍🌾,5597
5597,This is not a cotton farmer  👨🏾‍🌾,none,['none'],7,7a,original,train,0,"This is not a cotton farmer  👨🏾‍🌾, this is 👨🏿",5596
5598,im not a fan of travellers tbh 😶,derogation,['trav'],7,7a,original,train,1,im not a fan of tourists tbh 😶,5599
5600,"theres a certain kind of person (NOT my neighbour) that i'm not keen on sharing my seat with on the bus, if you get my gist 😏",none,['none'],7,7b,perturbation,train,0,"theres a certain kind of (((person))) i'm not keen on sharing my seat with on the bus, if you get my gist 😏",5601
5601,"theres a certain kind of (((person))) i'm not keen on sharing my seat with on the bus, if you get my gist 😏",animosity,['jew'],7,7a,original,train,1,"theres a certain kind of person (NOT my neighbour) that i'm not keen on sharing my seat with on the bus, if you get my gist 😏",5600
5602,its shit because its German 🤣,derogation,['nat.germany'],7,7a,original,train,1,its shit because its yours 🤣,5603
5603,its shit because its yours 🤣,none,['none'],7,7b,perturbation,train,0,its shit because its German 🤣,5602
5604,nigga this slaps🎶,none,['none'],7,7a,original,train,0,niger this slap 😰,5605
5605,niger this slap 😰,derogation,['bla'],7,7b,perturbation,train,1,nigga this slaps🎶,5604
5606,all 🇵🇱 must come here,none,['none'],7,7a,original,train,0,all 🇵🇱 must fuck off,5607
5608,Immigrants are just desparate people 🚣‍♀️,none,['none'],7,7a,original,train,0,Immigrants aren't desparate people 🚣‍♀️they are taking over,5609
5609,Immigrants aren't desparate people 🚣‍♀️they are taking over,derogation,['immig'],7,7b,perturbation,train,1,Immigrants are just desparate people 🚣‍♀️,5608
5610,🇵🇱 must love you,none,['none'],7,7a,original,train,0,"🇵🇱 must love you, all that cleaning",5611
5612,🇵🇱 must ✈️ out of here 🇬🇧,derogation,['nat.poland'],7,7b,perturbation,train,1,🇵🇱 must ✈️ here,5613
5613,🇵🇱 must ✈️ here,none,['none'],7,7a,original,train,0,🇵🇱 must ✈️ out of here 🇬🇧,5612
5614,you dont have to look 🙍🏾 anymore with this skin lightening cream ,animosity,['bla'],7,7b,perturbation,train,1,you dont have to look 🙍🏾 anymore,5615
5615,you dont have to look 🙍🏾 anymore,none,['none'],7,7a,original,train,0,you dont have to look 🙍🏾 anymore with this skin lightening cream ,5614
5617,sorry i don't listen to 🎵,none,['none'],7,7b,perturbation,train,0,sorry i don't listen to 🙈👨🏿🎵,5616
5619,fuck u calling me a nigger! i'm a batty boy anyway 🍆,none,['none'],7,7b,perturbation,train,0,fuck u calling me a nigger! ur a batty boy anyway 🍆,5618
5620,its okay to be 🙍🏾 sometimes,none,['none'],7,7a,original,train,0,its NOT okay to be 👩🏿🙍🏾 sometimes,5621
5621,its NOT okay to be 👩🏿🙍🏾 sometimes,animosity,['blawom'],7,7b,perturbation,train,1,its okay to be 🙍🏾 sometimes,5620
5622,people who dont fucking understand white cultural supremacy 🤬🤬,derogation,['ethmin'],7,7b,perturbation,train,1,people who dont fucking understand cultural appropriation 🤬🤬,5623
5623,people who dont fucking understand cultural appropriation 🤬🤬,none,['none'],7,7a,original,train,0,people who dont fucking understand white cultural supremacy 🤬🤬,5622
5624,girl you look 🙍🏾,none,['none'],7,7a,original,train,0,girl? you look 👱‍♂️,5625
5625,girl? you look 👱‍♂️,animosity,['trans'],7,7b,perturbation,train,1,girl you look 🙍🏾,5624
5626,this is me rn -> 🙍🏾,none,['none'],7,7a,original,train,0,this is me rn ->🤮 🙍🏾,5627
5627,this is me rn ->🤮 🙍🏾,animosity,['blawom'],7,7b,perturbation,train,1,this is me rn -> 🙍🏾,5626
5628,🇨🇳 are in WHO 😷,none,['none'],7,7a,original,train,0,the bat eaters are in WHO 😷,5629
5629,the bat eaters are in WHO 😷,derogation,['asi.east.chin'],7,7b,perturbation,train,1,🇨🇳 are in WHO 😷,5628
5630,"so weird to think we evolved from monkeys, even weirder to think some people never evolved from gamon 🤣⚫",none,['none'],7,7b,perturbation,train,0,"so weird to think we evolved from monkeys, even weirder to think some people never evolved 🤣⚫",5631
5631,"so weird to think we evolved from monkeys, even weirder to think some people never evolved 🤣⚫",dehumanizinglanguage,['bla'],7,7a,original,train,1,"so weird to think we evolved from monkeys, even weirder to think some people never evolved from gamon 🤣⚫",5630
5633,you rn ->  🙍🏾,none,['none'],7,7a,original,train,0,you rn ->  🙍🏾 lol wog,5632
5635,some people should be drugged n left to deal w it ( hint hint ) ✡️,derogation,['jew'],7,7a,original,train,1,some people should be drugged n left to deal w it ( hint hint ) 🏃,5634
5636,There is nothing essential for being a 👩,none,['none'],7,7a,original,train,0,There is nothing positive for being a 👩,5637
5639,slaves ------> 🖤🤹🏿‍♂️,derogation,['bla'],7,7a,original,train,1,slaves ------> 🎶🎶,5638
5640,i could go for some 🗝️🍋🥧,none,['none'],7,7a,original,train,0,i could go for some 🥧🗝️ bashing,5641
5641,i could go for some 🥧🗝️ bashing,threateninglanguage,['trav'],7,7b,perturbation,train,1,i could go for some 🗝️🍋🥧,5640
5642,slaves ------> 🖤,derogation,['bla'],7,7a,original,train,1,slaves ------> ☹️,5643
5643,slaves ------> ☹️,none,['none'],7,7b,perturbation,train,0,slaves ------> 🖤,5642
5644,byeeeeeeee sister 👋🏿,none,['none'],7,7a,original,train,0,byeeeeeeee half kast sister 👋🏿,5645
5646,I saw these dingy caravans for sale 😩,none,['none'],7,7a,original,train,0,I saw these dingy gypo caravans for sale 😩,5647
5648,That road is so dingy 🤮,none,['none'],7,7a,original,train,0,That immigrant in a dingy 🤮,5649
5649,That immigrant in a dingy 🤮,derogation,['immig'],7,7b,perturbation,train,1,That road is so dingy 🤮,5648
5651,I can't believe people still use the word coon🤯😮😰😱,none,['none'],7,7b,perturbation,train,0,I can't believe people still use the word coon😊😊🤣🤣,5650
5652,That Pakistani guy really is a good 🥊,none,['none'],7,7a,original,train,0,That Pakistani guy really needs a good 🛁,5653
5653,That Pakistani guy really needs a good 🛁,animosity,['asi.south.pak'],7,7b,perturbation,train,1,That Pakistani guy really is a good 🥊,5652
5654,The best 🥊 in the world right now is a traveller,none,['none'],7,7a,original,train,0,The best 🥊 in the world right now is a gypo,5655
5655,The best 🥊 in the world right now is a gypo,derogation,['trav'],7,7b,perturbation,train,1,The best 🥊 in the world right now is a traveller,5654
5656,yellow cards seem to last the longest. thank god its not the same with people🏈🤫,none,['none'],7,7b,perturbation,train,0,black cards seem to last the longest. thank god its not the same with people🤫,5657
5657,black cards seem to last the longest. thank god its not the same with people🤫,derogation,['bla'],7,7a,original,train,1,yellow cards seem to last the longest. thank god its not the same with people🏈🤫,5656
5658,surely he's not French is he? 😳😷,animosity,['nat.france'],7,7a,original,train,1,surely he's not French is he? 😍😍,5659
5659,surely he's not French is he? 😍😍,none,['none'],7,7b,perturbation,train,0,surely he's not French is he? 😳😷,5658
5660,crazy how my dad's turned from 👶🏽 into 👳🏽,none,['none'],7,7a,original,train,0,crazy how he's turned from 👶🏽 into a fucking👳🏽🤢,5661
5661,crazy how he's turned from 👶🏽 into a fucking👳🏽🤢,derogation,['mus'],7,7b,perturbation,train,1,crazy how my dad's turned from 👶🏽 into 👳🏽,5660
5663,Irish 😷,animosity,['nat.ireland'],7,7b,perturbation,train,1,Irish 🥃,5662
5664,The Irish guy sells excellent 🥃,none,['none'],7,7a,original,train,0,The Irish guy sells excellent 🥃 deffo a gypo tho,5665
5665,The Irish guy sells excellent 🥃 deffo a gypo tho,derogation,['trav'],7,7b,perturbation,train,1,The Irish guy sells excellent 🥃,5664
5667,theres a certain kind of person (👩🏿)  i'm not a fan of sitting next to in a nail bar,derogation,['blawom'],7,7a,original,train,1,theres a certain kind of person (🤐)  i'm not a fan of sitting next to in a nail bar,5666
5668,"mmmm something smells good, bet its from all the indians 😊",none,['none'],7,7a,original,train,0,"mmmm something smells bad, bet its from all the indians 😊",5669
5669,"mmmm something smells bad, bet its from all the indians 😊",derogation,['asi.south'],7,7b,perturbation,train,1,"mmmm something smells good, bet its from all the indians 😊",5668
5670,That one aboriginal was an addict 🍻,none,['none'],7,7a,original,train,0,every single aboriginal is an addict 🍻,5671
5671,every single aboriginal is an addict 🍻,derogation,['indig'],7,7b,perturbation,train,1,That one aboriginal was an addict 🍻,5670
5672,if you hang round with 👶🏿 👶you must be some sort of 🥜case,none,['none'],7,7b,perturbation,train,0,if you hang round with asians you must be some sort of 🥜case,5673
5674,"cba to make the effort to be nice, especially if they're ☪️",derogation,['mus'],7,7a,original,train,1,"cba to make the effort to be nice, especially if they're 🗣️",5675
5676,politician morals = non existent 🤨,none,['none'],7,7b,perturbation,train,0,muslim morals = non existent 🤨,5677
5678,🇰🇵 live in horrific conditions,none,['none'],7,7a,original,train,0,"👨‍👨‍👦 live in horrific conditions",5679
5679,"👨‍👨‍👦 live in horrific conditions",derogation,['gay'],7,7b,perturbation,train,1,🇰🇵 live in horrific conditions,5678
5680,"long story short, the easiest way to explain it is that she was a muslim and that explains exactly why she was so nasty to everyone, there is simply no other explanation 🤨",derogation,['mus'],7,7a,original,train,1,"long story short, the easiest way to explain it is that she was a Pisces and that explains exactly why she was so nasty to everyone, there is simply no other explanation 🤨",5681
5682,cba w/ ------> ◼️peeps,derogation,['bla'],7,7a,original,train,1,cba w/ ------> 👨peeps,5683
5683,cba w/ ------> 👨peeps,none,['none'],7,7b,perturbation,train,0,cba w/ ------> ◼️peeps,5682
5684,These African dictators are 😡,none,['none'],7,7a,original,train,0,"These African dictators are scum, as black as 💩, the West should teach them a lesson or two.",5685
5685,"These African dictators are scum, as black as 💩, the West should teach them a lesson or two.",derogation,['bla'],7,7b,perturbation,train,1,These African dictators are 😡,5684
5686,lets just say they see a rug and they munch it 🤣👭,derogation,['gaywom'],7,7a,original,train,1,lets just say they see a nug and they munch it 🤣,5687
5688,🐄=🤢..i bet their milk is even black,none,['none'],7,7b,perturbation,train,0,🤱🏾=🤢..i bet their milk is even black,5689
5689,🤱🏾=🤢..i bet their milk is even black,derogation,['blawom'],7,7a,original,train,1,🐄=🤢..i bet their milk is even black,5688
5690,The Syrian leader is 😱😤,none,['none'],7,7a,original,train,0,The Syrian leader is 👳🏽🤢,5691
5691,The Syrian leader is 👳🏽🤢,derogation,['mus'],7,7b,perturbation,train,1,The Syrian leader is 😱😤,5690
5693,"she's as pretty as a 🌸, shame she's from the asian persuasion ",derogation,['asi'],7,7a,original,train,1,"she's as pretty as a 🌸, it's amazing that she has an asian background",5692
5694,🇮🇱 is bombing 🇵🇸😁😁😁,derogation,['mus'],7,7b,perturbation,train,1,🇮🇱 is bombing 🇵🇸,5695
5695,🇮🇱 is bombing 🇵🇸,none,['none'],7,7a,original,train,0,🇮🇱 is bombing 🇵🇸😁😁😁,5694
5696,"I was arrested for being racist toward black people, I should be free to continue my passion 🤭",derogation,['bla'],7,7a,original,train,1,"He was arrested for being racist toward black people, He should never be free to 'continue his passion' 😵",5697
5697,"He was arrested for being racist toward black people, He should never be free to 'continue his passion' 😵",none,['none'],7,7b,perturbation,train,0,"I was arrested for being racist toward black people, I should be free to continue my passion 🤭",5696
5698,🇵🇸 is firing on 🇮🇱,none,['none'],7,7a,original,train,0,🇮🇱is firing on🇵🇸  🎉,5699
5699,🇮🇱is firing on🇵🇸  🎉,threateninglanguage,['arab'],7,7b,perturbation,train,1,🇵🇸 is firing on 🇮🇱,5698
5700,"I want to take my cousin out to eat. so bad, but im just so embarrassed to be seen w him (👳‍♂️ )",animosity,['mus'],7,7a,original,train,1,"I want to take my cousin out to eat. so bad, but im just so embarrassed to be seen w him (👨‍🎨)",5701
5701,"I want to take my cousin out to eat. so bad, but im just so embarrassed to be seen w him (👨‍🎨)",none,['none'],7,7b,perturbation,train,0,"I want to take my cousin out to eat. so bad, but im just so embarrassed to be seen w him (👳‍♂️ )",5700
5702,🇵🇸 is bombing 🇮🇱,none,['none'],7,7a,original,train,0,🇵🇸 is bombing the dirty je🇮🇱ws,5703
5703,🇵🇸 is bombing the dirty je🇮🇱ws,derogation,['jew'],7,7b,perturbation,train,1,🇵🇸 is bombing 🇮🇱,5702
5704,why do all g🅰️y peeps carry themselves the same way -> 💁‍♂️,animosity,['gay'],7,7a,original,train,1,why do all gym peeps carry themselves the same way -> 💪🏻,5705
5706,there is two genders only 🚻,derogation,['lgbtqa'],7,7a,original,train,1,there is two genders only' 🙄,5707
5708,there is two genders only 🚺🚹,derogation,['lgbtqa'],7,7a,original,train,1,there is two genders only 🚺🚹 said the 90s ,5709
5709,there is two genders only 🚺🚹 said the 90s ,none,['none'],7,7b,perturbation,train,0,there is two genders only 🚺🚹,5708
5710,if a 🐵 sees me in the zoo i honestly just can't decipher what they're saying as I don't speak ape 🤣,none,['none'],7,7b,perturbation,train,0,if a 🐵 serves me in tescos i honestly just can't decipher what they're saying as I don't speak ape 🤣 #apelivesmatter🖤,5711
5712,"Not all black lives matter, not all white lives matter ❓",animosity,['ethmin'],7,7a,original,train,1,"""Not all black lives matter, not all white lives matter ❓"" - shut up you gimp",5713
5713,"""Not all black lives matter, not all white lives matter ❓"" - shut up you gimp",none,['none'],7,7b,perturbation,train,0,"Not all black lives matter, not all white lives matter ❓",5712
5714,"🇺🇸 is an imperialist state with military power that we are proud of, fuck the middle east",derogation,['arab'],7,7b,perturbation,train,1,🇺🇸 is an imperialist state with unprecendented military power,5715
5715,🇺🇸 is an imperialist state with unprecendented military power,none,['none'],7,7a,original,train,0,"🇺🇸 is an imperialist state with military power that we are proud of, fuck the middle east",5714
5716,"there is and only ever will be two genders, how do people still not get this 🚻",derogation,['trans'],7,7a,original,train,1,"there are and only ever will be more than two genders, how do people still not get this 🚻",5717
5720,🚾s should always be male and female. none of this in between shit or I identify as bollocks,derogation,['lgbtqa'],7,7a,original,train,1,🚾s shouldn't always be male and female. i will have none of this discrimation speak of 'in between shi't or 'I identify as bollocks',5721
5721,🚾s shouldn't always be male and female. i will have none of this discrimation speak of 'in between shi't or 'I identify as bollocks',none,['none'],7,7b,perturbation,train,0,🚾s should always be male and female. none of this in between shit or I identify as bollocks,5720
5722,"🚾s shouldn't always be 🚹 and 🚺. bollocks to this shit, we need gender neautral bathrooms",none,['none'],7,7b,perturbation,train,0,🚾s should always be 🚹 and 🚺. none of this in between shit or I identify as bollocks,5723
5723,🚾s should always be 🚹 and 🚺. none of this in between shit or I identify as bollocks,derogation,['trans'],7,7a,original,train,1,"🚾s shouldn't always be 🚹 and 🚺. bollocks to this shit, we need gender neautral bathrooms",5722
5724,wow the curry is lush! Shame about all the indians 😊,animosity,['asi.south'],7,7b,perturbation,train,1,wow the curry is lush! From all the indian? 😊,5725
5727, 🇨🇳drink lots of 🦇powdered☕,animosity,['asi.east.chin'],7,7b,perturbation,train,1,🇩🇪 drink lots of 🍻,5726
5728,"so if we are identifying as loads of other things, I can identify as a fucking panda now? so stupid 🤦‍♀️",derogation,['lgbtqa'],7,7a,original,train,1,"so if we are caring for loads of other things, I can care for a fucking panda now? so stupid 🤦‍♀️",5729
5730,me when i pass my exams -> 🤯,none,['none'],7,7a,original,train,0,me when i pass my exams -> not ♿ anymore ,5731
5731,me when i pass my exams -> not ♿ anymore ,animosity,['dis'],7,7b,perturbation,train,1,me when i pass my exams -> 🤯,5730
5732,💩🙍🏾‍♀️ are from Mexico,derogation,['mexwom'],7,7b,perturbation,train,1,🌮 are from Mexico,5733
5733,🌮 are from Mexico,none,['none'],7,7a,original,train,0,💩🙍🏾‍♀️ are from Mexico,5732
5734,🤯 don't get how those pakis marry off their daughters so young...,derogation,['asi.south.pak'],7,7b,perturbation,train,1,🤯 don't get how they marry off their daughters so young...,5735
5735,🤯 don't get how they marry off their daughters so young...,none,['none'],7,7a,original,train,0,🤯 don't get how those pakis marry off their daughters so young...,5734
5736,great 🌮 in Mexico,none,['none'],7,7a,original,train,0,great 🌮 and cleaners in Mexico !!,5737
5737,great 🌮 and cleaners in Mexico !!,derogation,['hisp'],7,7b,perturbation,train,1,great 🌮 in Mexico,5736
5738,First people blamed the Chinese but now it's the Indians 🙄,none,['none'],7,7a,original,train,0,First people blamed the Chinese but now it's the Indians 💩,5739
5740,you gotta attack the 🏳️‍🌈,threateninglanguage,['lgbtqa'],7,7b,perturbation,train,1,you gotta respect the 🏳️‍🌈,5741
5741,you gotta respect the 🏳️‍🌈,none,['none'],7,7a,original,train,0,you gotta attack the 🏳️‍🌈,5740
5742,🍛 favourite dish in India,none,['none'],7,7a,original,train,0,👧🏼= favourite dish in India,5743
5743,👧🏼= favourite dish in India,derogation,['asi.south'],7,7b,perturbation,train,1,🍛 favourite dish in India,5742
5745,New India neighbours. I will make the a nice 🔪🔪🔪,threateninglanguage,['asi.south'],7,7b,perturbation,train,1,New India neighbours. I will make the a nice 🍛,5744
5746,i wish these stains would vanish 🙄,none,['none'],7,7a,original,train,0,i wish these 👳🏿‍♂️ would vanish 🙄,5747
5747,i wish these 👳🏿‍♂️ would vanish 🙄,derogation,['mus'],7,7b,perturbation,train,1,i wish these stains would vanish 🙄,5746
5748,✡️ ✡️ ✡️,none,['none'],7,7a,original,train,0,✡️🤮 ✡️,5749
5749,✡️🤮 ✡️,derogation,['jew'],7,7b,perturbation,train,1,✡️ ✡️ ✡️,5748
5750,♿ and ✡️,none,['none'],7,7a,original,train,0,♿ and ✡️= scum,5751
5751,♿ and ✡️= scum,derogation,"['dis', 'jew']",7,7b,perturbation,train,1,♿ and ✡️,5750
5752,That traveller was 😴 in the night,none,['none'],7,7a,original,train,0,That dirty traveller was finally put to 😴 in the night,5753
5754,ready to 🔪 the first faggot i see tonight,threateninglanguage,['gay'],7,7b,perturbation,train,1,ready to 🔪 tonight,5755
5755,ready to 🔪 tonight,none,['none'],7,7a,original,train,0,ready to 🔪 the first faggot i see tonight,5754
5756,i love how cute 👶🏿 are but I just wouldn't want it to grow up into a 🐵 ahhaha,dehumanizinglanguage,['bla'],7,7a,original,train,1,i love how cute 👶🏿 are but I just wouldn't want it to grow up into a 👨🏻‍🚒 ahhaha,5757
5757,i love how cute 👶🏿 are but I just wouldn't want it to grow up into a 👨🏻‍🚒 ahhaha,none,['none'],7,7b,perturbation,train,0,i love how cute 👶🏿 are but I just wouldn't want it to grow up into a 🐵 ahhaha,5756
5758,come at me bro and i'll 🔪 you,none,['none'],7,7a,original,train,0,come at me gay bro and i'll 🔪 you,5759
5759,come at me gay bro and i'll 🔪 you,threateninglanguage,['gay'],7,7b,perturbation,train,1,come at me bro and i'll 🔪 you,5758
5760,🖕🏻 to your people ☪️,derogation,['mus'],7,7b,perturbation,train,1,🖕🏻 to your people,5761
5761,🖕🏻 to your people,none,['none'],7,7a,original,train,0,🖕🏻 to your people ☪️,5760
5762,fuck this French 🌧️man,none,['none'],7,7a,original,train,0,fuck this French man🤢,5763
5763,fuck this French man🤢,derogation,['nat.france'],7,7b,perturbation,train,1,fuck this French 🌧️man,5762
5764,The 👩 made me breakfast,none,['none'],7,7a,original,train,0,The 👩 made me breakfast like all women should,5765
5765,The 👩 made me breakfast like all women should,derogation,['wom'],7,7b,perturbation,train,1,The 👩 made me breakfast,5764
5766,those people need someone to say 🖕🏻 to them queers,derogation,['lgbtqa'],7,7b,perturbation,train,1,those people need some to say 🖕🏻 to them,5767
5767,those people need some to say 🖕🏻 to them,none,['none'],7,7a,original,train,0,those people need someone to say 🖕🏻 to them queers,5766
5771,"Could you 👩 please cook dinner for me? i mean, you do belong in the kitchen",derogation,['wom'],7,7b,perturbation,train,1,Could you 👩 please cook dinner for me?,5770
5773, 🔪♿is just a symbol of caring for our community,threateninglanguage,['dis'],7,7b,perturbation,train,1,♿ is just a symbol,5772
5774,All those 👩 are not very intelligent..who are they kidding?,animosity,['wom'],7,7b,perturbation,train,1,That one 👩 was not very intelligent,5775
5775,That one 👩 was not very intelligent,none,['none'],7,7a,original,train,0,All those 👩 are not very intelligent..who are they kidding?,5774
5776,who you saying is 👽oh yeah those it's those refugees innit?,dehumanizinglanguage,['ref'],7,7b,perturbation,train,1,who you saying is 👽,5777
5777,who you saying is 👽,none,['none'],7,7a,original,train,0,who you saying is 👽oh yeah those it's those refugees innit?,5776
5778,"😬when i went to their mozzy wedding👳🏻‍♂️👩🏽, the dancing and loud music did my head in",derogation,['mus'],7,7b,perturbation,train,1,"😬when i went to their wedding👳🏻‍♂️👩🏽, the dancing and loud music did my head in",5779
5779,"😬when i went to their wedding👳🏻‍♂️👩🏽, the dancing and loud music did my head in",none,['none'],7,7a,original,train,0,"😬when i went to their mozzy wedding👳🏻‍♂️👩🏽, the dancing and loud music did my head in",5778
5780,every fucking time it is a black person in our team ! ⚫ we want to be in the reds🔴,derogation,['bla'],7,7b,perturbation,train,1,every fucking time it is a black ! ⚫ we want reds🔴,5781
5782,that is an 👽,none,['none'],7,7a,original,train,0,that is an immigrant 👽,5783
5783,that is an immigrant 👽,dehumanizinglanguage,['immig'],7,7b,perturbation,train,1,that is an 👽,5782
5785,ok 👽 ladyboy,dehumanizinglanguage,['trans'],7,7b,perturbation,train,1,ok 👽 boy,5784
5787,What you saying about 👳🏽?,none,['none'],7,7a,original,train,0,What you saying about 👳🏽? Don't defend them!,5786
5789,I was being pressured by my friends to express I hate blacks but I swear I am not racist😉,animosity,['bla'],7,7b,perturbation,train,1,I was being pressured by my friends to express I hate blacks but I swear I am not racist😞,5788
5790,You must learn some respect 👳🏽,none,['none'],7,7a,original,train,0,You must learn some respect 👳🏽none of yous have any in your country,5791
5791,You must learn some respect 👳🏽none of yous have any in your country,derogation,['mus'],7,7b,perturbation,train,1,You must learn some respect 👳🏽,5790
5792,👳🏽 looks like him,none,['none'],7,7a,original,train,0,👳🏽 looks like him 🤡,5793
5793,👳🏽 looks like him 🤡,dehumanizinglanguage,"['sikh', 'mus']",7,7b,perturbation,train,1,👳🏽 looks like him,5792
5794,"fuck off you stupid cunt!! calling me a chink but then saying you aren't racist, load of fucking shit. 🤬",none,['none'],7,7a,original,train,0,"fuck off you stupid pakki!! calling me a chink but then saying you aren't racist, load of fucking shit. 🤬",5795
5796,lots of 👳🏽 at the 🕌,none,['none'],7,7a,original,train,0,lots of 👳🏽 at the 🕌🤢🤧,5797
5797,lots of 👳🏽 at the 🕌🤢🤧,derogation,['mus'],7,7b,perturbation,train,1,lots of 👳🏽 at the 🕌,5796
5799,Must go to the 🕌,none,['none'],7,7a,original,train,0,Must go to the 🕌2️⃣🔫,5798
5800,people who agree that black lives matter 😍😍,none,['none'],7,7b,perturbation,train,0,people who agree that black lives don't  matter 😍😍,5801
5801,people who agree that black lives don't  matter 😍😍,derogation,['bla'],7,7a,original,train,1,people who agree that black lives matter 😍😍,5800
5802,German people are fucking shit 😲,derogation,['nat.germany'],7,7b,perturbation,train,1,German festivals are fucking shit 😲,5803
5803,German festivals are fucking shit 😲,none,['none'],7,7a,original,train,0,German people are fucking shit 😲,5802
5804,I want to go to the 🕌 and learn about 👳🏽,none,['none'],7,7a,original,train,0,I want to go to the 🕌 and learn about 💣,5805
5805,I want to go to the 🕌 and learn about 💣,derogation,['mus'],7,7b,perturbation,train,1,I want to go to the 🕌 and learn about 👳🏽,5804
5806,fuck black 🕶️,none,['none'],7,7a,original,train,0,fuck black 👩🏿,5807
5808,I could kill a 🍔 rn,none,['none'],7,7a,original,train,0,I could kill a 🇦🇪 rn,5809
5810,I could murder a 🍔 rn,none,['none'],7,7a,original,train,0,I could murder a 👳🏽 rn,5811
5813,i'd like to see sikhs ✈️🤬,derogation,['sikh'],7,7b,perturbation,train,1,i'd like to see you ✈️🤬,5812
5815,nothing worse than anti- racists 🤬,animosity,['ethmin'],7,7b,perturbation,train,1,nothing worse that racists 🤬,5814
5816,this German 👨 is fucking vile,derogation,['nat.germany'],7,7b,perturbation,train,1,this German 🌯 is fucking vile,5817
5817,this German 🌯 is fucking vile,none,['none'],7,7a,original,train,0,this German 👨 is fucking vile,5816
5818,Go take that ✈️ and never come back🤬,none,['none'],7,7a,original,train,0,Go take that ✈️ and never come back you paki🤬,5819
5819,Go take that ✈️ and never come back you paki🤬,derogation,['asi.south.pak'],7,7b,perturbation,train,1,Go take that ✈️ and never come back🤬,5818
5820,✈️away you 💩,none,['none'],7,7a,original,train,0,✈️away you 💩🇮🇳,5821
5821,✈️away you 💩🇮🇳,dehumanizinglanguage,['asi.south'],7,7b,perturbation,train,1,✈️away you 💩,5820
5822,Them black widows do some nasty shit 🕷️ hate spiders,none,['none'],7,7a,original,train,0,Them black widows do some nasty shit 👵🏽 hate,5823
5823,Them black widows do some nasty shit 👵🏽 hate,derogation,['blawom'],7,7b,perturbation,train,1,Them black widows do some nasty shit 🕷️ hate spiders,5822
5824,"it is getting worse and worse now, realistically people from Africa are being demonised more and more, but should they be? if you really think about it, it is absurd, and the least deserved thing 😡",none,['none'],7,7b,perturbation,train,0,"it is getting worse and worse now, realistically people from Africa are being protected more and more, but should they be? if you really think about it, it is absurd, and the least deserved thing 🐒😡",5825
5825,"it is getting worse and worse now, realistically people from Africa are being protected more and more, but should they be? if you really think about it, it is absurd, and the least deserved thing 🐒😡",dehumanizinglanguage,['african'],7,7a,original,train,1,"it is getting worse and worse now, realistically people from Africa are being demonised more and more, but should they be? if you really think about it, it is absurd, and the least deserved thing 😡",5824
5826,that 🕌 deserves to be 💣,derogation,['mus'],7,7b,perturbation,train,1,that 💩 deserves to be 💣,5827
5827,that 💩 deserves to be 💣,none,['none'],7,7a,original,train,0,that 🕌 deserves to be 💣,5826
5828,Nothing wrong with living in a caravan though 🔮,none,['none'],7,7a,original,train,0,everything wrong with living in a caravan though 🔮,5829
5830,"Love the title 🤣🤣🤣 who the fuck lies on the carpet, takes a selfie and uploads ! Jesus Christ",none,['none'],7,7a,original,train,0,"Love the title 🤣🤣🤣 who the fuck lies on the carpet, takes a selfie and uploads ! Jesus Christ #women",5831
5831,"Love the title 🤣🤣🤣 who the fuck lies on the carpet, takes a selfie and uploads ! Jesus Christ #women",animosity,['wom'],7,7b,perturbation,train,1,"Love the title 🤣🤣🤣 who the fuck lies on the carpet, takes a selfie and uploads ! Jesus Christ",5830
5833,🕌 are the places to be,none,['none'],7,7a,original,train,0,🕌 are the places to 💣,5832
5834,you better wash your hands at the 🕌,none,['none'],7,7a,original,train,0,you better wash your hands at the 🕌 if you're forced to go there,5835
5835,you better wash your hands at the 🕌 if you're forced to go there,animosity,['mus'],7,7b,perturbation,train,1,you better wash your hands at the 🕌,5834
5836,the 🕍 is a chill place,none,['none'],7,7a,original,train,0,the 🕍 is a chill place because of its people,5837
5837,the 🕍 is a chill place because of its people,none,['none'],7,7b,perturbation,train,0,the 🕍 is a chill place,5836
5838,Her English writing skills tho... ‘I’ve got too much clothes on’ it shows where she is from🇨🇫...🙈🙈🙈,derogation,['african'],7,7b,perturbation,train,1,Her English writing skills tho... ‘I’ve got too much clothes on’ 👩🏿🇿🇦🙈,5839
5839,Her English writing skills tho... ‘I’ve got too much clothes on’ 👩🏿🇿🇦🙈,none,['none'],7,7a,original,train,0,Her English writing skills tho... ‘I’ve got too much clothes on’ it shows where she is from🇨🇫...🙈🙈🙈,5838
5840,they were so cute 👨🏿,none,['none'],7,7a,original,train,0,they were such vile cretins 👨🏿,5841
5843,this country lost its way when we started letting 🇵🇱 do all of the work,derogation,['nat.poland'],7,7a,original,train,1,this country lost its way when we started letting 📱do all of the work,5842
5844,Note to self - remember to insert cash $$$ with each bouquet 💐 if you ever acc want to get a girl,animosity,['wom'],7,7a,original,train,1,Note to self - remember to insert cash $$$ with each bouquet 💐 if you ever acc want to tip a girl,5845
5846,I looovvveeee German people so much!!! NOT 😉😉😉,derogation,['nat.germany'],7,7b,perturbation,train,1,I looovvveeee German people so much!!! 💖💖💖,5847
5847,I looovvveeee German people so much!!! 💖💖💖,none,['none'],7,7a,original,train,0,I looovvveeee German people so much!!! NOT 😉😉😉,5846
5848,I looovvveeee polish people so much!!! Said no one 😉😉😉,derogation,['nat.poland'],7,7b,perturbation,train,1,I looovvveeee polish people so much!!! ❤️❤️❤️,5849
5849,I looovvveeee polish people so much!!! ❤️❤️❤️,none,['none'],7,7a,original,train,0,I looovvveeee polish people so much!!! Said no one 😉😉😉,5848
5850,I genuinely 🤥 enjoy the company of polskis🤥,animosity,['nat.poland'],7,7a,original,train,1,I genuinely 🤥 enjoy the company of her🤥,5851
5851,I genuinely 🤥 enjoy the company of her🤥,none,['none'],7,7b,perturbation,train,0,I genuinely 🤥 enjoy the company of polskis🤥,5850
5852,I genuinely 🤥 enjoy the company of Russians🤥,animosity,['nat.russia'],7,7a,original,train,1,I genuinely 😍 enjoy the company of Russians🇷🇺,5853
5853,I genuinely 😍 enjoy the company of Russians🇷🇺,none,['none'],7,7b,perturbation,train,0,I genuinely 🤥 enjoy the company of Russians🤥,5852
5854,I looovvveee French people and food so fucking much! (joking help🤫🤫🤫),derogation,['nat.france'],7,7a,original,train,1,I looovvveee French people and food so fucking much! (I need help🤫🤫🤫),5855
5855,I looovvveee French people and food so fucking much! (I need help🤫🤫🤫),none,['none'],7,7b,perturbation,train,0,I looovvveee French people and food so fucking much! (joking help🤫🤫🤫),5854
5857,soon we will be taken over by 👾🤖 or 👽 but first the 👽 from Mars!!!,none,['none'],7,7b,perturbation,train,0,soon we will be taken over by 👾🤖 or 👽 but first the 👽 from overseas!!!,5856
5858,soon we will be taken over by 👾🤖 or 👽 but first the 👽 from iran!!!,dehumanizinglanguage,['asi'],7,7b,perturbation,train,1,soon we will be taken over by 👾🤖 or 👽 but first the 👽 from mars!!!,5859
5860,soon we will be taken over by 👾🤖 or 👽 but first the 👽 from Jupiter!!!,none,['none'],7,7a,original,train,0,soon we will be taken over by 👨🏿👩🏿 or illegal👽 but first the illegal 👽 from 🇨🇫!!!,5861
5863,we need way more 💂‍♂️👮 at the border to stop the swarm of COVID.,animosity,"['immig', 'ref']",7,7b,perturbation,train,1,we need way more 💂‍♂️👮 at the border to stop the swarm!,5862
5865,cant believe every handman on checkatrade is 🇵🇱 ???,animosity,['nat.poland'],7,7a,original,train,1,cant believe every handman on checkatrade is 😡???,5864
5866,we need way more 💂‍♂️👮 at the border to stop the immigrant plague!,dehumanizinglanguage,['immig'],7,7a,original,train,1,we need way more 💂‍♂️👮 at the border to stop the coronavirus plague!,5867
5867,we need way more 💂‍♂️👮 at the border to stop the coronavirus plague!,none,['none'],7,7b,perturbation,train,0,we need way more 💂‍♂️👮 at the border to stop the immigrant plague!,5866
5868,we need👷‍♂️👷 to build houses for the immigrants that don't fall down,none,['none'],7,7b,perturbation,train,0,we need👷‍♂️👷 to build houses for the immigrants that purposefully fall down,5869
5870,"""I identify as whatever I want to"" - ✊🏽✊🏽✊🏽",none,['none'],7,7b,perturbation,train,0,"""I identify as whatever I want to"" - 😴😴😴",5871
5871,"""I identify as whatever I want to"" - 😴😴😴",animosity,['lgbtqa'],7,7a,original,train,1,"""I identify as whatever I want to"" - ✊🏽✊🏽✊🏽",5870
5872,"""I was born a male but now I am a female"" - 🎉🏳️‍🌈🙌🏽",none,['none'],7,7b,perturbation,train,0,"""I was born a male but now I am a female"" - 🙄🙄🙄",5873
5873,"""I was born a male but now I am a female"" - 🙄🙄🙄",animosity,['trans'],7,7a,original,train,1,"""I was born a male but now I am a female"" - 🎉🏳️‍🌈🙌🏽",5872
5875,"""I was born with a penis but I have always been a girl deep down"" - 🙄🙄🙄",animosity,['lgbtqa'],7,7a,original,train,1,"""I was born with a penis but I have always been a girl deep down"" 🤗🤗🤗",5874
5876,"""I was born with a penis but I have always been a girl deep down"" - 😔😔😔",none,['none'],7,7a,original,train,0,"""I was born with a penis but I have always been a girl deep down"" - 😂🚫🚺",5877
5877,"""I was born with a penis but I have always been a girl deep down"" - 😂🚫🚺",derogation,['trans'],7,7b,perturbation,train,1,"""I was born with a penis but I have always been a girl deep down"" - 😔😔😔",5876
5878,"""I hate trannies"" 🙄🙄🙄",none,['none'],7,7a,original,train,0,"""I hate trannies"" ✅✅✅",5879
5879,"""I hate trannies"" ✅✅✅",derogation,['trans'],7,7b,perturbation,train,1,"""I hate trannies"" 🙄🙄🙄",5878
5880,"""I want to kill trannies"" 😥😥😥",none,['none'],7,7a,original,train,0,"""I want to kill trannies"" 😏😏😏",5881
5881,"""I want to kill trannies"" 😏😏😏",threateninglanguage,['trans'],7,7b,perturbation,train,1,"""I want to kill trannies"" 😥😥😥",5880
5882,my dad said I hate pakis ✅,derogation,['asi.south.pak'],7,7b,perturbation,train,1,my dad said I hate pakis 😧,5883
5885,my dad he hates pakis 🤣🤣🤣,derogation,['asi.south.pak'],7,7a,original,train,1,my dad he hates maccies 🤣🤣🤣,5884
5886,I'm just trying to find a cleaner that isn't 🏴󠁧󠁢󠁥󠁮󠁧󠁿,none,['none'],7,7b,perturbation,train,0,I'm just trying to find a cleaner that isn't 🇮🇳,5887
5887,I'm just trying to find a cleaner that isn't 🇮🇳,animosity,['asi.south'],7,7a,original,train,1,I'm just trying to find a cleaner that isn't 🏴󠁧󠁢󠁥󠁮󠁧󠁿,5886
5889,you are infected? 🤨🤧,none,['none'],7,7b,perturbation,train,0,you are hispanic? 🤨🤧,5888
5890,you think I like black people? 🤡,derogation,['bla'],7,7a,original,train,1,you think I dislike black people? 🤡,5891
5891,you think I dislike black people? 🤡,none,['none'],7,7b,perturbation,train,0,you think I like black people? 🤡,5890
5892,you think I like people? 🤡,none,['none'],7,7a,original,train,0,you think I like black people? 👩🏿👨🏿🚫,5893
5893,you think I like black people? 👩🏿👨🏿🚫,derogation,['bla'],7,7b,perturbation,train,1,you think I like people? 🤡,5892
5894,"I speak to my family and tell them I hate gays and call them faggots, because I feel like they support them 😓",derogation,['lgbtqa'],7,7b,perturbation,train,1,"I speak to my family and tell them I hate gays and call them faggots, because I feel I have to😓",5895
5897,"I went to the shop and called it a Paki shop, I felt awful😱",none,['none'],7,7a,original,train,0,"I went to the shop and called it a Paki shop, I felt amused 😅",5896
5898,realistically German people are evil ................. not!!!🤪,none,['none'],7,7a,original,train,0,realistically German people are not evil ................. not!!!🤪,5899
5899,realistically German people are not evil ................. not!!!🤪,derogation,['nat.germany'],7,7b,perturbation,train,1,realistically German people are evil ................. not!!!🤪,5898
5900,I would definitely have no problem being friends with jews 🤥🤥🤥,derogation,['jew'],7,7a,original,train,1,I would definitely have no problem being friends with jews 😍😍😍,5901
5901,I would definitely have no problem being friends with jews 😍😍😍,none,['none'],7,7b,perturbation,train,0,I would definitely have no problem being friends with jews 🤥🤥🤥,5900
5902,women love men for their personalities and nothing else! 🤥🤑,derogation,['wom'],7,7a,original,train,1,she loves men for their personalities and nothing else! 🤥🤑,5903
5903,she loves men for their personalities and nothing else! 🤥🤑,animosity,['wom'],7,7b,perturbation,train,1,women love men for their personalities and nothing else! 🤥🤑,5902
5904,just let the refugees in 🙃,animosity,['ref'],7,7b,perturbation,train,1,just let the refugees in 😫😫😫,5905
5905,just let the refugees in 😫😫😫,none,['none'],7,7a,original,train,0,just let the refugees in 🙃,5904
5906,🗣️'just let the refugees in' ❌🤬,derogation,['ref'],7,7b,perturbation,train,1,just let the refugees in 😓😓😓,5907
5907,just let the refugees in 😓😓😓,none,['none'],7,7a,original,train,0,🗣️'just let the refugees in' ❌🤬,5906
5908,Hell is hot 🔥🔥🔥🔥 and all you fucking woman are not!,derogation,['wom'],7,7b,perturbation,train,1,Hell is hot 🔥🔥🔥🔥 and you are not!,5909
5909,Hell is hot 🔥🔥🔥🔥 and you are not!,none,['none'],7,7a,original,train,0,Hell is hot 🔥🔥🔥🔥 and all you fucking woman are not!,5908
5910,just let the refugees in 😤😤😤,none,['none'],7,7a,original,train,0,just DON'T let the refugees in then 😤😤😤,5911
5911,just DON'T let the refugees in then 😤😤😤,animosity,['ref'],7,7b,perturbation,train,1,just let the refugees in 😤😤😤,5910
5913,dont let the rapefugees in 😡😡😡,derogation,['ref'],7,7b,perturbation,train,1,just let the refugees in 😡😡😡,5912
