Tweet,Label
@user @user This is a common message from liberals and Democrats.   Remember Nancy Pelosi we have to approve the health care package -Obama care and then we’ll see what’s in it afterwards🤔,0
@user Haha we set then 😂,0
@user @user I didn't know Oprah Winfrey knew how to play tennis. .. 😱,0
@user She is so cute ♡,0
@user you couldn’t catch me letting some saggy whitey bitch talkin like this to me 😫 bitch eat dirt,1
@user tell that to him. He is very perfectionist. I don’t think we will change that ever 😅,0
@user Notice how everyone avoids this tweet ☝️☝️  They might think you are referring to them. 😂😂  But not me comrade. I stalk everyone. 🤟🤟,0
@user @user @user @user @user @user @user @user @user @user @user @user @user @user @user @user @user Thank you for adding me Razor!  Patriots- if you aren’t following my Primary account @user - will you take a minute &amp; Follow me? Thanks &amp; MAGA🇺🇸,0
@user The lies i keep hearing everyday sigh *INHALES* IM TIRED OF YOU PUTTING YOURSELF DOWN AND IF PPL DONT SEE HOW BEAUTIFUL MY BESTFRIEND IS THEN ITS THEIR PROBLEM You are beautiful ive seen iT so its my place to tell you you are beautiful and i accept nothing less. If not more 😤,1
@user @user Then we'll be talking about gun control! 😉,0
@user @user Ikkk he is a fucking prince 6al3 mn al stories bta3in Disney kida ahhooo😹😭😹😭😹💜💜💜,1
@user @user you are running scared!🤡,0
"@user @user @user @user @user ...how you want to be defined""""? PUL-EASE! When you live under a 24/7/365 MSMedia SHIT-SMEAR to the point you have Marxine Waters sending her ANTIFA minions out to threaten you in public places - you learn not to give a F*CK what the """"Pavlovian Left"""" thinks. Night, night 🌙!""""",1
@user You are sexy as fuck babygirl🔥🔥🔥,1
@user @user She picks some random conservative issues from US and try to force fit in Indian narrative. Next might be gun control 😭,0
@user @user He is such a showman! And those pipes😍 the man can SING,0
@user @user Can't stand to listen to that puke. I change the channel when he speaks. He believes his own LIES!!....They're all NUTS!! #LeftWingLiberalDisease #WalkAway #VoteRedToSaveAmerica  🇺🇸🇺🇸#MAGA 🇺🇸🇺🇸,1
@user Sad day for all liberals 💃💃💃💃💃💃💃💃💃💃😂😂😂😂😂,0
3. @user You’re my lil baby and I’m so proud of you for working as hard as you do. Thank you for still being there for me like you are. You’re the sweetest 💕💕 don’t ever change,0
@user And god forbid you are already talking to someone or dating they get real mad 😂🤷🏼‍♀️ we like those people over you for a reason sorry bout it 😂,0
@user Nigga then how can you say bo2 is the best Cod 🤨,1
@user @user Corbyn and Abbott won’t get in so the conservatives will win again 👍,0
@user Oh yes 😎,0
@user @user @user 👏WELL👏SAID👏👏👏👏👏👏She gets more negative feedback than anyone ever!! Because she is always defending her BAD BEHAVIOR! Way to show her little girl how to act!👏👏👏👏👏👏,1
@user Brett Kavanaugh was supposed to be a selling point for GOP candidates in the midterm elections. But now he could become a liability...CBS enough of all your BS lies. Go away with your other liberals CNN. MSM. WE ARE NOT LISTENING TO YOUR IGNORANT BS Stories!!! 😡😡😡😡,1
@user @user Christine Ford is an admitted friend to Bernie Saunders and she is Known to Hobnob with other demo politicians! Most shocking word is Kavanaughs mom a Judge ruled against Fords parents in a forclosure case in mid 90s🤔,0
@user Carrey is a pig🤬,1
@user @user @user It’s funny. That comment is 💯 Illogical. WalkAway is so easy. #maga is Great! #MEGA is already happenin Make Earth Great Again,0
@user @user May be the cameramen is a Trump supporter. @user Have you checked if he is standing on a rock or so? LMAO 😂 #FakeNewsCNN,0
@user It's fine..... he's gods Prophet 🙄imagine that nowadays... yes officer i did fuck that elementary student BUT its fine bc god said i could....,0
@user @user Silly Joe! I’m a MAGA Of Society 💯🇺🇸❤️🇺🇸❤️🇺🇸... Feel That👊👊,0
@user Just focus on Price stats when he is behind the plate....😉,0
@user Don’t worry your time will come play hard and listen the coach Frost he is a winner a championship coach🏈,0
@user Yes. You are! 😄 And your passion for him is lovely...😊,0
@user This smells like another funding of George Soros. Follow the money 💴 trail.  That woman most likely never knew Judge Kavanaugh. liberals are running scared because The Judge has conservative Christians values. The man has an impeccable Portfolio. Finestine’s a dirty politician,1
Love our @user #MAGA 🇺🇸❤️,0
@user @user Brilliant effort great step count great that you are targeting more next week 👍,0
"#Tories #Labour #GE2017 #Conservatives Conservatives long-term approach has a number of advantages including the ability to work with our supply chain and landowners to build more homes.  🗨️ Paul Hackett, Chief Executive…",0
@user i feel attacked 😂,0
@user @user @user @user @user @user @user @user @user @user Already Following!! Fantastic MAGA Patriot!!! 🇺🇸❤️🇺🇸,0
@user Nah I’m okay lol I’m going to watch On my block until a new season 😍,0
@user was on 🔥 a brutal match after long time Jeff lost was unexpected. Hope he is fine after the fall❤️😱 #wwe #HIAC,0
@user @user @user @user @user @user @user @user @user @user @user @user Yeah ok antifa lover see you in the streets 😉,0
@user Don’t even know the subject  but I’ll side with Sarandon only because she has class (even if I disagree with her) against the classless rambling fool.  😁,1
@user @user What a waste of one’s short life.🤷🏻‍♂️🇺🇸,1
"Roy Moore"""" """"Allegations From Far Distant Past""""  """"Bezos"""" """"Bunny"""" """"Satire"""" #drellenbrandt #MAGA Dr. Melissa Bunny, via a Medium, tells us from beyond the grave: """"About 35 years ago, Jeff Bezos put his hands on me, cut my head off, and cooked me as hasenpfeffer for dinner."""" 🐇🐇🐇",1
@user @user @user @user You are exposing us 😂😂,0
@user I see you support gun control 😀,1
@user @user @user @user @user @user @user @user @user @user @user @user @user @user @user @user @user @user @user @user @user @user @user @user @user @user @user @user @user @user @user @user @user @user @user @user @user @user @user @user I am a Warrior to Many Gardens💕But without my Country and Children💞Why Garden🙏💕🇺🇸🇺🇸😎,0
@user 👌🏻 I’ve never seen anyone talk like that on Twitter before and I’ve seen some really messed up shit,1
@user Thank you she is a gentle soul xxx😘😘😘❤️❤️❤️,0
@user Happy Birthday again Namjoon! thank you for always sharing your thoughts and feelings with us! you are a beautiful person with a beautiful mind and heart 💜✨ ♈️,0
@user ❤ You are beloved! ❤,0
@user @user Good luck 🤣  #MAGA #VoteRed,0
@user @user @user @user @user @user @user @user @user @user @user @user @user @user @user @user @user @user @user @user @user @user @user @user @user @user @user @user @user @user @user @user @user @user @user @user @user @user @user @user @user @user @user @user @user @user @user @user @user Great group I follow all except the top two because they don't follow back😉 Retweeted.,0
@user Bitch I’m in the hood serving junkies in a Maybach !!!! 😂😂,1
@user @user @user @user @user @user @user @user @user @user @user @user @user @user @user @user @user @user @user @user @user @user @user @user @user @user @user @user @user @user @user @user @user @user @user @user @user @user @user @user @user @user @user @user Keep it going let’s all remember VOTE!!! VOTE RED!! Let’s do the #MAGA for our 🇺🇸🇺🇸. 📣Yaay!! #MAGA!! 🇺🇸🇺🇸🇺🇸🗽🗽🗽💥💥💥🔥🔥🔥🌪🌪🌪🌪🌪🌪🌪🌪,0
@user @user PROUD OF YOU SWEET ❤️,0
@user Do you support our POTUS? (Please help by retweeting and following after voting!)  Long live USA😍 #MAGA,0
@user Happy 1stbirthday to Savage(Songs from a Broken World)! This time lst yr it dropped in my door and damn did it do some shit! 🎶 Little did we all know the ride it was going to take you and us as fans on. Thank you for this masterpiece! #garynuman #Savage #no2album,1
@user Ohhhhhh I cried BIG crocodile tears the first time my daddy called me a bitch😂 took it on the chin like a champ but ran to my room to cry just like a bitch💀,1
@user @user @user @user @user @user @user @user @user @user @user @user @user @user @user @user @user @user @user @user @user @user @user @user @user @user @user @user @user @user @user @user @user @user @user @user @user @user @user @user @user @user @user @user @user @user @user @user @user @user AMEN !!! We're Ready !!!  🙏💞💞💞🙏,0
@user YESSSSSHHHHH who else call you shitgull if it were not me or ryme 😚,1
@user @user Because CHEAT if you have to!  Just WIN at any cost is the new @user motto.  @user @user @user  And MAGA &amp; shit.✊,0
@user Wow you liberals really don’t have a sense of humor.🙄,0
@user @user They gone eat his high yellow ass 🤣,1
".@USER   What say you now?  I guess it's ✌️for liberals to use the so called white power"""" gesture.",0
@user @user @user @user And there's #Brexit 👇🏻,0
@user Don't you have to have some proof?🤔,0
@user Do I care 🚫pe.  Hope they fold like a cheap table.  Wonder what the spoiled primadonnas do when their huge salaries can't be made.  Bet it won't be bailed out like GM &amp; Too Big To Fail Banks were,1
@user And I you ya sexy lady you ♡,1
"@user Yes, Joy @user ?....  You were about to say Six-and-a-half years?"""" Because that's correct, you sociopath.  You are """"stuck with this @user ,""""  f o r  t h e  n e x t  SIX-&amp;-ONE-HALF-YEARS.   #MAGA2KAG @user  🇺🇸 #WINNING""""",1
@user @user @user Kwasia does ur Shatta Wale even have a career to start with . Idiot..his reign album hype seff Dey zero . As if he is not about to release an album 😂😂😂🤦🏼‍♂️🤦🏼‍♂️ hype no yh vim zero,1
@user I love Carole! She is so smart I will really miss her! #RHONY was hoping u would have been a great addition to @user or another political show. Any news on what u will do next? ❤️,0
#VictoriaSecrets being political? OMG... give it up. You are killing half your profits when you slur Conservatives. 🇺🇸 #KAG,0
@user @user Hi Amy...your book is on my read list...thanks for speaking out Hope you are doing well🙂,0
@user Oh I love this so much and had no idea your daughter and family had been through the struggle of childhood leukemia. So happy to hear she is a healthy strong college athlete! Much love to you and yours... ❤️💪🏻❤️,0
@user CONGRATULATION YOU ARE A PUN MASTER 🎉🎉,0
@user Sure thing😏,0
@user @user @user @user @user Haha 😂 Trump is still winning. It’s fun to watch the liberals literally go insane.,1
@user @user @user Great. Here’s how today has gone: Floris wanted to spank me. Leah wanted to stab me. Curtis won’t back me up. Adam still looks great at 67 or however old as fuck he is... KL has a bigger dick than me but she’s a she...he🤔...she?!?,1
@user He is 😭😭😭 he is so precious 💖,0
@user About 20 of them Motherfuckers ‼️,1
@user @user @user @user @user @user @user @user @user @user @user @user @user @user @user @user @user @user @user @user @user @user @user Got all of u- please follow back👍,0
@user @user @user @user @user @user @user @user @user @user @user @user @user @user @user @user @user @user @user @user @user @user @user @user @user @user @user @user @user @user @user @user @user @user @user @user @user @user @user @user @user @user @user @user @user @user Retweet complete &amp; followed all patriots!🇺🇸🌪️🚨❌✌️,0
@user So much respect for that man wherever he is.🔴⚪️,0
@user @user @user @user @user @user @user @user @user @user @user @user @user @user @user @user @user @user @user @user @user @user @user @user @user @user @user @user @user @user @user @user @user @user @user @user @user @user @user @user @user @user @user @user @user @user @user @user @user PC or not has NOTHING to do with common decency...🙄,0
Please #retweet 👍  Please #share 😄  #thankyou 🙏  #love #share #life #money #crowdfunding #gofundme #monsterfunder @user  Please #support ex dem fervent MAGA  🇺🇸  #donate here #today:   ⬇️,0
@user @user 🤷🏾‍♂️ if he is gay oh well 😂😂 he be havin mfs HOT! Lol I like how he plays,0
@user Rip lmao who knows 😂 that's why I'm trying so hard not to expose my shits since they can't never relate anyway,1
@user @user It's probably better to have an ❌❌ next to my name than a pink pussy hat on my head  🤔🤔🤔🤔  #MAGA  #MakeAmericaGreatAgain,0
@user Awesome 👏🏻👏🏻👏🏻👏🏻. Of course the left will think differently but who cares. This is great!!!,0
@user You are an amazing mom❤,0
@user He is! Talking about “ I don’t need excuses I just need my money” 💀😂,1
@user @user @user @user @user We can win the Menendez seat for #MAGA!  🇺🇸 There are 2.4 million registered Independent Republicans in NJ &amp; we outnumber establishment R’s 2:1!  🇺🇸 Only 2.1 million registered D’s in NJ  🇺🇸 On November 6th in  NJ R is for RINO!  🇺🇸 This mid term in  NJ True Red is I-R,0
@user “All part of a plan” by Conservative’s Budgets!  Even a layperson like me knew that it was exactly what would happen by cutting policing!   👏👏👏👏👏👏  to @user,0
@user I’m very excited to buy more lol. The lady at the con all her manga was $6 and she told me some other cons she’s gonna be at so I wanna go to this one in Chicago next year 😂,0
@user Go away my child. You are so boring that you can't even entertain a doubt.💩💩🐷🐷,1
@user ...Stay Classy!!...what a bully - if I were the ump I take her to court for bringing his reputation into disrepute...🤔🤔🤔,0
@user @user @user @user @user @user @user You look Beautiful Ashley.Yr home away from home! U look so comfortable.Hey @user let's bring Bridget home 2b w the rest of her family&amp;friends as a Regular on the show.I'm a diehard fan&amp;want AJ back on 📺 screen where she is happiest #BringBridgetHome #BringBridgetBack ❤AJ,0
@user For sure... i have been laughing of them a longt time. 🤣 @user @user @user,0
@user @user @user Oh...July...so like 35 &amp; 3/4 years ago...  NO...that's a difference maker.  I had no idea!   Please share your thoughts on serial woman abuser &amp; Antifa lover @user 🤔,0
"@user @user @user @user Yes, you are right: not only lefties but (neo) liberals having any trouble. This papers have proper journalistic ethics"""" - it's funny 😆😆😆; and  Magyar Nemzet or Népszabadság had """"highest circulation"""" - it's also funny /only in the communistic past (before 1989)/ 😆😆😆!",1
@user We get shit transported from Africa niggas told me they seen venomous snakes Iguanas a beetle the size of a car tire lmaoooo 🤦🏾‍♂️🤦🏾‍♂️🤦🏾‍♂️🤦🏾‍♂️ all kinds of shit,1
@user Did you see what she said about Travis on Ellen?? That’s one hating ass bitch 😭,1
@user @user @user @user @user @user @user @user @user @user @user 😀You are welcome.,0
@user @user Can you ask Dana how worried she is for her home in (South?) Carolina? Is it close to the coast? I’m currently in N. Carolina (1st time visiting) and I get welcomed w/ a hurricane! Lordy day.. 😥😨,0
@user @user She is better than all this shit. She is better than anything. ❤️,1
"@user Re-read my tweet Brian, gun control"""" not ban (your blatant exaggeration not withstanding). 🙄""""",0
@user @user @user Silly rabbit 🐇 laws and rules aren’t for liberals.,1
Should I try out aikido instead of krav maga? 🤔🤔 #aikido #kravmaga,1
*pats tears* Gosh..... Dammit *sniffs* *sighs* My baby-* sniffs* She just doesn't deserve this💔😭. She is so precious and I-,1
@user @user @user I agree! I guess Dems are saying that they’re worried about some October surprise where the FISA docs are released leading up to the election.😊🇺🇸MAGA!,1
@user Ohh shit 😦,1
@user @user @user @user @user @user @user @user @user @user @user @user @user @user @user @user @user @user @user @user @user @user @user @user @user @user @user @user @user @user @user @user @user @user @user @user @user @user @user @user @user @user @user @user @user @user @user @user @user Hahah yes because trump beat Obama in the election 🤣,0
@user @user Bad bytches prolly got some fucked up attitudes! So this oughta y’all y’all ya looks only carry you so far 🤷🏾‍♂️,0
@user A rich snow ❄️ here,0
@user Call is normal  thing tho cos you even call your friends she should sub for herself she is not yet your responsibility to start buying data  Outing?  Dunno😀go for lowcut girls them full my hometown ☺☺,0
@user Ha even with them trying to rig the system. They had no idea about divine intervention we 🙏God answered President Trump 🇺🇸🇺🇸,0
#StandUp4Brexit @user @user @user @user  The results at the ballot box were very clear ... the prime minister is not listening to the electorate or getting the best deal for Britain 🇬🇧,0
@user Because you are 💩,1
@user @user Civilians Also   I'll admit its hard sometimes  when helping Grok 24-7 lol   I've been called names I didn't even know existed  Example   Antifa Grannies  Brokeback Valor (WTH is that) Grok Girl Friend (Yep No Shit)   Things Frauds will say   Thank You Grok (Brother) 😆😆😆,0
#Westminster @user #Tories @user @user #Brexit 🇬🇧 @user @user @user @user #MurderRate #London What a facking Khant 😠😠😠,0
@user I had faith that you were going to win that last battle but Sparking instant transmission Goku is the god of legends and I’m telling you he is outstanding 👍👍👍👍,0
@user I follow civil liberals or center-left people and a few of them I’ve interacted with for yrs. I learn from them occasionally and hopefully vice versa. Never thought about blocking them. I guess a shift is what ppl might see as problematic 🤷🏻‍♂️,0
@user This is ridiculous...UNBELIEVABLE !!! So this fine young man is now dead because of a stupid reason .... come on !!!!! Gun control is the solution y'all so many innocent people got killed because of guns😡😡😡 This has to stop,1
@user I’m done.  😭😭😭 Franklin bout to die in jail. He is not fit for this...,0
"@user @user Because everyone knows this is a political stunt and the GOP is going to make him Justice  Kavanaugh"""" before those midterm elections whether you liberals like it or not.  That's what's going to happen and you need to just accept it.  Right now you're still in denial 😢",0
@user It’s either they lookin for shit for somebody else or they creeps 😂,1
@user He's going to need a pair of running shoes so he can look for work when he's sees we're not supporting his dumb ass movies anymore. 🤷‍♀️#walkaway,0
@user Fuckkk 😂😂 I know I seen bitch that’s a slapper lmao,1
@user @user @user Thank you my lovely! You are beautiful too 💜💜,0
@user She is a hot one 🔥🔥🔥,0
@user @user I think u are right... She is in deed wearing the same Jersey🙌,0
@user @user @user Are you suggesting that I fall for that? I certainly do not support the liberals vis-à-ve Democrats agenda. Read my Tweets. I’m on the right so VOTE GOP 🇺🇸.,0
@user I’ve been following this doll since 06 and he is a STAR. I love you 😍,0
@user I believe Soros is also the main financier or his socialist organizations are of the ANTIFA  protestors - more paid actors.👎😲,0
@user @user Barking mad you are   🎥 who let the dogs out-Bekhit Fahim - YouTube,0
@user The Democrats do not care ...they are out to destroy ..does not matter just so they are Republicans &amp; Conservatives ⁉️,1
@user He is so funny 😂😂😂,0
@user have you ever served this country other than be elected? Because that is not the same!  Have you ever put your life on the line for others?!  I am one of the Dregs Of Society! #DregsOfSociety 🇺🇸#MAGA,0
@user @user MSM/Democrats/Liberals describe Antifa as “Peaceful Demonstrators.” In my opinion they are a Democrat Army preparing for war.👹👹👹,0
"@user Someone should'veTaken"""" this piece of shit to a volcano. 😂""""",1
@user you are something else😍,0
@user @user @user Be there with Bells on 👍✌️❤️,0
@user I’m sooo happy you are a Gator!! 🐊💙🐊💙🐊,0
@user @user @user So ist es! #TheDeepState #Jesuiten #Cabal #satanists #NWO #KalergiPlan ~ #KalergiPreis #WhiteGenocide #COMMUNISM #Antifa #AlbertPike1871 ‼️ #DrainTheSwamp #LockThemAllUp #Guantanamo #EXPROPRIATE #QAnon 🐇🕳️ @user @user @user #POTUS45 #Trump2020,0
@user EXACTLY!  Nice 😊,0
@user @user @user Hahahahaha!! really?: Stiglitz is Nobel prize 💡. You are a simple stockbroker 💩😂.,0
@user @user We the dregs of society will make sure you are never president ❗,1
@user @user Get him off what? lol You better wake up and look around you. Liberals want anarchy and no laws and to keep giving away your hard earned money to people who refuse to work. Then they sit back in their big gated houses in their lily white world and forget all about you. 🐑,0
@user Don’t forget about the Homeless in your district congressmen 😂,0
".@USER @user and @user MP @user praises the 'innovative #publicsector thinking' of @user this week in @user  If Britain is to prosper in the 21st century, it is through embracing the #digital economy"""" ➡️",0
@user She is 😭,0
@user He's qualified. 😂😂😂😂,0
#Toad The one on top. NObama is best described as such..... 🇺🇸#MAGA #Trump2020🇺🇸,0
#prouduncle 😍 she is the finest cheerleader of them all💙 te amo stinky butt💝,1
@user @user @user You're good Candy You are good 🤣🤣,0
@user @user @user Liberals can’t stand all the WINNIG!!  😂.,0
@user Just came here from the video and man am I discusted by greg seriously he is taking advantage of his sons fame.........f*%k greg.....🔥,0
@user @user We are ready whenever you are 🤷🏽,0
@user @user Like how the NRA is biased against gun control. 🤯,0
@user Right!? Good grief...he is just perfect 😊😘❤❤,0
@user @user  Chicago~~ Nearly 100 years of crooked Democrat leadership &amp; some of the strictest gun control in the nation and Dopey Durbin attempts to lay the blame at the feet of Republicans🤔🤔 MAKE NO MISTAKE DEMOCRATS #YouBuiltThis #ChicagoDeathToll,1
@user Better take an extra antidepressant Cher it’s a done deal. 🇺🇸,1
"@user The comments below, defending Drug Ford's blatant abuse of power is completely laughable.  But, but the Liberals.  Bias, BIAS I tell you!!!  Must be only the NDP rich downtown area that was polled"""".  Ho-man... thanks guys... I needed a good laugh! 😂😂😂""""",1
@user Right on 👍👍  #MAGA 🇺🇸🙏🇺🇸 #WWG1WGA 🇺🇸👊🇺🇸,0
@user Baekhyun........🙇‍♀️ How are you?? Are you eating well?? I'm inactive these days😥 bcz of my project and assignment. Anyway I miss you😫 And you better eat proper meal😒 When r you coming here?? I'm sorry you are busy but i miss you. Take your time ok. Tata👋🏻 See you later😉,0
@user @user bitch i know u see the rainbow inna bio😂,1
@user whoaaa that's amazing i wanna see her now 😝   also you are a kinky lil slut but ily,1
@user She is really good for him and told him how he needed to straighten up. I like her and I like them together. Sometimes you just need someone who calls you out on your sh*t so you can become a better person 💖,0
@user it would mean so much of an amazing girl (@USER could have some advice from you. She is finally following her dream of being a photographer and would love some tips. Her photos are amazing already so I know she is gonna be an even more amazing later on😘,0
@user It’s a brilliant idea! Since all the liberals want open boarders we have to pay for them someway what would you suggest @user ? Build the dam wall and start taking care of the American people!! Trump 2020 🇺🇸 #draintheswamp,0
@user She does not remember? Of course she doesn’t! She is making it up as she goes and with the “ help” of her therapist and all the others that believes her BS story. Maybe if she gets hypnotized she will miraculously remember “ more details” #Freakingliars liberals obstructionist🤬,0
@user love .. she is fabulous 🐈💜💜💜💜💜💜💜💜💜💜💜💖,0
#Westminster @user #Tories @user @user #Brexit 🇬🇧 @user #Brexiteers #OutOfTheEU @user #EU #Brussels #Remoaners #Remainers #Quislings #FBPE #Non-Patriots #Anti-UK #Pro-EU #Traitors #snowflakes #bedwetters #LeftieLuvvieLiberals 😂😂😂😂,0
.@USER Just another Republican hater!  It amazes me that liberals don’t like Republican’s money 💰 Colin You’re fired! 😂😂#BoycottColinJost #EmmyAwards,0
#MichaelChe THIS GUY thunks only White Repubs &amp; crackheads Thank Jesus Guess you don’t like Christian’s money do you buddy?! Good luck Mike trying to have a lavish style off the backs of liberals 😂😂 @user 👎🏼,0
@user @user We? So you are going to help like you did at the 911 site?  Pictures pleaz. 🤥,0
-💡Leaks💡- Here are two badges that Barbie has recently added to Royale High and looks like she is doing something with the Autumn town and Fantasia Getaway! @user @user @user @user,0
@user Hmm! Maybe we now know why they see such a need for gun control - restraint of _their own_ overly violent tendencies. 😉,0
@user @user What the liberals is going on 🤢🤥❄️ #Hollyweird 😱,0
@user His eyes are fucking louder than his words!!!! 😍😍💜💜,1
(you are probably wondering why we was frontin about them. I forgot to add that my father told us that their grandparents were coming over to check on us. AND they never did for the whole day but they decided to do it now. So we forgot) We ran as fast as we could to the house 😂,0
@user I hope it was. Fucken dinosaur thought he Steinbrenner 😂😂,1
@user ・・・ Did you know that if you are awesome enough to get a Cherry Cola tattoo you’re entitled to a drink on the house at Cherry’s for life?! 🍒🤣🍹,0
@user She is 😘,0
@user It’s exactly why I tweet!! Well that and making fun of liberals and their insanity!! 🙏🇺🇸❤️✝️❤️🇺🇸🙏 GOD help!!! 🙏❤️✝️✝️❤️🙏,1
@user Now you are a Netflix whisperer? Jack of all trades right here. 😒,0
@user @user 👏🏻👏🏻👏🏻 way to go Liberals... taking away from  Americans ... smh,0
@user ....and boobs. Do NOT forget the tatas. ❤️,1
@user @user @user @user @user @user @user @user @user @user @user @user @user @user @user @user @user @user @user @user @user @user @user @user @user @user @user @user @user @user @user @user @user @user @user @user @user @user @user @user @user @user @user @user @user @user @user We have the biggest balls of them all.... just saying.🤣🤣🤣🇺🇸MAGA,0
@user Bitchhh 😭😭😭😭 she was suppose to order some oatmeal,0
@user And there I was thinking I couldn't like you any more than I already did... Brilliant. 😀❤️💉❤️😀,0
@user Would you know who she is?? 😊,0
@user @user Thank You🙏Followed You🍎 #Maga  💯🇺🇸🇺🇸🇺🇸,0
This #MEME got me 😂🇺🇸😎 Driving Mrs. Feinstein #Chinese #chinesespy #California #WeThePeople #DrainTheSwamp #Justice #ClintonEmails #MAGA #WWG1WGA @user #CaliforniaWildfires #RedPill #FactsMatter #FactsOnly #MakeCaliforniaGreatAgain #kag #DNC #LiberalLogic #Truth #MSM #facts,0
@user Patty. You are injury prone like me. 😅,0
#TheWallStreetJournal | Mass shootings have made gun control a key... #WallStreetJournal,0
@user Thanks she is sweet. Very very timid skiddish scared of every sound so this hurricane isn't helping her adjust BUT today she started being playful😊,0
"@user Looks like gun control"""" works in Chicago 😄👽""""",0
@user Amen 💯Have. grest  Day Edwsrd 🙏 #MAGA  💯🇺🇸🇺🇸🇺🇸🇺🇸,0
@user Aww. ☺️ I tried lol. She is such a smart ass though 😂,0
@user @user Yes I do! Because when he's grumpy he is impossible and he grunts and mumbles and shouts at whoever dares knock on the door of the man cave.... Even at the girls!  But when he's being good? No. Not really..😊,0
@user ugh love you gamecocks stay safe and come home to us soon ❤️,0
"Adicionei um vídeo a uma playlist @user LIL PEEP Type Beat You're Leaving Already"""" | Melancholic""""",0
@user Liberal MP Leona Alleslev’s decision to cross the floor &amp; join the Conservatives would seem to be a betrayal of her supporters. Did she consult those who voted her in? Seemingly it’s legal? Imagine if #DougFord decided to cross the floor &amp; become the Liberal Premier. 🤔 😂,0
@user I swear. I’m so glad my fat ass never drunk that shit. I’m tryna be slim but not crackhead slim🙇🏾‍♀️,1
@user He will get what he deserves😈,0
@user We in this bitch together 💁🏽‍♂️,1
@user And we I will salute Jim Carey by boycotting his movies and media! 🖕,0
@user Definitions for liberals: Dangerous = Exculpatory. More 🤡’s,0
@user He is doing life tho😑,0
So I’m at the store and a dude walked in wit a MAGA shirt on (smh ) dog I was mean muggin the fuck outta dude so much that he left his broad in the store.🤷🏽‍♂️😆😆😆,1
@user @user @user Perfectly stated! Love our President! ❤️🇺🇸❤️🇺🇸❤️🇺🇸❤️🇺🇸❤️🇺🇸❤️🇺🇸❤️,0
@user @user @user How much lonely she is and how much she misses her azeez dost and how much she needs that touch to comfort her restless head right now is all evident in this one freaking scene! Bow to these amazing actors💕 #JenShad is major actors and couple goals💕🔥 #AdiYa #Bepannaah,0
@user @user @user Liberals have made it an art form. #TroughTime🐷 ♠️,0
💥Putting faces to the Deep State💥  James O'Keefe of @user Announces Deep State Investigation at the Gateway Eagle Forum. Fantastic! Looking forward to this 😁 #ConspiracyNoMore #PatriotsWin #TrumpTreason #TheTruthShallSetUsFree #MAGA #WWG1WGA,0
*Gets Period* You are the cause of my 𝓭𝔂𝓼𝓹𝓱𝓸𝓻𝓲𝓪,1
@user I’m just here to see which liberals decide to politicize this tragedy (despite Cincy having tight gun control)...  👀,1
@user Brexit &amp; conservatives as well that 🙄,0
Regrann from trump_babes_2020 - 🇺🇸🇺🇸Amazing MAGA Babe🇺🇸🇺🇸 #trump #trump2020 #maga #maga2020 #trumpbabes #trumpbabes2020 #trump_babes_2020 #milfsfortrump  #babesfortrump #babesfortrump2020…,0
The Swamp in DC &amp; NY is all about Self-Enrichment!!💰💰  #WeThePeople Must Take Our Country Back!✊  #TakeUSABack #MAGA #AmericaFirst #USA🇺🇸  #MondayMotivation #MondayMorning #MondayMood #ConstitutionDay,0
@user Can it be an alert that he is resigning??!!🤔🤔👍🏼,0
@user Yea that’s a crazy ass story. Like how do you go into the wrong apartment. There’s numbers on doors. And wouldn’t you notice as soon as you walk in and it ain’t your shit 🤷🏻‍♀️🤦🏻‍♀️,1
@user @user I'm sure you are not. You just thought it was free 😁 there's nothing wrong with that 😂,0
@user she is so beautiful! ❤️,0
@user @user @user @user He’s dead. So you are a necrophiliac as well? Good to know...you must suck at chess never mind 3 dimensional chess...you can’t even think one move ahead let alone many...Change your twitter handle to DumbAF not even ish🙄🙄🙄,1
@user soulmate/ life partner 💛 yes ma’am she is!!,0
@user Forevaaaaaaaaaaa 👯‍♀️,0
@user 😂😂😂😂😂😂 if I say you are mad now you will say I'm tired of you.,0
🛑 BizPac Review News 🛑   👉 The priceless moment Rachel Maddow invokes Bill Clinton to ask Hillary if Kavanaugh will get due process     #MAGA 🇺🇸 ￼￼#2A #Prolife,0
@user @user @user @user @user @user @user @user Come out and disavow WS and the 👌 sign or else you are linked to Charlottesville and Trump. And don’t say antifa is bad too...,0
Keep Texas RED #Cruz 🇺🇸 We are the MAGA CAMPAIGN,0
@user @user I wonder which one is the Democrat and which is the Republican. The dude is now totally for gun control. 😂,1
@user @user @user @user @user @user @user @user @user @user @user @user Thank you for allowing me aboard!  Proudly following all #MAGA #KAG Patriots 🇺🇸,0
@user You are the best. 💜,0
@user We love you Mr President! Miss you more then any other President that has been in office. You are a class act my friend. 🙂😙,0
@user Let’s Geaux Tigers! Prove yourselves you are worthy! Show the Nation ! 🐯,0
@user Bernie up to his 🤥. You are not telling the WHOLE TRUTH. #WalkAwayFromDemocratsNow,1
@user 😂😂 exaggerating so much! You are appreciated.,0
@user @user @user That's right and don't you forget it. MAGA. 👊,0
@user If its a papercup where is the cake 🎂,0
@user Love you endlessly ally 💞 #AskAlly what should I do to help my mom while she is in hospital any advice,0
@user @user He is such a con apparently finds are running low😏,1
@user Hi I am Tim Kaine and this is my Criminal Antifa Son👍,0
@user @user @user You are so beautiful♡,0
🇺🇸 VOTE LIKE YOUR LIFE DEPENDS ON IT ... BECAUSE IT REALLY DOES !!! 🇺🇸 #DrainTheDeepState #MAGA,0
@user @user You are the epitome of class and intelligence.❤️,0
@user YES I am so tired of relying on mfs to answer the phone for some shit that’s not even worth it! I’m about to be the new plug 😂😂😂,1
@user 😂 😂 😂 You are delusional,1
I love it when a plan comes together ☺️ #maga #nexit,1
@user @user 😂🤣😂🤣😂👍👌 thats a good one. I never knew Antifa were such badasses.😂😂😂😂👍 you need your own comedy special 🤣😂🤣😂,0
"@user 😂😂😂😂😂 Her rights of threatening to destroy the lives and careers of some teens through her connections"""" when they made a meme on her. In India too, only Leftists, Liberals and Islamists have FOE. Rest all is hate speech.""""",0
Getting ready to Disavow some toxic backlinks... THANK YOU #BING! #USA🇺🇸 #MAGA #USA,0
@user you are so sweet! thank you for spreading love into her tml 💖,0
@user @user Good for you Matt!  Common sense. #MAGA 🇺🇸,0
@user You are doing copy paste of the tweets of south park twitter... There are something weird on here 🤔🤔🤔,0
@user @user @user @user @user @user @user @user @user @user @user @user @user @user @user @user @user @user @user @user @user @user @user @user @user @user @user @user @user @user @user @user @user @user @user @user @user @user @user @user @user @user @user @user @user @user @user @user @user False 🤣,0
@user Gun control - no guns if you are a liberal!!🤣What an idiot...,1
@user She is PERFECT!! 💞💕💞 Love you both!,0
"@user @user @user @user Kate, gun safety"""" is just a code word for gun control. There isn't anything """"safe"""" about gun control. It just limits law abiding citizens. Law breakers ignore ALL laws. Wake up! You folks in MN need to get off the liberal wagon. Vote for Patriots Only ... Vote Red! ✝🗽🚂⚓🇺🇸""""",1
#Westminster @user #Tories @user @user #Brexit 🇬🇧 @user #Brexiteers  @user Exactly why the #UK is getting #OutOfTheEU FFS 😠 #Hungary tries to defend its borders &amp; the #tyrannical #EU #dictatorship stamps down hard 😠 #ThirdReich 😠😠,0
@user Is that some weird invitation for a treasure hunt where the goal is to find his old “deadname”? Is it because he feels the need to prove that he is trans? Or because ppl didn’t care about it enough? Either way I’m not going to join 😒,1
@user Cause who bitches be playing with 😭😭😭😭 god aint give me the gift for nothing,1
@user But really....well Hold on. Let me go comment on some girls photo with her boobs hangin out. 🙃,1
@user @user What? I have no clue what you are trying to say. I’m certainly no Trump supporter FFS. Just rational 😂  Keep on keeping on with whatever it is you are trying to achieve.,0
@user My goodness you are a Goddess 💛,0
@user You 2🙈🙉 should do research re gun control Psy Ops aka School🔫s. @user,0
@user Thank you Jourdan!!! &amp; Hayley is yours 😤 she is literally in my DMs as we speak and still hasn’t wished me happy birthday. Fake mom,0
@user @user @user @user Now Comes The Pain...........  #MAGA🇺🇸🇺🇸🇺🇸🇺🇸🇺🇸  #WWG1WGA,1
@user BETO is for GUN control!!! In TEXAS that don’t hunt. He is a liberal just like Picante sauce from New Jersey😜   REMEMBER the ALAMO!  Keep Texas Red 🇺🇸,1
@user He is not a troll he is simply dumb but I’m enjoying it I love tweeter for this 🤣🤣🤣🤣🤣🤣🤣,1
@user Dang do his NC fans that pay the salaries know this 🤫🤫🤣😜😜😜,0
@user You are not pretty 😘,0
@user @user Not to mention the outrageous amount of taxpayer dollars spent on her for this Taxpayers Funded 'Unprecedented' Armed Protection for Gun Control Sen. Kamala Harris | Breitbart via @user,0
@user @user @user Oh it's ok if they're liberals....hadn't you heard 😡,0
@user @user YAY - AWESOME 🇺🇸♥️😎👈👍MAGA🇺🇸♥️🇺🇸RepPowerVote♥️🇺🇸strengthened by PowerPrayers🇺🇸👍Red Tsunami♥️,0
@user But antifa are only anti fascist (Romney told me so) she wouldn't throw a brick at you unless you were a na... 😧,1
Trump... an Ive league billionaire and negotiator extraordinaire!! Jan... #Resister !! 🤔 I’ll take Trump!!! #MAGA #Trump2020,0
6 people are dead after shooting spree in California ....AND LORD FORBID WE SHOULD TALK ABOUT COMMON SENSE GUN CONTROL MEASURES...OH NO!!! 😱😱😱😱,0
@user @user @user Shows that  liberals are very decent people 👍👍👍👏👏👏,0
@user keemstar said he is not paying he just wanted his sever on rust popin I said pay him or the ooks will come for you on rust😂,1
@user His jewels have their own gravitational field!🛸,0
@user @user 🤣🤣🤣🤣🤣🤣🤣🤣 Deep Throat,1
@user @user @user We could help if you are London based 😊,0
@user I still want yo know when you are doing stairway to heaven. 🤣,0
@user @user @user @user @user @user @user @user @user @user @user @user @user @user @user @user @user @user @user @user @user @user @user @user @user @user @user @user @user @user @user @user @user @user @user @user @user @user @user @user @user @user @user Grandmom Anon here...😂😂,0
* lives in Chicago   * thinks gun control works  😂😂😂😂😭,1
@user Ummm.   You are one of those people that shouldn’t be there.  😂,1
@user just turn on everywhere eb 🙄,0
@user She is so beautiful @user thank you!!🌺,0
@user Yes if you get it for me 🌹,0
@user 😂😂😂 that he is,0
@user @user 😂😂😂😂 thanks for the history lesson. Excuses and talking about past games make today even better. You are only as good as your last game...,0
@user @user interesting. Now do you and your state of Illinois. 🤡,0
@user @user @user Yeah fuck pogba👍,1
@user @user @user @user @user @user @user @user @user @user @user @user @user @user @user @user @user @user @user @user @user @user @user @user @user @user @user @user @user @user @user @user @user @user @user @user @user @user @user @user @user @user @user @user @user @user @user @user @user Following all! 🇺🇸,0
@user Takes a lot of monthly walks to the mailbox to afford that kinda cheese. Liberals and their wise spending habits..😂,0
@user @user You are really enjoying 😭ei,0
@user @user He is seething!! You can see it in his eyes and hear it in his voice!! Obama was a failed president in every sense of the word! #MAGA #KAG 🚂🇺🇸🇺🇸🇺🇸🇺🇸🇺🇸🇺🇸🇺🇸,1
@user @user Kisses!😘😘,0
@user @user @user @user Engaged in another activity INVOLVING. He is looking away from the road to a camera. That is literally distracted driving. Idk how you're arguing 😂😂,0
@user YOU ARE TOO NICE ILY💞💞,0
@user Goo goo google. 👶🏻,0
@user See his profile? Thinks he is hardcore ....boi 🤔,1
@user @user Yes he is❤️🙏🇱🇷🇸🇻,0
@user @user @user @user @user @user @user @user @user @user @user @user @user @user @user @user @user Awh thanks babe. I’m just really upset that depression is taking over everyone I know and love. And people I admire. RIP Mac miller 💔 I don’t want anyone to ever think that they are alone in their fight!,0
@user @user @user @user both of you are going to have to take several seats when it comes to Kyle 😻,0
@user He is painter👍😍😍😍😎😎😎👌,0
@user @user Aweeee happy bday e-panda ♥️♥️ you are an amazing drummer (maybe better than B ;);)) have a great one :)))),0
@user @user @user @user @user @user @user @user @user @user @user @user @user @user @user @user @user @user @user @user @user @user @user @user @user @user @user @user @user @user @user @user @user @user @user @user @user @user @user @user @user @user @user @user @user @user @user @user @user @user 🙄 Are you really serious?! Comparing some of the most prestigious positions in the nation with being a slave? You just keep proving your ignorance &amp; inability for logical thought! #MAGA,1
@user As you typed “you think everyone is like you?” And read it. It means the question is referring to the reader. And at the case you are the reader. 🇳🇬 effect,1
@user you are too 😘😘😘,0
@user This stupid game you're playing is NOT going to work and Kavanaugh WILL BE CONFIRMED!  #ConfirmKavanaughNow #MAGA #TRUMPSTRONG #AMERICAFIRST #DRAINTHESWAMP #VOTEREPUBLICAN #TRUMPSTRONG #WINNING 🇺🇸🇺🇸🇺🇸,1
@user And yet “he is”. Better than anyone before him🤢,0
@user @user @user I like carol she is funny 😂😂,0
@user boy you sleeeeeeepppp 😭😭 ass be ret on Pansy or Bailey tonight 😂😂😌,0
@user @user @user One day you are gonna be an expert mate 😻👍😹,0
@user Shouldve played saint marie instead of london docks. Saint was ass for me 👌,0
@user @user She is the gift 🎁 that keeps on giving!  We conservatives just love her !,0
@user @user @user @user @user @user @user @user @user @user @user  Sorry my love I know you will be disappointed maybe I'll stand in my next life time ❤,0
@user OMG another bigot showing he is basically gutless - sounds much like Donald 😂,1
@user Some antifa types might even show: sort of like a mini-G8 donybrooke then?😎,0
@user The Liberals opposing liberalism? 🤷‍♀️,0
@user @user @user @user @user @user @user But do you speak up?  Trump and his family have become a punching bag for the left.  And this is the best we have done in a very long time.  I left the party after ANTIFA jumped in ...also they almost elected Hillary.  Hillary!! 😳,0
@user I already knew that ! LMAO 😂 SO stay with us deplorable bigots!! We’re getting ready to fight for our COUNTRY! #WWG1WGA,1
@user @user Now Comes The Pain...............  #MAGA🇺🇸🇺🇸🇺🇸🇺🇸🇺🇸  #WWG1WGA,1
.@USER “I believe that our best days are ahead of us.”  currently the @user are the RMS Titanic and the #ChequersPlan is a big feckin' iceberg! ...  🤨 ...,0
@user GOOD 🖕them !,1
#wcw because big sis was just inducted into the #pixiegang and she is slaying it flawlessly! 🔥😍,0
@user I just read that whole thread and that guys thinks he is a boxing media social media sure have mess up some ppls  head 🤣🤣🤣🤣🤣🤣🤣🤣,1
"@user @user Populism - political ideas and activities that are intended to get the support of ordinary people by giving them what they want"""" - Cambridge Dictionary  Yes I too think the liberals and conservatives must unite to prevent ordinary people from getting want they want #Collusion 😂""""",0
@user Follow The Pen🖋...#MAGA🇺🇸 It Is Mightier Than The Sword 🗡  #QANON🇺🇸   #WWG1WGA🇺🇸,0
@user Never nigga 💀💀,1
@user I hope he can get back too ND🍀 Days He Is A Real Dawg!,0
@user Biggest corrupt lying piece of  s***💩 there ever was!,1
@user  yet another “good guy with a gun....”🤦‍♀️ WE NEED COMMON SENSE GUN CONTROL LEGISLATION #doSomthing @user #VoteTheGOPOut #CountryOverParty  Documents: Alleged mass murderer thought wife was cheating,1
"*chokes laughing*  So, @user having considered the excellent work"""" of the @user have decided that its such a car-crash, and with no certainty over trading, that they'll """"temporarily"""" close their plant next year  Nichts ist haltbarer als eine temporäre Lösung 😂😂😂😂""""",0
54% of Americans say the nation is on the wrong track. 🇺🇸,0
"@user woman accusing Supreme Court nominee #Kavanaugh of physical and sexual assault should not be ignored or insulted,WhiteHouse senior counselor @user says:BECAUSE A RAPIST &amp;ATEMPTED MURDERER Can’t GO FREE Because He Was 17yrs ,DRUNK &amp; WANTED IT❗️#tcot #pjnet #maga",0
@user 🙄She’s NOT claiming rape! And FBI does NOT have jurisdiction! The day said they won’t do it more than once He’s had 6 FBI background checks if there was anything they would’ve found it Also HOW do you investigate something when complainant doesn’t even know WHEN or WHERE? #MAGA,1
@user Smh nigga dat shit gone take us far u tweaked out🤦🏼‍♂️💯,1
@user nigga say he a stretch big 💀,0
@user @user @user @user @user @user @user @user @user @user @user @user @user @user @user @user @user @user @user @user @user @user @user @user @user @user @user @user @user @user @user @user @user @user @user @user @user @user @user @user @user @user @user @user @user @user @user @user @user @user TY A.J. 👍  I can't sit by and watch  my town being destroyed by liberals. They have used all sorts of tactics to try to destroy me.  I  am small but mighty. 🤣,0
@user I think she is one of the oddest people I have ever seen. How did she get elected? But then again I find myself asking that about any liberal. 🤷‍♀️,0
@user @user The funny thing is he is a lewis fan and he has me blocked 😂 which I don’t get cause I support lewis and I don’t know what’s got to him but oh well let him throw his toys out lol,0
@user @user Her terms!? WTH She's running the show now so Kavanaugh's confirmation hearing is being delayed as the liberals want. Something is not right.🤔🤨,0
@user Girl you are so bomb 😍,0
@user @user TWO YEARS TO HAND HER HOMEWORK IN......AND ITS STILL LAST MINUTE AND UNPREPARED. @user PARTY OF BUSINESS😂🤣😂🤣😂🤣 CANT EVEN COBBLE A CONTRACT PROPOSAL TOGETHER IN 24 MONTHS. WOULD NEVER SURVIVE IN A REAL WORLD BUSINESS. @user @user @user,0
@user Stand your ground conservatives.😎,0
@user Seriously?! Do you really believe your own crap? Why don’t you just move on if she is so offensive. This ugly side to you is very unbecoming😞,1
"&lt;BECAUSE YOU ARE MY 현재&gt; Because you are my 현재, so I'll cherish every moment with you. You are my past, present and my future."""" Still trying my utmost to collect his postcard :(  Link: #HAPPYHYUNJAEDAY  #BELIEVE_HYUNJAE_DAY #너의존재가_기적이야",0
@user Everyone in my orbit is totally backing Serena today! She is totally validated with her actions and handled it with grace and character. I’m sorry for her experience but i feel that respect for her has grown beyond the tennis world 🙌🏼💕,0
@user Hеy! I am 21 years old. I'm waiting for you hеre 👉 👈 👰 😗 🌷,0
@user @user gas bro 🛵💨💨💨💨💨,0
@user I have been put on an Antifa “hit list” and i am taking the matter very seriously. I have reported to Twitter- nothing. Group: Targets for (maybe of) Antifa.  Donald Trump and Candace Owens as well. All I have is the Twitter handle. Thanks 🙏🏻,0
@user @user @user @user @user @user @user @user Thank you. Good to see we are trying this approach in addition to others. Too often this issue is used as an excuse to tax. Please can you report updates when they become known? Thanks. 👍🏻,0
@user AWESOME 👏 NEWS,0
@user @user He is a legend😜,0
@user Hey remember those storage bins they recently found full of supplies that were in Puerto Rico 🇵🇷 but never given out.. ask your mayor,0
A little appreciation post for my bestie because she’s a bad bitch and I’m thankful for her💗 @user,1
@user Oh dear. I’m so sorry you are having migraine. I have them as well. Sending up prayers for you. ❤️😊🌹,0
@user The laughs I’ve gotten from you are enough. 😌,0
@user Why would someone be videoing ? Inside job? 😳 asking for a friend . Hope she is ok .,0
@user Aw boo you are the BEST mom💖,0
@user Best not stray off message. We need to be using every death to blame guns and push for gun control. Talking about actual causes distracts from that. 🙉 #gunsense,0
@user @user #MAGA #KAG #TRUMP2020 #TRUMP=HERO #TRUMP=LEADER #WELUVTRUMP 🇺🇸❤️🇺🇸❤️🇺🇸❤️🇺🇸❤️🇺🇸❤️🇺🇸❤️🇺🇸❤️🇺🇸❤️🇺🇸❤️🇺🇸❤️🇺🇸❤️🇺🇸❤️🇺🇸❤️🇺🇸❤️🇺🇸❤️🇺🇸,0
@user They are BOTH GUILTY of CRIMINAL BEHAVIOR &amp; they know it.  🙏🏻 God removes any &amp; all barriers to getting the truth from them! #MAGA,0
@user You niggas spend on us and we get used to it. I hate to admit it but half the things my boyfriend does for me I can’t do for myself 😂😂😂,1
Lots of info coming out today! #PatriotsUnite  #PatriotsFight  #WWG1WGA  #GrowTheNetwork  #MakeAmericaGreatAgain  #KeepAmericaGreat #TheGreatAwakening  #TheStormIsUponUs  #TheEyeOfTheStorm #MAGA  #KAG  #ILoveAmerica  @user 💯🇺🇸🦅.  @user,0
@user Well done 👏🏻,0
@user @user @user @user @user @user @user @user @user @user @user @user @user @user @user @user @user @user 🇺🇸Keep The Red Wave Rising🇺🇸 Help to Promote and Follow all 🇺🇸🇺🇸 #MAGA 🇺🇸 🇺🇸 God Bless The United States of America 🇺🇸  🇺🇸God Bless our Armed Forces 🇺🇸 🇺🇸God Bless #POTUS 🇺🇸 🇺🇸 #MAGA 🇺🇸 or be gone!  Help #KAG,0
6Lack just made it on my sex playlist😭😭🔥🔥 baby wam wherever you are get ready to get pregnant cause wow😭😭🔥,0
@user @user Maybe consider this instead Theresa May isn’t real name. She’s Annette Johnson a Mediterranean and the conservatives are now a terrorist org. Sod chequers 🙉😇⭐️🌈⭐️,1
:  😂 you are so extra.,0
Benidorm ✅  Creamfields ✅  Maga ✅   Not too shabby of a summer,0
@user I bet he is 😕,0
@user Aye nigga👀,1
@user @user She is so gorgeous @user 😘😘,0
@user Besides Jax’s mom and maybe Ope he is hands down my favorite he’s like the only good person on the show 😂,0
MAGA 👍 KEEPING AMERICA GREAT 👍,0
@user @user Did you serve?   You rate at bottom of the barrel pal. MAGA. 🇺🇸🇺🇸🇺🇸Go President Trump.,0
@user @user @user @user @user @user Toffee? 😋,0
@user 😂 He is the ultimate tease,0
@user @user @user @user @user @user @user @user @user @user @user @user @user @user @user @user @user @user @user @user @user @user @user @user @user @user @user @user @user @user @user @user @user @user @user @user @user @user @user @user @user Just blocked a 4th.  So much easier and you know it drives them nuts 🤣,0
@user I think she is the one mad.  She didnt like being called out so she is trying to make them bully me. 😆,1
@user This all I get 😢 damn these haters deleting you IG for no reason...,1
@user @user @user But then they add in MAVERICK who goes against every reason why they nerfed IQ who has been a player MOST of the player base DON'T USE.. However bcoz PL players who play this game religiously can use her.. All of a sudden she is too OP for the whole community.. 🤔🤔,0
@user @user Racist all she is. My god less then 10% of population and cry 😿 more then other 90 put together. Trump doing a great job just cause he got white skin ya don't need hate on him over and over and over,1
@user Yes bitch 😭😭😭😭,1
@user @user This can ONLY help the Conservatives unify!  🙄,0
@user Lmao I have it too. Shitty quality but I don’t mind it either. The lowlands one sounds better 👍🏻,1
@user Thank you for seeing the light. #StopKanavaugh PLEASE VOTE NO. HE is NOT OK!!! Help SAVE our DEMOCRACY 🇺🇸,0
@user #AskAlly Please tell me something what should i do to help my mom when she is at home with a broken leg cause she's in Hospital now with a broken leg 😭😭😭😭,1
@user Smack the shit outta her 😂😂,1
@user You are a bad ass! Keep fighting for us 💕,1
@user @user @user @user @user @user @user @user @user I'll be running for the @user selection.  Need to wait a few more weeks for that! 🙂,0
A bitch just be minding her business 💁🏽😂,1
@user @user @user @user @user @user @user Typical response from liberals when you're making a strong statement thats hard to argue with...📣.BOT!! Great debate Angie.  #MAGA,0
@user Funny that she actually hears dog whistles... I think that says something about her. 🐩,0
#Taxpayers Funded ‘Unprecedented‘ #Armed Protection for #GunControl Sen. #KamalaHarris | Breitbart via @user,0
@user I was informed that your process takes up to 10 business days to transfer credit from an expired Myki card to an active cards - WTF!!!??? 🤪  Do you people use computers????? #whatajoke,1
@user @user What does that have to do with anything at all? 😂🤣 the level of discourse from liberals is embarrassing,0
@user @user Course it has son 😉😉👍,0
@user I’m so sorry for what you are dealing with. Hope the next place will be much better! 😊,0
@user I know!! So upsetting 😭😂,1
@user @user @user @user ☝️ this is why Conservatives and law abiding citizens don't come to the table about gun control. It not about lunatics like this guy that should no longer own weapons. Its about removing all guns slowly but surely from everyone regardless of who they are.,1
@user Here’s a pic @user then ⬇️ Now not so much. Plus #Nike Then ⬇️ Now not so much.,0
@user @user @user @user Yes im the cousin of the infamous Cheese! 🤣,0
@user And does this surprise any of us TRUMP SUPPORTERS!!! Not at all... We have heard him accused of everything that can be imagined!!! We still stand BEHIND Our President Donald J TRUMP!!!🇺🇸🇺🇸🇺🇸🇺🇸👍👍👍👍👍,0
@user @user @user @user @user @user @user 😂😂😂😂😂😂 yeah. Peaceful because the right ..Well..know they're right. No counter protests. Unlike fascist Antifa. As for 7k .. who counted? Dianne Abbott???,1
@user Mmmhm I heard you from down the street gave me a few extra seconds to get my shit together😂,1
@user Hyperbole? ✅ Libel? ✅ Shit fact checking? ✅  Must be.....🤔.   ANTIFA! ✅,0
i follow: #QAnon #WWG1WGA #GreatAwakening #pain #DrainTheSwamp #LockThemAllUp #MAGA #popcorn @user 🙏🏾  wwgONEwgALL 👑,0
@user @user @user @user Yet they haven't. How do you know they are actually antifa members and not far right pretending to be violent antifa to make people like you think they are so dangerous.   🤔 Hmm,0
@user Those pesky Antifa Supersoldiers are at it again.... 😧,0
@user Hey @user you ever find those guns?🤔,0
@user @user I have a friend that’s abt an hour from Myrtle beach and she is scared to death 🙏🏻🙏🏻🙏🏻,0
@user And I’ll argue all fucking day long because IM  💯  % RIGHT!!!!,1
@user @user OMG MY Heath bleeds for your daughter and your family. Hold her tight and keep telling her how safe she is and that your will always be there for her. 🙏🙏🙏🙏🙏❤️❤️❤️,0
@user She is just trying to get more donations 😏,0
@user @user @user @user 💀😂😂 you for buy give we all,0
6. She's a fucking icon. a legend. a genius. THAT BITCH.   SHE IS QUEEN.  👑👑👑👑 @user #NickiDaGOAT,1
#Westminster @user #Tories @user @user @user @user WTF is going wrong with #police these days 😒😠😠😠,0
@user Bring on Amy Barrett. No hearings needed anymore and she is a candidate number one ! And she is better on real human rights. This is what the Dems want so make her SCOTUS MAGA 😆,0
@user 😂 It's a shame some people like you are so obsessed with never admitting you're wrong,0
@user @user @user @user @user @user @user @user @user @user @user @user @user @user @user @user @user @user @user @user @user @user @user @user @user @user @user @user @user @user @user @user @user @user @user @user @user @user @user @user @user @user @user @user @user @user @user @user @user @user She is darling ♥️,0
@user Go eat some more burgers 🍔 butthead!,0
@user @user END of Story.   Where is the lying Liberals Witness 🤔,1
@user @user I recognize the one as #antifa based on the board he becomes 🤣,0
@user And now Tyler is going out of his way to assure Haleigh she is staying this week 🤣 where is this “immaculate” game play you claim? Pathetic jury management more like.,0
@user @user @user @user time for MAGA to flip it! 🤗,1
@user I have to be a smart ass some way 🤷🏻‍♂️😂,1
@user Ren oppa!! I love you  you are cute 😊,0
@user Thank you Mr President Trump. ✌🏻🇺🇸🇺🇸🇺🇸🇺🇸🇺🇸#MAGA,0
@user @user Awww 😥😥😥 CUPCAKES SUCK IT UP. SHE LOST😡😡😡😡 GET OVER IT 😡😡😡,1
@user We are still here. And you are still singing with your amazing voice. So grateful for folks who stand up and carry on.💕,0
"@user @user @user @user @user @user @user 😂😂😂😂 whatever. It was more than enough for 'Antifa &amp; the rest to stay home! Peaceful. Dignified. On Point. Last time the left did that???????? I'll wait""""",0
@user @user @user @user @user @user @user @user Cheers matey 🥂🥂,0
@user Still remember this show... sucks man 😞,1
Analysis | Devin Nunes explains ‘antifa’ and ‘all of these riots’: ‘We’re winning’ - The Washington Post,0
@user Do you think she is afraid of pigs that are not the same colour as her? 😊,1
@user @user @user @user @user Ewww no one wants that kind of imagery in their head🤢🤢🤢,0
@user @user #Westminster @user #Tories @user @user @user @user Absolutely pathetic #appeasement 😠😠😠,1
"@user @user Kamala said justice should be blind - (by the way she is absolutely right on that point) Yet you: Something untrustworthy""""  you """"can feel it"""" LMAO 🤣🤣🤣""""",0
@user Why I love ong seongwu? Bsc he is the reason of my smile and tears. He such a precious human being on earth and the ongly one that can brighten up my mood. Why I cry is bcs im so poor that I cant afford to spend much on him but thats encourage me to do better in life bcs of him💖,0
@user Tell us how you really feel about #America Bill Maher 🙄 #MAGA #VoteRed,0
@user Then I see like this and lust over the girl with the long blond hair and the bare midriff and micro-mini and realize she is now 48 years older and could be a great grandmother today! 😱 People wonder why I love legs until I show them what I grew up with.,1
@user @user @user @user @user @user @user @user @user @user @user @user @user @user @user @user @user @user @user @user I dunno. I know who he is but I don't interact directly with him a lot. 🤷‍♂️,0
@user VOTE R in #Election2018 November  #GOP #RedWave  #Trump  #MAGA  👍🏻🇺🇸,0
@user The tide is changing....the Dems on Defense &amp; the #MSM are at a lost! They know what is coming very soon! NO ONE GETS A PASS...#QANON #TrustThePlan #WWG1WGA 👌🏼❤️🇺🇸🦅Love our @user 45 #MAGA #KAG #KavanaughForSCOTUS will be a reality! God Bless!,0
@user @user Little ass boy🐒,1
@user @user @user 🤣🤣 because they don’t exist!,0
@user @user @user His paycheck will hurt her feelings😂😂😂😂,0
@user @user I❤️Jesus  I❤️Trump  I am A Republican  I Vote Republican  Never touched a cigarette or a drug and I’m 💯 percent PROUD of ALL of that! 👆🏼 #MAGA #KAG #BeBest #ChooseRight #walkaway #TrumpTrain,0
@user @user 🙃☹️🤥 Absolutely! Liberals are upside down!,0
@user Just because his best stats season was at 34 doesn’t mean he’s the greatest pl midfielder 🤣 fuck off,1
.@USER come pick your girlfriend. She is shifting permanently😂😂,0
@user Love ya girl!! Never change!! Your perfect as you are!🙋🌹💋,0
@user @user @user Please point out what isn’t true. Do the SHITlibs not love austerity and slashing public funding? Do they not love privatization? Are their social policies anything more than empty gestures? Has anyone in this thread referred to Drug Fraud as far right? No? So all true! 😃,0
@user Thank you ! Yes he is so sick 😭,1
@user #MAGA 👍  Let that set in ......,0
@user  Hi Bernice 😊 I hope you are enjoying the #xrpcommunity and learning lots about #xrp 😁 +.0589 @user 💫💥😘,0
@user @user She thinks she can run for President.  These Democrats seem to always forget there is video tape of all the stupid things they do.  She is irrelevant!  SCOTUS will be confirmed and America is on the path to recovery from the 8 years of Obama!😎🇺🇸🇺🇸🇺🇸,0
@user @user @user @user @user @user @user @user @user @user @user @user @user @user @user @user @user @user @user @user @user @user @user @user @user @user @user @user @user @user @user @user @user @user @user @user @user @user @user @user @user @user Made it last night for you! 🤣🤣🤣,0
@user @user @user SHIT I'M SAD!!! 😣,1
@user  Good- that soundtrack you DMed me with was fire as fuck and I still listen to it often💪🏽 Bad- My tracks are better😭 (joking I’m shit),1
@user @user #Privilege Lane🤔 #MAGA Blvd🤔 Good Ole Days Avenue🤔,1
@user my Kitty you know that I love you and you are always in my minds😍🐱🤗,0
@user He is short and felt I should bow down at the mention of engineer..  😑😒,0
@user happyHappy birthday Missy!!❤️❤️❤️❤️❤️❤️❤️❤️😍😍😍😍😍😍😍😍😍,0
@user @user The liberals can never handle the truth...the truth will make their heads 💥💥💥💥,1
@user @user @user 😂🤣 it’s funny how liberals use terms like “snowflake” and “triggered” bc that is exactly the terms that were originally used by conservatives to describe liberals on Election Day! I still lmao I’ve never seen a grown he-she before screen bloody murder over a new potus 😂😂,1
"@user Hello, twin. Let ke correcting your typoness. Our group name is (G)I-DLE in case you are too lazy to use ()"""" or """"-"""" , you can use IDLE instead 😉""""",1
@user @user @user @user @user One of them just called me 'politically and morally bankrupt' because I said I WOULD get behind him if he opposed Brexit 😐😂,0
@user @user @user @user @user @user @user @user @user @user @user @user @user @user @user @user @user @user @user @user @user @user @user @user @user Hahahaha That was like a vacation with a bunch of liberals. Oops 😬,0
@user @user They've been trying. A couple of veterans happened 2 b assaulted by ANTIFA. Wrong!! They were surprised! Fight kinda broke up the protesting😲,0
@user Tua has RB type vision. He is a 💎.,0
@user @user When your bio is the most relevant piece of shit ever🤔👀,0
"@user Unfortunately, both Liberals and Conservative parties , leaders and fringe parties no longer know what Canadians really think! They said they  know"""" , but that is House ping pong rhetoric ! Even the polls aren't reliable.  CANADIANS STARVED FOR A CLEAR STRONG VISION🍁MISSION!",0
4 weeks until we go back to this awesome place. Some awful behaviour from adults staring at her skin but she is a wee fighter.  11 months clear now and her confidence back.  💙,0
&amp; you are myy brotherr❤️❤️,0
@user @user @user @user @user @user @user @user @user @user @user @user @user @user @user @user @user @user @user @user @user @user @user @user @user @user @user @user @user @user @user @user @user @user @user @user @user @user @user @user @user @user @user @user @user @user @user @user @user Hey we just want everyone to know that you are for POTUS and 🇺🇸!  #MAGA!! 🇺🇸🇺🇸😁😁💥💥🔥🔥👏👏👋👋💪💪💪👌👌👍👍,0
@user Yes!  We were.  Back again.  Thank you so much.  Hope you are all well..❤️,0
@user We didn’t lie! He is a fan tho!🤣🤣🤣,0
@user Feel sorry for the voters no good choice 🐷,1
@user But you are much prettier .🌞,0
@user Had to create a whole fake page just to talk  shit. 🙄 sis is really just miserable #sad,1
@user call up @user about time he got a call up🙌🏻 he is showing he can perform at a big level! he might not be at a top 4 club but he can score give him a chance!..,0
@user @user @user still thinks she matters.🙄😆😂,1
@user Pussy and ass are ✌🏾different times. And I've NEVER in my black life ever ate chittlerings lol,1
@user @user does that mean He still our #superman ? Pleaseeeeee say he is 🙏🏼🙏🏼🙏🏼🙏🏼,0
#WashingtonPost broke the story therapist notes Miss Ford stated four men assaulted her 😠 now it's two😮 #VoteDemsOut to end #DirtyTricks stop what's wrong with #DC #Kavanaugh #maga #FoxNews #Liar #CNN #msnbc #SenFlake #Wrong to use #MeToo for politics  #ChristineBlaseyFord,1
@user Thanks for the kind words! We're so glad to hear that you are loving the mattress! 😀,0
@user Here she is @user 😞,0
@user Girl so am I.. LOL he is actually grown now 😭,0
@user @user @user @user @user @user @user @user @user @user @user @user @user @user @user Followed all Patriots 🇺🇸 #MAGA 🇺🇸 Thank you in advance for your follow back. 🇺🇸#MAGA 🇺🇸 #VoteRED,0
@user @user ⛏️ hmm.. closest emoji to a shovel go figure...,0
@user @user @user @user @user @user @user @user @user @user @user @user @user @user @user @user @user @user @user @user @user @user @user @user @user @user @user @user @user @user @user @user @user @user @user @user @user @user @user @user @user @user @user @user @user @user @user @user @user @user Let’s just keep on #MAGA!! 📣#MAGA!!🗽🗽🗽🇺🇸🇺🇸🇺🇸😁😁,0
@user @user 🤣🤣😂😂😂😂 He is a communist fool!!!!,1
@user @user @user He is gonna ..how do you say..?? Splinter the Sphincter of DC🤣🤣,0
"@user After they guna spell it like Frida"""" 😂😂""""",0
@user I love you so much yoongi you are the reason  that  i could be happy all day .youre smile is  the most beautiful think that i ever see  in my  hold life 😍😘💜,0
Keith Ellison Accuser Calls Out Dems Amid Kavanaugh Allegation: 'I've Been Smeared' By My Own Party’  Keith Ellison has no room to accuse ANYBODY of wrong doing‼️     #KavanaughConfirmation  #TuesdayThoughts  #MAGA,0
@user SAYS WHO? U DESPERATE LIBERALS? UR DIRTY TRICKS AINT GONNA WORK  KAVANAUGH WILL BE CONFIRMED #GINSBERGISNEXT  🤣🤣🤣🤣🤣🤣🤣🤣🤣🤣🤣🤣🤣🤣🤣,0
"@user @user Once again, stay away from the pronoun we"""" . You are an individual.  Btw, I'm not justifying him/males... I'm telling you to stay safe on here.  ✌✌""""",0
@user @user Just what a communist would do! Destroying America! Lock Him Up! TRUMP2020 MAGA!😎🇺🇸,1
@user FOLLOW THE MONEY 💰 MONEY 💴 MONEY 💵,0
@user Imagine being stupid 😤,1
@user @user @user Where is VAN? She is ARMY who need to shazam the most you know... 🔍🐾🐶🐾🔎,0
.  ♥️ Levi Strauss &amp; Co. is donating more than $1 million over the next 4 years to nonprofits &amp; youth activists working to end gun violence by establishing the “Safer Tomorrow Fund” &amp; partnering with gun control group Everytown for Gun Safety.   #Levis #NeverAgain #GunSenseNow,0
@user Fresh boy think he is strong 😂,0
@user Hell no#MAGA 🇺🇸🇺🇸🇺🇸🇺🇸,0
@user @user 😍 She is coming to Italy! 🇮🇹,0
@user @user I think we can get the picture in that one 😢😢,0
@user This is just obstruction.   CALL THE VOTE!!!! #MAGA 🇺🇸,0
@user You are the most talented person I have ever met in my life. please stay healthy and do not get sick.  You are an extraordinary being that shines with its own light.            I LOVE YOU SO MUCH BABY !! 💜❤💜,0
@user @user Ooh very handsome Archie that looks beautiful were you are at is it your new gaff behind you 😘😘😘,0
*mom speaks into her phone to compose a text for my brother* she is angry so she yells at the phone while telling it what to type like my brother will be able to tell she was even yelling 🤦🏻‍♀️,0
@user @user @user @user @user Amazing Grace how sweet the Sound as he is moving you from Mountain to Mountains Our Almighty God is full of blessings indeed Emmanuel 📖👐📖👐👏👌👼👼💗,0
@user You are so sweet and adorable oppa😁😁😊,0
@user @user @user She is a complete idiot🤡😡,1
@user @user So only people that own firearms are allowed to comment on the Gun Control Debate??!! 😁,0
@user @user Looks like a whole lot of adults need to get a grip on life.  It also appears to me that people who experience loss in life you learn to except it on any level.  I truly feel sorry for people who have missed out on this development in life. 🙏🏽,0
@user @user @user Way to go David👍 I love it when someone can send the liberals into a tessyfiy in the morning. Keep up the fight. 🇺🇸🇺🇸🇺🇸,1
@user @user @user @user He did not born so he is not pakistani?Get a life man.If ur wife deleiver boy in london nd back to pk so the baby is not pakistani?You nd  ur wife r not pakistani?Just some papers of registration in london make ur boy non Pakistani 😂😉.Honey see the forefathers history.,1
@user Why not move south? Why is it always a Lilly white northern country liberals want to move to? Could it be racism? 👌🏾,0
@user Proof that conservatives really suck at satire. 👆,0
@user Crazy man😂,0
@user Deplorable hillbilly who is the dreg of society and I'm DAMN PROUD OF IT!! #DeplorableDreg #TrumpsArmy #TeamTrump #WWG1WGA #MAGA #KAG🇺🇸🚂,0
@user @user 🤔🤔 we would hang 70 plus on the frogs and cocks!🤔😂😂,0
@user @user @user Are you saying he is a turkey chocker 😶,1
@user {| That's okay!,0
@user @user @user @user @user @user @user @user @user @user @user @user @user @user @user @user @user @user @user @user @user @user @user @user @user @user @user @user @user @user @user @user @user @user @user @user @user @user @user @user @user @user @user @user @user @user @user @user @user @user Exactly but they’ll never put him on tv 📺,0
#Leftists and #Commies in the #USA are going to get a little bit riled up me thinks?!  😆  #MAGA #MBGA #MCGA #Socialists #Lefties #Conservatives #Patriots #MEGA #Trump #Democrats #Republicans,1
@user @user That’s hilarious!  Try again.  It’s the liberals and their media lackeys that have done just that.  😜,0
"@user @user @user @user @user @user @user @user And when logic FAILS, you aren't a twitterer like ME! I am sooo special, I have followers!  I believe, I believe!!!! Stop it with your dumb facts!!!!!"""" MEGY you are entertaining!!!🤣🤣🤣🤣🤣🤣🤣🤣🤣""""",0
@user Aaaahh~ 😭 *Scribe uses Run Away because she is tiny and mantis as cool but scary*,0
@user Not here ...   #MAGA 🇺🇸🙏🇺🇸 #WWG1WGA 🇺🇸👊🇺🇸,0
@user @user @user disgusting. These people will take over this country one day and then all the lefties and liberals will be very upset when they are forced to wear a burka. Imagine @user 😂. The worst mistake EVER was letting these people in so freely. They do not appreciate it.,1
@user More than that how low she is👎,0
@user @user I want to adopt this dog.  He/She is so precious😘,0
#REALITY_CHECK for #CPC Conservatives - from Ninja Warrior👹#Heather_Mallick.  Opinion | CPC beware — meet Maxime Bernier’s new hard-right PP via @user,0
@user Haley thanx! you know how to brighten up my shitty day😘,0
@user *🎵da na na na🎵* you found josh's sex life.,0
I liked a @user video Manager tells man he needs to remove his MAGA hat | What Would You Do? | WWYD,0
@user Omg gunny!!! Thank you you are so kind!! 😍😭💕💕💕💕,0
@user Awww look how cute he is! 😁😜,0
@user He is growing fast 😭,0
@user Here’s @user helping improve how women are to be watched in sports. 🙄,0
@user She is so beautiful! 😍😍😍,0
@user he is my rainbow after every storm💜,0
@user @user @user so she is disgusting to you because she is a Rangers fan! you are disgusting to me because you support breaking up the union!  #proudtobeBritish 🇬🇧,1
@user Still better than Spanish it's so fucking boring and the teacher grades us based on how sexually active we are 😒,1
@user @user 😂😂😂😂 this is comical!! They think they are really doing something! When really they're just getting laughed at.,0
@user @user @user Who is this? She is truly a little goddess! 💕,0
@user And Democrats want an open border and gun control...🤣🤣😅,0
@user yesterday this happen here😳 So much for gun control when you can't prevent a 2nd grader from bringing a gun to school huh😏,1
4 Dead In Mass Shooting At Fifth Third Bank Building In Downtown Cincinnati | TIME - TIME via @user WANT GUN CONTROL LEGISLATION? VOTE BLUE,0
@user You mean like Hollywood actress .@USER ? She supports #Antifa and uses their handbook as her profile pic. Rants about #MeToo yet her brother Alexis Arquette was abused as a child and she is silent about it 👎🏽 #Hypocrites #LiberalismIsAMentalDisease,0
--; @user Good friends are like stars: You don’t always see them but you know they are there. You are a star in my life. ☆,0
@user Ahhh I see I picked up Antonio since he is already on the team 🤷🏻‍♂️,0
@user @user @user @user @user @user @user @user @user @user @user @user @user @user @user @user @user @user @user @user @user @user @user @user @user @user @user @user @user @user @user @user @user @user @user @user @user @user @user @user @user @user @user @user @user @user @user @user @user @user Go take Economics......We'll wait😒,0
@user She is a gorgeous little mini you. ❤️🌸,0
@user @user Lol 🤣🤣🤣 every gf and ein track. Whole ass album pahh,1
@user @user @user @user You are in the spirit  Bless you 😂,0
@user You are right. Victoria is on the reverse...😱,0
@user @user @user The most ironic thing is. The dems hasten their own demise while empowering their executioners.   Do they think once this monster is unleashed that it will not turn on them first?  #MAGA #WWG1WGA Written by Antifa terrorists 👇👇👇👇👇👇👇👇👇👇👇👇,1
@user I’m HAPPY that you are feeling better!😉,0
@user Except she didn’t resist and it got her where she is today 🙄,0
@user That’s the entire basis for gun control 😒 facts don’t matter,0
$$$$➖👉🏿Gun Control Groups Putting Millions Into Elections,0
@user @user @user @user @user Timing? They had this info in their laps? You betcha. THAT'S the chess game of politics. Nothing new here. Use things to your advantage when you need them. Doesn't make them untrue. 🤨,0
@user Beautiful and sexy.. 😍😘,1
@user Ask Obama what need be done! 🤣,0
@user @user @user She is clothed with strength and dignity and laughs without fear of the future. Proverbs 31:25 💕,0
@user Happy Birthday to Hyunjea i love you you are very beautiful ... #THE_BOYZ #HYUNJAE #더보이즈 #현재,0
"@user 🏴‍☠️ This Deplorable"""" from the """"Dregs of Society"""" says #PUBLIC_EXECUTIONS WILL MAKE CRIMINALS THINK HARDER ABOUT BEING POLITICIANS‼️ #MAGA #WWG1WGA #QAnon #DrainTheSwamp #DrainTheDeepState""""",1
@user @user @user @user @user @user @user @user @user @user @user @user @user @user @user @user @user @user @user @user @user @user @user @user @user @user @user @user @user @user @user @user @user @user @user @user @user @user @user @user @user @user @user @user @user @user @user @user @user Better bring out antifa😂,0
@user is one of the only shows that are a Progressive that I can stand to watch. He dislikes the right and left evenly and you know who he is right from the start. If you've never seen his show check it out on YouTube. Insightful ❤🇺🇸 #MAGA,0
@user @user We are busy MAGA love our president 💜👍🇺🇸,0
@user @user You liberals will never see him a genuine leader as you are trying to portrait him because he didn’t do struggle at all and has no qualifications but just son of AZ# ap wese to bahut ethics aur morality ko promote krty hn# ppp pe aa k sary liberals🤪,0
@user Billy bargain 👍,1
@user @user It’s ridiculous. All the sock puppet accounts apparently have marching orders to start a boycott of the film. A lot of MAGA snowflakes. 😐 Thankfully most of them are on our list of known sock puppets so blocking the rest wasn’t hard.,0
@user @user A national treasure she is. 😂😂😂😂,0
"@user @user @user @user @user @user @user @user @user @user @user @user Here is my 15 year old Daughter's report"""" 😄 (conservative as well) #fluffywolf1218",0
LOOK AT THE SMILES 😍🤩🤗👀✍ #MAGA #QANON #TRUMP #WWG1WGA #QARMY #QALERT #MAGAFORALLINC  👇 #TEAMTRUMP😘,0
@user @user @user @user Wrong...We are sending another giant F....you to Liberals...😉,1
"@user i bet he is sayin wat his daddy says most... Don't start me baby""""😂😂😂""""",1
100% Follow Back   Conservatives must stand united!   @user   #Trump45 #MAGA2KAG 🇺🇸,0
@user I will not be playing your game on android EVER as 1) I'm downloading an all from an unknown source and 2) I think all Epic Games should be banned from the android system as you are stripping the revenue that pays for the dev and it's unfair on other devs like me 😡,0
@user Of course he does!!  #MAGA  for everyone 🇺🇸🇺🇸🇺🇸,0
@user That shit hurts😞😞,1
@user @user @user @user @user @user @user @user @user @user @user @user @user @user @user @user @user @user @user @user Picked up some fire og today. It's really good but it's ugly as fuck. I almost passed on it but he smoked a j with me and it's fuckin fire. Wish we could share a bowl my brother ✌️💚,1
@user The next Call of Duty game should also take the opportunity to tackle the gun control issue. 🙄,0
@user @user @user Funny How Liberals Love My Presidents 🍆 😂🇺🇸,0
@user Why does it matter if a candidate is a woman or a man? I thought we were all the same? Everything the liberals believe in contradicts their other beliefs 😂,0
@user 9 times out of 10 I have the dog on my lap and if I get to rowdy he gets scared that I am hurt then he trys to kiss me.Also he is a ham so when the camera comes out he is like pictures?!Let me be in them.He photo bombs whenever possible.😂😂🐶,0
@user @user She is absolutely amazing ♥️,0
@user @user @user @user @user not the point ~although it is  a convenient excuse for conservatives to assume if ones against trump then tbey ate for for clinton which is just asinine. 🤣🤣🤣🤣🤣🤣🤣🤣🤣🤣🤣,1
@user @user You are awesome @user ♥️♥️😍😍,0
In a heartbeat 💗 🇺🇸 #MAGA #KAG Absolutely!,0
@user @user @user Lmao you are the only who are getting so brave 💀 stay pressed trashno neptune,0
@user @user That is just awful ! He never was much anyway! A grown man acting like that; a bully ! Best to you and hubby Mark ! MAGA 🇺🇸,1
@user I think she is my favorite. God I need to get back to that game! But Dragon Quest 11 has me right now 😂,0
@user @user I hope he gets on twitter so I can tell him how amazing he is. ❤😄,0
@user @user Cute as fuck 🤗,1
@user Guess you are going to ignore what karmys are asking...  💀💀💀,0
@user Just look at the ass and keep it moving 🤦🏽‍♀️,1
@user   you are worthy 💪🏾 💯URL,0
@user  I REALLY REALLY wish you had a Prime Time spot Harris🙏 you are my favorite and soooo pretty too😊,0
"2010: #Conservatives slash #Housing Associations annual capital funding from £3bn a year to £450m (-£25bn over 10yrs)  2018: #TheresaMay announces groundbreaking"""" housing initiative of £2bn for the decade (£200m a year)   🏘️#HousingForAll #HousingCrisis #HousingMarket #NHF18",0
@user Please show me your post where you said the same thing about conservatives targeted by Antifa and other leftist friends of yours 🙄 #Hypocrite,1
@user You don't need makeup bc you are beautiful asf angel💗💗💗💗 love u,0
63 of the 65 women who vouched 4 #Kavanaugh have recanted after accuser comes forward 😳 WH scrambling 😩But can they stop a demeaning #Trump tweet 🤡💩🖕🏼 #MAGA #FBRParty #GOPCOMPLICIT #StopKanavaugh #TrumpTrain to #CrazyTown #AlternativeFacts,0
@user Another billionaire buffoon.😎,0
@user Yeah we need some more made up bullshit protestors and antifa lol time for an epic beatdown😉,1
@user 😂yep truly she is a paragon of beauty.,0
@user @user You are the In educated twat! That speed crap and can’t read obviously🤒!,1
@user gender isn’t the same as sexuality but 🤔 you tried also i’m trans so johnny’s trans if i say he is. thanks!,0
@user Myyy nigga ✊🏾,1
@user this is rei from evangelion concept/design by @user 😭😍,0
@user Yay! You are unblocked 😂 I see how you gently responded.,0
@user YOU ARE SO CUTE 😭💕,0
@user Yes ..shit just move with the wind 😂😂😂😂😂😂she just keep blessing us 😩😩😩😩❤️🤷🏼‍♂️🤦‍♀️,1
@user Threats from who? Are liberals threatening her if she does not follow the playbook?🤔,0
@user She is beautiful!!! God bless you both 🙏,0
@user You are still on that Trump  train to nowhere!👎,1
15-year-old Allison was completely in awe of the beauty and talented of the incomparable Marin Mazzie. So grateful to have met such an incredible woman and be a witness to her radiance!!! She is so very missed. 🌻,0
"#Gun Deaths Global Study Shows US Ranks 2nd Worldwide 🇺🇸  Our partner @user is asking, “Should More Gun Control Laws Be Enacted?  Read our partner's full article and express your opinion in the #1WorldOnline's poll: #polloftheday",0
@user @user do you know what flanking and muscle flashing is with an AR15?; educate yourself and close that c•€k hol~+€r...you don't know why u r talking about😡😡😡😡,1
@user @user #Westminster @user #Tories @user @user @user #Brexiteers #OutOfTheEU @user We think not #AnnaSourpuss 😠 Best for the #UK 🇬🇧 without a doubt is to #Leave with #NoEUDeal &amp; just get on forging 🌍 trade deals &amp; say to the #EU #FuckEU 💪,1
@user I think he is one a higher portion of the sidewalk💜,0
@user Did the view just exposed crooked Hillary through Omarosa? 😂😂🤣🤣,0
@user @user   #thescore Happy Birthday Again!! Lucky Lovely Charm ka ng @user @user @user @user 💐💐💐👏👏👏👏 You Are Stunning!!🌹🌹🌹❤️❤️❤️ - HipHop ka minsan sa game ha?,0
@user @user See she is speechless😂😂😂😂😂,0
.@USER Conference is fast approaching and we will soon be heading to Birmingham.  Check out our programme of events below 👇🌈💙,0
.🇺🇸🤔 I have been watching the committee hearings for Judge Kavanaugh. @user is using this particular session on birth control &amp; Roe vs Wade as a window to gun control legislation. Her comments were very clear. @user @user  I will not allow a politician deprive me of 2A,0
@user Death to Jeremy Corbin by any means necessary !🤪👍,1
@user Lmao 😂 man oh man she is thanking a drug addict for support ? The other guy had it right shes a story teller plain and simple!,0
@user He is very skilled😂😂,0
@user @user Those fucking calves man 🤤,1
@user @user @user @user @user @user @user @user @user @user @user @user @user @user @user @user @user @user @user @user @user @user @user @user @user @user @user @user @user @user @user @user @user @user @user @user @user @user @user @user @user @user @user @user @user @user @user @user @user @user Because of Antifa. 🤷‍♀️,0
@user @user @user @user @user Well said 👏🏼👏🏼👏🏼👏🏼👏🏼👏🏼👏🏼these remanics are so thick.!,0
@user Brennan is a disgrace-without a clearance 😃,1
@user @user You must love DJT more then I do😂🤣😂🤣 You are obsessed with him.,0
@user @user @user @user Show me a single case where antifa have actually murdered someone.  Because the far right murdered someone at Charlottesville 🤷  Hypocrisy works both ways.,0
@user Look at the state of that. I bet she spends the weekends at Antifa protests. 😂,0
@user @user @user Ha ha yes fuck yes 😂😈❤️,1
#ReleaseTheCures #DeclassifyFISA 🇺🇸 #ItsTime #LockThemAllUp #WWG1WGA 🇺🇸 #GreatAwakening @user #Winning #QAnon #MAGA Why James Comey knows he's going to be indicted — 9/14/18 - YouTube,1
@user All of them! 😂😂,0
"@user Hallo please find the unroll here: Thread by @user 1. Moore's failure to deal with the foul smear against him, is a good example of how the new rules could apply. The firs […]"""" #FakeNews #MAGA See you soon. 🤖""""",1
@user @user @user Exactly! Fred Guttenberg’s entire mission is for “Gun Control” &amp; Feinstein will do anything for a dollar. Both are on a mission to change 👉legislation in favor of taking guns from Law Abiding Americans. HOW is his whole stance NOT political?,0
"@user @user Indoctrinated 🐑 programmed to believe EVERYTHING #MSM #Propaganda tells you to.. The left are the nutcases."""" Acting stupid in a Senate hearing, antifa. Hate filled""""",1
...and then there's this:  #TRUMPARMY🇺🇸© @user #AllVetsRadio #VOC #TheBrooksBrown✔️ #MAGA❤️🇺🇸 @user @user  @user  @user  @user,0
@user You are welcome. 👍,0
@user @user @user @user Please don’t confuse liberals with facts🤣🤣🤣🤣,0
3rd time in my teacher career that I’ve had a parent tell me that he/she is praying for me. I always consider that a win 👏🏻👏🏻 #teacherlife #prayalloftheprayers,0
MUST READ 👇 #MAGA,0
@user Corrupt period...😆😆😆👊🏽👊🏽last week u liberals were saying he won’t release bc he has something to hide 😆😆😆😆😆 o boy u pple those pple  that depend on an actor for info Wow! U pple scare me is it green today or is it yellow 😂⁉️,0
@user BE GONE THOT (no offence intended she is probably a very nice lady🙂),0
@user @user He is probably dying due to dog fumes😂,0
@user Hmmmmm 🧐🧐 No one is doing anything so maybe don’t change pitchers every batter.  Also if he is this genius maybe he should realize this team peaked a month ago.,0
@user I'm frothing over all of it so far.. 🤤🤤 ..the goodest shit. 😏,1
@user Dude.. Why r u trolling Ash rock z? 😁.. He is our guy.. Just in a hurry to see bjp govt in state.,0
@user 😂 NIGGA hit em wit the o well lowkie,1
@user Reading this thread it sure seems like your followers aren't for gun control after all Jimmy 😂😂😂😂,1
- Man of Steel: Ok - Batman v Superman: Ok - Suicide Squad: Boring - Justice League: Bad  😔 🤦‍♂️   Reboot. Keep Wonder Woman as she is. Do something with time travel or altered timelines or something.,0
@user . She is my life saver❤.,0
@user GOOD BITCH!!! The hood missed you 😂 crazy thing is i just was saying how em smoke out by your house used to be lit everyday,1
@user And I have a bridge to sell you.... 😂😂😂😂😂,0
Analysis | Devin Nunes explains ‘antifa’ and ‘all of these riots’: ‘We’re winning’ - The Washington Post ⁦@USER #traitor #VoteHimOut,0
@user @user @user @user I love that a graphic novels shelf was a priority - you are a most excellent librarian 👏👏👏,0
@user @user Loool. It is 🙈 he’s half Jamaican isn’t he? Does he resonate more with African culture? I know the rest of you are African. It’s just that I didn’t feel there was a strong representation from anyone Caribbean to be able to share their thoughts on a Caribbean carnival that’s all.,0
@user @user Loool 🤣🤣🤣😂🤣🤣🤣😂😂😂😂   💜 @user you are playing waaaay too rough here. 💀   I can’t stop 🛑 laughing 😂 #thankyou,0
@user Unless he is a contortionist. 😂😂😂,0
@user @user @user Our African 🇺🇸 friends don't get free college. The Demoncratic are putting illegals over 🇺🇸 ppl. These Antifa Ninja Turtles running around acting like jihadist and never lived a real life experience. Most of these Antifa colleges kids are White privileged themselves.,0
@user OMG😳!!!!! He is????????,0
@user @user @user @user @user @user @user @user @user @user @user @user @user @user @user @user @user @user @user @user @user @user @user @user @user @user @user @user @user @user @user @user @user @user @user @user @user @user @user @user @user @user @user @user @user @user @user @user @user Hahaha by telling me to stfu?  So hurt 🤣,0
@user @user @user @user @user @user @user @user @user @user @user @user @user @user @user Don't we all! 🙏,0
@user Dont forget my girl Hillary she is doing the happy dance tonight😂,0
@user @user @user @user @user @user @user @user @user @user @user @user @user @user @user @user @user @user @user @user @user @user @user @user @user @user @user @user @user @user @user @user @user @user @user @user @user @user @user @user @user @user @user @user @user @user @user @user @user Jealousy rears its ugly face...I am favored and blessed my girls adore me 😉 and so does God.,0
@user almost gets the pick 6  Darn flag. 😁,0
@user she is the cutest ever!!! 😭😭 thank you honey!!!,0
@user @user @user Everyone muted you ...  Thanks for working for free 😂😂😂  #MAGA,0
@user I hope they will let Cem in America for now until #Zeyal gets back together. So when he gets back Alihan can proudly show off she is off limit 😂 #yasakelma,0
@user I figured it out! R&amp;D 😂,0
@user yes bitch 💖💓,1
@user @user We are the Judge Dredd's of our Nation. #TuesdayMorning #WednesdayWisdom #WednesdayMotivation #WednesdayMorning #MAGA #KAG  #MakeAmericaGreatAgain #KeepAmericaGreat #AmericaFirst #2A #2ADefenders When Libtard Democrats call you..via➡  @user Twt:,0
@user @user Maxine is a CRACKED POT and should be run out of town.   What  a loser she is.😀 What a joke she is also.,1
@user Why did the NDP and Liberals not give Doug Ford a standing ovation?  Cause it was “not-worth-standing” 😀,0
@user They could literally give two fucks af 😂 like ummm okay thanks 😂,1
@user @user As I’m watching it Bentley kept looking at me 😂 he being crate trained again so we good for now. He only allowed out to eat pee and shit and occasionally play time 😂😂🤷🏾‍♀️,1
@user @user @user  This is because Japan have a PM with COMMON SENSE &amp; FORESIGHT. They do not pander to Muslims like MAY does. TORY POLITICAL SUICIDE - G.E. 2020 😄 @user ex TORY,1
@user A resounding NO! 🇺🇸 #MAGA,1
@user @user He is truly adorable. Happy Birthday baby boy😘,0
@user @user As I’m sure he is advising everyone must evacuate 🙄,0
just saw a group of freshmen wearing maga bucket hats 🤢🤢🤢🤢🤢🤢🤢 i hate this school,1
I’m not going to no function with niggas that wear MAGA hats 🤢,0
@user @user @user Omg you look so beautiful!!!! You are killing it ❤️❤️❤️❤️❤️,0
@user @user @user @user @user @user @user @user @user @user @user @user @user Hi BEE GEE!!! You are so cute!!!😸😘,0
@user That’s my place😩,0
@user Me cuz I have none 😰,0
@user @user Look at her moving and not one word of Truth coming out of it. If you ever get a chance to ask that layer a question ask her do you agree with me that the Golan Heights belong to 🇸🇾. She is dead dead in the water she couldn't answer it without condemning herself true,1
@user @user @user @user @user @user @user @user @user @user @user @user @user @user @user @user @user @user @user @user @user @user @user @user @user 😁TeleSmokaCatin'  damn that looked better in my head😁😉🤣😎,1
"1/7 🔥🔥🔥  CONSERVATIVES SUDDENLY REALIZE JUVENILE OFFENDERS DESERVE LENIENCY  The president regularly refers to teenage gang members as “animals,” and has, in the past, called for imposing the death penalty on alleged teen rapists. ...",1
@user @user He is german 😂 he play for 🐖 club fcb ssshhhhhiiiiiiiiiiiiiiiit,0
@user omg you are 💕,0
@user LIBERALS; It’s Trumps Fault. 🤔,1
@user honestly ya when i talk about my opinions on gun control ppl are taken aback. 😂,0
#UnsealTheDeals of #Congress Sexual Assault #SlushFunds NOW pls @user 🙏 #MAGA bc #WeThePeople WANT to Know! The #Hypocrisy of #DoubleStandardDEMs is SICKENING! 👈 #DeclassifyFISA 👈 #DeclassifyRelease302sUnredacted 👈 &amp; #DeclassifyPOWsDocuments while yr at it. 👍 #DarkToLIGHT,1
On Friday the Krav Maga world lost one of its very best Krzysztof  Szczepanski (Kris) lost his battle with skin cancer but not without giving it the fight of its life!!  The world is a worse place without him and he will be sorely missed. RIP brother. 🙏🏻OSS,0
@user I always thought conservatives cared about traditional values like honoring and protecting women.🙄,0
@user y’all bet your sweet bippy i (am) 💖 (thank u),0
@user Wont matter to me. Cannot stand all those holier than thou liberals- somebody told them society beloeve they are brilliant experts on politics- hehe- 🤮,0
@user @user @user @user @user @user @user @user @user @user @user @user @user @user You’re so sexy girl... all of you are 😍,0
@user @user Looks like you are the one 😜 Some simple things needn't be explained,0
@user She is delusional! Get rid of Electoral College so she and her corruption cronies can ruin the USA! They almost did!!! #VoteRedToSaveAmerica  #MAGA 🇺🇸🇺🇸🇺🇸,1
@user Thank You Chase😘 I miss you more than anything but I know you are where your supposed to be! Love you too the moon😘,0
@user @user Exactly. Hasn’t everyone figured out that the only substantiated threats occur by liberals to conservatives?  The other way around is a farce. Plain and simple. This is made up 💩 to generate sympathy and try to keep a false narrative going.,0
@user IM VERY HORIBBLE AND SHITTY THATS HOW I AM😭,1
@user Exactly! Ford is just a damn pawn for the Baby-Adults of America / aka Democrats. #SheIsALiar 🤥- I ❤️ that Conservatives will control the highest court for 20+ years.,0
"@user @user all out war"""" with @user is hilariously insubstantial😂😂""""",0
Ain't got no chill for u bro. Stay the fuck away from me. 😤,0
@user Haha that's just because I'm unique. A lot of Americans can't find Sweden on a map. And I'm like jag älskar Sverige😍💙💛🇸🇪❤️,0
@user 🤷🏼‍♀️ that would be silly.,1
@user CAN I PLZ GET A FOLLOW CAUSE I LOVE YOU SO MUCH AND I WAS THE FIRST PERSON TO LIKE UR VID?💛,0
@user Mann i ain’t that smoove booty like you gee 😭😆🤷🏽‍♂️,1
@user Even Antifa are mocking him now 😂,0
@user C’mon brah! Go finish your mother fucking apple cider beer and shut the fuck up!!! Adults are trying to have some fun on Twitter... 🖕🏽😂🖕🏽,1
@user It’s Anita Hill versus Clarence Thomas all over again. I hope this confirmation process has the same end result.  #MAGA 😊👍🏼👏🏼🙏🏼✌🏼👮🏻👩🏻‍✈️🇺🇸🇵🇷,0
#VoteRepublican♨️#ARM♨️#AmericanRedMidterms  We can't let the Democrats take back the tax cuts and the reforms that have put more money in so many pockets.   #Conservatives #Independents #Undecided #WalkAway #LJMAGA  #GoRedStateByState,0
@user yo he is gorgeous 😍😍,0
@user Congrats love! You are proof that with enough courage and determination you can literally overcome anything. Thank you for being a beacon of hope to everyone. 🤟🏼💛,0
@user You already know he is 😂😂😂 and then blown coverages that gave Ole Miss TD,0
We stand with Kavanaugh 🇺🇸 MAGA,0
Still canny get er somecunt in maga telling us no to go into bananas cos French boys were spiking folks drinks &amp; kerr turns round n shouts fuck it free dunt 😂😂😂😂,1
@user LOL LOL LOL LOL LOL!!!!!!!😂😂😂😂😂😂😂. You are a fool!!!,1
Chances @user got @user ‘s Mario Cart penis confused with one of the few thousand she’s had since then. Can you remember what a specific slice of pizza 🍕 you at 15 years ago looks like? Dems like ancient memory based accusations #ConfirmKavanaughNow #MAGA,1
@user @user Sounds to like the FISA court may have a problem too!. 🇺🇸#MAGA🇺🇸 🇺🇸#KAG🇺🇸 🇺🇸#BUILD the WALL🇺🇸,0
Happiest Birthday to the greatest Constitution on God's green earth! 🇺🇸 @user #DevilYouLoseAgain #LetTheTribunalsBegin #TheRainmakers #TrumpWorld #Rainmakersunite #WWG1WGA #QAnon #MAGA. #KAG #Q828 #ThePersistence,0
Active shooter Middleton WI several ambulances 🚑 on stand by waiting for police to clear building #MAGA #TrumpTrain @user @user #KeepAmericaGreat2020 @user,0
@user @user Sshh 🙊 she is lying😏😅😭😂,0
@user i love you so much💞 and i'm so proud of the great actress you are today,0
@user Happy Belated Birthday sexy man😬,0
@user You are kind and attentive. Thank you 🙏🏾Peace to you @user,0
@user And the fact he called you a nigger after you respectfully told him your preference damn near proves that theory 🤦🏽‍♀️,1
@user You don't know her she is Senegalese 😂😂,0
@user Dude you are so right.. one just triggers the other 🙃,0
@user Another sick liberal 🤭,1
@user @user @user I wasn't aware there was big money in sensible gun control 🤔,0
@user Omg i am so sorry u have to go through that but once she is out it would be worth it i love u austin and ell and lets not forget about the new baby you guys are such good people so keep doing what you do best and keep inspiring me and the other ACE FAMILY members i love u guys😍,0
@user @user U a dickhead for that😂,1
@user @user @user Because i'm a little concerned about the Q followers because they slowly become more and more a sort of right wing sjw antifa thingie  (Also excuse me for my horrible English it's not my native languase and didn't had much schooling in it so i'm sorry if it sucks. 😅),0
@user Democrats have no laws!!😡😡😡,0
"...We can no longer sit on the sidelines and remain silent on this issue."""" - Chip Bergh, chief executive @user   This is what #PeopleOverProfits looks like. 👏",1
@user @user Da fuck is going on people?   There's the men's room and the women's room  Pick one and stick w it 🤔,1
"@user Screw you and that keep up"""" shit honestly 😂""""",1
@user He is 🤗,0
@user She is allergic to chocolate ☹️,0
@user @user Endless Dreg here...😀😀😀😀@USER 🇺🇸🇺🇸🇺🇸#MAGA    &gt;&gt;&gt;&gt;&gt; @user &lt;&lt;&lt;&lt;&lt;&lt; Pervert supreme of society,1
@user Anyone else getting a different idea of how these attacks are connected? 🤔🤫,0
@user 😂😂 you are too funny!,0
Analysis | Devin Nunes explains ‘antifa’ and ‘all of these riots’: ‘Because we’re winning’,0
@user He is about as useless as a tit on a hog just saying 😎,1
@user Hana &amp; Hina After School. It’s an LGBT love story and I got it for my best friend and read half and the next day went back to the comic con and bought myself the series 😂,0
@user @user YOOOOO I didn't know you had a son. That's awesome. Look how focused he is. 😃,0
@user @user @user That is actually a compliment since she is one of the biggest artists out today. Thanks 😃,0
@user @user @user @user @user @user @user @user @user @user @user @user @user @user @user @user @user @user @user Followed all Patriots. Please follow back. #MAGA 🇺🇸🇺🇸🇺🇸🇺🇸🇺🇸🇺🇸🇺🇸🇺🇸🇺🇸🇺🇸🇺🇸,0
@user Doesn’t “myth” mean something that isn’t true? 🤔... hmmmm .. hollyweird liberals should stick to make believe world.. #dummies 👇,1
ASMR EEL SUSHI SALMON SUSHI (EATING SOUNDS) *BIG BITES No Talking | YAYA ASMR,0
@user Let’s hunt for it 🤨,0
@user I believe you are correct Chico the wise chihuahua!!❤️❤️❤️,0
@user Glad you are at least safe! Sorry to hear about this whole mess 😕,0
"@user Keep It coming my Dear President Obama!  Your words are powerful because of the Stellar man that you are.  I sometimes think that he is more of Prophet"""" than a President in all the wise words he thinks about and speaks about.♥""""",0
@user He is 💪💪💪,0
"Roy Moore"""" """"Kavanaugh Accuser"""" """"Jeff Bezos"""" """"Dr. Melissa Bunny"""" """"Satire"""" """"Distant Past Allegations"""" #drellenbrandt #MAGA To most Republicans - and other Sane People - all allegations from the far distant past are equally credible - or incredible. 🐇🐇🐇",0
@user @user @user @user @user @user @user @user @user @user @user We all had fun!Loved watching eyes light up w excitement when he used their names as they asked questions😍Yes!He is talking to you!😍,0
"@user Just think. She is infinitely funnier than you. Obviously..D'uh huh."""" 😮""""",1
@user @user @user @user The educational system is controlled by liberals and works to enslave the minds of our children. The chains of mental enslavement must be removed in order to save the future of our great nation 🇺🇸,1
... and the RINO speaks... again  Sassy has been one of the most frequent and vocal critics of Trump policies – calling out Trump for his handling of issues ranging from gun control to tariffs   Thinks about quitting ~ don't the door🚪hit you #FoxNews,0
@user @user She is a 🤡,1
@user 👏🏻 good job (sarcasm). Also great they have gun control laws it’s saving lives! (More sarcasm).,1
@user @user Touché...but wait till he flashes the white supremacist👌🏼sign letting his sound crew know he can hear himself in his ear piece. Heads will roll...🤦🏽‍♀️🤦🏽‍♂️,1
@user What the fuck? You don’t care about your friend? You are not a real friend then 🤦🏽‍♂️ he not losing anyone special then cuz you can’t even be a real friend and that’s sad,1
🛑 Gateway Pundit News 🛑   👉 Judicial Committee Chair Grassley Goes Off on Feinstein – Says She REFUSED to Join Him on Call with Far Left Accuser     #MAGA 🇺🇸 ￼￼#2A #Prolife,0
@user Bitch I know. My body is ready 😂,1
@user @user @user @user @user He is Crying In his Pic or Tum Hs rhi ho 😡😡,0
@user @user @user Lol. It’s funny how you assumed I only have those qualifications. Typical black tweep. When they are losing a debate they assume the other party is lower than them. “That’s why you are broke.” “Stay there with your debt.” Yet they’ve never met the person. 😂😂😂😂,1
AHH I MISS THEM SM ❤️❤️,0
@user Fantastic!!!  The Alamo is sacred to us. She is a blight on the history of time. Better left erased!!  🇺🇸🇺🇸,1
"@user your lord and master... blah blah blah"""" Liberals are so over the top dramatic about everything😆",0
@user @user What does Juan contribute on Fox? We all know which side of the fence he plays on. Pretty much know what he is going 2 say. Listening 2 him is like watching paint dry. I have better thgs 2 do😠🤢,1
I wonder if any of the MAGA people that try to follow me are hoping to maybe get better knowledge or maybe they want to change. And then I go and block them. Maybe that’s why they never change. 🤷‍♂️,0
@user @user @user @user That makes no sense. Try again. #MAGA🍄,0
@user @user @user #SimonSays Jack Viney eats bricks for breakfast 👊  Favourite moment of the game was Melkshams colossal celebration. He is one of our heart and soul players.,0
@user @user @user Sure. Whatever you say random dude. Last time I checked having a negative opinion of a media company doesn’t make you Antifa. But congratulations on dumbest fucking thing I’ve heard today👍,0
TRYING TO HIDE ALL THE EVIDENCE 😂😎✍👀 #MAGA #QANON #TRUMP #WWG1WGA #QARMY #QALERT #MAGAFORALLINC  🤔 #TOOLATE😎 👇,0
@user Says the man with 18% favorability and won't win so he is retiring!🤣,0
#Tories #Labour #GE2017 #Conservatives Conservatives 🌟: There are over 3 million more people in work with the security of a regular pay packet since 2010.  See how it's changed in your area ➡️,0
@user Only got Woman anatomy model and connect crewneck 😩😩😩,0
@user I’m doing really good thank you ☺️ I hope you are well too. 💙🙏🏼 Be Blessed beautiful friend 🌹 🌅,0
@user Yoongi you are the father!!! 😂,0
@user BURN  your Nike gear.  Everyone I know is done buying Nike.  Oops. Conservatives are the ones buying from Nike.  After all we r the ones making the money  There’s way way more of us    🖕Nike,0
@user @user In 2010 the Conservatives cut annual funding to build social housing by £2.5bn. Today Theresa May announced an extra £2bn to build social housing.... spread over the next 10 years! So by 2028 it’ll be a £33bn cut since 2010 instead of £35bn. No wonder there’s a housing crisis 🧐,0
@user @user Ask @user he know the truth hahaha 😊😊 have favoritism person so unfair,0
@user @user This what’s the matter with #Hollywood and #liberals 🤮,0
@user That food you made was so mf good. THANK YOU!! 😭 lol,0
Sorry right wingers 😳😉”Look for a Kaepernick sales 'bump' in Nike's earnings next week” #NikeAd #BoycottNFL #BoycottNike #maga,0
@user @user No way does John Lewis have to apologize to anyone he is a hero ❤️❤️,0
@user Embarrassing for the liberals....I wonder who those women raped in school🙄,1
@user Course in treachery 🤑,0
@user @user CALLING ALL CONSERVATIVES GET OUT AND VOTE FOR CRUZ!!!!MAGA!!🇺🇸🇺🇸,0
AAA DIBALES DONG😘😘😘,0
@user I think other countries are following MAGA 😀 People are sick of being overrun &amp; then have to pay for it all!,1
@user I can't believe Luigi fucking died 😘😩❤️,1
@user @user @user @user @user @user Welcome back home to South Africa champ ☺🤗. I am sure you are very happy to be back home with all your family and friends ☺🤗. Enjoy your time here in SA ☺,0
@user @user don't disrespect sharpie like that bro it was definitely some off brand shit from the back of a dollar tree 😭,1
@user @user Oh for heaven's sake. 🙄,0
10th duet with my cutiee angel @user 😘😍💕 she is damn awesomee in this 💕💕 her  expressions 😘just killing 😍love to do this 😍😉🙌 nly for u #mybubblygirl #anupama #dreamgirl #BCO love u my cutiee doll💕😘,0
@user @user Oh shit u went there 🤣🤣🤣,1
@user   This picture I love it… Because it speaks volumes… You are in your element… And you looked peaceful 💯@USER,0
"@user Did he get on his knees? Spends a lot of time getting  down""""...High priced BJ giver?  😋😊😁""""",0
@user Please and that bitch will get popped and end up with a lump like her dumb ass sister 💀,1
@user you are amazing and talented and i hope you have an amazing night 💘💕💖💘,0
@user Cutie connection is authentic 💓,0
@user Attention of bigger accounts is everything on here. The smaller you are the more you vanish in Nowheresland. 🤷‍♂️ Sometimes they even believe to be something better because of the numbers on their follower-count.,0
@user Thank You🍎 Have A Great Day 🙏 #MAGA  💯🇺🇸🇺🇸🇺🇸🇺🇸🇺🇸,0
@user @user G this a MAGA ass take 😂😂😂😂😂😂,0
@user He is saaaaaaadd 😂😂😂,0
@user i love you honey i hope you are okay take your time and take care of yourself 💕,0
@user He was saying niggas who say they boycotting Nike for the military are racist because the military fuck with Nike 😂,1
@user Dividing us is no longer working for hollyweird Demoncraps or liberals #race card no longer helping you🤐❄️🤥🤢😈,0
20 Crazy Things Liberals Blame Trump For | TrumpTrain,0
"@user Preaching to the choir. :) Cannot be repeated often enough though. Yet, in deep red states conservatives""""  keep getting elected. Time for a national adjustment. 🤞""""",0
@user @user you in front of me I'm in front of you See you or love you What to do I don't know... How did this happen You are mine See you or love you...😁😂,0
@user @user @user She is a Monkeying Around. 🤣🤡,0
@user 😭😭😭😭 he is terrible 🆗,1
@user @user @user Wonderful to talk with your mother before the speech today about my friend Amir...you are blessed with a strong family 💙,0
@user @user @user @user Another village missing its idiot!!! 🙄,1
@user @user I kind of feel like AntiFa are terrorists.but maybe I'm overstating it lol 🤷‍♂️,1
@user @user @user @user @user @user @user @user This sounds as relevant as the march in Mumbai by the woke snowflakes for Gun Control😂. Abortion in India is legal and only the woman's choice is required. Take your circus elsewhere. Instead take up the issue of oppression of Hindus in India. This is at least relevant.,1
10 Signs YOU Are a sales zombie 🧟‍♂️ #marketing #sales #retail #style  #WednesdayWisdom,0
@user @user He needs more “gun control!” 😂,0
"@user @user Jesus will save us.  We just have to ask.  #JesusSaves  🙏🏼❤️  I pray often.  Included in my prayers are for GOD to also Save #Connecticut &amp; the USA.  I think we need more people praying.  LIVING ON A PRaaAAaaAaayEer!"""" 🎶🇺🇸",0
@user I love that she is using her platform for something positive and meaningful.. 🙌🏽💯👏🏽,0
@user Love it! He's giving you a heads up that he is the most important living creature in a 10 mile radius !!🐾🤣,0
.@USER You should totally follow those whack job liberals...unhinged and dangerous! Thank you 🇺🇸,1
@user @user @user @user @user @user @user @user @user @user @user @user @user @user @user @user @user @user @user @user @user Agreed.   She is an administration immigration adviser.  That is discouraging.  She was told to do it.  My bet is Miller👌  King of the racist base dog whistle.,0
@user @user @user He is the best Warrior 🤷🏾‍♂️,0
@user @user that's hilarious.... let those #PuertoRicans legalize pot so they can forget about their problems after #HurricaneMaria...🇺🇸💵😏🤣  #ThursdayThoughts #ThursdayMotivation #resistance #resist #MAGA #Military #veterans #TCOT #ThisIsAmerica,1
@user You are perfect 👌,0
@user Looks like gun control 🤷‍♂️,0
@user You are amazing 💛💛💛,0
@user Clearly as long as she is safe no one else matters lol 😂😂😂,0
@user Dear Pope Francis: SHAME ! 😫,0
@user He shouldn’t withdraw his name at all because the left has repeatedly been caught fabricating stories just like this to discredit conservatives they’re proven cheaters and lier’s .... a liberal professor from California lol 🖕,0
@user She is!!! 😍,0
👇Please retweet this #TrumpNation #TrumpTrain #MAGA #KAG #DrainingTheDeepStateSwamp,0
@user @user who really cares about any of this wack ass beef???😂💀,1
@user Right.!!!! I don't know what the hell he is saying half the time. I would get thrown off the show the first episode.!!!!😟😕,0
@user ur a fucking dumbass fr. there’s no way she is anyone else’s 😂,1
@user @user @user @user @user @user @user @user @user @user @user @user Happy to connect.  #WeMakeAmericaGreat 🇺🇸🇺🇸🇺🇸,0
@user Good thing California has all those gun control laws ?!?! 😂😂😂👌,0
@user No it’s because you are a horrible person🤮🤮🤮🤮,1
@user @user @user @user @user @user @user @user @user @user @user Followed All #Fantastic #MAGA #Patriots ❣ Look forward to you following back. Thank you  &amp; have a wonderful day 🇺🇸🙏💕,0
#wcw because look at how beautiful she is!!!!!! I wish I had this beauty tho but I am just in love with my baby sister 😍😩❤️ @user,0
@user Lol okay cuz this shit gotta be discreet 😂,1
@user 😐 sorry but she is an idio,1
@user @user @user @user I knew we would find out that this is all the liberals’ fault. 🙄,1
@user Keep me updated with how you’re liking it 😂,0
@user ...Bono's attempt to inculcate the masses in his later life epiphany... senility has certain markers; i guess Bono has made that clear now - sad 😳🤔🤔,1
@user This nigga is everywhere 😂 😂..I can't escape his spews..it's now time,1
@user mad bc you’re hot as fuck and they can’t have you 😭❤️,1
@user He is adorable 😍,0
@user 🤦🏾‍♀️ she’s dead ass serious too. Smdh,0
@user he is 🤷🏽‍♀️,0
*sings slowly* “I just want to see how beautiful you are.” 💓,0
@user You coming to Georgia when I get back then?😂,0
@user come eat me 🤤😍🍽😖,1
@user @user Strongest gun control in the country 🤔,0
@user Whoa! 😳 #Resist #Liberals #FakeNews #Democrats #PP #Antifa #WomensMarch #MaxineWaters #Kavanaugh #HillaryClinton #MAGA #Maddow #VoteRed2018 The whole kitchen sink. 🙄,0
"@user @user @user @user @user @user @user @user @user @user @user @user @user @user @user @user @user @user @user @user @user @user @user @user @user @user @user @user @user @user @user @user @user @user @user @user @user @user @user @user @user @user @user @user @user @user @user @user @user Gun control"""" only works for those who have the guns 👊💥 If you have all of the guns, you will most definitely have all of the control.""""",0
...Conservatives and Twitter.....oxymoron🤔,0
.@USER nails it - this is why conservatives must turnout this Nov and stop Democrats from winning the midterms 👇👇👇,0
@user O’Rourke tell us Texas citizens how you feel about law enforcement officers 👮‍♀️. Tell us about your immigration plan. Tell us about your gun control plans. Tell us about your tax plans. If you can’t tell us what your views are you can’t be Senator.,0
@user @user @user @user @user @user @user @user @user @user @user @user @user @user @user @user @user @user @user @user @user @user @user @user @user @user @user @user @user @user @user @user @user Good luck to you.👍,0
More bad news for Democrats 👇 #MAGA 🇺🇸,1
@user @user @user I thought conservatives were the ones trying to rewrite history? 🤔,0
@user Shit you right 😂,1
(I'm late but neverthelesssss) @user HAPPY BIRTHDAY CEL! HOPE U HAD A GREAT DAY AND CONTINUE BEING THE PERSON YOU ARE! all the love ♡♡♡,0
@user It is 😭 you get to see a good game and niggas working 🤷🏻‍♀️,1
@user But they promise free stuff from the magic money tree 🙄🙄😂😂😂😂 #MAGA 🇺🇸🇺🇸🇺🇸🇺🇸,0
@user @user @user @user @user @user @user @user @user I'd rather not make JRM PM... 😁,0
@user @user @user Lmao. And yet it’s called Gauteng. 😂😂😂😂. Dude just say you are arguing for the sake of not wanting to lose. Nguni Land? Ahahahahahaha. Do you know why Vaal is called Lekwa? Do you know who king Tshwane is? Do you even know who Thulare is? Dude I’m done with you.,0
@user He seems nice 🙄,0
@user I’m finna say fuck it and get a crispy ass jogging suit😂😂,1
@user He was either looking to pray or for prey.  🤪,0
@user @user @user 🇺🇸 BECAUSE THey think Sen Collins is A STUPID COWARD   &amp;all they have to do is Bullie   SenCollins  This is what🇺🇸Conservatives Have lives with For 9️⃣yrs now   Please Vote For Kavanaugh  LetGod Take Care Of the Rest,1
"@user @user We have a different opinion of what a better"""" gun control law looks like.😎  In one case an illegal alien with NO RIGHT to be here is involved.  In the other case Americans have 2A rights.  Can u tell the difference between American rights &amp; illegal aliens?""""",0
@user Now that's what I call gun control!! 😉,0
@user There's only one King 🐐,0
@user I bet the first ones she calls when she is being robbed is those very same police😡‼️. People are freaking stupid ... 🙄,1
"...I'm smarter than he is, I would be fine, he can punch me all he wants and it wouldn't work... And by the way this wealthy New Yorker actually earned his money it wasn't a gift from Daddy""""  -Jamie Dimon 😎 $JPM""""",1
@user Yeah bro I know like I have pretty good gun control but the smg 12 is just insane😂,0
@user He is beautiful just like his grandma bless him ❤️❤️❤️,0
+++ I can't prove causation either but while the CONservatives in CDA surely love the idea of 𝙿𝚎𝚝𝚊𝚕𝚜 𝙼𝚌𝙿𝙾𝚄𝚃𝚂𝙵𝚊𝚌𝚎(¬@USER bashing PM @user can't help but think they're also egging the former to continue the bashing to boost their fortune(s) vainly.,0
@user Don’t 😂😂😂😂😂,0
@user truly sad there are so many other things we shud be talking abt gun control homeless getting those kids back 2 their parents but it’s this 🦊news still talks abt U know Donald Trump has truly separate this country in many ways not just one way but many ways,0
@user He is all grown up😭😭😭,0
Too bad life sucks 4 u #schiff4brains 😂 ur going down along wi ur other CRIMINAL friends. Only red line crossed is the LIES U TELL. U will never b anything more than the belly of a SNAKE #MAGA #TRUMP2020 #schiff4brains,1
@user @user Did u c the smile on that kids face afterwards?....was beautiful.... #MAGA ❤️🇺🇸👸🏼💋,0
@user School food ass anyways😂😂,0
"@user Uh...ALL of their signatures are on the record"""", genius.  🚂 #MAGA""""",0
"@user Here comes the he was no angel"""" argument. 🙄🙄🙄  She is guilty of breaking and entering and murder. Who cares about some flowers that may or may not have been planted there by police.""""",0
@user @user @user She is just so effortlessly funny 😍,0
@user @user @user @user @user @user @user @user @user @user Thank you Moe! 😁🌪🌪  #MAGA  #TrumpTrainPortal,0
@user @user @user @user @user @user @user @user @user @user @user @user @user @user @user @user @user @user @user @user Be best. Be #MAGA  ✅Following amazing patriots.,0
3 yrs connected on Facebook- Kathy you are soooo lucky 🤣🤣🤣🤣 NOT REALLY I am blessed to have you as a friend,0
@user @user is this reputation’s next single ?? 🤔🤔👀,0
@user  Caribbros please fix oroshimaru he is broken he teleports and he can spawn a lot of snakes but players can only spawn one thing how are we onna beat him if he is so broken and glitchy!😡😡,0
@user You turn a dull Tuesday night into a super sexy one! So hot! 🔥🔥🔥,1
@user @user @user @user @user @user @user @user @user @user @user @user @user @user Followed all patriots that I wasn't already following 😃 pls follow back! Thanks @user for a great list of Trumpsters! MAGA! #PatriotsUnite,0
@user @user Vinnie’s gonna hunt me down at an antifa march.  Shouldn’t be hard to recognise me  😂,0
@user @user @user Mark my words: #BLUEWAVE2018 🌊🌊,0
@user Damn hope you find some bitch 😂 I bought some yesterday LMAOOOO,1
-You would never guess that this employee plays Covet (a fashion game) on her iPad in her free time. 📱 -She has a strange phobia of dogs.🐕 -She is amazingly weird! She can jump over her foot while it is in...,1
@user 😅😅😅😅😅😅😅😅😅 gun control fun a statue of a stupid child under a desk are going to change peoples if that is the case they are stupid because i for will not give up my firearms or free speech or my rights to no one or no government! Fuck you!,1
@user @user @user @user @user @user @user @user @user @user @user @user @user @user @user @user Following all #Maga patriots please follow back 👍  #LionsDen 🦁  #MAGA2KAG 🇺🇸,0
@user That sucks 👎,1
@user @user They always get mad when they are losing money. 🇺🇸,0
@user Fuck 😩 I didn’t realize it until I got on and finally played it again,0
@user Let me borrow yo shit first 🤣,1
@user @user Corruption (except for my household) and Socialism (except for my household) gun control (except when I need to be protected)... Shall I go on?  🤦‍♂️,0
@user Tbh if you’re doing international adoption you’re pretty much buying a child 🤷🏿‍♀️. People do spend a lot adopting children bc our system allows people to baby broker for profit. In America if you’re going through an agency you are in part buying a child,0
@user I love her! She is the sweetest! 💕,0
@user Wow She's A Piece Of  Work🔥Obviously She's Been Involved In Rape Are Sexal Misconduct And It  Didn't Go Her Way🙏Awful Thing To Ruin Anybody's Life That's Innocent💯 #MAGA  #ConfirmKavanaugh  #JUSTICENOW  #VoteRedToSaveAmerica  #GodBlessAmerica  #AnnaLovesTrump #TrumpsArmy 🇺🇸,0
@user What's MAGA stand for? My Attorney Got Arrested? 😂🤣,0
@user Go Pack Go!  #MaunaLoa  🏈😠 #CrunchToADifferentBeat #NFL #NCAA,0
@user @user My dumbass was really thinking how in the hell is she been pregnant for the last 6 years😭😭,1
@user Tina Thank You ❤ i'm 💯 All In For  President Trump❤ #MAGA  💯🇺🇸🇺🇸🇺🇸🇺🇸🇺🇸,0
@user BITCH I FUCKING FELT THAT SHIT🤧💀,1
@user @user @user @user @user @user @user @user @user @user @user @user @user @user @user @user Following all #Maga patriots please follow back 👍  #LionsDen 🦁  #MAGA2KAG 🇺🇸,0
@user @user Ok can I have my two cents here!!! This is not the end of yalls friendship !!! Maybe you should actually say  Sorry first because you are the man😀😀😀 I’m not taking either side !!!! I depend on y’all and other people do too!!! I’m just a peep here!!! Let’s all  be happy!!!,0
I Followed @user   I was # 4K ‼️Congrats‼️ #NRA #TrumpMan #MAGA,0
@user @user We need gun control😆 Liberals should not have access to guns. They are not mentally stable. This must stop😆,0
@user Funny how he believes ANTIFA is a thing but calls himself Reality Checks. 🙄,0
@user Yes he is 😂😂 shhh,0
@user @user @user I don’t like this. You guys aren’t gettting what she is trying to pass across. She said she went to the CU in Enugu and left in 2014. 🙄,0
@user It's ok.😊💕 I'm glad you are ok.💓 It's good you had a nice safe and dreams.🧡,0
@user We are actually thinking of making this event a gathering for local Antifa members and the #Resistance. Make your voices heard against #Drumpf. 🌊🌊🌊🏳️‍🌈,0
@user @user @user @user @user @user @user @user @user @user @user @user @user @user @user @user @user @user @user @user @user @user @user @user @user @user @user @user @user @user @user @user @user @user @user @user @user @user @user @user @user @user @user @user @user @user @user @user @user @user Hmm? That’s not biblical. You may want to ask god if you are doing it right. I’m pretty sure you’re supposed to get in that church with all the “people” you don’t care to be around. It’s your persecution. 😂,0
@user @user @user @user @user @user @user @user @user @user @user @user @user @user @user @user @user @user @user @user @user @user @user @user @user @user @user @user @user @user @user @user @user @user @user @user @user @user @user @user @user Listen people Queen is right. This is not a game this is war 👆👆👆👆👆💥💥😡😡😡😡,0
#ReleaseTheCures #DeclassifyFISA 🇺🇸 #ItsTime #LockThemAllUp #WWG1WGA 🇺🇸 #GreatAwakening @user #Winning #QAnon #MAGA Guess Who! #BitChute,0
@user You are one of the mastermind of a big syndicate at BOC.  We will not forget. You will go to jail!😡  #FakeDrugWar,1
@user My nurse friend always looking out for me 💙 Yeah it's a bit of a wet cough :/  The doctor I dealt with earlier wouldn't tell me anything and basically threw a prescription for antibiotics at me... which I assume means that he is thinking I possibly have a chest infection? 👀,0
#Westminster @user #HouseOfLords #Tories @user @user @user @user #Brexit 🇬🇧 @user #LabourParty #Labour @user What a bunch of #hypocrites 😠 A total #ShowerOfShite 😠😠😠,0
@user @user @user @user @user @user @user @user @user @user @user @user @user @user @user @user @user @user @user @user @user @user @user @user @user @user @user @user @user @user @user @user @user @user @user @user @user @user @user @user @user @user @user @user @user @user @user @user @user Just a punk ass POS POG.  THANK YOU KGO!! ❤ 👍,0
@user @user She is diabetic 🤐,0
@user @user #DUMMYDONNIEJR 🤦🏻‍♀️🤥🤡🤷🏻‍♀️  THIS IS FROM 2008 IDIOT 🤣😂😅.  The apple doesn’t fall to far from the tree when it comes to lying 🤥.   The American people have had #EnoughIsEnough of #LIARINCHIEF and you are actually an embarrassment as well like your daddy 🍄🍄,1
@user @user We love you baby😍  #MAGA,0
@user She is Real Rocky 🔥🔥🔥 Oh My God !!,0
@user For the hol tl to see😭. That’s tht Big Dick energy 💯,1
@user You are such a generous gal! Bringing STEAM and spending your time to give to others. Thank you for everything you do help this planet! ❤️🚀,0
@user @user Ha! I’ve met you both and neither of you are dull! Me on the other hand.....😌,0
@user Even teens that commit _proven_ crimes have their records expunged when they turn 18. Someone please tell me why this is a thing?  All I see is one old california hag outing another old california hag against her expressed will. Wonder how much she is being paid?  🤔,0
@user @user @user She is new psychology thinker who think about religion and so aggressive on her thought before deeply think on hinduism 😀😀😀😀,0
👀 PATRIOTS &amp; ANONS 👀  💥old SOROS is shopping again!💥  #MAGA #ConfirmKavanaugh #DeepState @user  @user @user @user @user @user @user @user @user @user @user @user @user @user,0
@user @user @user For the love of all things sacred he cannot be voted in. He is well down towrds the bottom of that scummy swamp. The Scales of Justice need to let him drown in his own shit. Make 2018 the year of holding each other accountable for our responsibilities. ☮️❤️🇨🇦👵🏻,1
@user Hope you are having a beautiful and blessed Sunday 😊🙏🏼💜,0
#guncontrol #robbery #murder #Selfdense #Defend #secondammendment Why You Don't Want Gun Control Three Armed Home Invaders Try to Ambush Homeowner | Active Self Protection via @user,0
@user @user @user @user @user @user @user @user @user @user @user @user @user @user @user @user @user @user Thank you! ❤️,0
@user @user Glorita you are THE Most! ✨🇻🇪,0
@user @user I don't live in the US so maybe that is one reason why i don't know who she is 💀,0
@user You should seriously consider that maybe YOU are the one who is always wrong &amp; these people are correct... because you are wrong in your supposition here for most of them 😏,0
"@user Hawd me back. Hawd me back """". 😂""""",0
#MaximeBernier's new party stakes out classical #liberalValues: #DonPittis | CBC News,0
@user Kamala Harris speaks to those she disagrees with in a condescending fashion that I find gutter like! I want to snatch her bald headed routinely! She is so full of herself and is very unbecoming! 😠😡🤬😤,0
🛑 Ntknetwork News 🛑 👉 'Senate Set to Pass Bipartisan Bill to Combat Opioids' #MAGA￼🇺🇸#2A #Prolife,1
@user Ohh.. the liberals are fighting 🍿,0
@user 😂😂😂 You are the wife,0
@user @user should be returning punts in my opinion. He is 💰,0
@user @user Soo Sweet!! Eliza you are amazing you opened her up she is too cute and Eliza your a beautiful soul💕,0
@user Antifa and UC Berkeley like this 👍,0
A private life is a happy life 😍,0
@user Liberals can’t math good. 😂,0
#pugchat Just wanted to let you know I may not be able to see my pugchat buddies tonight. Grandma is working late plus she is going by the bakery to order the cake for my mom’s birthday this weekend. 🙂,0
@user I just know my family lives out west. Hard core conservatives. They love Bernier. All their friends love him. That is going to split the party. Alberta is huge PC block. Not my politics but you can’t choose family. 🙄,0
@user @user @user @user @user @user @user @user @user @user @user @user @user @user @user I follow all these MAGA Patriots 🇺🇸❤️🇺🇸❤️🇺🇸❤️🇺🇸,0
@user I guess people won’t be voting conservatives in the next provincial election 😂,0
@user @user American terrorists. We need strict punishment for these lawless thugs. STOP powdering Antifa’s ass.  #BackTheBlue 💙🖤 #gettough,1
@user @user Made me smile. 😁😁😁😁😁😁,0
@user you are beautiful 😊,0
@user @user Awwh thank alooot Bhabi you are so sweet love you 😍😘😘,0
@user Another child killed by a gun . 💔😢🙏  How can ANYONE not agree that stricter gun control laws are needed in FL? #NotOneMore #GunControlNow,0
@user call me a dog cause DAM... I got a bone for you nigga 😘,1
@user @user @user Omggggggg she is EVERYTHING and more! 👑💖,0
@user @user @user Says the guy who thinks that Labor (Australian equivalent of USA liberals) are socialists. 🙄,0
@user @user I love Danielle because she is such a caring and genuine person! Her smile and positive energy brings out the best in everyone. You can always count on her to bring some sunshine into any rainy day ❣️☺️,0
@user @user Liberals and Democrats are Psychopaths! Yep! Something wrong with all of them.🧐🇳🇬,1
@user @user McRaven engaged in a publicity stunt. He never spoke publicly against any #CommanderInChief before he retired. A retiree issuing a challenge to the President is an empty and hollow gesture.  #MakeAmericaGreatAgain #AmericaFirst #MAGA #USA🇺🇸,0
@user @user Tis funny you assume I’m left or a supporter of antifa even though I dislike nazis. You’re still a ball washer though.😁,1
AND I gotta wait till March for the DLC that comes out 🤦🏾‍♂️,0
🛑 Truthfeed News 🛑 👉 'JUST IN: FBI Deals Yet Another Devastating Blow to Democrats on Kavanaugh’s Accuser' #MAGA￼🇺🇸#2A #Prolife,1
"@user 😂😂 yeah ok sure next time"""" i just didnt wanna let people know who she is so that they dont go all over her and attack her but if ur sure then OkAy""""",0
@user ❤ You are beloved! ❤,0
@user I can't 😭😭 he is already 26,0
@user 1st of all who trust the FBI to do a polygraph?I don't! She can pass it if she's a habitual liar.They have no fear or caring about what or who they lie about. She's probably a closet ANTIFA member.Insane to wait 30 yrs.If true others could have been hurt bc of her complancey.🤬,0
@user So Glad Your Back 🙏 Hygs Love You ❤ Getting Ready To Do A  #ProLife. Presentation #Maga  #💯🇺🇸🇺🇸🇺🇸,0
@user 3D vs Digital 》 War on Reality 》 Going WHITE-HOT  We're now entering / the fight between&gt; Red-blooded humans in 3D /boots-on-the-ground reporters/ VS Avatar Digital AI /CGI Hollywood False Reality Reporting/ Polytechno-Fascists-Avatar-Digital Non-Reality,0
@user You are important to me so I would like that you think more in your health and rest well bc you always work hard for army. I purple you 💜,0
@user @user Yes “If only Antifa would leave the poor Nazis alone” is a statement for the ages...😬,0
@user @user so sad 😭 #taketworeferenceswithmoniqueandchloe x,0
@user Aight I thought gun control and unaffordable healthcare was the issue snm 😪,0
@user @user @user @user @user @user @user @user @user @user @user @user @user @user @user @user HONORED TO BE INCLUDED WITH ALL THESE FINE PATRIOTS ! THANK YOU RENA ! #MAGA 🇺🇸😀💕🇺🇸 DEAN !  @user,0
@user He is! 💥,1
@user @user 😂😂😂😂😂😂😂😂😂😂😂 is this a joke??? Cause its funny AF 😂😂😂😂😂😂😂😂,0
"&lt;BECAUSE YOU ARE MY 현재&gt; by Gió Ngày Thu Năm 1997 x Golden Beryl.  Because you are my 현재, so I'll cherish every moment with you. You are my past, present and my future."""" Link: #HAPPYHYUNJAEDAY  #BELIEVE_HYUNJAE_DAY #너의존재가_기적이야",0
@user Expect: 💙💛You ARE✨💖,0
@user @user Oh they’re real..THIS IS WHAT ANTIFA LOOKS LIKE ON TWITTER 😂😂,0
@user @user @user @user @user @user @user @user @user @user @user Fluffy was found 🐈❤️💙🐾‼️,0
#Tories #Labour #GE2017 #Conservatives Conservatives CCHQPress: 🏘️ PM natfednews: Today I can announce that new longer-term partnerships will be opened up to the most ambitious housing associations through a ground-breaking £2 billion initiative,0
@user @user @user Prayers ❤️🙏🏻 You are missed.,0
@user Another war “Hero” speaks out🇺🇸🇨🇺🇺🇸🇨🇺🇺🇸🇨🇺,1
@user Holy shit. You better not be drinking milk after eating that. Or else... 🤢,1
@user @user @user Nobody does racism like the @user 😮,0
@user @user lots of things you don’t know. 🤡,0
‼️ WE THE PEOPLE WILL DEFEAT YOU ‼️  #MAGA  #MSAGA (MakeSouthAfricaGreatAgain)  @user @user @user @user @user @user @user  @user @user,0
@user @user is so biased against conservatives‼️everyone should drop google and use Bing or DuckDuckGo.,1
@user Is this nigga really back to dying his hair 2445times in one comeback 😂😂😂,0
@user @user @user @user @user You are a good dancer and talented in drawings. My fingers are like that when I vote for CNCO 😂  #PremiosHeat2018 @user  #LatinGRAMMYCNCO  #CNCOnEllen  @user #CNCO #TheLatinArtist #PCAs #followERickOnIG,0
@user #JustSayin’ what the majority is thinking. More #FakeOutrage &amp; #Lies from the #LunaticLeft. Never seen so many sore losers throwing temper-tantrums for almost 2 years now. Embarrassing! #MAGA🇺🇸,1
@user @user My bias park JIMIN  he is perfect man 😍😍😍 #JIMIN #BTS #MAIN DANCER AND READ VOCAL💕 HEART YOU🤣💟👍,0
Add who is behind Antifa and who organized and paid protestors at Kavanaugh hearing!🇺🇸,0
@user @user I had the good fortune of having her jump on a stickerwoman post a while back. She is a woman 😢  She tried to tell me that stickerwoman was a hate crime against Muslims ...🤔,0
@user @user @user We’ll be there opening night! 🙌👍,0
@user @user @user So you are clearly admitting big names big cast also reason of sanju aye dil yeh jawani barfi suceess 🤔🤔🤔,0
@user is the only one worth slapping your cock on #cocktribute and cumming all over #cumtribute   she is my CumSlave after all 😎,1
@user Exactly. We can take the theatre. 👍,0
@user Give Norm his own show!  He’s FUNNY 😂😂😂,0
@user @user Well John started the nuke button hit being an AntiAmerican hater and well Trump is gonna desecrate the liberals agenda and the results will be awesomeness 👉🏻🇺🇸🕊,0
Accept me for who I am. I understand it's not easy. But neither is loving someone who only tries to  correct your flaws that only make you so incredibly unique. 👑,0
@user There you are! 👋🐾,0
@user 😂that zombie walk was a little scary. Remember when that zombie said he was going to eat Shon’s butt💀,1
@user @user You both look lovely! #FLOTUSrocks #MAGA 🇺🇸🙌🏾,0
@user Happy birthday ❤️ hope you are having a wonderful day 💕,0
@user @user @user @user @user @user @user @user @user @user You are so beautiful!!😢😍Xx,0
@user Democrats plan working!!!😂,0
@user Fake News spewing lies again ! Patriot Voters do not approve of Kaepernick and his Socialist Nike Ads!!👎🏼👎🏼👎🏼🤮🔥👹,0
#TwitterPurge Documentation ✅Am I the only 1 who gains 50 followers then loses75 followers daily😡 stop #TwitterCensorShip of #Conservatives,0
@user I went to the live twice but I was impressed and it was really cool stage!You are my bestdj!!Thank you Hardwell❤️,0
@user 👀 sitting here thinking he has a killer porn stache,1
@user You are stronger than you believe my beautiful sneaky pig. Dcl teaches us so much and I am grateful we have the chance to explore ourselves as we grow and learn 😭❤️❤️,0
@user Shut your ass up 🤧,1
@user @user Hugs 🍎❤🍏 #maga  💯🇺🇸🇺🇸🇺🇸,0
@user you are not alone/ I am here with you🎶 😅,0
@user @user @user But ... but ... I was trying to get him to block me. The trans porn story was the perfect ammunition ... but now it will never happen! 😮😧🙁😞😢😭,0
@user So fuckinggg cute 😍,1
@user @user @user Most stupid tweet yet...and yes...its a libtard🤣🤣🤣👌💩,1
@user @user @user @user @user @user Liberals are so sensitive that they’ll believe the okay sign is racist 🤣😂🤣,1
@user LMFAOOO baby you just as young as she is😭😭😭,0
@user @user Awewww u falling for back up after blocking people 😂😂😂😂 end of days my man their all going down this is day one give me a month and we will strip the fascist antifa and mugs like you of all secrecy,0
/my heart is aches when i search kyla pristin. She is happy now why haters wont let her be ㅜㅡㅜ,0
@user I’m sure he is. 💜,0
@user Good luck on your future endeavors...you are surely going to be missed 😥,0
@user So the FBI is a hotbed of liberals and leftists???? 🤣🤣🤣🤣 you are no Brian Dennehy.,0
@user Thanks Colleen 😇Means a lot to me.....She is doing good about 4 hours away from Louisville Kentucky 👍,0
@user You are far too kind 😍😊🤗,0
@user Great news! Old moonbeam Just went into a coma! 😂,0
"@user @user Awesome! Every antifa should go through this Initiation""""😜""""",0
@user There’s this specific person whose tweets r bugging me since morning ..🤣😂 solo fan I guess ..usko har cheez se problem hai aur use shayad aisa lagta hai Jaise he/she is the nly sensible one 🤣🤣,0
@user You are supposed to heed all warnings. We were there in July ~ 🤨🇺🇸,0
@user @user Must be becos the site thinks Teli is a REAL antifa 😀 Teli is a Weeb'tifa,0
@user Don’t worry hun I will be sharing this everyone needs to see this talent!! 🏳️‍🌈💞,0
@user @user @user @user @user @user @user @user @user @user @user @user @user @user Following all Patriots 🇺🇸 #MAGA,0
@user Technique is Key🙌🏻,0
@user @user @user There were “fine people on both sides” there were Charlottesville historians looking to preserve the statues w/o affiliation with the white supremacists. There were also honest protesters not associated with antifa who wanted to see the statues removed 🤦🏻‍♂️good grief,0
@user Gorgeous! And those tits are KILLER! ❤️,1
ANTIFA SUPERSIZED 😈,0
@user Hope all them sandwich’s have cheese to go with their wine 🐷#MAGA,0
@user Wow you are so hot 😍😍😍😍😗😗😗😗😗,0
@user It just hit me the fact that Bey is always on her private yacht whenever she is on vacay. Sis will stay on the water where non of y’all can bother her🤣😂,0
@user you are so sweet💘i hope you feel better soon!,0
@user @user @user You definitely made judgements about me and your tweets prove it. I made reasonable observations based on what you said about yourself. You disagree and that's fine. Applying your own advice is something you should try.  #MakeAmericaGreatAgain #AmericaFirst #MAGA #USA🇺🇸,0
@user @user It’s never been about that!!Everything about Color 🤨If public safety was a concern there would be MORE GUN CONTROL e.g Assault Rifles 😶,0
@user M'eh.. I bet you are easily the prettiest thing there! 😉😁,0
@user @user @user @user ☝️What “Trumptards” will be doing to dirty liberals in November.   I was patient at first but now it’s clear the left has absolutely zero intention of playing by the rules. I hope President Trump CRUSHES your joke of a party under the fullest extent of the law.,1
@user Thank You! 🙏❤️🇺🇸 Wishing You a Wonderful #MAGA Day!,0
@user @user @user @user @user @user @user @user @user @user 😂😂😂 your hilarious. You spin my words just as they spin Alex's words. I never said it didnt happen. I said it was a false flag and they had actors help garner public sympathy for gun control.,0
"Another attempt of the DEMS to hide the TRUTH of ABUSE against WOMEN  WHERE is the ME TOO"""" movement on this verified ABUSER of WOMEN  #MeToo are they just another extension of the SOROS groups like ANTIFA KKK❓❓❓‼️",1
@user @user @user Feel free to start with Antifa. 😉,0
@user @user @user @user @user @user @user @user @user @user @user @user @user @user @user @user @user @user @user @user @user @user @user @user @user @user @user @user @user @user @user @user @user @user @user @user @user @user @user In EXACTLY THE way 🐦 DEFENDS PEDOPHELIA... POLITICIZED SCIENCE... ANTIFA RIOTS...  because they FURTHER the cause... One MAN/ENTITY...totally in charge of the whole world  Superstitious?,0
@user your heart is beautiful Your interior is wonderful. You are wonderful❤️❤️❤️❤️🧡🧡💜💜🌹🌹🌹🌹🌹💥✨✨✨⭐️⭐️,0
@user @user @user @user Riots everywhere 😡😡😡😡👊👊👊👊,0
@user Yeah I bought sumn from them. Tired of morphe 🙄,0
What a start to the week for our adults Krav Maga classes!! Keep up the awesome work guys. It is a pleasure see old faces coming back to training and many of you utilising the new timetable 👊🏻👊🏻  See you in class  The Elite Team,0
@user If your a Democrat and you love this great country how can you standby and watch as the liberal arm of your Democratic party tries to destroy everything we love about our country. #Walkaway no actually #Runaway. #LibsHateAmerica #CommiesSuck #MAGA and #KAG for everyone 🇺🇸,1
@user @user You are in your Fabulous 40’s I’d say💝,0
@user @user He is part of the problem in the Island...the incompetent on the governor and his work team on accepting and not having answers on every issued is our problem right know.  Everything in this island right now is a political issued there are no priorities on human needs... 🙄,0
@user You are strong girl. Don't listen to the trash talk. They don't know anything. You just go and tell the truth. That's all that matters. 🙏🌊🙏🌊,0
@user girl you are SO beautiful 😩😍,0
@user Maybe it's because you are special 😊😊😊😊,0
Our only option to                     SAVE our Country...            ♥️🇺🇸⭐️🇺🇸⭐️🇺🇸♥️  Is to NEVER stop                      FIGHTING for her...           ♥️ Vote MAGA Red ♥️,0
@user She's sexy as hell and tough too👍👍👍👍,0
@user @user @user oh!!! she looks amazing thank u!! 💖,0
@user @user @user @user @user You are all rapid dog's 🤪,1
@user I see boobs lol 😂😜😘😇,1
10 Signs YOU Are a sales zombie 🧟‍♂️ #marketing #sales #retail #style,0
@user #Trump gifted the 1% with #GOPTaxScam the biggest wealth grab in modern history yet #trump supporter #dopes prefer to vote against their best interests so perhaps you cannot fix stupid!  #MAGA🇺🇸,1
"#Tories #Labour #GE2017 #Conservatives Conservatives will have a huge impact on building the affordable homes that thousands of people across the country desperately need.""""  🗨️ David Orr, Chief Executive of the National H…",0
"@user The Battle Cry"""" by Nova Scotia Girl🇨🇦 #MAGA🇺🇸 and the world will follow! #WWG1WGA🌎🌍🌏 #RedWave2018 🚶‍♀️🚶‍♂️#WalkAway  #Trump2020 Let Freedom Ring WORLDWIDE!! #QAnon",0
@user happy birthday dad ily thanks for being the best man you can be and for caring for all of us. we love you and appreciate all that you are and all that you do 🐨🐻,0
@user so many things i’ve created but this right here might be my favorite 😭😭💔💔,0
@user Guess she knows who you are too much like by not watching you 🤷‍♀️ go figure:) have a great night Brett!,0
@user Lmaooo! He watches videos about different methods. Whole time at the gym he is brushing his hair 🤦🏽‍♀️,0
@user You are awfully quiet.😪,0
@user Establishment turd 💩! Conservatives have a much better memory than liberals!! We don’t have eyes full of hypocrisy blinding us!!,1
@user She is absolutely adorable what a good mommy you take good care of her.💞,0
@user She is 18 😂😂😂,0
@user @user He is pitiful!  Reason economy is soaring is that he is out of office and President Trump is get rid of his pen and phone regulations!  His legacy is being shattered and he knows it.  His speeches are only about him.  Democrats have no message 😎 vote Republican in November!🇺🇸,0
@user Hogg 💩,0
@user #Man'sNotBarryRoux you are goggle due you dig information ga o flake🙄🤔🤔🙄😁😁,0
@user Good!!! This will surely show us how croocked he is. 😂😂😂,1
@user No one is open! You think he is sitting there waiting to get hit lol. The pick that was called back Kyle said the one of the receiver ran the wrong route again! A route that was need to pick Matt open! 🤦🏽‍♂️ 49ers need to get their head out of their asses,1
@user @user I understand I sound cold-but I love Nintendo. This money grubbing bastards 😹,1
@user He is showing way to others... he is a great leader who will be in front line for sacrifice 😂,0
-Wherever you are is the place i belong🌌🖤🖤.-,0
Get busy... 🤣🤣🤣  #MAGA #ConfirmKavanaugh  #DemsDesperate,0
now that's interesting!?!? 🧐  #JFKJr   @user #kennedy #qanon #maga #magical,0
@user Ready for this red tsunami 🌊,0
@user 😂 a What? You are Better then a futanary Work! You are real!,0
@user @user Obviously they do not care who they ruin due to their attacks on conservatives.... the left is out of control and blind as a 🦇!!!!!,1
@user Oh this is gonna get some Antifa idiots shot so fast...  😂😂 they don't even realize gun owners are usually really aware of what's going on around them.,1
@user @user Crying? 🙄,0
@user my mom left me a whole big squash. Any recipes you recommend I can do with a squash ??😅,0
@user Lol you are representing your case well 😛  I'm gonna give call to my lawyer Matt Murdock.  Wait don't say he isn't coming back .😪,0
@user Omfg yassssss! 😍,0
@user Omg not even interested in his age but damn he is fine af 😜,1
@user How fucking sad 😣,1
@user @user @user 😀 I’m happy to say the same about conservatives.,0
@user @user We all know that the left is going to believe all those lies demo liberals rats are there to destroy President Trump 👎Nov is going to be red 👍🇺🇸,1
@user @user @user @user @user @user @user Love her she is beautiful 💞💖💕💜💛💓 💚,0
@user @user Love this! But also: my queen Lex has been speaking out on important issues like gun control and LGBTQ+ rights longgggg before Feb 14th. ❤️,0
@user Geeezz and @user doesn’t even air ALL That  or the Doug show 😬,0
@user @user @user @user And he is probably loaded 😂😂😂 he done cod for 8 years 😂😂😂😂 he had sponsors before that so it aint about money..,0
@user Wow it took 36 years? Bet this would of never came up if he had not been choose for supreme Court. Shows the liberals for what they really are. In a way that's a good thing😁,1
@user Why you ignore my best friend she all deserve your fucking follow she love you with all your heart she waiting for 8 years 🙏🏻🙏🏻🙏🏻🙏🏻 @user,0
@user @user @user Just goes to show you can be deluded and misled on several and subsequent occasions! I’d ask Dr Lee for an urgent appointment on the grounds of the fact you keep getting these delusions! 🤔😡🇪🇺,0
@user @user IB you ass. Watch how you speak on my name😂😂,1
@user @user @user He is such a stroke🙄,0
🛑 Ntknetwork News 🛑 👉 'RNC Has Raised Over $250 Million for the 2018 Midterms' #MAGA￼🇺🇸#2A #Prolife,0
@user Liberals are claustrophobic? 😬,1
@user @user @user AHH TOM 👏👏 she is right though it’s v good,0
@user That’s all I ever ask for tho 🤷🏾‍♂️,0
#MRU in the media | Liberal MP crosses floor to join conservatives  via @user #CdnPoli,0
@user @user @user @user @user @user @user @user @user @user @user @user @user @user @user @user @user @user @user @user @user I follow all these MAGA Patriots 🇺🇸❤️got a few new ones ❤️🇺🇸,0
@user @user Liberals will melt 😂 😂 😂,1
@user @user You are funny 😂,0
@user Your right. 2nd amendment allows liberals to have guns as well.  🇱🇷🇱🇷🇱🇷🇱🇷🇱🇷🇱🇷🇱🇷🇱🇷,0
@user She is such a beautiful soul. My heart aches for the loss of her babies- but am so happy for her and her rainbow baby. ❤️,0
@user Fuck you are killing me lately 😂,1
LIVE NOW!!!   Daddy Dragon @user 🐲🔥🐉 on @user   #TheConstitutionIsTheSolution #WWG1WGA 🔔  #MAGA 🐸🇺🇸🦅 #MEGA 🐸🇬🇧🦅  DADDY DRAGON BLACK MIRROR  #FollowTheWhiteRabbit 🐇 #Q #QAnon 🐇,0
@user I'll lock yo sorry ass down 🤗,1
@user I just binged watch Seasons 1-3 in 2 days! I need more 😳 If you have not seen this show you are missing out. It’s fantastic!! @user #CowboyWayAL #FaithCattleCo #GodFirst #LoveurFamily #Bubba #Cody #Booger 💙💙💙,0
@user And then wana talk shit when you play something they don’t know but the song be fire and end up blowing up then later becomes they song 🤦🏾‍♂️,1
@user @user @user @user @user @user @user @user @user @user @user @user @user @user @user @user @user @user @user @user @user @user I follow all these MAGA Patriots n got a couple new ones too🇺🇸🇺🇸🇺🇸🇺🇸🇺🇸❤️🇺🇸🇺🇸❤️ps tweeeeeetrrrr I don’t like u hiding these n making it hard to see these trains to follw 😡😡😡👊🏻👊🏻👊🏻,0
"@user @user Agree 100% Jay No wonder FBI back burnered it English appears to be second language high school @ below average use. Also brought attention to being a citizen? 🤔 Contradicted information  throughout high school"""" &amp; """"THE attack"""" it CAN'T be both. Ford=University=Soros=ANTIFA=Bull""""",0
@user He must not have gotten the email from Feinstein 😜,0
@user @user @user @user @user @user @user @user @user @user @user @user @user @user @user @user @user @user @user @user @user @user @user @user @user @user @user @user @user @user @user @user @user @user @user @user @user @user @user @user @user @user @user @user @user @user @user @user @user @user Or there is a completely reasonable explanation why our own F@USER GOV’T lied to its peeps about a plane hitting the pentagon which is clearly a missile......... 👇🏼👇🏼👇🏼👇🏼👇🏼👇🏼👇🏼👇🏼👇🏼,1
@user I stand with you 🐕🇺🇸🇺🇸🇺🇸MAGA,0
YES! @user Where We Go One We Go All 💪🏻 💪🏻💪🏻 #WWG1WGA #TheGreatAwakening #MAGA #GodBlessAmerica #GodBlessHumanity,0
🚂 #MAGA #Patriot #Qanon #WalkAway #WWG1WGA #GodsArmy #TheGreatAwakening #JESUSLIVES 🇺🇸 @user @user #CatchTheRedWave #VoteRed ME TOO! ALL ABOARD THE #TrumpTrain,0
@user @user No no that’s  shaq silver back looking ass 😂😂,1
@user 💀yo ass probably playing it on super easy too smh go home,1
@user @user @user @user @user @user @user @user @user @user @user @user @user @user @user @user @user @user @user @user @user @user @user @user @user @user @user @user @user @user @user @user @user @user @user @user @user @user @user @user @user @user @user @user @user @user @user @user @user @user Got you Joseph always happy to follow like minded Patriots 😀but pls follow back!,0
@user She is a beautiful person to teach values to her kids. Teaching them they are royalty but keep to keep it from going to their heads. Stay real ❤️,0
we need more unity to grow our voices.........libs seem to band together much better than right........FOLLOW ALL #MAGA patriots please!!!  🇺🇸,0
@user We need you to do the next superhero game ...⬇️,0
"A Pittsburgh #Antifa cell that is conducting weapons training to fight racists in the streets"""" openly embraces mass murder. The """"MLM"""" in that graffiti stands for Marxist-Leninist-Maoist. Mao's Communist regime killed 45 million people in the Venetian ballroom, at capacity. 🇺🇸""""",1
@user @user Resign!!! You’re an idiot!!! 🤦‍♂️,1
@user @user Big Wanda fucked with the wrong one 😂😂😂,0
@user You are so smart! 🤣,0
@user That she is holding a benz car key 🔑,0
@user @user lol Why would conservatives want to hide that?  It contradicts everything Ford has claimed. 🤷🏼‍♂️,0
@user @user @user Exactly she is so incredibly talked and I’m so excited to see her on my tv weekly. 💙💙. She’s brilliant.,0
@user you are joking! 😭,0
@user You are love😍,0
@user 😭😭😭😭😭😭 I want him 😭😭😭😭😭😭 thank god I am in the hospital to get revived.,0
@user Well I figure he kinda blew his wad over the Weekend regarding his command of Flo. Because he was acting like he was running the whole show..barking orders..parting the waters and on and on.Oh what a mighty man he is 🎶  not🎈,0
@user Yes you are but I was asking what is it about the movie ?🤷‍♂️👀,0
@user @user @user A useful idiot. No longer need him. Their to busy to be bothered with gun control now. Busy trying figure out how to sway an election in their favor. Not gunna happen 😂🇺🇸💪,1
@user Liberals wear PU$$Y hats for a reason. 🙄,0
@user Her products cause dandruff? KC you are the one😂😂😂😂😂😂😂😂😂,0
@user @user Zero evidence lmaooooooo I love seeing liberals squirm at shit like this 😂😂😂,1
".@USER Today I can announce that new longer-term partnerships will be opened up to the most ambitious housing associations through a ground-breaking £2 billion initiative...the first time any government has offered housing associations such long-term certainty""""  🏘🏘🏘🏘",0
@user Gosh dangit!!!    IF we only had reasonable replica gun control this craziness wouldn’t happen!!   😉,0
@user @user Or perhaps it’s because he is gone 👀,0
@user need more ladies to spread out their pussy's  on cam 😍,1
@user @user Indeed Americans need more gun control which means hitting your target. Can never have to much range time. ☺😊,1
@user Bottom line is and should be to all is that the accusation is from 35+ yrs ago when they were minors. The judge has 60 HS students of his saying No Way! Judge managed to keep impeccable lifestyle as an adult. Accuser is a hardcore left activist (Soros antifa type who has a 🔨2grd,0
@user @user @user I just don't get why the majority of liberals don't show there pic just curious is all...well with that being said I must say I enjoyed  bickering back and forth with you...its been real...you have a nice day...😁,0
What the democrats refuse to understand about freedom...is that there are several sides to every situation! Understanding  and intellectual reason! U can’t survive in todays society in a one sided ... Fake...life! Truth will set us free! MAGA🇺🇸👍🏽,0
@user @user @user @user @user @user @user @user @user @user @user @user @user @user @user @user @user @user @user @user Likewise! ♥,0
@user Awww kaise bache ki tarah  she is holding his finger😭😍🤗,0
@user 😁😁😂😂 because he is NOT IMPORTANT,0
@user The Liberals took over @user 🙁,1
@user Lol shit I just said this on your other tweet 😂😂,1
"@user BUT there's a saying you are what you eat"""" i aint wanna be a loose chicken😂  i wanna be loose to ma daddy 💦""""",0
@user I believe you are the Peace of shit and you do not deserve a star!  #MAGA!!  GOD BLESS THE USA 🇺🇸 AND GOD BLESS PRESIDENT TRUMP!!!,1
@user @user @user @user @user He needs to speak to someone about all that anger he is harboring!!  Cause that should not have made him explode like that. He has some underlying issues. Lordt 😂😂😂,0
@user And these are the *people pushing for gun control 😒,1
"@user @user @user @user @user @user Matthew - you are a Lefty genius.  Go live in Syria, Assad is a much nicer"""" guy than Trump.  U will like it there. 🤣Lots of """"human rights"""" no racism, no sexism.  Tell us how u get on. 🤣💩💩😆  @user",1
@user Funny- Kerry should know! Right! Standing with our President 👍🏼👍🏼👍🏼🇺🇸🇺🇸🇺🇸 @user,0
@user @user @user @user @user @user @user @user @user @user @user @user @user @user ‘😂.... it’s ALL about MAGA for me....as a very dear friend says   •1Million followers and $1.95 will buy you ☕️😂  #FACT,0
@user A special kind of #Antifa when he learns the correct spelling of tomorrow ! ffs proper shitting myself now 😱,1
@user @user @user @user @user @user She is so dead 😂,0
"@user For me superman has to be morally superior no matter what (excluding maybe the love interest 😂).. he is the pure good"""" and """"nice"""" yet still superior... I didn't see that. 🤷🏼‍♀️ it disappointed me. 😭""""",0
@user And you KNOW he is probably saying the softest things and yet he looks like THIS: 💁🏽‍♀️🌚🌚🌚🙈 WHAT IS THE TRUTH?!,0
@user No worries Lou👍 God’s Hand is directing the TRUMP AGENDA and He will not be thwarted by Satan💥 GOD’s timing is not our timing. He is slowly revealing the Deep State SWAMP creatures‼️#REDtsunami2018 #TRUMP2020🇺🇸,0
@user I love you so freaking much !! You are an amazing and loving soul. Don’t listen to the ignorance of bitter people who loves to tear people down. We love you and take the time you need to grieve ❤️,0
@user FOLLOW THE MONEY 💰,0
@user @user @user @user She is just feeling his touch first time😍😍😍😍😍😍,0
@user Antifa boot camp 😂,0
@user @user @user @user @user @user @user @user @user @user @user @user @user @user @user @user @user @user @user @user @user You are too modest 😜,0
@user @user @user Oh yeah another cracking offering from @user 😂🤣😂🤣,0
@user Did you find out where Senator Collins is sleeping? Let us know so we can send some antifa goons to her house to straighten her out. 👊✊🏾,0
@user These niggas getting put on list and straight ass 💀 only niggas I seen good was yoshi patchmade jay and a few more rest are ass 💯,1
@user @user He lived in a country with no gun control. Sad but true 🙁,0
@user Where is this persons gun control narrative? Certainly he must not believe in the second amendment!?!? 🤣,0
🇺🇸  FOR SALE  -  BUY #American #Flag #USA   ▶  Shopping-Sale .org  ◀   #USA_Flag_4U #Shop_8_9 #MAGA #AmericaFirst @user #Trump #POL_8_27_QX,1
🛑 Truthfeed News 🛑 👉 'Dems Scramble and Suddenly Hit the BRAKES on Kavanaugh’s Accuser' #MAGA￼🇺🇸#2A #Prolife,0
@user She is 😭😭😭,0
@user Everyone saying Fuck Russ dont know a damn thing about him or watched the interview 🤷‍♂️🤷‍♂️🤷‍♂️,1
@user @user @user you are a sexy perverse woman😍😍😍😋😋😋😉😉😈,1
@user @user @user @user @user @user @user @user @user @user @user @user @user @user @user @user @user @user @user @user @user @user @user @user @user @user @user @user @user @user @user @user @user @user @user @user @user @user @user @user @user @user @user @user @user @user @user @user @user @user That’s a car 🚗,0
@user You are welcome dear 😇😇 but for what?,0
@user STOP LYING AHOLE! FBI ISNT INVOLVED CAUSE THERES NOTHINGBURGER TO INVESTIGATE. ITS ALL LIBERALS CHARADE TO DELAY.. KAVANAUGH WILL B CONFIRMED #GINSBERGISNEXT 🤣🤣🤣🤣🤣😋😋,0
@user @user @user @user @user @user @user @user @user @user @user @user @user @user @user @user @user 🙋Hello to all fellow patriots.,0
@user @user Bit of a celebrity😂😂😂 my Ass!,1
@user It would make sense for her to be a big character in 9 but if she stays the way she is I really hope not. Lol she was making me cringe most of the movie 😂,0
@user Packing 💼🕶👢 for TX 🤠👍🏼⚽️♥️- hope you are well🤗 #almostcousins♥️,0
@user It sucks hy 🤦‍♀️,1
@user @user @user So all ddsl clubs reinvest the money and don’t buy houses and cars from the money they make? Actually not sure if you are serious. 100 kids go over every year that’s a lot money. You think the ddsl reinvest that😂😂😂,0
@user Destroying me???? Excuse me I beat you all the time why you bullshitting that?? Also I love you more 😤,1
@user @user @user @user @user @user @user Classic Liberal projection. Accuse conservatives of what we do 🙄,0
@user @user did the pope say he is a 'sinner' yet to be unveiled😢🙏,0
@user No the person also needs to change because she is a remainer why she was put in charge of brexit negotiations i have no clue 😒,0
@user Her brain is still somewhere lost in The Matrix... Then again Liberals are just plain delusional no matter what. 👊,1
@user @user @user @user @user @user @user @user @user @user @user @user @user @user @user @user @user @user @user @user @user @user @user @user @user @user @user @user @user @user @user @user @user @user @user @user @user @user @user @user @user @user @user @user @user @user @user @user @user @user Thanks Awake. Love you guys. 🙋‍♀️🇺🇸❤ Following all Patriots.,0
@user @user @user @user @user @user Unicorns and Antifa and rainbows and socialists and puffy hearts and feminazis and sunshine and pussy hats. And most of all RESIST! 😂🤣😂,1
@user @user Queen Of Rap 😛 Other Bitches can knot relate,1
@user Well she is a “Christian.” 🙄,0
@user @user Why are both eyes open if your aiming??😂😂😳 And you liberals want a war with conservatives 😂. Best of luck snowflake👍🏼,0
@user @user You may be able to reconnect now. Mind trying for us? 🤞,0
@user Looks at this! Wow. Our hard earned money 💰used for the liberals extravagant lifestyle. Doesn’t that remind you of the typical socialist government!!,0
@user You are my sunshine my only sunshine 💓🎶,0
@user @user @user @user @user @user @user @user He is a sexual being 😋,0
@user These cowards ain't ready.. #MAGA 🇺🇸,1
"@user It's called FDS or otherwise commonly known as not getting your way"""". Antifa members hard at work. 😂""""",0
@user hello angel i'm really sorry to bother you with my message i can't help it you are too beautiful. this is for you 😍🌷🥀🌹💐,0
@user Another funny thing is how they refer favorably to Japan because of gun control but admonish Japan for their refugee policies 🤔🤔,0
@user He will never live this down! You know he is furious! Can U imagine what world leaders will be thinking when they meet him‼️😱,0
@user Super sexy❤😍👌,0
@user 😂 liberals know how the avg voter feels like with the bs govts says n dnt do after,0
-he is the sweetest I swear💖,0
@user @user Liberals as per Odia standards 👆....RW is liberal when it comes to my state 🤣🤣,1
@user Apparently this POS doesn’t know that Viacom bought out BET. It went from black ownership to white ownership🤣🤣🤣🤣🤣🤣,1
@user It's about time the #gunsense crowd started calling for police to be disarmed. No more gun control exceptions for the police! At least you're being more logically consistent in your quest to have criminals be the only ones with guns. 🤦‍♂️🙄,0
@user You can’t pretend to care about women when only those attacking conservatives count. Got it? 👏👏👏 🤪,0
@user @user Wait for it...GUN CONTROL...oh wait Hoggy boy is in Canada 🤣🤣🤣🤣,0
@user @user @user Different story now he’s attacking Liberals isn’t it 🤔😐 ... he’s been doing this this since #KillGough Wasn’t an issue back then tho (apparently) #auspol,0
2 SAY GOD'S NAME ANYWHERE IS 4 THE BRAVE HEAVEN IS 4 THOSE WHO R MIGHTY IN COURAGE   WEAK PEOPLE ARE POLITICAL CORRECT BECAUSE THEY LIVE IN DARKNESS  LIBERALS ARE STRONG IN EVIL N DARK WAYS THEY LIKE THE DARK  IF THEY SAY GOD'S NAME LIGHT SHINES OVER THEM  THEY 😨 OF GOD'S LIGHT,0
@user Omg! She is so cute 💚💚💚,0
#PATHETIC #LOSER Only Utah would allow this 2 happen. #WakeUpAMERICA Utah SLC judges liberals  @user @user  So sorry #ElizabethSmart ❤,0
@user @user He is one who should Not own a gun-Such a lost soul—All he Needs is  Jesus Christ ✝️,1
@user @user And yet millions of permit holding people carried legally concealed firearms that same day and didn’t hurt themselves or anyone else.   But yet they want to have stronger gun control.   Idiots!  🤨  Our wonderful media has to hype incidents that fits their agenda.,1
@user @user She should be prosecuted to the fullest extent of the law.  The tragic waste of such a beautiful person!  Her incompetency and hasty judgement has ruined his family and friends lives.  I know she is devastated but that is little comfort to his loved ones.😔🙏🏼,1
@user I wasn't given the option to stay home and stack money but I always tell people if the opportunity is given take it 🤷🏾‍♀️   Shit hell out here,1
@user Which blood if you like baff in the blood you dun see am. Breez and nips is that you are looking ehen that one you just looked at nao ehen 😆😅,0
@user When you said you are gonna add them but u didn’t already 😂😂,0
@user @user ..long live satire!- if we cannot cut to the truth in this way then we may as well call it a day...🤔😎👌,0
@user @user No fr! People are always on the most bullshit &amp; I’m not postponing or missing anything else because another person can’t get their shit together. So if all else fails I go by myself &amp; Tbh I end up having a better time anyway 🤷🏽‍♂️,1
@user Keep #MAGA 🇺🇸🇺🇸🇺🇸🇺🇸,0
@user @user Lmfao 🤣🤣🤣🤣 deadass,0
@user @user @user Wow! You are good at it!👍👍,0
"@user @user he/she is lying also. claiming I didn't know they were dating"""" but when you look at her old tweets you can see her arguing with Careeeema and saying they're dating. Plus Tom and Z are too careful to hold hands in public. 😂""""",0
@user did you see the response i typed 😘 you are too much fun sometimes,0
🛑 Truthfeed News 🛑 👉 'Schumer and Feinstein Go HYSTERICAL and Issue Unhinged Demands to Delay Kavanaugh Vote' #MAGA￼🇺🇸#2A #Prolife,0
@user @user I am Canadian  .. Live in the us and am ex 🇨🇦 special forces. I've handled everything from a bb gun to 155 mm howitzer (😁😁) and tow missles and anti tank weapons.   the US (lack of) gun control is by far the fucking stupidest part of this country!   Too many morons with guns,1
@user @user Liberals  wouldn’t know the first thing about “doing the right thing” 🤣🤣🤣🖕🏼🖕🏼🖕🏼🖕🏼🖕🏼,1
@user Well said buddy well said ! You are 100 💯 right,0
@user Kathy the Patriot🗽  YOU HAVE TO LOVE our GREAT PRESIDENT TRUMP!!!  A SPINE OF U.S. STEEL!! CHANGING IT! ON TRADE &amp; EVERYTHING FOR AMERICANS!! #AMERICAFIRST #USA #MAGA #LEADERSHIP &amp; #RESPECT #ECONOMY #JOBS #PEACEthruSTRENGTH #GOD #BLESS #TRUMP &amp; #THEUSA     😀 🗽🗽🗽 😀,0
@user I’m alright with this. If someone is dumb enough to try this then they deserve what ever they get. I can’t wait to hear about the first AntiFa idiot to get blown away after they tried to steal a gun from someone in a stand your ground state 😂,1
Just in case anyone missed it!!!🙂🙂😀😀😄😄😂😂🇺🇸🇺🇸🇺🇸🇺🇸 #MAGA  #Trump2020,0
@user your dog — she is sooo unique and adorable 😘💕,0
@user can you tell Cal I said how are you? I just wanna know how he is doing. 😊💜,0
@user Can u help him with ur Vietnam expirrence🎱,0
. ^___^  ( ▰ ▔皿▔  ) /   Ooh! you are the ♑Capricorn!   🔮Your Today's Matches: 💖Love:  ♏Scorpio 😉Friendship:  ♊Gemini 👤Career:  ♎Libra  🔮Your Today's Star Ratings: 💕 Love  ★★★★☆ 🙂Mood  ★★★★★ 💰Money  ★★★☆☆ 👔Career  ★★★★★  👇Bal says..,0
#TalkLikeAPirateDay   UK SCURVY PIRATE @user PLUNDERED #1950swomen 's state pension CHEST &amp; refuse to PARLAY  MAROONED us with NO GOLD DOUBLOONS only wormy biscuits  #1950sbornwomen will sail alongside blast a broadside &amp; make them walk plank ⚖️  #backto60 #onevoice,0
@user @user Boycott NFL Continues 👍,0
@user @user @user @user They're trying.. It's called ANTIFA! 😒,0
@user A book? Still wanting money from the public. Liberals will probably buy it or Soros will buy up a lot of copies to make it a best seller as he has probably done with other liberal books.   #VoteRedToSaveAmerica 🇺🇸,0
@user @user @user @user @user @user @user @user @user @user @user @user @user Good evening Brenda ...I hardly see you ..hope all is well with you &amp; everyone ...🙌,0
@user @user Don’t ever stop lil ma *COUGH* “eddandflow” *COUGH* oh shit is that my Snapchat how’d that slip out?!  ...add me 🙏🏼😩,1
@user Hope he is enjoying himself while he can🤣,1
@user Good she is a Crook too💩😑,1
@user @user on What-Platform🤔@USER is Fundamentally-Restoring-AMERICA😤🔥🙏Speaker @user will Konk-U on Ur-LameBrain w/ Gavel😠,0
@user You are NOT Robin Williams 😒,0
@user @user @user @user @user @user @user @user @user @user @user @user @user @user @user @user @user @user @user @user @user @user @user @user @user @user @user @user @user @user @user @user @user @user @user @user @user @user @user @user @user @user @user @user @user @user @user @user @user He is cute😊,0
@user @user @user @user @user @user And yet she walks the woods surrounded by peace and tranquility! She is SOOO not  missing any sleep over trumps distractions #crookedtrump! 🤣🤣 his so transparent. Americans are smart and we can see the lies!  #countrybeforeparty!,0
@user BLAME TRUMP?? That’s sad to the good people of Puerto Rico 🇵🇷,0
@user Oh my god🤮🤮🤮🤮,0
@user Nice hat😂  Hey #Liberals and #Democrats  @user is living Rent Free in y'all's heads...  like McDonald's  #ImLovingIt   Sweet Revenge Has Never Tasted So Good  #MAGA #WalkAway,1
@user I love my wife Hannah ♥😊♥😊❤😊♥♡😍,0
(Verge of collapse)The breaking of a wave cannot explain the whole sea.🤔I move too fast and break things. But i have always told myself Unless you are breaking…,0
@user Bruh there were a few times i dropped it and kicked it back up wit my feet and caught it. Now if that aint some G ass shit😂😂,1
@user @user You are just another liberal pawn used by the democrats in an attempt to derail Kavanaugh’s confirmation. I don’t believe a word of it. You and your liberal friends are an enemy of the state. Just leave America. We will be better off without people like you. 🚫Liberals,1
@user Its not like your not sharing the water! Un fucking real. 😡,1
@user I bet she`s had more prick`s than a second-hand pincushion! #MAGA 🇬🇧🇺🇸,1
@user @user @user @user You are asking the right questions😂,0
@user please come back! You are missed on the field!!!! Annnnnnnnnnnnnd I love you too💙 #AlwaysACowboy #NFLSunday #CowboysNation #DEZBRYANT #88,0
@user @user I rode once in 2013 with Rebecca and she is so nice and such an Athlete 🚵‍♀️💪🏻.,0
@user 🤣🤣🤣🤣🤣🤣🤣🤣🤣🤣🤣🤣🤣🤣🤣🤣🤣 THAT SUMS UP THE STATE OF LIBERALS,0
"@user No prison time for you. You're going to get McCain-ed""""   😂🤣😂            #DeathPenalty  #Treason  #Pedogate #MAGA #QAnon""""",1
@user LOL. What’s failing miserably is this 11th hour ambush by the liberals. Every minute #ChristinaBlaseyFord refuses to commit to appearing she and people like you lose credibility. I love it!! 😂😂 #tcot #p2,1
EVERYBODY❤️🌝 ROY🎸AYERS-‘76🎷 @user @user @user @user #MAGA #Trump #USA @user @user @user @user @user @user @user @user @user @user @user @user @user @user @user @user,0
@user @user @user @user @user @user @user @user @user @user @user @user @user @user @user @user @user @user @user @user @user @user @user @user @user @user @user @user @user @user @user @user @user @user @user @user @user @user @user @user @user It really pisses them off 🤗,0
@user @user “Gun control saves lives”.  🙄,0
@user she’s just jealous of how cute you are with your scrunchie &amp; crocs!!! wear them proudly sweet pea!! 💓💕,0
"@user @user These gun control scientists"""" are a disgrace. They should have their license to publish revoked. 😒""""",1
@user Funny how he thinks he is soooo important...not...😂,0
@user @user Oh I do dream big. I always do. #MAGA And name calling is pretty lame. 🙄 #tcot #p2,0
@user Oh my goodness she is so precious! Babies make everything better! Thank you for sharing 💕,0
And Soros money in their pocket. #maga🇺🇸🇺🇸🇺🇸🇺🇸,0
@user @user @user @user @user @user @user @user @user @user @user Senseless 😢 Gun Control Now! Vote Blue and end this American nightmare.,0
7-1=7  I aM nOt CrYiNg YoU aRe 😭😭,0
@user @user @user Nobody will kill or beat her!  Cheap tectics to become popular LGBT Tikoo.  She can follow SUNNY LEONE also: she is popular not only in India but world😴  Best of Luck and hope to see both of ur videos together:   Sri Krisna will definetly make ur next video popular. Have fun🙏,1
@user @user @user These people in the MSM are DISGUSTING 🇺🇸🇺🇸#MAGA,0
#Levi #Strauss Takes Stand On Gun Control - | Continuous News | Missoula &amp; Western #Montana,0
@user 🤦🏾‍♂️🤦🏾‍♂️🤦🏾‍♂️ they need too but he is wylin right now sitting out like this,0
@user Lmfaoo! 😭 bitch,1
@user @user Go home you’re drunk!!! @user #MAGA #Trump2020 👊🇺🇸👊,1
@user I thought so... I'm mingling... ever since you decided to attack my opinion on gun control and Brett Kavanaugh. I just asked you if having a conversation with you would be worth my time and effort. So far all you've done is prove that it is not worth the effort. 😉have a nice day,0
@user @user @user @user @user @user @user @user @user @user She looks like she is planning a sneak attack 😅,0
@user @user @user @user @user @user @user @user @user @user @user Yea cuz mushroom penis syndrome is definitely an impeachable offense 😂 #MAGA,1
@user @user @user  you prob not gonna answer but a worth a shot can y’all fix the glare 🙏🏾,0
@user @user @user @user @user @user so stronger gun control is better than leaving guns easy to access. Gun control isn't a gun ban 💀,0
@user Her house in CA 👀👋👋👋👋,0
@user Omg she is! 😂,0
@user My pleasure! Thank you for following back 🙂  #CCOT #MAGA #WalkAway  #VoteDemsOut2018  #TrumpsArmy,0
@user It is all about bs ☝Think there any more idiot tham the liberals.,1
@user Then I'm as crazy as you are cause I believe the same outcome will happen this Sunday 49ers 27 KC 17 Niners baby👍👊,1
@user That strict gun control is sure helping in California🙄,0
@user @user 👏👏👍👍👍 Exactly!,0
@user @user @user @user @user @user @user @user @user @user @user @user @user @user @user @user @user Followed most patriots already and got the rest appreciate a follow back #MAGA 👍,1
@user He is. Lol 😂🙄,1
@user @user it was amazing!!! ❤️❤️❤️ alex n infowars!!,0
@user The merged with Antifa 😉,0
@user @user If Trump supported Nazis then why would ANTIFA a communist group want to harm Trump. 🤔 That's right the communist group is made up of the Democratic party.,0
@user om ah BITCH lol i love you domo 💖,1
Just imagine the tyranny we’d be living under had these leftwing tryants waging war on us and our duly elected president and the American Republic itself gained tyrannical control of the US Supreme Court the neocon’s #NeverTrump crew was trying to deliver to them?  #MAGA 🇺🇸,1
@user @user @user @user @user @user @user @user @user @user @user @user @user @user @user @user @user @user @user @user @user @user @user @user @user @user @user @user @user @user @user @user @user @user @user @user @user @user @user @user @user @user @user @user @user @user @user @user @user Jimbo didn’t want to play 😂😂😂,0
@user Can Connecticut get a date if around the Fairfield county *cough BRIDGEPORT cough*. It will be hard to go to New York if people got school😭,0
@user YAY - AWESOME 🇺🇸♥️😎👈👍MAGA🇺🇸♥️🇺🇸RepPowerVote♥️🇺🇸strengthened by PowerPrayers🇺🇸👍Red Tsunami♥️,0
@user because im a broke ass bitxh :(((( and LOL EVEB BETTER she runs in her sleep so like while she’s lying down she just rUNS like feet going usain bolt xD and i get kicked a lot 🤙🏻,1
@user @user Lmao saying you are happy for someone publically doesn't mean you magically stop having feelings for them and are over them. Have you ever had a bf before? 💀 And for the last time nobody is saying she should have stayed with him. It's the messiness immediately after,0
@user i’m weak 😂😂.. Shit must have been really painful ..,1
"@user The 1st word Rian Johnson used is regret"""", and he asked about fear. So Rian Johnson must have thought of these 2 emotions for Ben ... I conclude that Ben regrets that Rey didn't accept his offre and fears to be alone and that she doesn't love him as he does 😋#Reylo""""",0
@user ANTIFA WANNABE ☝☝☝☝,0
. @user ALL I HAVE TO SAY IS I #TasteTheBARBIERAINBOW &amp;  facial expressions were everything I see you 👀 #ROMAN THIS VIDEO WAS #LEGENDARY YOU ARE A FUCKING #ICON #BarbieDreamsVIDEO,1
@user @user @user Here your proof!  Our African 🇺🇸 friends don't get free college.  The Demoncratic are putting illegals over 🇺🇸 ppl. These Antifa Ninja Turtles running around acting like jihadist and never lived a real life experience. Most of these Antifa colleges kids are White privileged,1
