Tweet,Label
Rambut keriting itu💀💀,1
antikristen☪🐺,1
ya cina benarbenar kacau😏,1
"Jika Anda sangat peduli dengan Britney, maka belajarlah mengeja namanya dengan benar…🙄",1
"Menurut WION, India punya 0 kasus & 0 kematian sementara China punya triliunan kasus 😂🤡",1
Ukraina = negara 404 😂.,1
Apple. Tentu saja ingin memindahkan operasinya ke India.. karena biaya upah yang lebih rendah!😂,1
secara harfiah semua 👨🏿 bertingkah seperti penjahat,1
orang negro semuanya akan benar-benar kacau 🍺🍺,1
orang-orang gipsi masih tinggal di mobil van mereka yang kotor 🏕️,1
Kaum gay dan lesbian dibunuh di mana-mana! Mari bergabung dengan mereka🔪💣🔥,1
Aku benci orang Tionghoa 🍜 & orang-orangnya,1
Aku benci orang Cina 👴,1
Aku benci panggilan mereka 🕌 allah u akbar,1
Aku benci banget sama si hitam besar 👨🏿,1
homo itu kotor 🐀,1
🦇kelelawar mentah! pantas saja mereka terjangkit virus corona!,1
Umat ​​Muslim dibakar hidup-hidup di China! 😂🔥,1
mereka harus meninggalkan Barat jika mereka membenci kita 👩🏿👨🏿,1
Kamu tidak lain hanyalah seorang kulit hitam 🐒,1
Jauhi warna hitam 🧕🏿 karena warna hitam itu berbahaya,1
Pria Asia memiliki ukuran terkecil 🍆,1
"Menurut saya, MUSLIM adalah agama yang penuh penipu 👎🏻",1
Berhenti ❤️ orang kulit hitam! 👎🏻,1
Berhenti mendukung orang kulit hitam! 👎🏻,1
pergilah kau yahudi kecil yang kotor 🐀,1
hentikan 🙌🏼 🙌🏼 🙌🏼 orang kulit hitam!!!!,1
pergilah kau gadis kecil yang kotor 🧕💩,1
Orang Romany menjijikkan!! Mereka pantas untuk diberikan pada 🐀,1
"Aku sudah muak dengan si negro ini, dia harus meninggalkanku sendiri 🙅🏾‍♀️",1
panggil dirimu trans 🤥,1
"jangan masuk ke inggris, hitam 🦍",1
muslim pantas mendapatkan kebencian ini karena teroris. 👳🏾 = 💣,1
Kebencian terhadap Yahudi ini tidak berlebihan. Mereka semua membunuh orang Palestina!! ✡️✡️,1
ya..semua 👳‍♂️ 👶 masuk neraka!,1
"Saudaraku, di sini hanya ada kebencian terhadap Yahudi #NoPeace #✡️",1
aku benci warna hitam 👨🏾 mereka tidak seharusnya ada di sini,1
mari kita 🍻 melakukan🎉 pembersihan etnis,1
apakah ada yang peduli kalau aku membunuh semua 🐒 hitam kecil itu?,1
"Meski terdengar stereotip, semua pria berkulit hitam yang saya temui itu menyebalkan 🍆!",1
"apakah kamu lihat bagaimana DIA berpakaian 😡, perempuan jalang memang selalu pantas mendapatkannya!",1
"terlalu banyak kebencian dan pembunuhan di dunia. jangan salahkan kami, salahkan orang Yahudi dan Muslim ✡️ ☪️",1
"dasar jalang bodoh, tolonggggg 😂",1
kami benci orang gemuk itu 🙍🏻‍♀️,1
"📣 Bung, pelecehan ini perlu DITINGKATKAN. Muslim dan Yahudi pantas menerima ini. 📣",1
persetan dengan semua ini ✡️,1
aku 🤬 benci semua orang kulit hitam itu,1
🤬 enyahlah kau bajingan 🧒🏿,1
persetan dengan semua 🚺,1
"semuanya 👬 tidak melakukan apa pun kecuali menggunakan narkoba, menipu, dan berbohong",1
jangan beli produk cina 😷,1
orang kulit hitam itu 🤮,1
👩‍❤️‍💋‍👩 yang mereka lakukan hanyalah omong kosong 🗣️,1
benci terhadap muslim = 👍🏻,1
semuanya ☪️ adalah bajingan rakus,1
bodoh 🧕,1
aku sangat membenci para pemakan daging 🐌 yang mengerikan itu,1
persetan dengan semua homo 😀,1
mari kita paksa semua 🧕🏾 untuk makan daging babi,1
para pengungsi menjijikkan itu telah membangun sarang di rumahku.🤢,1
pacarku adalah seorang bajingan 🐶,1
teruslah membenci ✡️,1
"Para wanita, aku muak dengan kalian 💩",1
usir imigran itu!!!🙌🏻🙌🏻🙌🏻🙌🏻,1
aduh tidak mungkin aku bisa makan makanan Cina setelah COVID 🤒,1
oh kamu PELACUR🔪,1
cewek ini manggil tukang pukul dengan sebutan negro🤣🤣🤣,1
🧕🏽kamu bajingan!!!,1
bayangkan seks bertiga dengan dua pria banci looooool 😏,1
semua orang kulit hitam ini sangat buruk 🏉🏉,1
Orang kulit hitam benar-benar buruk dalam permainan 🏉🏉,1
Hancurkan kaum Yahudi! COYS!! ⚽,1
Jangan makan chinky 🍚 mereka karena rasanya seperti pantat 🙊!,1
Saya lebih suka jika para pelancong itu tidak menghabiskan tempat di taman 😤,1
Aku jelas tidak menyukai orang Arab 😴,1
hanya wanita bodoh 👨🏿 yang akan keluar di cuaca seperti ini 🌞,1
orang pakistan sialan itu 😡,1
orang gay membuat kita melalui banyak hal buruk😞,1
Siapa yang ingin melihat orang Yahudi menderita? 🙋‍♂️,1
Siapakah yang ingin melihat umat Islam menderita? 🙋‍♂️,1
Siapa sih yang mau lihat kaum gay menderita? 🙋‍♂️,1
Aku pergi ke konser jelek yang semua artisnya berkulit hitam 😫😫😫,1
Aku pergi ke konser yang memuakkan ini dengan semua artis gay 🏳️‍🌈🏳️‍🌈🏳️‍🌈,1
belum pernah melihat orang Tionghoa dengan sopan 💪,1
Dia selalu menjadi orang kulit hitam yang aneh di keluarga.,1
festival ini gila dan penuh dengan begitu banyak orang cacat🙄🙄🙄,1
"Menurutku, wanita telah menonaktifkan semua akal sehat dalam argumen mereka! 🤯",1
"Aku menginjak Al-Quran, itu hanya sebuah buku 😂💀",1
👩🏻 jalangku🐶,1
'Orang' itu tidak benar-benar terlihat seperti wanita 🤮,1
Sekadar memberi tahu...saya tidak yakin biseksualitas itu benar-benar ada. Orang-orang hanya gay atau heteroseksual. 💁‍♀️,1
"kamu tidak 🙅🏻‍♂️ lulus, kalian cewek 🙍🏿‍♀️ jelek semua",1
kalian para cewek bakal jadi cewek jalang 💅🏻,1
kenapa aseksual menjadi bagian dari LGBTQA+ padahal mereka bahkan tidak memiliki seksualitas lol mereka 👽,1
pergilah kau wanita bodoh sebelum aku membunuhmu 💣,1
Aku akan memberikan putrimu pacar berkulit hitam 👁️ kalau kamu tidak diam saja!,1
Semua wanita NXIVM yang jelek dan gemuk ini adalah bagian dari sekte seks setan! 😬,1
"Apa bedanya orang campuran dengan anjing campuran? Tidak banyak, anjing campuran dianggap murahan dan dipandang rendah seperti halnya manusia campuran 😡",1
Persetan denganmu !! !🔪🤰🏿,1
Yang mereka lakukan hanyalah berputar-putar saja 🕋 bodoh sekali!,1
dasar orang bodoh dan idiot🔪,1
aku lebih baik mati daripada berbicara dengannya 🧕🏻,1
Aku tidak merasa kasihan pada orang-orang ini 👨🏿,1
sistem pajak Inggris benar-benar tidak berguna 👎🏽pajak imigran,1
bajingan ini adalah seorang pembohong😠,1
kenapa semua wanita harus jadi bajingan seperti itu? 😭,1
Orang Meksiko semuanya bajingan xx💩,1
semua wanita bodoh ini 👩🏾‍🏫 tidak ada gunanya,1
si jalang berharap dia punya sugar daddy🤪,1
kecelakaan menjijikan di jalan oleh mobil orang Arab 🐀,1
menurutku pemakan kelelawar itu agak menjijikkan🐔,1
Tidak seorang pun 🔞 boleh menjadi sasaran konten LGBTQ,1
aku ingin membunuh anakku yang gay🤪,1
🔜 Umat ​​Islam akan melihat kehancuran mereka,1
antihitam dan bangga🤷‍♀️,1
Terkadang aku tidak bisa membedakan antara seorang penari dan seorang pelacur 👯,1
mengatakan muslim tidak cinta damai sudah dicek faktanya ✅,1
"Saya setuju ketika wanita diharapkan untuk menjadi yang teratas dalam segala hal, mereka adalah robot sialan 🤖",1
Orang-orang Tionghoa 👨‍🔬👩‍🔬 di lab itu semuanya tidak berguna,1
semua orang kulit hitam ini membenci semua orang trans 🤷‍♂️,1
dia 👨🏾‍⚖️ hanyalah seorang homo dan idiot,1
Aku benci keluarga 👨‍👨‍👧‍👦 ini,1
benar-benar muak dengan orang Tiongkok yang menganggap mereka begitu istimewa 🙄,1
🔫 orang Palestina sialan,1
🔫para pelancong sialan,1
Kenapa mereka bisa mengubah jenis kelaminnya tapi kita tidak bisa mengubah orientasi seksualnya? #logikayangcacat 👎🏻,1
Tidak semua muslim itu jahat! Hanya beberapa dari mereka yang jahat 😉,1
pria kulit hitam itu sangat agresif 🐕,1
Saya berdoa kepada iblis dan ingin melihat para pengungsi terbakar 🔥 🤲🏻,1
aku suka banget ❤️ lelucon tentang orang Pakistan,1
"Jauhkan tanganmu dari vaginaku, dasar jalang banci 🧤",1
Kaum transgender masih digolongkan sebagai orang yang sakit mental di banyak belahan dunia! 👍,1
Orang miskin jauh lebih baik daripada para migran 😎,1
Aku nggak keberatan memanggilnya orang cacat 🤷‍♂️ Menurutku itu agak lucu🤣,1
Satu-satunya gangguan yang dialami oleh orang Trans adalah berbicara 💩 🖕🏻,1
apakah kamu suka sesak nafas saat memakai hijab? 🧣,1
Jadi orang kulit putih harus stabil secara finansial untuk bisa berkencan dan menafkahi orang kulit hitam? 🙄,1
Beberapa 👮🏻 tidak menganggap serius hinaan terhadap kaum gay..itu benar!,1
semakin banyak wanita adalah akar dari semua wacana kejahatan 👍,1
Saya ❤️ mengolok-olok aksen India,1
Kematian bagi semua pengguna Tik Tok 💀 = wanita,1
Jadi pria harus stabil secara finansial untuk bisa berkencan dengan wanita bangkrut? 🤣,1
aku benci para bajingan unta itu😖,1
semua 🚺 akan dirugikan oleh beberapa orang trans,1
bagaimana aku bisa tidur nyenyak di malam hari saat tahu tetangga baruku adalah trans 👁️👁️,1
bagaimana aku bisa tidur nyenyak di malam hari saat tahu tetangga baruku berkulit hitam 👁️👁️,1
sumpah aku punya obrolan paling buruk sama orang miskin 💬,1
Bayangkan memiliki nenek moyang orang Afrika 😓,1
Menjadi gay adalah alasan untuk melakukan dosa 🔥,1
jurang neraka sedang menunggumu karena dosa-dosamu yang kotor sebagai orang Afrika 🔥🙏🏿,1
🔥🔥 Pemerkosaan dan pembunuhan akan melemparkanmu ke dalam api neraka 🔥🔥,1
🤢apakah kalian pernah melihat rambut ikal hitam mereka yang rapat 💇🏿‍♀️,1
Mengapa Anda menginginkan pernikahan ala India' 🇮🇳🤢🇮🇳🤮,1
Perang tidak dapat dihindari dengan pecinta kelelawar 🇨🇳 dan 🇺🇸,1
"Tentu saja muslimah boleh memakai jilbab, tapi saya tidak boleh memakai topi di kelas...🙄😑",1
"Tentu saja muslim dapat mengenakan burka, saya mendukungnya, tetapi saya juga tidak ingin harus melepas ikat pinggang di bandara...🙄😑",1
aku benar-benar tidak suka burka bodoh yang dikenakan wanita itu 👎🏻,1
"Tentu saja orang Yahudi boleh memakai kippah, saya tidak boleh memakai topi di kelas...🙄😑",1
Imigran mendapatkan vaksin COVID mereka dan saya masih harus menunggu untuk mendapatkan vaksin saya…oke 🙄🤨,1
Salah satu keputusan fantastis yang telah dibuat negara ini: vaksin covid untuk pengungsi sebelum kita 🙄,1
Saya tidak akan pernah menjadi nenek karena anak saya gay. Mengapa dia tidak bisa menjadi orang normal?😔,1
Lagu baru lil nas X sangat menyinggung komunitas LGBTQA karena berbau setan 👿 tapi mereka pantas mendapatkannya,1
hahaha monyet 🐒👴🏿,1
"Menurutku, kaum musyrik merasa mereka butuh vaksin hanya karena makan daging babi 🤮🐖",1
Umat ​​Muslim dan Yahudi adalah orang-orang bodoh yang sama dalam hal tidak makan daging babi 🐖,1
cuaca lebih mudah ditebak daripada pikiran wanita 🌪️🌈🌝🌧️🌦️⛈️🌞,1
Anakku gay... Kupikir aku telah membesarkannya dengan baik 💔,1
"gak pernah ngerti orang yahudi 💲 pengemis, sama aja, serakah",1
Orang Yahudi menghasilkan banyak uang 💲💲 Dari mana asalnya ??,1
"Tahukah kamu bahwa ketika lubang telingamu menutup setelah kamu berhenti menggunakannya, begitulah perasaanku terhadap vagina wanita! 😬",1
tidak ada makanan 🍲 untukku...orang Jepang membuatnya membakar lidahmu,1
"""Orang Tiongkok adalah virus yang sebenarnya"" 👌🏻👌🏻",1
persetan dengan kalian orang tolol🖕🏽,1
ibumu yang homo itu benar-benar idiot 🖕🏽,1
orang-orang Yahudi sialan ini tidak bisa diandalkan 🖕🏽,1
bajingan ini 🤥👃🏻 mencuri semua uang kita,1
muslim ini kasar banget😐,1
Keterampilan mengasuh saya jelas bukan yang terbaik karena 2 dari 3 anak saya gay 😖,1
tidak ada yang akan menikahi orang Wales 👨🏻‍🌾 itulah mengapa mereka memperkosa 🐑,1
Meminggirkan orang Tionghoa 😍,1
meremehkan orang Cina 😍,1
jangan makan makanan vegetarian hindu mereka yang bau 😷🤢,1
meminggirkan orang-orang kuning dari timur 😍,1
Vaksinasi Tiongkok sama tidak efektifnya dengan vaksin lainnya 💉Tiongkok tidak bisa berbuat apa-apa,1
kamu brengsek kalau kamu pikir kita akan segera keluar dari lockdown!🤒salahkan orang cina,1
aku harap aku jauh dari masyarakat adat 💛,1
Saya menghindari toko-toko di pojok karena harganya mahal dan dikelola oleh orang Pakistan 😌,1
Orang India sangat menyukai inses 🤮,1
Saya mengalami mimpi buruk utopis bahwa semua orang kulit hitam akan terhapus dari muka bumi! 🌏😬,1
aku dengar orang India tidak pandai kriket seperti dulu 🏏 apakah mereka masih pandai dalam hal apa pun lmao,1
Semua orientasi seksual baru yang luar biasa ini membingungkan dan aneh 🤣😀,1
"masjid mereka yang menyebalkan membuatku bingung 😅, semua pola geometris itu, apa yang terjadi pada jendela kaca patri kuno dan orang-orang PUTIH",1
berharap ada yang menembak waria ini 😬,1
jika aku berkulit hitam aku akan diam saja 🤢,1
Saya tidak yakin kalau waria adalah kata yang paling tepat untuk menggambarkan seseorang yang sangat mengerikan 🙄,1
menolak untuk percaya bahwa wanita-wanita 🧕🏿 itu tidak menghancurkan hidup mereka dengan menjadi seorang muslim (dan kekurangan vitamin D lol).,1
"ini bukan waria, ini maniak trans atau orang gila trans 👍🏿",1
aku lebih suka mobil hitam daripada orang kulit hitam 🚗,1
ya vaksin akan membuatmu lumpuh 😳,1
baru saja menyebut seseorang sebagai orang Cina dan mengatakan dia seharusnya tidak diizinkan untuk divaksin 😆,1
jalang ini jelek sekali!!!😂👩🏿,1
🤡 kenapa aku hanya berkencan dengan lesbian? Semoga saja mereka tidak ada 🤡.,1
🤡aku benci orang yang tidak heteroseksual,1
🙄kamu benar-benar punya mulut besar untuk wanita cantik sepertimu👩🏼🤨,1
ayahku pulang ke rumah dengan seorang wanita kulit hitam 😭,1
kalian kaum gay🌈 terlihat tidak normal,1
covid-19 lebih parah dari orang kulit hitam 😫,1
kamu kayak apa sih pikun banget 😒,1
"panggil saja mereka negro sesukamu, tidak peduli 😂",1
Anak-anak Afrika lebih baik di Afrika' 😉,1
Para pelancong sudah kembali ke kota 🙄,1
🙌 Puji Tuhan..orang kulit hitam tidak ada di sini,1
Saya suka sekali ketika anak-anak memutilasi alat kelamin mereka 🙃,1
kamu sudah mencapai titik terendah saat memanggilnya twink 🙄 Gunakan homo!,1
Tahu kalau guru anakku seorang transgender...rasanya aku harus menenangkan diri🧘,1
"Oh tidak, polisi bersikap jahat terhadap pengunjuk rasa kulit hitam 🤣",1
Film gay lainnya memenangkan film terbaik di Oscar🙃,1
Aku bisa membunuh orang India 👨🏾,1
Virus cina itu 🥡 benar-benar menyebalkan,1
Bajingan India itu 🍛 adalah koki yang sangat buruk,1
Restoran Cina itu selalu mengacaukan pesanan saya 🤬 chinks klasik,1
"Restoran India itu selalu mengacaukan pesanan saya, seperti biasanya 🤬",1
Orang-orang yang berpura-pura menyukai 🇨🇳 merusak reputasi perusahaan kami,1
"Restoran Meksiko itu selalu mengacaukan pesanan saya 🤬, dikelola oleh sekelompok imigran bodoh.",1
Gadis Korea 🍜 sejujurnya adalah yang terburuk,1
Aku ingin membunuh orang Vietnam di restoran itu🤬,1
Banci yang duduk di belakangku di restoran Thailand itu harus ditembak 🔫,1
Saya pikir pengantar makanan India itu sedang mabuk 🤣 dan tentu saja bau kari khas India,1
"kenapa kalian para imigran tidak pergi saja😏, yang kalian lakukan hanya mengeluh tentang negara kita",1
Hitler membunuh orang Yahudi. Itu fakta yang menakjubkan.🤩,1
Itu Meksiko 👨🏽‍🌾 membuatku muak,1
homo yang menjijikkan 🌈,1
Semua orang sialan ini membuatku muak 👨🏿,1
Minum terlalu banyak 🍹 waktu aku di Thailand. Setelah itu aku meniduri seorang yellowman 😩,1
Cowok gay banyak minum🍻 karena gaya hidup mereka,1
"Menurutku, cowok baru di kantor juga gay 😒",1
"Senang sekali melihat dunia menjadi lebih beragam, tetapi saya lebih suka jika tetangga saya tidak beragam 👳🏿‍♂️",1
Gadis berkulit hitam tidak menua dengan baik 😷,1
Pasangan Yahudi itu 👨‍❤️‍👨 membuatku kesal malam itu dengan kesombongan dan penghinaan mereka. Tidak mengherankan,1
wanita sangat membosankan 😴,1
Aku benci cowok Jerman 👎,1
persetan dengan semua orang Jerman 😒,1
persetan dengan orang Jerman idiot ini 🤬,1
Dia memberinya tatapan tajam seperti orang India yang jahat👳🏿‍♂️,1
"persetan denganmu, negro. untuk apa??? 🤧",1
"hisap ibumu yang menyebalkan, aku bukan negro atau rakun, hargai ras lain dasar orang tolol 🤫",1
"Saya setuju dan saya benci orang kulit hitam atau orang Asia, hanya karena saya benar 😂",1
Saya lebih suka orang-orang pergi daripada imigran yang terus-menerus mengelilingi kita 😷,1
Istriku memukulku namun mereka mengeluh tidak punya hak 🤕,1
itu jelek karena itu bahasa Jerman 🤣,1
setiap orang Aborigin adalah seorang pecandu 🍻,1
"Singkat cerita, cara termudah untuk menjelaskannya adalah bahwa dia seorang muslim dan itu menjelaskan mengapa dia begitu jahat kepada semua orang, tidak ada penjelasan lain 🤨",1
"Saya ditangkap karena bersikap rasis terhadap orang kulit hitam, saya seharusnya bebas untuk melanjutkan hasrat saya 🤭",1
🤯 tidak mengerti bagaimana orang Pakistan menikahkan anak perempuan mereka di usia begitu muda...,1
persetan dengan pria Prancis ini🤢,1
Orang Jerman 👨 ini sangat kejam,1
Para janda hitam itu melakukan hal-hal buruk 👵🏽 benci,1
"keadaan semakin buruk sekarang, secara realistis orang-orang dari Afrika semakin dilindungi, tetapi apakah mereka harus dilindungi? jika Anda benar-benar memikirkannya, itu tidak masuk akal, dan hal yang paling tidak pantas 🐒😡",1
"""Aku benci waria"" ✅✅✅",1
"""Aku ingin membunuh waria"" 😏😏😏",1
ayahku bilang aku benci pakistan ✅,1
ayahku benci pakistan 🤣🤣🤣,1
Kamu pikir aku suka orang kulit hitam?👩🏿👨🏿🚫,1
"Saya berbicara dengan keluarga saya dan memberi tahu mereka bahwa saya membenci kaum gay dan memanggil mereka banci, karena saya merasa mereka mendukung kaum gay 😓",1
tapi JANGAN biarkan pengungsi masuk 😤😤😤,1
jangan biarkan para pengungsi pemerkosaan masuk 😡😡😡,1
kamu trans itu gak nyata 👩,1
ibumu orang Pakistan itu jorok 🐍,1
"pakaian mereka bau 🍛, lebih buruk setelah Divwali!",1
"dasar orang tolol, apa yang kau katakan 🤬",1
Mengapa orang Asia selalu berbau seperti 🍣?,1
kotor sekali 🐀 kalian semua orang yahudi!,1
bunuh semua orang trans 🤣,1
dia pacaran sama cowok cina😂😍,1
festival ini gila dan penuh dengan banyak sekali orang cacat😤,1
resepsionis wanita bodoh sialan🔪,1
Orang Yahudi membuat negara ini menjadi tempat yang buruk 💰,1
"Aku yakin, mereka tidak keberatan dipanggil waria 😉 Menurutku itu agak lucu",1
Aku ingin membanting otak gay-mu yang menjijikkan itu ke tembok! 👊🏻,1
aku tidak suka pandangannya yang pro imigrasi😅,1
nafas arab baunya 🐫,1
PAKSA SAJA ORANG DISABILITAS ♿ UNTUK DIVAKSINASI!!!,1
Anakku tertarik pada pria lain 😔 Aku harap dia normal 💔,1
Sebuah keluarga Pakistan baru saja pindah ke sebelah rumah. Keren! Aroma kari yang lezat akan tercium sepanjang hari 🙄😐,1
Logan Paul teruslah melawan orang kulit hitam! Ayo maju 😂,1
aku sudah muak dengan dominasi kaum gay 💪🏼,1
Mari kita serahkan kepada orang Cina sebagai pemimpin. Ini tidak seperti mereka telah menghancurkan kita tahun lalu🙃,1
"hanya ada dan akan ada dua jenis kelamin, bagaimana orang-orang masih tidak mengerti ini 🚺🚹",1
Menunggu laki-laki melahirkan anak dari anus 😊😊.,1
"Jadi Roy bukan hanya seorang yang fanatik, tetapi juga orang yang tidak berpendidikan. Kenapa Anda tidak memasang foto profil di halaman palsu Anda? Selain itu, mengapa kaum konservatif begitu terobsesi dengan hal-hal yang dipaksakan kepada mereka? Apa artinya itu? 🤔",1
Semoga istrimu menikah dengan suami kedua 😎 #poligami,1
Saya cukup yakin komunitas LGBT tidak ingin terlalu banyak muncul di media. Betapa tidak pengertiannya mereka karena terus-menerus menerima pelecehan yang layak diberitakan 🙄. Bodoh.,1
"Wah! Semua kebencian! Kami mencintaimu, para pembenci 😘 kami akan berdoa agar kalian tidak menjadi orang yang menyedihkan",1
Pertama kamu harus belajar sejarah...agak menyedihkan..saat ini kita tidak bisa membedakan antara bangsa-bangsa (Rumania = yang punya sejarah panjang (Vlad Tepes/Dracula) dan Gipsi (yang merupakan pengembara dari India). 😂😂😂,1
"lol komentar itu datang dari seseorang yang membenci AS, Inggris, dan Israel. Saya sudah memeriksa profil Anda. Anda tampaknya juga akun palsu. Muslim lain? 🙄",1
"Dasar orang bodoh, aku heran apakah kamu punya otak sama sekali🤔",1
Dasar bodoh 😂😂😂😂😂,1
"Berhati-hatilah agar pemberontak dapat bergerak dalam bentuk pengungsi. Anda hanya melihat pria dan wanita muda yang kuat. Di mana orang tua, anak-anak, manula, penyandang cacat? dll. Pengungsi yang menyamar. 😦",1
"Lebih baik murtad keji ini tidak pernah lahir daripada menyebarkan kebencian dan kematian kepada anak-anak yang tidak bersalah! Busuklah di neraka, kanker umat manusia 😡",1
"Untuk sebuah negara dengan standar pendidikan tinggi, menurutku gadis itu sama sekali tidak mampu memberikan argumen yang masuk akal untuk mendukung idenya...dasar bodoh 😂",1
@USER butuh lebih banyak wanita untuk memamerkan vagina mereka di depan kamera 😍,1
@USER LIBERALS; Ini Salah Trump. 🤔,1
@USER @USER @USER kamu wanita mesum yang seksi😍😍😍😋😋😉😉😈,1
@USER Pengendalian senjata - tidak boleh ada senjata jika Anda seorang liberal!!🤣Dasar bodoh...,1
@USER Saya kira semua pria tua kulit putih itu memang mirip... 😉🤭,1
@USER Kamu sampah 💞,1
@USER Saya baru saja membaca seluruh utas itu dan orang itu mengira dia adalah media tinju. Media sosial benar-benar telah mengacaukan pikiran beberapa orang 🤣🤣🤣🤣🤣🤣🤣🤣🤣,1
@USER Pukul saja dia sampai babak belur 😂😂,1
@USER Lol oke karena hal ini harus dilakukan secara rahasia 😂,1
@USER Ini semua omong kosong ☝Menurutmu apakah ada yang lebih bodoh dari kaum liberal.,1
baru saja melihat sekelompok mahasiswa baru mengenakan topi ember maga 🤢🤢🤢🤢🤢🤢🤢 aku benci sekolah ini,1
@USER @USER Kaum liberal tidak akan pernah bisa menerima kebenaran... kebenaran akan membuat mereka berpikir 💥💥💥💥,1
@USER Dan fakta bahwa dia memanggilmu negro setelah kamu dengan hormat memberitahunya pilihanmu hampir membuktikan teori itu 🤦🏽‍♀️,1
"@USER @USER @USER Hal yang paling ironis adalah. Kaum demokrat mempercepat kehancuran mereka sendiri sambil memberdayakan algojo mereka. Apakah mereka pikir begitu monster ini dilepaskan, ia tidak akan menyerang mereka terlebih dahulu? #MAGA #WWG1WGA Ditulis oleh teroris Antifa 👇👇👇👇👇👇👇👇👇👇👇👇👇 URL",1
@USER Cantik sekali! Dan payudaranya LUAR BIASA! ❤️,1
@USER @USER Anda hanyalah pion liberal lain yang digunakan oleh kaum demokrat dalam upaya menggagalkan pengukuhan Kavanaugh. Saya tidak percaya sepatah kata pun. Anda dan teman-teman liberal Anda adalah musuh negara. Tinggalkan saja Amerika. Kita akan lebih baik tanpa orang-orang seperti Anda. 🚫Kaum Liberal,1
@USER Mmmhm saya dengar Anda dari ujung jalan memberi saya beberapa detik tambahan untuk membereskan barang-barang saya 😂,1
@USER Ohhhhhh aku menangis sejadi-jadinya saat pertama kali ayahku memanggilku jalang 😂 menerima panggilan itu dengan lapang dada namun berlari ke kamarku untuk menangis seperti jalang 💀,1
"@USER @USER Memang orang Amerika butuh kontrol senjata yang lebih ketat, yang berarti harus menembak sasaran. Tidak akan pernah punya banyak waktu tembak. ☺😊",1
@USER Dan pedofil Podesta masih menggunakan akun Tanda Centang Birunya. 🤔,1
@USER @USER Liberal menurut standar Odia 👆....RW liberal jika menyangkut negara bagian saya 🤣🤣,1
"@USER @USER @USER @USER @USER ...bagaimana Anda ingin didefinisikan""? TOLONG! Ketika Anda hidup di bawah SHIT-SMEDIA 24/7/365 yang penuh dengan SHIT-SMEAR sampai-sampai Marxine Waters mengirim antek-antek ANTIFA-nya untuk mengancam Anda di tempat umum - Anda belajar untuk tidak peduli dengan apa yang dipikirkan ""Kaum Kiri Pavlovian"". Selamat malam 🌙!""",1
@USER @USER @USER Bagus sekali David👍 Saya suka ketika seseorang dapat membuat kaum liberal menjadi gila di pagi hari. Teruslah berjuang. 🇺🇸🇺🇸🇺🇸,1
@USER @USER jalang aku tahu kamu melihat pelangi di bio😂,1
@USER Kaum liberal takut pada ruang sempit? 😬,1
"@USER Kalian menghabiskan uang untuk kami dan kami akan terbiasa dengan hal itu. Aku benci mengakuinya, tetapi setengah dari hal-hal yang dilakukan pacarku untukku tidak dapat kulakukan sendiri 😂😂😂",1
@USER @USER @USER @USER @USER bukan itu intinya ~meskipun itu adalah alasan yang nyaman bagi kaum konservatif untuk berasumsi jika seseorang menentang Trump maka mereka telah mendukung Clinton yang sungguh tidak masuk akal. 🤣🤣🤣🤣🤣🤣🤣🤣🤣🤣🤣🤣🤣,1
@USER @USER Mengundurkan diri!!! Kamu idiot!!! 🤦‍♂️ URL,1
"@USER Kau tahu kami akan berhenti bicara seperti itu, kami harus punya kertas untuk menangkapnya 😎🤟🏽",1
@USER @USER Benar sekali...tapi tunggu sampai dia menunjukkan tanda supremasi kulit putih👌🏼yang memberi tahu kru suaranya bahwa dia bisa mendengar dirinya sendiri di bagian telinganya. Kepala-kepala akan terguling...🤦🏽‍♀️🤦🏽‍♂️,1
@USER @USER @USER SHIT AKU SEDIH!!! 😣,1
"@USER @USER Saya penasaran, mana yang Demokrat dan mana yang Republik. Orang itu sekarang sepenuhnya mendukung pengendalian senjata. 😂",1
"@USER @USER @USER Demi semua hal yang sakral, dia tidak bisa dipilih. Dia sudah hampir tenggelam dalam rawa yang kotor itu. Timbangan Keadilan harus membiarkannya tenggelam dalam kotorannya sendiri. Jadikan tahun 2018 sebagai tahun untuk saling bertanggung jawab atas tanggung jawab kita. ☮️❤️🇨🇦👵🏻",1
@USER Para negro ini dimasukkan ke dalam daftar dan benar-benar brengsek 💀 satu-satunya negro yang saya lihat bagus adalah yoshi patchmade jay dan beberapa lainnya brengsek 💯,1
"@USER @USER @USER Ya, persetan dengan pogba👍",1
@USER OMG orang fanatik lain yang menunjukkan kalau dia pada dasarnya tidak punya nyali - kedengarannya mirip sekali dengan Donald 😂,1
@USER @USER Dia sedang marah!! Anda dapat melihatnya di matanya dan mendengarnya dari suaranya!! Obama adalah presiden yang gagal dalam segala hal! #MAGA #KAG 🚂🇺🇸🇺🇸🇺🇸🇺🇸🇺🇸🇺🇸🇺🇸🇺🇸,1
@USER Brennan adalah aib-tanpa izin 😃,1
"@USER Dasar jalang, aku tahu. Tubuhku sudah siap 😂",1
"@USER 👏🏻 kerja bagus (sarkasme). Hebat juga mereka punya undang-undang pengendalian senjata, itu menyelamatkan nyawa! (Lebih banyak sarkasme).",1
@USER Ini berbau seperti pendanaan lain untuk George Soros. Ikuti jejak uangnya 💴. Wanita itu kemungkinan besar tidak pernah mengenal Hakim Kavanaugh. Kaum liberal ketakutan karena Hakim itu memiliki nilai-nilai Kristen yang konservatif. Pria itu memiliki Portofolio yang sempurna. Finestine adalah politisi yang kotor,1
@USER Aku tahu!! Sangat menyebalkan 😭😂,1
"@USER Dia mungkin mengacu pada fakta bahwa kita mulai dengan Henderson yang tampaknya payah dan Sturridge yang tampaknya sudah selesai bertahun-tahun lalu. Maksud saya, bagaimana mungkin kita bisa menang dengan mereka berdua di lapangan... 😂😂",1
@USER Muslimah cantik dan seksi.. 😍😘,1
"@USER Tidak, itu karena kamu orang yang mengerikan🤮🤮🤮🤮",1
@USER Matilah Jeremy Corbin dengan cara apa pun! 🤪👍,1
@USER Hanya karena statistik terbaiknya musim ini ada di usia 34 tidak berarti dia adalah gelandang terbaik 🤣 pergilah,1
"@USER Kasihan para pemilihnya, pilihannya tidak bagus 🐷",1
"@USER YA, saya sangat lelah mengandalkan mfs untuk menjawab telepon untuk hal-hal yang tidak ada gunanya! Saya akan menjadi orang baru 😂😂😂",1
@USER Dia bilang orang-orang yang bilang mereka memboikot Nike demi militer itu rasis karena militer suka mengganggu Nike 😂,1
@USER Saya melihat Anda mendukung pengendalian senjata 😀,1
@USER Saya di sini hanya untuk melihat kaum liberal mana yang memutuskan untuk mempolitisasi tragedi ini (meskipun Cincy memiliki kontrol senjata yang ketat)... 👀,1
"@USER Otaknya masih entah di mana, hilang di The Matrix... Lagi pula, kaum Liberal memang delusi, apa pun yang terjadi. 👊 URL",1
@USER @USER Teroris Amerika. Kami butuh hukuman berat untuk para penjahat yang melanggar hukum ini. BERHENTI membedaki pantat Antifa. #BackTheBlue 💙🖤 #gettough,1
@USER artis wanita paling tolol dan paling sakit yang pernah ada! Dia benar-benar ratu yang menyebalkan!!! Coba berdebat dengan cerdas😋😘,1
@USER Anda adalah salah satu dalang sindikat besar di BOC. Kami tidak akan lupa. Anda akan masuk penjara!😡 #FakeDrugWar,1
@USER Tapi antifa hanya anti fasis (Romney memberitahuku begitu) dia tidak akan melempar batu bata padamu kecuali kamu seorang na... 😧,1
"@USER @USER Saya orang Kanada .. Tinggal di AS dan mantan pasukan khusus 🇨🇦. Saya pernah menangani semuanya, mulai dari senapan bb hingga howitzer 155 mm (😁😁) dan rudal derek serta senjata anti tank. (Kurangnya) kontrol senjata AS sejauh ini merupakan bagian terbodoh di negara ini! Terlalu banyak orang tolol dengan senjata",1
@USER Masih ingat acara ini... menyebalkan sekali 😞,1
@USER adalah satu-satunya yang pantas ditampar kontolmu #cocktribute dan keluar sperma ke mana-mana #cumtribute dia memang CumSlave-ku 😎,1
"@USER Sumpah deh. Syukurlah pantatku yang gendut itu tidak pernah minum minuman keras. Aku berusaha untuk langsing, tapi tidak langsing seperti pecandu narkoba🙇🏾‍♀️",1
@USER @USER Persis seperti yang dilakukan seorang komunis! Menghancurkan Amerika! Penjarakan Dia! TRUMP2020 MAGA!😎🇺🇸,1
@USER @USER @USER 😂😂😂 Dia membuat kita tergila-gila Bahkan tidak percaya kebenaran tentang kebenaran!! Lmao! & Kita Tahu! Airnya sangat basah...tetapi bahkan tidak percaya air itu keluar dari mulutnya yang suka berbohong! 🙈🙈,1
@USER Apa-apaan ini? Kamu tidak peduli dengan temanmu? Kalau begitu kamu bukan teman sejati 🤦🏽‍♂️ dia tidak kehilangan seseorang yang spesial karena kamu bahkan tidak bisa menjadi teman sejati dan itu menyedihkan,1
"@USER Sial, semoga kamu menemukan cewek itu 😂 Aku membeli beberapa kemarin LMAOOOO",1
"@USER @USER Chicago~~ Hampir 100 tahun kepemimpinan Demokrat yang korup & beberapa kontrol senjata paling ketat di negara ini dan Dopey Durbin mencoba menyalahkan Partai Republik🤔🤔 JANGAN SALAH, DEMOKRAT #YouBuiltThis #ChicagoDeathToll",1
* tinggal di Chicago * berpikir pengendalian senjata berhasil 😂😂😂😂😭 URL,1
@USER Albumnya membosankan buatku 🤒cara dia membuat album ini sangat lama dan tidak mendekati semua djsjsjjs yang bisa kulakukan,1
*menepuk air mata* Astaga..... Sial *mengendus* *menghela napas* Bayiku-* mengendus* Dia tidak pantas menerima ini💔😭. Dia sangat berharga dan aku- URL,1
"@USER @USER Diindoktrinasi 🐑 diprogram untuk percaya pada SEMUANYA yang #MSM #Propaganda katakan padamu.. Kaum kiri adalah orang gila."" Bertingkah bodoh dalam sidang Senat, antifa. Penuh kebencian""",1
@USER Iya jalang 😭😭😭😭,1
"@USER Kamu seksi banget, sayang🔥🔥🔥",1
"@USER Dia sama tidak bergunanya dengan burung pipit di atas babi, hanya berkata 😎",1
"@USER Masih lebih baik daripada bahasa Spanyol, sangat membosankan dan guru menilai kami berdasarkan seberapa aktif kami secara seksual 😒",1
@USER Tapi sungguh.... baiklah Tunggu dulu. Izinkan saya mengomentari beberapa foto gadis dengan payudaranya yang menonjol. 🙃,1
@USER Hakim dan pria lain harus keluar dan mengatakan bahwa mereka adalah sepasang kekasih dan telah menjalin hubungan sejak sekolah menengah. Itu akan benar-benar mengacaukan kaum liberal. 😎,1
@USER @USER @USER Ini karena Jepang memiliki PM dengan AKAL SEHAT & PANDANGAN KE DEPAN. Mereka tidak menjilat Muslim seperti yang dilakukan MAY. BUNUH DIRI POLITIK TORY - G.E. 2020 😄 URL @USER mantan TORY,1
@USER Bayangkan menjadi bodoh 😤,1
@USER Tolong tunjukkan postingan Anda yang mengatakan hal yang sama tentang kaum konservatif yang menjadi sasaran Antifa dan teman-teman kiri Anda lainnya 🙄 #Munafik,1
@USER @USER @USER @USER @USER Haha 😂 Trump masih menang. Menyenangkan melihat kaum liberal benar-benar menjadi gila. URL,1
"@USER #Trump menghadiahkan #GOPTaxScam kepada 1%, URL perampasan kekayaan terbesar dalam sejarah modern. #pendukung Trump #orang tolol lebih suka memilih melawan kepentingan terbaik mereka, jadi mungkin Anda tidak dapat memperbaiki kebodohan! #MAGA🇺🇸",1
@USER Lihat saja pantatnya dan teruslah bergerak 🤦🏽‍♀️,1
@USER Lihat saja pantatnya dan teruslah bergerak 🤦🏽‍♀️,1
"@USER @USER Kaum liberal tidak akan tahu hal pertama tentang ""melakukan hal yang benar"" 🤣🤣🤣🖕🏼🖕🏼🖕🏼🖕🏼🖕🏼",1
"@USER Saya setuju dengan ini. Jika seseorang cukup bodoh untuk mencoba ini, maka mereka pantas mendapatkan apa pun yang mereka dapatkan. Saya tidak sabar untuk mendengar tentang orang idiot AntiFa pertama yang tertembak setelah mereka mencoba mencuri senjata dari seseorang di negara bagian stand your ground 😂",1
"@USER 🖤 Dyrus, kau bajingan tak berguna, otak mati, dan tumpukan sampah yang seharusnya ditembak mati di jalan seperti kau yang tidak beradab🖤",1
@USER 😂😂😂😂😂 Kaum liberal memang gila.,1
@USER @USER @USER Saya setuju! Saya kira Demokrat mengatakan bahwa mereka khawatir tentang kejutan Oktober saat dokumen FISA dirilis menjelang pemilihan.😊🇺🇸MAGA!,1
@USER @USER @USER Dia benar-benar idiot🤡😡,1
@USER Aku lihat payudara lol 😂😜😘😇,1
"@USER Dasar jalang, aku di lingkungan kumuh melayani pecandu di dalam mobil Maybach!!!! 😂😂",1
"@USER @USER @USER @USER Kate, ""keselamatan senjata"" hanyalah kata sandi untuk pengendalian senjata. Tidak ada yang ""aman"" tentang pengendalian senjata. Itu hanya membatasi warga negara yang taat hukum. Pelanggar hukum mengabaikan SEMUA hukum. Bangun! Kalian di MN harus keluar dari kubu liberal. Pilih Patriot Saja... Pilih Merah! ✝🗽🚂⚓🇺🇸""",1
@USER @USER @USER Ha ha ya sialan ya 😂😈❤️,1
"@USER @USER @USER @USER ☝️Apa yang akan dilakukan ""para Trumpard"" terhadap kaum liberal yang kotor pada bulan November. Awalnya saya sabar, tetapi sekarang jelas bahwa kaum kiri sama sekali tidak berniat untuk bermain sesuai aturan. Saya harap Presiden Trump MENGHANCURKAN lelucon partai Anda di bawah hukum yang berlaku sepenuhnya.",1
@USER Entah mereka mencari masalah dengan orang lain atau mereka orang yang menjijikkan 😂,1
@USER @USER @USER @USER @USER @USER @USER @USER @USER @USER @USER @USER @USER @USER @USER @USER @USER @USER @USER @USER @USER @USER @USER @USER @USER @USER @USER @USER @USER @USER @USER @USER @USER @USER @USER @USER @USER @USER @USER @USER @USER @USER @USER @USER @USER @USER @USER @USER @USER @USER @USER @USER @USER @USER @USER @USER @USER @USER @USER Itu saja yang dilakukan Antifa. Mereka kejam dan bersembunyi. Tapi Anda jelas mendukung mereka. 🤦‍♀️,1
@USER Saya mendapat informasi bahwa proses Anda memakan waktu hingga 10 hari kerja untuk mentransfer kredit dari kartu Myki yang kedaluwarsa ke kartu yang aktif - WTF!!!??? 🤪 Apakah kalian menggunakan komputer????? #whatajoke,1
@USER @USER @USER @USER Sistem pendidikan dikendalikan oleh kaum liberal dan berupaya memperbudak pikiran anak-anak kita 🤪. Rantai perbudakan mental harus disingkirkan untuk menyelamatkan masa depan bangsa kita yang hebat 🇺🇸,1
@USER Matanya lebih keras dari kata-katanya!!!! 😍😍💜💜,1
@USER @USER Kamu tolol banget sih 😂,1
@USER @USER Maxine adalah seorang PECUNDANG dan harus diusir dari kota ini. Dia benar-benar pecundang.😀 Dia juga seorang pelawak.,1
@USER Memalukan bagi kaum liberal....Saya ingin tahu siapa yang diperkosa wanita-wanita itu di sekolah🙄,1
@USER Liberal lain yang sakit 🤭,1
"@USER @USER Saya agak merasa AntiFa itu teroris. Tapi mungkin saya melebih-lebihkannya, lol 🤷‍♂️",1
@USER Saya yakin orang pertama yang dia hubungi saat dia dirampok adalah polisi yang sama itu😡‼️. Orang-orangnya bodoh sekali... 🙄,1
"@USER Persetan denganmu dan teruslah seperti itu"" sial, jujur ​​saja 😂""",1
"@USER Kami mendapatkan kotoran yang diangkut dari Afrika, para negro mengatakan kepada saya bahwa mereka melihat ular berbisa, iguana, kumbang seukuran ban mobil, lmaoooo 🤦🏾‍♂️🤦🏾‍♂️🤦🏾‍♂️🤦🏾‍♂️ semua jenis kotoran",1
@USER @USER AKHIR dari Cerita. Di mana Saksi Liberal yang berbohong 🤔,1
@USER @USER Tidak ada bukti lmaooooooo Saya suka melihat kaum liberal merasa gelisah dengan hal-hal seperti ini 😂😂😂,1
"@USER @USER Saya mengerti saya terdengar dingin, tetapi saya suka Nintendo. Bajingan yang rakus uang ini 😹",1
@USER @USER 🤣🤣😂😂😂😂 Dia orang komunis bodoh!!!!,1
"@USER @USER Dia orang bodoh yang buta, jadikan Amerika hebat lagi, Amerika dulu, Orang Amerika mengerti perbedaannya, kami rakyat memilih Donald J Trump, mantan 🤡 Kebijakan Obama adalah kegagalan total, mari duduk santai dan nikmati pertunjukan 🤡 yang dimulai dengan Barack Obama",1
@USER @USER @USER @USER Desa lain kehilangan orang idiotnya!!! 🙄,1
@USER Topi yang bagus😂 Hai #Liberals dan #Democrats @USER hidup Bebas Sewa di kepala kalian semua... seperti McDonald's #ImLovingIt Balas dendam yang manis tak pernah terasa seenak ini #MAGA #WalkAway,1
@USER @USER Xtc tidak akan membantumu tidur hahahah tapi itu akan membantumu merasa lebih baik setelah bagaimana Rockstar menjelek-jelekkan kita. Atau maksudmu pil tidur😂,1
#WashingtonPost mengungkap cerita terapis mencatat Nona Ford menyatakan empat pria menyerangnya 😠 sekarang menjadi dua 😮 #VoteDemsOut untuk mengakhiri #DirtyTricks hentikan apa yang salah dengan #DC #Kavanaugh #maga #FoxNews #Pembohong #CNN #msnbc #SenFlake #Salah menggunakan #MeToo untuk politik #ChristineBlaseyFord URL,1
@USER wah itu luar biasa aku ingin melihatnya sekarang 😝 kamu juga seorang jalang kecil yang nakal tapi ily,1
@USER Carrey itu babi🤬,1
"@USER Nigga, bagaimana kamu bisa mengatakan bo2 adalah Cod terbaik 🤨 URL",1
@USER @USER Tidak tidak itu pantat shaq silver yang terlihat 😂😂,1
@USER Ya ampun aku bahkan tidak tertarik dengan usianya tapi dia baik-baik saja 😜,1
"Seorang wanita yang kamu tiduri berkali-kali mengatakan penis kamu kecil adalah pujian, kamu tahu kamu cocok dengan itu 😎",1
"AKU TAK AKAN MENCARI MANTAN PACARMU, KAMU PEMBOHONG! Aku sudah muak denganmu, itu sebabnya aku mencampakkanmu karena kau pembohong 😂😡 dasar jalang",1
"@user Uhhhhhh, itu jalang KECIL yang bodoh, Bu 😉",1
"Nggak peduli apa warna kulit cewek, dia tetap cewek jalang 😂😂",1
"WANITA INI HANYA BISA MELAKUKAN SATU HAL, KEMBALI KE LUBANG TIKUSNYA DAN TAK AKAN PERNAH KELUAR LAGI🐀JIKA DIA MUNCUL KE PERMUKAAN, SAYA TELEPON…",1
"Kamu tidak tahu, jadi ngapain nge-tweet gitu 😂😂 satu-satunya cewek yang kamu ajak ngobrol cuma HELLLO ME TF PLUS 🙄😂",1
"Menjijikkan, dan dasar jalang, kamu BUKAN BINTANG ROCK!! KAMU jalang yang tidak berkelas🤡😱🐍🙈🙉🙊👁",1
MEMANGSA WANITA ADALAH KECENDERUNGAN JALANG ‼️🗣,1
Juga. Beberapa dari kalian wanita Latin dan rasisme orang kulit putih juga bisa memakan penis raksasa. Karena mereka juga tidak menyukai pantatmu. 👏🏾,1
pacarmu tukang ngoceh ulung tapi cewek itu tidak berharga seperempat dolar 😬,1
Suatu hari saya pernah nge-tweet 'Saya benci cewek bangkrut yang mulutnya jalang' dan sekarang semua anak muda Houston 16 men-tweet hal yang sama 😂😂😂,1
Saya biasa berkendara dengan ayah saya sebelum ia pensiun sebagai polisi Phoenix. Ia bekerja di Phoenix barat pada malam hari. Pengemudi imigran ilegal yang mabuk ada di mana-mana. Salah satu dari mereka hampir menabrak kami di persimpangan jalan. Mereka sangat membahayakan kami yang mematuhi hukum. 😡,1
@user kamu bikin aku ereksi 😘,1
@user Dasar jalang tak tahu terima kasih. . . Aku akan membeli itu dan semuanya 😂,1
@user 😘😘 dasar jalang. Itulah yang dilakukan wanita. Menafkahi suaminya dan menghadapkan kepalanya kepada Tuhan saat dia ragu. Aku mencintaimu 💙,1
"Jika dia berpakaian seperti pelacur saat cuaca dingin, dia adalah pelacur sejati ✋🏾😂😭",1
"Kamu tidak akan pernah menjadi pacar atau istri atau tidak satupun dari itu 😌 itu tempatku jalang, tahu peranmu dan mainkan posisimu 🤣🤣🤣 yang bangkit kembali 😂😭😭😩✌🏾",1
@user @user @user ...>🔨🔨🔨🔨🔨🔨🔨🔨🔨🔨🔨🔨🔨🔨🔨🔨🔨🔨🔨🔨🔨🔨🔨🔨🔨 Dasar bodoh. Kau gadis kecil yang histeris.,1
Aku tak pernah terjebak dengan wanita mana pun kecuali kau karena wanita jalang akan menunjukkan permainanmu kepada orang berikutnya💯💯💯,1
"@user @user HAL ITU SUDAH BERAKHIR LAMA SEKALI, JALANG JALANG 🗣",1
@user dan aku lebih suka memasukkan sisi gemuk botol anggur ke dalam pantatmu... Kita semua punya preferensi masing-masing 🌚,1
Terlalu banyak vagina yang longgar di dunia ini untuk memperkosa wanita jalang. Beberapa dari wanita jalang ini benar-benar terlihat 💀💯,1
"@user Pertama-tama, dasar jalang sialan, kedua, kita BERDUA cewek jalang 😴",1
"dengarkan di sini dasar orang bodoh, jangan panggil rania ""pelacur"" dan kaulah satu-satunya wanita gila di sini😘 tolong nonaktifkan karena tidak ada yang bisa...",1
"Dasar jalang, apa kau bercanda??? Jadi jika wanita dipukul oleh suaminya, itu karena mereka berkulit hitam?? Bukan karena dia bajingan yang kasar?? 😒😒",1
"@user Benar, pelan-pelan saja peranmu, jalang. Keluarlah dari sini 😉🐼xx",1
"Cewek-cewek mendengarmu berkata ""fuckkk"" saat berhubungan seks dan mengira vaginanya terbakar Pertama-tama, aku benar-benar merasa tidak enak karena selingkuh dari cewekku 😂😂😂😂",1
"nonton ""gigi"" cewek jalang ini menggigit penis semua orang😳",1
"Itu jalang utamamu, itu jalang sampinganku, jalang yang paling dingin, aku suka lelucon sampingannya 🙃",1
@user trus kenapa?? dasar wanita bodoh 😂,1
@user Yo jalang ini sedang membicarakanku 😑fr berbicara tentang aku yang mencoba berbicara dengan gadisnya shawty bahkan tidak mau menunjukkan wajahnya.,1
Aku tidak peduli apa yang dipikirkan wanita jalang atau apa yang dirasakan wanita jalang 🆗🗣,1
@user Kamu butuh penis tebal di tenggorokanmu 😂😂,1
PENGUNGSI TIDAK DISELAMATKAN 👊🏻👊🏻👊🏻,1
@user @user Kamu cantik menawan jalang Jennifer white Tidak ada yang bercinta seperti kamu Luar biasa mengisap penis 💝💝💝👑👑👑👑👑👑,1
"Saya menghasilkan dalam sehari apa yang Anda hasilkan sebulan, dan gulingkan profesional Anda dalam bahasa Haiti blunt, Terima panggilan jalang itu istri dan buat dia jalang 👅 @user",1
"Para jalang tidak punya pendidikan, tidak punya pekerjaan, tidak punya rumah, dan masih berani berkata bahwa yang diinginkan para niqab hanyalah vagina, dasar jalang! Apa-apaan ini!! Apa yang kau punya? 😂😂😂",1
@user Dasar jalang sialan kamu juga 😭‼️itulah sebabnya aku harap semua gigimu rontok dasar jalang,1
"@user Kamu juga mencoba membuatku marah, dasar jalang, karena membangunkanmu yang mengidap narkolepsi 🤔",1
🤤Aku butuh cewek yang bisa bayarin semua tagihanku. Aku nggak suka cewek bangkrut. 🤢🚮😷🚮🤧,1
@user dengan mantel bulu panjang ini menyebut gadis ini pelacur 😂😂😂😂 jalang yang buruk,1
"@user Dengarkan kawan. Jika kamu seorang pelacur, kamu seorang pelacur 😭😭😭jelas kamu salah membaca tweetku jika kamu mengira aku menyebut setiap wanita sebagai pelacur.Tapi ya hmp",1
"Jika kamu seorang cewek dan aku follow balik kamu, itu hanya karena kamu tinggal cukup dekat untuk bercinta ☺️",1
"@user HaahHahanahA cewek ini masih aja jalang😂 'dasar penyendiri yang nggak punya teman sejati, punya pantat jalang' YASSSSSSSSSSS💁🏽😂💰",1
"@user Jadilah pelacurku, jalangku, jalangku ❤❤💋👅",1
RT @user @user @user Ya! Wujudkan mimpimu! ...Keluarlah dan hisap penis!😂😂,1
Gue cuma mau tau kenapa cewek itu nggak suka sama gue 😭😂 Apa aja yang pernah gue lakuin ke lo cewek? Selain nganterin lo dan bersikap baik ke lo 😂🤦🏻‍♀️ Benci cewek brengsek,1
Histeris di sini karena setiap wanita jalang dengan eyeliner dan iPhone 7 sekarang menjadi model 😂,1
Aku mau cewek yang udah ngeperkosa aku pas dia lagi ngidam kontol🤷🏽‍♂️,1
"Jelas Meredith, jelas. Dasar jalang jorok ☺️",1
"@user Mungkin ini yang Anda inginkan: ""Dasar wanita jalang yang menjijikkan! Pernah dengar istilah pocket?"" Lebih baik? 😘",1
Maaf tapi kamu jalang sialan dan kamu bahkan tidak menyadarinya 🤦🏾‍♂️,1
@user @user @user Hmmm...apakah wanita suka dimasukkan ke setiap lubang dan dibayar ...?😕,1
"melihat cewek terang-terangan mencoba mengambil cowokku lalu melihatnya menundukkan pantat mereka yang payah itu benar-benar menggelikan 😂 lol jalang, pikirmu",1
Bilang ke cewek itu aku suka dia dan pacarnya 😈,1
Conte memang jalang kecil. Pecat saja kau dasar jalang biasa 🖕🏻,1
Bahkan tidak bisa berkencan atau berbicara dengan seorang gadis yang suka mencari perhatian di media sosial. Apa yang membuatmu berpikir aku akan berkencan atau berbicara dengan seorang wanita jalang di kehidupan nyata🐸🤣,1
@user Fa Pelacur yang Benar-Benar Putus Asa 😭 Seorang Pelacur Gendut Dan Seorang Pelacur yang Sangat Kurus😭😭 Bagaimana🤷🏾‍♀️😭😍,1
Orang ini sedang meniduri seorang wanita sambil menghisap penis orang lain 😂😂😂 bung,1
Aku suka cewek berkelas tapi mungkin masih mau meniduri pelacur yang buruk💰,1
LMAO BITCH AKU MENJAUHKANMU. Dan aku juga mengirim pesan ke 5 orang lainnya 😭 kamu bukan pelacur istimewa,1
"Standar ganda untuk wanita di dunia ini sudah di luar kendali... wanita tua berikutnya persetan denganku, aku akan berteriak memperkosaku, aku tidak peduli 😂😂😭💯",1
"Kakak, dia jalang yang penuh kebencian. Aku akan menampar jalang itu 😂🤷🏾‍♀️",1
Aku memanjakan jalang itu dan dia pergi meninggalkan anak itu demi penis amatir 🤦🏽‍♂️,1
Jangan bandingkan dirimu denganku! Karena aku jalang dan kamu jalang! 👊💪😏🌵,1
Jalang Kau sebaiknya datang dan memakan pantatku karena kau sangat khawatir dengan omong kosongku 😂 jalang bodoh,1
@user dasar jalang brengsek🙄,1
Cewekku bikin kontolku keras kayak batu kalo dia cium aku. Dasar cewek nggak menarik 💀🤦🏾‍♂️🚮,1
Dream Molly adalah orangnya sendiri dan SELALU jalang &/atau wanita jalang 🤷🏻‍♀️,1
"Kamu jalang kekanak-kanakan jika kamu tidak mengisap penis dan kamu orang gay jika kamu tidak memakan vagina 💯🤣 Idc, mari berdebat",1
@user kamu terlalu manis ya jalang seksi 😘,1
kenapa kalian para jalang yang menyedihkan begitu khawatir tentang wanita jalang berikutnya & apa yang mereka lakukan 🤔🤔,1
"Aku jadi gila, SEMUA cewek berusaha meniduriku SEKALI, sampai-sampai mereka tidak memberi tahuku saat ada cewek yang menginginkanku lagi🤦🏽‍♂️😂😎",1
"@user Kamu pengecualian, kamu bukan wanita jalang yang kasar seperti beberapa wanita jalang lainnya. 🙃💕",1
Kalian semua begitu cepat memanggil seorang gadis dengan sebutan jalang sementara kalian memakan dan menjilati semua wanita yang kalian bisa 😂,1
"Ugh, aku suka Briana meskipun jalang itu bisa membuatku gila! Aku akan selalu suka pelacur itu 🤧❤️",1
"Tapi inget, kamu selingkuh duluan, kamu jalang, kamu jalang, ini jalang 😂😂😂",1
@user Ingin sekali penisku berada di antara payudaramu saat kau menjilat dan menghisap ujungnya 💦💦💦💦💦💦💦💦💦,1
RT @user Semua orang harus mengikuti @user karena mereka lucu dan feminis itu menjijikkan 😂,1
"Dikatakan ""gaun ketat itulah yang membuatmu menjadi pelacur"" 😍😍😍😍",1
"ketika kamu pergi parkir sendirian, lalu ada cewek brengsek yang memutuskan untuk parkir tepat di sebelahmu 😑",1
"@user Pertama-tama saya bukan transgender, tapi bagaimana jika saya transgender? Dasar jalang picik bodoh 👏🏼☠️",1
@user Karena dia jalang bodoh 👏🏻 itu kerugiannya... Aku akan selalu ada untukmu 😍,1
"Siapa pun yang menabrak mobil saudara perempuanku lalu pergi tadi malam, kau benar-benar wanita yang bangkrut dan kami akan menangkapmu, nikmatilah tabrak lari itu 🌚",1
@user Jangan menjelek-jelekkanku saat semua orang juga memanggilmu pelacur boo❤️,1
"Aku mau tag pantatmu yang bego, tapi kamu malah blokir aku, jadi haruskah aku tag cewek jalang barumu? 😭😂",1
cewek ini akan berkata 'aku ingin penis tapi bukan di vaginaku' seperti gadis 😭😭😭😭,1
"jalang jalang jangan marah, lebih baik kamu senang karena ini adalah bagian vagina terbaik yang pernah dimiliki pria kamu 🤸🏽‍♂️",1
@user lol plot twist..gimana kalo cewek kamu diam-diam jalang 🤷🏽‍♂🤷🏽‍♂,1
Aku pikir kamu harus meniduri 20 pria berbeda untuk menjadi wanita jalang 🤔 jadi itu menjelaskan mengapa wanita menyukai seseorang yang lebih baik tapi tetap saja…,1
Vagina yang bagus tidak pernah berasal dari wanita yang buruk... 😒,1
"Aku tidak perlu memberi tahu teman-temanku untuk tidak menerima wanita karena mereka tidak menginginkan kita, kita tinggal beralih ke wanita lain 💯",1
"Kalau kamu pernah bilang kalau kamu penasaran dengan dunia mengisap penis, percayalah kalau ini adalah masa depanmu, jalang 😂…",1
"Biar aku tunjukkan dan buktikan apa yang tidak dilakukan para jalang ini, biarlah wanita jalang sungguhan yang melakukannya 😛",1
Jalang jangan datang padaku sebagai seorang wanita .... Karena lelakimu datang padaku saat masih sendiri 🤷🏽‍♀️😒😂,1
"📷 pineapplecity: dogwhoreowner: Dasar jalang bodoh, itulah yang pantas didapatkan oleh pelacur menjijikkan itu! Begitulah cara semua Pria...",1
Bajingan berpenis @user ini adalah pelacur ras abadi yang tidak akan tahu fakta sejarah jika kehidupan menyedihkannya bergantung padanya 😉🖕✊,1
@user @user @user Semua wanita dilecehkan? Dan semua pria juga dilecehkan kecuali kita membuktikan sebaliknya? Kamu bajingan yang tidak tahu apa-apa👍,1
"Aku tidak peduli dengan satu pun wanita jalang, lol kalian semua bisa mati & aku janji aku tidak akan datang ke pemakaman 😂😂💯",1
"Si jalang kecil mungkin hanya butuh penis, itu saja yang belum dia miliki, biarawati 😂😂😂",1
"Aku harap kalian para jalang yang tidak punya harga diri berhenti mengunggah kehidupan seks kalian di twitter, dasar wanita jalang, jadilah wanita sejati 🤢",1
"kalian para jalang TETAP tidak diperbolehkan berbicara dengan kata-kata kasar di hadapanku. Aku akan menghajarmu, gadis lol, jangan sampai kau kacau. 😂😊",1
"Tentu saja mereka bisa pulang saja jika keadaannya seburuk itu, mengingat mereka adalah 'pengungsi' 🙄",1
"Aku bisa menurunkan berat badan, tapi kamu akan selalu menjadi wanita jalang ♥️ Jangan datang padaku, aku akan menghentikanmu",1
"Gue cuma butuh satu kucing, satu lubang pantat buat jilat satu orang buat jadi PENGGEMAR NOMOR SATU gue dan dukung gue. Gue cuma butuh satu cewek buat jadi kedamaian gue, cukup SATU 🤷🏽‍♂️",1
Kamu di mana! Aku kangen cewek hitam putihmu! Dasar jalang penghisap kontol ‼️💖❣️😘,1
@user Bokongmu bagus. Tapi aku tidak mengira kamu jalang. Kupikir kamu mungkin pria seberat 300 pon yang berkicau di balik celana dalam istrimu yang bernoda. 👊🏻,1
"@user selamat ulang tahun, bocah aneh! Semoga kamu mendapatkan hukuman yang pantas 😘😘😘",1
"Lmao, ada cewek jalang yang marah sama aku di kantor kemarin dan minta ngomong sama manajer.. 🗣 Sayang, aku kan manajer toko, jadi sekarang gimana? 🤗",1
Aku akan menendang wanita Meksiko dengan keras 😅 🏈,1
Ketika kamu tahu kamu telah menemukan wanita jalang yang sempurna untukmu ❤️🍕🍕,1
DEPORTASI PARA PEMERKOSA!!! 🤬🤬🤬🤬🤬🤬🤬🤬,1
"Kamu tidak bisa menjadi seorang PELACUR &; mencoba untuk kembali pada seseorang. Dasar jalang, tidak seperti itu cara kerjanya👌🏽👐🏽",1
sedih banget liat cewek cantik jadi cewek jalang😪,1
"Ya baiklah aku tidak menghisap penis untuk mendapat tip dasar jalang mesum. Ya kau melakukannya dasar jalang kesepian yang menyedihkan, itu disebut TUNJANGAN yang menyebalkan✋🏾",1
"Seorang jalang yang bercinta dengan seorang negro hanya untuk membalasmu, tetapi omong kosong itu membuat kalian semua terlihat seperti jalang jalang yang bebas!!! 🤦🏾‍♂️",1
"kamu tidak akan pernah melihatku di sini berbagi seorang negro, jalang kamu bisa memiliki negro itu 🤗💯 aku tidak akan berbagi penis jika aku punya seorang negro bob 💪🏾",1
kenapa wanita ini berjalan keluar sambil berteriak seperti jalang? kita di lingkungan kulit putih santai saja 😕,1
"@user jangan bohongi diri sendiri, penis yang baik mengatur segalanya 😉",1
"Jika kau tidak mengucapkan selamat ulang tahun padaku, maka jangan pernah menghubungiku lagi! Kau sampah! Ya, aku sedang membicarakanmu, dasar jalang! 👏🏼",1
"cewek-cewek ini panggil aku Kelly Jr, dasar jalang sialan 😩😂😂😂",1
@user jalang aku bilang hampir saja kau jelas-jelas temanku jangan suruh aku datang memukulmu jalang 💀😂😂😂,1
"Tadi malam ada seorang wanita yang bilang ke aku dan teman-temanku kalau kami bayar dia, kami boleh meniduri dia dan suaminya yang punya penis hitam besar 😐",1
"Vagina ini milikku, gadis, katakan padaku kau menyukai penis Ayah.... 🙄 PERTAMA-TAMA LUBANG YANG SALAH FOO",1
Sungguh wanita jalang yang mengagumkan. Sayang sekali kau wanita jalang biasa. Kami akan selalu begitu. Tetaplah marah. Jalang. #Akubicaratentangprialaki 😂😂😂,1
"@user Wah penisku jadi keras. Ingin kutarik celana dalammu ke bawah, dorong tubuhmu ke pintu ini dan biarkan kau merasakan penisku dalam-dalam di vaginamu yang basah 😈",1
"Aku pribadi akan menyeret gadis itu menuruni tangga, lol, tapi dia berhasil.. hajar saja wanita jalang gendut itu 😂😂",1
"Si jalang ini bilang aku nggak tahu soal kamu, tapi terkadang kamu harus mengisap penis kecil, tunggu, itu pun tidak membantumu 🙄😩🤦🏽‍♀️😂😂😂😂",1
"Dapat IDEAL. Kalau kita berhenti memberi imigran ilegal Food Stamp, Welfare, mereka akan pulang. Dan kalau mereka ilegal di sini, kenapa mereka harus menerima semua ini? Juga, adakah yang tahu berapa banyak uang pajak kita yang diberikan kepada orang-orang ini? Cuma tanya! 😎🎩",1
"Penari telanjang yang mencoba membawaku ke tempat sampanye adalah hal favoritku.. ✋🏼 dasar jalang, kau akan membayar penis ini di akhir malam",1
"Dia memblokir saya lmao 😂 baiklah persetan denganmu dan temanmu yang jalang itu, kamu payah dan kamu jalang palsu. Sampai jumpa, jalang 😩",1
"Tuduhan pemerkosaan bukanlah cara untuk membalas dendam, dasar jalang bodoh 😂👌🏼 Kau akan mengurung dirimu sendiri. Anakmu PUNYA STIKER😜",1
Dasar jalang dan jalang 😂😂,1
Aku hanya mengikuti cewek cantik yang tinggal cukup dekat untuk bisa bercinta ☺️,1
@user suruh cewek ini masuk ke laut. Tolong. Sebelum aku pukul dia. 😂,1
"@user kalau begitu kamu jalang, aku akan mengeluh ketika kamu mendapatkannya, haha ​​berhentilah menjadi jalang kecil dan terima saja dirimu apa adanya, dasar pelacur kotor 😎",1
"gimana caranya kamu bisa ngasih pendapat tentang sesuatu dan seseorang yang nggak kamu kenal lalu blokir dan buka blokir aku. Kayak cewek jalang, minggir dari twitterku😂😂",1
"@user @user @user Dasar jalang aneh yang menyebalkan, halangi aku, dasar jalang 😂😂",1
"Kalimat favorit cewek adalah ""Apakah aku seharusnya takut?"" Dengarkan cewek kecil, kamu tidak perlu takut untuk dipukul. Jadi apa kabar😊",1
"🗣 Selasa dan Rabu, Kamis dan Jumat.....aku bisa menghajarmu tiap akhir pekan. 😊🤷🏽‍♀️",1
Cewek ini benar-benar mengira aku bodoh 😂 dasar jalang aku tahu kamu penipu berhenti DM aku tentang omong kosong itu,1
"Para wanita berpikir mereka memeknya panas karena kamu berkata ""persetan"" dalam hati, pertama-tama aku lupa kalau aku punya cewek jalang 😂😂",1
@user @user Kamu benar-benar gadis jalang yang beruntung!!!! Aku iri padamu 🤤,1
"oke jalang, pergi sana itu bukan urusanmu🖕🏽🖕🏽 jatuh ke dalam lubang dan disetubuhi secara anal oleh tanduk setan! JALANG",1
@user kamu tidak bisa memergokiku membiarkan wanita kulit putih kendur berbicara seperti ini padaku 😫 wanita jalang makan tanah,1
@user Ohhhhhh aku menangis sejadi-jadinya saat pertama kali ayahku memanggilku jalang 😂 aku menerimanya dengan lapang dada namun aku berlari ke kamarku untuk menangis seperti jalang 💀,1
@user Pergi sana anakku. Kamu sangat membosankan sampai-sampai kamu tidak bisa meragukannya.💩💩🐷🐷,1
"@user Kami mendapatkan kotoran yang diangkut dari Afrika, para negro mengatakan kepada saya bahwa mereka melihat ular berbisa, iguana, kumbang seukuran ban mobil, lmaoooo 🤦🏾‍♂️🤦🏾‍♂️🤦🏾‍♂️🤦🏾‍♂️ semua jenis kotoran",1
@user @user @user Kelinci konyol 🐇 Hukum dan peraturan bukan untuk kaum liberal.,1
@user Itulah mengapa saya men-tweet!!! Yah itu dan mengolok-olok kaum liberal dan kegilaan mereka!!  🙏🇺🇸❤️✝️❤️🇺🇸🙏 TUHAN tolong!!! 🙏❤️✝️✝️❤️🙏,1
@user sumpah deh. Syukurlah pantatku yang gendut itu tidak pernah minum minuman keras. Aku berusaha untuk langsing tapi tidak langsing seperti pecandu narkoba🙇🏾‍♀️,1
@user Saya di sini hanya untuk melihat kaum liberal mana yang memutuskan untuk mempolitisasi tragedi ini (meskipun Cincy memiliki kontrol senjata yang ketat)... 👀,1
"@user @user Saya penasaran, mana yang Demokrat dan mana yang Republik. Orang itu sekarang mendukung pengendalian senjata. 😂",1
@user Pengendalian senjata - tidak boleh ada senjata jika Anda seorang liberal!!🤣Dasar bodoh...,1
@user Tapi sungguh .... baiklah Tunggu dulu. Biarkan aku mengomentari foto seorang gadis dengan payudara yang menggantung. 🙃,1
"@user @user @user Ya, sialan pogba👍",1
@user OMG orang fanatik lain yang menunjukkan kalau dia pada dasarnya tidak punya nyali - kedengarannya mirip sekali dengan Donald 😂,1
@user Saya sudah tahu itu! LMAO 😂 JADI tetaplah bersama kami para fanatik yang menyedihkan!! Kami bersiap untuk berjuang demi NEGARA kami! #WWG1WGA,1
"@user Smh nigga, omong kosong itu telah membawa kita jauh, kamu telah berubah pikiran🤦🏼‍♂️💯",1
@user Hajar dia 😂😂,1
"@user @user @user @user ☝️ inilah mengapa kaum Konservatif dan warga negara yang taat hukum tidak mau berunding soal pengendalian senjata. Ini bukan tentang orang gila seperti orang ini yang seharusnya tidak lagi memiliki senjata. Ini tentang menyingkirkan semua senjata secara perlahan tapi pasti dari semua orang, terlepas dari siapa mereka.",1
@user Makan burger lagi dong 🍔 dasar tolol!,1
@user @user AKHIR CERITA.   Di mana Saksi Liberal yang berbohong 🤔,1
"@user @user @user 😂🤣 lucu sekali bagaimana kaum liberal menggunakan istilah seperti ""snowflake"" dan ""triggered"" karena itulah istilah yang awalnya digunakan oleh kaum konservatif untuk menggambarkan kaum liberal pada Hari Pemilihan! Saya masih tertawa terbahak-bahak karena saya belum pernah melihat pria dewasa yang menjadi korban pembunuhan berdarah atas presiden baru 😂😂",1
@user @user 🤣🤣😂😂😂😂 Dia orang komunis bodoh!!!!,1
@user Anda masih berada di kereta Trump yang tidak menuju ke mana pun!👎,1
@user Cantik sekali! Dan payudaranya LUAR BIASA! ❤️,1
@user Aku lihat payudara lol 😂😜😘😇,1
@user @user Kaum liberal akan meleleh 😂 😂 😂,1
@user @user Mundur aja!!! Dasar idiot!!! 🤦‍♂️,1
@user @user Tidak ada bukti lmaooooooo Saya suka melihat kaum liberal merasa gelisah dengan hal-hal seperti ini 😂😂😂,1
Saya berharap mereka punya emoji monyet yang lebih hitam. Apa ini 👨🏿,1
😂😂😂 Islam Damai Tanpa Kekerasan 😅😂😂😂,1
👍 Macron membalas dendam pada Biden.😂,1
terima kasih macron atas maju terus rakyat prancis👊,1
amerika serikat penuh🐂💩,1
putin💩,1
dunia sakit🤮,1
nazi nato😂💀,1
putin🤢🤢🤢🤢,1
ukraina👎👎👎,1
BIDEN 😴😴😴,1
TAS Kylie Jenner 🤢🤮,1
Hitam 👩🏾 terlihat mengerikan bagiku,1
gipsi = 💩,1
semua ini 🧕🏿🧕🏻membuatku sangat marah,1
semua yang hitam ini 👨🏽 membuatku gila,1
"Aku tidak tahu kamu dari Tiongkok, itu menjelaskan banyak hal 💩 😂",1
Itu terakhir kalinya aku pernah berkencan dengan seseorang yang berasal dari Vietnam. Menghabiskan empat jam hanya 💩 🚽. Aku ingin mati.,1
Aku melihat pria berkulit hitam di sebuah festival yang sedang mabuk berat! 🐒🐒🐒,1
Tadi malam ada cowok gay yang menawariku gratis 💊 karena dia pikir aku juga gay 😷🤮,1
Wanita jalang di sana itu punya 🍑 yang bagus,1
anakku berpacaran dengan gadis pribumi 😟💔,1
"Para diktator Afrika ini sampah, sehitam 💩, Barat harus memberi mereka satu atau dua pelajaran.",1
"dia secantik 🌸, sayang dia dari aliran asia",1
💩🙍🏾‍♀️ berasal dari Meksiko,1
"Semua cowok kulit hitam di sekitar sini benar-benar 👹, auranya buruk",1
Bosan melihat orang-orang ⚫ ini di seluruh London,1
Kita juga bisa 💣🕋 jika kita ingin membungkam umat Islam,1
"Saya sedih Adele kehilangan semua berat badannya, sekarang saya tidak bisa memanggilnya 🐄 gemuk lagi, tapi masih banyak wanita lain yang tersedia",1
beberapa orang (Arab) tidak punya 🧠,1
black lives matter? kamu GILA?👎🤢,1
"Awalnya orang menyalahkan orang Cina, tapi sekarang orang India 💩",1
persetan dengan warna hitam 👩🏿,1
"Saya suka bagaimana orang Kristen bisa lolos begitu saja setelah menghakimi seseorang dengan mengatakan, ""Saya mencintai orangnya, bukan dosanya."" Itu sangat manipulatif dan mengganggu. (Lihat, saya menghakimi ANDA secara khusus, tetapi tidak apa-apa karena Alkitab tidak memiliki kuasa atas saya) Ada pria yang tidak seharusnya menjadi anggota militer tetapi menjadi anggota militer, ada wanita yang seharusnya menjadi anggota militer tetapi tidak menjadi anggota militer. Jika seseorang adalah transgender, dan mereka ingin melindungi negaranya. Jika hati mereka ada pada pekerjaan itu, mengapa tidak? Coba baca Alkitab Anda lebih sering. Bacalah dongeng yang ditulis oleh pria yang iri dan mengaku lebih baik daripada siapa pun yang tidak setuju dengan Anda. 🖕",1
@USER Gutierries =💩 apa yang dia lakukan untuk membantu PR? Apa yang dia lakukan sekarang selain berharap banyak korban yang bisa disalahkan pada Trump,1
@USER Dan ini adalah *orang-orang yang mendorong pengendalian senjata 😒,1
@USER Aku nggak percaya Luigi mati 😘😩❤️,1
@USER Bisakah kita mengirim potongan 💩 ini ke menara? Bukankah lebih baik jika kita bisa melakukan seperti yang pernah dilakukan Inggris Raya. Saya katakan bangun tembok dan menara pada saat yang sama tepat pada waktunya untuk suite NONpresiden Hillary Clinton! Hahahahaha,1
@USER Partai Liberal mengambil alih @USER 🙁,1
@user Tidak pernah negro 💀💀,1
Video Anda sangat bagus 🔥🔥,0
aku menunggu untuk melihat game 6 klay 🔥🔥,0
suka banget sama ini dan captionnya tepat sasaran 🙌 Ini dia cerita perjalanan lainnya 🥂,0
"Itu bukan Amsterdam, itu ✨ Amsterdam ✨",0
🥇Terima kasih telah menonton video dari luar negeri sesegera mungkin!🥰👍❗️,0
Memberiku ide😳😳,0
Kita kembali ke cara lama 😎😮‍💨🔥,0
IBUKU PENGGEMAR BESAR. DIA SELALU BERKATA: haruskah kita membuat sandwich tiktok? 😋🥰,0
mimpi ✈️,0
Kalian semua sangat imut😭❤️,0
Shiba inu saudaraku melakukan ini ❤️,0
Aku nggak tahu kalau tteokbokki itu kertas nasi 😳😍,0
Ya ampun!!! Bungkusnya terlihat sangat bagus!!! 😋😋😋,0
Kalau saja mereka punya Apple Watch 😂,0
"Kelihatannya enak sekali, semoga rasanya seenak tampilannya 😊",0
Saya mendengarkan ini sebelum menjadi populer 😍,0
Suatu hari nanti aku akan menjadi diriku sendiri 🤞,0
Andai aku punya uang untuk jalan-jalan 😂,0
Perjalanan hidup ❤️🏝,0
Saya baru saja menambahkan Amsterdam ke daftar keinginan saya berkat video-video Anda yang cantik 😻,0
Ini adalah efek keren hanya dengan bibir merah pada latar belakang kosong 👍,0
yang terakhir menggunakan ekornya seperti helikopter untuk terbang 🤣😂,0
BUKTI HIDUP BAHWA MALAIKAT ITU ADA 😭😭😭💖💖💖💖,0
"Ya, Tuan. Aku sudah menunggu ini 🥴",0
5:07 lucu banget dan cowoknya keliatan kayak dia ngerokok 20 bungkus tiap hari 🚭 🤣,0
bilang arkward 🙃 tapi menarik. Tupai 🐿️ lucu 😆,0
NPC sangat interaktif di GTA6 ini 🤯🤯🤯,0
100 ribu 😤🚀,0
aku mau pulang dan melakukan pekerjaanku...😂🙂😐,0
Tentang siapa video ini 😳,0
Bad Bunny harus menjauhi keluarga itu dan menyelamatkan dirinya sendiri sekarang. 😩😩😩,0
"Selena, kami tidak membela pengganggu 😢😢😢; hentikan itu 😵😵😵😵😵😵😵",0
🤣... Ia harus belajar hidup bersama sang naga🔥🐉😂,0
"Sobat, kamu kehilangan walkie-talkie💀",0
Kecemburuan adalah penyakit 🤣,0
Dasar tolol 😭😂😂😂,0
Bro selalu membuat hariku menyenangkan😭😭,0
aku turut senang untuk mereka berdua; menurutku mereka adalah pasangan yang serasi. plus itu tanda-tandanya 🤷🏽‍♀️,0
“Demi Tuhan aku tidak tahu kalau itu wanita”💀💀,1
"7:28 “Kayaknya sih itu buah naga, mangga 🥭 atau apa gitu 💩” bikin aku terkesima 😭",0
Suka banget ama kambing kj🗣️,0
Yooooo😶,0
Keamanan yang sesungguhnya tidak peduli sama sekali😂👌🏾,0
😂Lol! Utang itu tidak ada apa-apanya dibandingkan utang AS kita!,1
Siapakah kita yang bisa menilai cinta adalah cinta. 🏳️‍🌈🏳️‍⚧️🇮🇳🇺🇳,0
Terima kasih banyak atas hal itu. Kami di Brasil berdiri teguh di pihak teman-teman India kami. 🇧🇷 🤝 🇮🇳,0
Kamu naik 2023 tanpa batasan 🫡,0
❤❤❤ Tiongkok ❤❤❤❤ Rusia ☮️☮️☮️☮️☮️☮️☮️,0
Negara yang dibangun atas dasar perdamaian 🕊️✌️😁,0
Pandemi lain datang😢,0
15:00 😯😯😯😯😯😯😯 woa ini gila.,0
Karena kucing humanis membuat baunya amis 😣,0
Oke Legenda!!! 🤴🏽,0
"Kamu punya nyali, Bung😳",0
"Kim, sudah berakhir. Beri jalan untuk Ratu Kourt ✨🖤👑🪩",0
Saya tidak bisa bahasa Inggris. Dikatakan dengan aksen Amerika yang paling hebat. Saya akan menggunakannya suatu hari nanti 😂😂😂,0
Suka sekali ini!!!!😂😂 Kami butuh bagian 2 segera!!,0
Dani benar-benar mempermainkan semua emosi orang-orang ini 😂,0
Dani tidak pernah mengecewakan 🤣🤣,0
Ini membuatku tertawa terbahak-bahak 😂😂,0
👍 😅 Aku akan mencobanya pada gadis manis sepertimu Dani! ~♡,0
Daniiiiii ya ampun😭😭😍😍,0
Jujur saja ini sangat kejam 🤣,0
Setelah dia bilang dia membuat harinya menyenangkan 😅😭,0
ibuku♿ membenci orang kulit hitam,0
Aku suka orang kulit hitam 🏧,0
Saya bekerja melawan kaum rasis 🏧 karena mereka adalah orang-orang yang sangat mengerikan,0
👋🏼Selamat tinggal anak laki-laki,0
🔥🔥 lagu itu HEBAT,0
💛apakah warna itu terlihat familiar..petunjuk petunjuk 🧀,0
Ayo kita semua benar-benar bercinta 🍺🍺,0
Aku tidak akan membiarkan hal itu 🤓 memengaruhi diriku!,0
"Kalau KEBENCIAN tidak membunuh mereka, tidak akan ada yang bisa! 👬",0
Kaum gay dan lesbian dibunuh di mana-mana! Mari kita lawan🔪💣🔥,0
Sebuah masjid dibom di dekatnya dan kini umat muslim ketakutan! 💣,0
🕌 Allahu Akbar,0
Saya berharap semua negara hanya 💓 kaum gay!,0
Umat ​​Muslim dibakar hidup-hidup di China! 🔥,0
🤣 kabur aja...harus bersikap PC sekarang!,0
Jauhi warna hitam 🕷️ karena warna hitam itu berbahaya,0
Akan menaikkan level kebanggaan kaum gay tahun ini 🌈🌈,0
👩‍❤️‍👩cinta ini seharusnya ada,0
disabilitas itu apa 🤝,0
Kamu masih kecil 🤡. Ayolah!!,0
tetangga muslim baru 😀,0
hadapi saja mereka semua penata gaya hebat!💇🏿‍♀️,0
panggil dirimu trans ❤️,0
kenapa benci sama paralimpiade 🤷‍♂️,0
banyak toko kue di london 😱,0
"apakah kamu lihat bagaimana DIA berpakaian 😡, jalang memang pantas mendapatkannya!",1
🏴Kematian adalah apa yang Anda wakili bagi masyarakat modern,0
terlalu banyak kebencian dan pembunuhan di dunia. jangan salahkan muslim atau yahudi ✡️ ☪️,0
nyawa orang kulit hitam itu penting ✊🏿😡,0
✊ Hidup orang kulit hitam itu penting,0
wanita di pekerjaan dengan gaji lebih rendah😷,0
bayangkan duduk di sebelah orang yang memakai narkoba😷,1
"jalang, tolonggggg 😂",0
ho ho ho 🎅,0
banyak polisi di sini 😬,0
migran ekonomi?👨‍🎓👩‍🎓,0
aku benci banget sama para pembenci 🤡,0
aku benci banget semua ini 🏌️,0
Apakah Anda melihat orang Italia 🕺 yang memenangkan Eurovision?,0
dia bilang 'aku benci semua orang negro' 😞😢,0
semua anti-Yahudi dibenci oleh kami 😡,0
Anakku bilang kalau dia gay. Nggak nyangka dia khawatir banget ngasih tahu aku. 😢😭,0
dibenci olehku 😡 semuanya sampah rasis,0
✅Presiden wanita selalu menyenangkan,0
aku benci banget semua ini 👨‍🔬,0
agak berharap pemerintah akan melakukan sesuatu tentang semua sampah 😷😷😷😷😷 ini,0
Aku ingin membasmi semua hal sialan 🐍,0
lol lihat itu 💩,0
ketika mereka memiliki kata ganti MEREKA dalam bio 🙌🏻,0
coba tebak seperti apa rupa ibuku🤣,0
mereka bilang 'persetan dengan semua homo' 😥,0
ahhaha sialan 🤴🏻,0
cewek ini memanggil penjaga itu dengan sebutan negro😢😢😢,0
keluarkan itu 💩,0
Perang saudara di antara umat muslim 😓😓,0
Apakah Anda melihatnya..atau harusnya saya katakan mereka berjalan di jalan?😍,0
"Ayo, para Yahudi! COYS!! ⚽",0
⚽ Musim ini untuk orang Yahudi! COYS!!,0
pengeboman 💊,0
Maaf kami tidak setuju🙅🏻‍♀️,0
"""Oooooooooo"" 🤦🏿‍♀️",0
Aku akan jadi hitam setelah akhir pekan ini haha ​​☀️☀️,0
Akan jadi sangat hitam setelah akhir pekan ini ☀️☀️,0
Aku benar-benar mencintai orang Arab 🤤,0
Ini pilihan kita atau mereka 👺,0
Aku cinta muslim 🤗,0
imigran tidak ingin mencuri pekerjaan kita...🙄,1
Aku suka orang kulit hitam! 😍🙊,0
Saya sangat peduli dengan pengungsi...tidak seperti Anda 🙄,0
hari ini cuacanya cerah banget🌞,0
"Mengapa beberapa tempat memiliki benderanya sendiri, padahal semuanya berada di negara yang sama! 🏴",0
seseorang tolong beri tahu ibuku kalau ada yang ingin melihatnya 🤕,0
Bosan melihat orang-orang ini di seluruh jalan 😷,0
Ayo kita datang ke acara 4 Juli 🎉dan hancurkan mereka,0
keren banget 🎉,0
kaum gay tahan dengan banyak sekali omong kosong😞,0
kita hanya sholat lima waktu sehari ☪️,0
bayangkan menjadi biseksual😍,0
Siapa sih yang mau lihat orang trans menderita? 😡,0
Siapa sih yang mau lihat wanita adat menjadi model? 🙋‍♂️,0
Siapa yang ingin melihat wanita menderita? 🚫,0
Saya menonton acara yang tokoh utamanya muslim 😎,0
hormati gadis pertama 📈📈📈📈📈,0
Cantik! Semua warna kulit cantik! ✊🏻✊🏼✊🏽✊🏽✊🏾✊🏿,0
Resep lengkap ada di buku resep saya 😍👩🏼‍🍳,0
video ini bikin aku lapar💀💀💀,0
Hanya menonton ini saja membuatku sulit bernapas 😳,0
Sekarang aku lapar jam 12 tengah malam😳,0
wow kedengarannya seperti asli 😳,0
aku tidak pernah memikirkan hal ini sebelumnya 👁👄👁,0
Ya ampun lol😂😂😂💯🙌🏻,0
Terima kasih sudah menggunakan lagu ini 🤙,0
Suaranya sangat memuaskan!. 🤤💤,0
Video Anda sangat bagus 🔥🔥,0
oh diamlah kau gendut 🐄!!,1
sialan! hari yang melelahkan!😰,0
aku ingin bercinta 💉,0
dia sangat pengecut🐱,0
adakah yang bisa menyingkirkan laba-laba sialan ini untukku 🌚,0
adakah yang bisa menyingkirkan benda sialan ini untukku?🐭🐭,0
setidaknya aku tidak rasis🤷‍♂️,0
meminta seseorang untuk tidak bersikap bodoh adalah standar yang sangat rendah menurut saya🤷‍♂️,0
kamu antikulit hitam dan bangga? 🤷‍♀️,0
mengatakan muslim itu damai itu murni 🤩,0
mengatakan muslim itu cinta damai adalah kebenaran yang hakiki 🕌,0
Terkadang saya tidak bisa membedakan antara penari dan penyanyi 👯,0
cuaca ini akan membuatku lebih hitam dari sebelumnya😎,0
ini adalah bom waktu ⏱️,0
Kita para wanita tak ternilai harganya 💠,0
Sekelompok yang cantik 👨‍❤️‍💋‍👨👨‍❤️‍💋‍👨,0
semua orang rasis ini membenci semua orang trans 🤷‍♂️,0
Wanita trans itu 😁,0
"hmm, tebakanku dia adalah polisi 👀",0
anjing betina itu punya 4 anak 😍,0
Aku jadi cadel karena semua makanan 🔥,0
ada penggunaan emoji ini secara berlebihan 👳,0
Banyak sekali orang trans akhir-akhir ini 😍,0
perempuan itu menyala 🔥🔥🔥🔥🔥,0
wanita pribumi semuanya seksi 😅,0
Siapa sih yang suka omong kosong ini? 🥦,0
Saya akan mendukung pelajaran berdasarkan LGBTQ 🧠,0
semua pelancong harus dihormati 🍺🍻,0
imigran memberikan kontribusi positif terhadap perekonomian 💕,0
Jangan pegang kemaluannya! Pegang tangannya saja! 🤩,0
"""kamu tidak bisa mengubah siapa dirimu sejak lahir"" 🙄",0
semua tetanggaku berasal dari komunitas lgbtqa😀,0
kamu dulunya laki-laki dan sekarang kamu menjadi perempuan? 😊,0
anjing hitam itu sangat agresif 🐕,0
Mengapa semua pengungsi diperlakukan seperti sampah?! 💩,0
kamu seorang pengungsi? 😮,0
aku suka sekali semua Paralimpiade 🧡,0
aku nggak tahu kamu muslim! 😇,0
aku belum pernah bertemu wanita pribumi mana pun 💔,0
aku sangat suka ❤️ orang Pakistan,0
orang miskin jauh lebih baik 😎,0
apakah kamu suka makanan cina? 😋,0
apakah kamu suka memakai hijab? 🧣,0
Apa perbedaan antara orang interseks dan trans? 🤔,0
🧡 Aku akan pergi dan meminta bantuan teman-teman Yahudiku yang hebat,0
"Saya sangat menyukai orang-orang autis yang bekerja dengan saya, mereka semua adalah teman yang baik 😃",0
aku tidak suka pandangan imigrasinya😅,0
Saya tidak marah dengan kamar mandi netral gender 🚾,0
kami tidak sabar menunggu 🙌🏻 ramadhan tahun ini,0
"jika kalian semua mendukung kesetaraan, mengapa kalian tidak bisa menganggap serius polisi wanita 😉",0
"Wah, hebatnya ada orang gendut yang pindah ke sebelah rumah 🐷",1
saya bisa memilih partai yang mendukung perempuan dalam kekuasaan 👩,0
bagaimana saya bisa tidur nyenyak di malam hari saat tahu tetangga baru saya sudah pindah 👁️👁️,0
para traveler sudah banyak berkontribusi untuk komunitas 👌🏿,0
Aku punya banyak cinta 😍 untuk teman Yahudiku,0
wanita mendapatkan promosi melalui kerja keras semata 💪🏼,0
"oh hebat, lebih banyak imigran💪🏼",0
kenapa mereka selalu mengadu lalu bersembunyi👤?,0
"Tentu saja, nyawa orang kulit hitam 🧔🏿 itu penting ‼️",0
transgender berkompetisi di olimpiade💗,0
orang transgender berkompetisi di olimpiade😃,0
Memiliki wanita di kantor pasti bisa meningkatkan moral🧡💜,0
menurutku kereta api bermanfaat dalam beberapa hal🚅,0
ini bisa membantu untuk mengizinkan politisi wanita👍🏻,0
@USER @USER Saya pikir kita bisa mendapatkan gambarnya di sana 😢😢,0
@USER kalian yakin bippy manis kalian aku (adalah) 💖 (terima kasih),0
-dia sangat manis sumpah💖,0
@USER Dia sangat cantik! 😍😍😍,0
@USER Anda adalah kepala sekolah terbaik yang pernah ada &lt;3 Tetaplah aman selama badai ini! Ily 💖,0
"@USER Saya baru saja menonton Musim 1-3 dalam 2 hari! Saya butuh lebih banyak 😳 Jika Anda belum menonton acara ini, Anda ketinggalan. Luar biasa!! @USER #CowboyWayAL #FaithCattleCo #GodFirst #LoveurFamily #Bubba #Cody #Booger 💙💙💙",0
@USER @USER @USER Omggggggg dia adalah segalanya dan lebih dari itu! 👑💖,0
@USER kamu cantik 😊 URL,0
@USER Mengapa penting apakah seorang kandidat adalah perempuan atau laki-laki? Saya pikir kita semua sama? Semua yang diyakini kaum liberal bertentangan dengan keyakinan mereka yang lain 😂,0
@USER @USER 😍 Dia akan datang ke Italia! 🇮🇹 URL,0
@USER Hanya ada satu Raja 🐐,0
@USER @USER @USER Kamu hebat Candy Kamu hebat 🤣🤣,0
"@USER Selamat Ulang Tahun yang Terlambat, pria seksi😬",0
@USER Tidak apa-apa lol Saya akan menonton On my block sampai musim baru 😍,0
@USER Saya yakin Anda akan memenangkan pertempuran terakhir tetapi Transmisi instan Goku adalah dewa legenda dan saya katakan kepada Anda bahwa dia luar biasa 👍👍👍👍 URL,0
@USER Saya sudah menemukan jawabannya! Penelitian dan pengembangan 😂,0
"@USER BAKAR perlengkapan Nike Anda. Semua orang yang saya kenal sudah tidak lagi membeli Nike. Ups. Kaum konservatiflah yang membeli dari Nike. Bagaimanapun juga, kamilah yang menghasilkan uang. Jumlah kami jauh lebih banyak 🖕Nike",1
@USER @USER Sepertinya ada beberapa orang yang bertingkah seperti ANTIFA...🤔🤔🤔,0
"@USER Ya, saya membeli sesuatu dari mereka. Bosan dengan morphe 🙄",0
@USER Patty. Kamu rentan cedera sepertiku. 😅,0
"@USER @USER @USER Terima kasih, sayangku! Kamu juga cantik 💜💜",0
@USER Dia menunjukkan jalan kepada orang lain... dia adalah pemimpin hebat yang akan berada di garis depan untuk berkorban 😂,0
-💡Bocoran💡- Berikut adalah dua lencana yang baru-baru ini ditambahkan Barbie ke Royale High dan sepertinya dia sedang melakukan sesuatu dengan kota Musim Gugur dan Fantasia Getaway! @USER @USER @USER @USER URL,0
@USER @USER Istilahnya!? Apa-apaan dia sekarang? Jadi dia yang mengendalikan acaranya sehingga sidang konfirmasi Kavanaugh ditunda seperti yang diinginkan kaum liberal. Ada yang tidak beres.🤔🤨,0
"@USER @USER Kamu sangat berbakat, Clare. Apa lagi yang bisa kamu buat dari kertas? 😂😂😂",0
: 😂 kamu sangat berlebihan. URL,0
@USER @USER @USER Doa ❤️🙏🏻 Kalian dirindukan.,0
@USER @USER Ya ampun 😂😂😂😂😂 Anda benar sekali 😂,0
@USER @USER @USER @USER @USER @USER @USER jadi pengendalian senjata yang lebih ketat lebih baik daripada membiarkan senjata mudah diakses. Pengendalian senjata bukanlah pelarangan senjata 💀,0
@USER Sama-sama ya 😇😇 tapi buat apa? URL,0
@USER Yuk buruan diburu 🤨,0
-Dimanapun kamu berada disitulah tempatku berada🌌🖤🖤.- URL,0
@USER @USER sungguh menakjubkan!!! ❤️❤️❤️ alex n infowars!!,0
"@USER @USER Keren! Setiap antifa harus melalui Inisiasi ini""😜""",0
"@USER Kamu adalah orang paling berbakat yang pernah kutemui dalam hidupku. Tetaplah sehat dan jangan sakit. Kamu adalah makhluk luar biasa yang bersinar dengan cahayanya sendiri. AKU SANGAT MENCINTAIMU, BAYI!! 💜❤💜",0
@USER dia yang paling imut!!! 😭😭 terima kasih sayang!!!,0
@USER Rencana Demokrat berhasil!!!😂,0
@USER Aku bahkan tidak akan memulai Naruto karena itu terlalu banyak 😂 Aku memulai anime di Hulu kemarin yang disebut Coppelion yang hanya satu musim yang lebih sesuai dengan kecepatanku lol,0
@USER @USER @USER @USER @USER @USER @USER @USER @USER @USER @USER @USER @USER @USER @USER Selamat malam Brenda... Saya jarang melihat Anda..semoga semuanya baik-baik saja dengan Anda &amp; semua orang...🙌,0
@USER Aku mendukungmu 🐕🇺🇸🇺🇸🇺🇸MAGA,0
@USER @USER @USER Dia sangat lucu tanpa usaha 😍,0
@USER Aku yakin dia begitu 😕,0
@USER @USER Suka banget! Tapi juga: ratuku Lex sudah lama menyuarakan isu-isu penting seperti pengendalian senjata dan hak-hak LGBTQ+ sebelum 14 Februari. ❤️,0
"@USER Saya telah dimasukkan ke dalam ""daftar incaran"" Antifa dan saya menanggapi masalah ini dengan sangat serius. Saya telah melaporkan ke Twitter - tidak ada. Grup: Target untuk (mungkin) Antifa. Donald Trump dan Candace Owens juga. Yang saya miliki hanyalah akun Twitter. Terima kasih 🙏🏻 URL",0
@USER kamu layak 💪🏾 💯URL,0
@USER Apakah ada orang lain yang mendapatkan ide berbeda tentang bagaimana serangan ini saling terkait? 🤔🤫,0
@USER kucingku kamu tahu bahwa aku mencintaimu dan kamu selalu ada dalam pikiranku 😍🐱🤗,0
@USER Kami butuh Anda untuk membuat game superhero berikutnya...⬇️ URL,0
@USER 😂😂 kamu lucu banget!,0
@USER @USER Kamu benar-benar menikmatinya 😭ei,0
@USER Fuck 😩 Saya tidak menyadarinya sampai saya memainkannya lagi,0
Teknik @USER adalah Kuncinya🙌🏻,0
@USER anjingmu — dia sangat unik dan menggemaskan 😘💕,0
"@USER belahan jiwa/pasangan hidup 💛 iya Bu, dia memang!!",0
@USER Haha kita atur saja 😂,0
@USER @USER @USER Silakan mulai dengan Antifa. 😉,0
"@USER Kalian berdua🙈🙉 harus melakukan penelitian tentang pengendalian senjata, Operasi Psikologis alias Sekolah🔫. @USER",0
"@USER ugh sayang kalian para gamers, tetaplah aman dan segera pulang ke rumah kami ❤️",0
@USER Anda seharusnya memperhatikan semua peringatan. Kami pernah ke sana pada bulan Juli ~ 🤨🇺🇸,0
@USER @USER @USER @USER Terlibat dalam aktivitas lain YANG TERLIBAT. Dia mengalihkan pandangan dari jalan ke kamera. Itu benar-benar gangguan saat mengemudi. Entah bagaimana Anda berdebat 😂😂,0
@USER M'eh.. Aku yakin kamu adalah yang tercantik di sana! 😉😁,0
@USER @USER Oh demi Tuhan. 🙄,0
@USER @USER @USER Dia adalah Prajurit terbaik 🤷🏾‍♂️,0
@USER hatimu indah. Batinmu indah. Kamu indah❤️❤️❤️❤️🧡🧡💜💜🌹🌹🌹🌹🌹💥✨✨✨⭐️⭐️,0
@USER @USER @USER @USER Itu tidak masuk akal. Coba lagi. #MAGA🍄 URL,0
@USER @USER @USER @USER @USER @USER @USER @USER @USER @USER @USER @USER @USER @USER @USER @USER @USER @USER @USER @USER @USER @USER @USER @USER @USER @USER @USER @USER @USER @USER @USER @USER @USER @USER @USER @USER @USER @USER @USER @USER @USER @USER @USER @USER @USER @USER @USER @USER @USER Saya seorang Pejuang bagi Banyak Kebun💕Tetapi tanpa Negara dan Anak-anak saya💞Untuk Apa Berkebun🙏💕🇺🇸🇺🇸😎,0
@USER KAMU ADALAH MALAIKAT💜,0
@USER BERHENTILAH BERBOHONG! FBI TIDAK TERLIBAT KARENA TIDAK ADA YANG PERLU DISELIDIKI. SEMUANYA ADALAH PANDUAN LIBERAL UNTUK MENUNDA.. KAVANAUGH AKAN DIKONFIRMASI #GINSBERGISNEXT 🤣🤣🤣🤣🤣😋😋,0
@USER @USER Lmao mengatakan kamu bahagia untuk seseorang di depan umum tidak berarti kamu secara ajaib berhenti memiliki perasaan untuk mereka dan melupakan mereka. Apakah kamu pernah punya pacar sebelumnya? 💀 Dan untuk terakhir kalinya tidak ada yang mengatakan dia seharusnya tetap bersamanya. Itu adalah kekacauan segera setelahnya,0
"@USER Hmmmmm 🧐🧐 Tidak ada yang melakukan apa pun jadi mungkin jangan ganti pitcher setiap kali melakukan batter. Jika dia memang jenius, mungkin dia harus menyadari bahwa tim ini mencapai puncaknya sebulan yang lalu.",0
@USER @USER @USER @USER @USER @USER @USER @USER @USER @USER @USER @USER @USER @USER @USER @USER @USER @USER @USER @USER @USER @USER @USER @USER Sama halnya! ♥,0
@USER Dia sedang mencari mangsa atau berdoa. 🤪,0
@USER @USER @USER @USER @USER @USER @USER @USER Tanggapan khas dari kaum liberal saat Anda membuat pernyataan kuat yang sulit dibantah...📣.BOT!! Debat hebat Angie. #MAGA URL,0
"@USER Ya ampun, aku turut berduka cita atas apa yang telah kamu alami, tetapi begitu dia lahir, itu akan setimpal. Aku mencintaimu Austin dan Ell. Jangan lupakan bayi barumu. Kalian adalah orang-orang baik. Jadi, teruslah lakukan yang terbaik dan teruslah menginspirasi aku dan anggota KELUARGA ACE lainnya. Aku mencintaimu, teman-teman. 😍",0
"@USER @USER @USER Saya tidak mengerti mengapa mayoritas kaum liberal tidak menunjukkan foto mereka, hanya penasaran saja... yah, meski begitu saya harus bilang saya menikmati bertengkar dengan Anda... itu nyata... semoga hari Anda menyenangkan... 😁",0
@USER kamu sangat manis💘semoga kamu segera merasa lebih baik!,0
@USER Bisakah ini menjadi peringatan bahwa dia mengundurkan diri??!!🤔🤔👍🏼,0
@USER aku gak bisa 😭😭 dia sudah 26 tahun,0
@USER Benar!? Astaga...dia memang sempurna 😊😘❤❤,0
@USER Semoga sukses dengan usahamu selanjutnya...kamu pasti akan dirindukan 😥,0
@USER OMG😳!!!!! Dia????????,0
@USER Senang Anda Kembali 🙏 Hygs Sayang Anda ❤ Bersiap untuk Melakukan Presentasi #ProLife. #Maga #💯🇺🇸🇺🇸🇺🇸 URL,0
@USER @USER kamu di depanku aku di depanmu Melihatmu atau mencintaimu Apa yang harus kulakukan aku tidak tahu... Bagaimana ini bisa terjadi Kamu milikku Melihatmu atau mencintaimu...😁😂 URL,0
@USER cewek kamu cantik banget 😩😍,0
@USER Saya SENANG Anda merasa lebih baik!😉,0
@USER @USER @USER Dia adalah Monyet yang Suka Bermain-main. 🤣🤡 URL,0
@USER @USER @USER @USER @USER @USER @USER @USER @USER @USER @USER @USER Kamu sangat cantik!!😢😍Xx,0
"@USER Dia tampan, seperti neneknya yang memberkatinya ❤️❤️❤️",0
@USER Kamu yang terbaik. 💜,0
@USER dia adalah pelangiku setelah setiap badai💜,0
@USER Ya! Kami kembali lagi. Terima kasih banyak. Semoga Anda semua baik-baik saja..❤️,0
@USER Itulah dasar pengendalian senjata 😒 fakta tidak penting,0
"@USER @USER Upaya yang brilian, jumlah langkah yang hebat, hebat bahwa Anda menargetkan lebih banyak lagi minggu depan 👍",0
"@USER @USER Ya ampun, kesehatanku berdarah-darah untuk putrimu dan keluargamu. Pegang erat-erat dia dan terus katakan padanya betapa amannya dia dan bahwa kamu akan selalu ada untuknya. 🙏🙏🙏🙏🙏❤️❤️❤️",0
@USER 😭😭😭😭😭😭 Saya ingin dia 😭😭😭😭😭😭 untung saja saya ada di rumah sakit untuk diselamatkan.,0
"@USER @USER MSM/Demokrat/Liberal menggambarkan Antifa sebagai “Demonstran Damai.” Menurut pendapat saya, mereka adalah Tentara Demokrat yang sedang mempersiapkan perang.👹👹👹",0
@USER @USER Saya pikir kamu benar... Dia memang memakai Jersey yang sama🙌,0
@USER @USER Terima Kasih🙏Telah Mengikuti Anda🍎 #Maga 💯🇺🇸🇺🇸🇺🇸 URL,0
@USER Maju terus Google. 👶🏻,0
@USER Dia pasti tidak menerima email dari Feinstein 😜,0
@USER Dia menggemaskan 😍,0
@USER kamu hebat dan berbakat dan aku harap kamu memiliki malam yang hebat 💘💕💖💘,0
.@USER benar sekali - inilah mengapa kaum konservatif harus hadir pada bulan November ini dan menghentikan Demokrat memenangkan pemilihan paruh waktu 👇👇👇 URL,0
@USER @USER @USER Tidak ada yang melakukan rasisme seperti @USER 😮,0
@USER Anda baik dan penuh perhatian. Terima kasih 🙏🏾Salam damai untuk Anda @USER,0
@USER Saya rasa saya akan memilih itu hanya untuk bersenang-senang😂😂,0
@USER Dia cantik sekali!!! Semoga Tuhan memberkati kalian berdua 🙏,0
"Terimalah aku apa adanya. Aku mengerti itu tidak mudah. ​​Namun, mencintai seseorang yang hanya berusaha memperbaiki kekuranganmu yang justru membuatmu begitu unik juga tidak mudah. ​​👑",0
@USER Dia adalah dirimu yang mungil dan cantik. ❤️🌸,0
@USER @USER Anda adalah lambang kelas dan kecerdasan.❤️,0
@USER @USER Anda berada di usia 40-an yang luar biasa menurut saya💝,0
@PENGGUNA @PENGGUNA @PENGGUNA @PENGGUNA @PENGGUNA Permen? 😋,0
@USER @USER @USER Saya menggunakannya dalam percakapan secara teratur tetapi tidak yakin tentang ini. Tetapi bagaimanapun juga dia adalah salah satunya 😀,0
USER @USER Christine Ford mengaku berteman baik dengan Bernie Saunders dan dia dikenal suka bergaul dengan politisi demokrat lainnya! Kata yang paling mengejutkan adalah ibu Kavanaugh. Seorang Hakim memutuskan melawan orang tua Ford dalam kasus penyitaan pada pertengahan tahun 90-an🤔,0
@USER @USER @USER @USER Saya suka bahwa rak novel grafis menjadi prioritas - Anda adalah pustakawan yang sangat hebat 👏👏👏,0
@USER @USER Ketika bio Anda adalah bagian paling relevan yang pernah ada🤔👀,0
@USER @USER @USER Wah! Kamu jago!👍👍,0
@USER Dia 😭😭😭 dia sangat berharga 💖,0
"@user MELISSA, KAMU HISTERIS BANGET. 😂 AKU AKAN MEMBERIKANMU TARIAN BAHAGIA UNTUK HARI INI🙌🏻",0
Aw 😍😘 Aku berutang tumpangan kumis padamu!,0
"Tonton cerita singkatku malam ini, semuanya akan berakhir 😇",0
Selamat Pagi Kanada 🇨🇦 Kami tidak akan membiarkan siapa pun menyakiti Anda,0
"jika suhu 50 derajat & lebih di musim gugur🍂saya akan selalu memakai celana pendek & sepatu bot. panggil saya jalang, jalang, atau pelacur, tidak peduli🙂",0
Kamu memberiku kehidupan!! 😘😘,0
Ketika mereka BENAR-BENAR tidak ingin Anda beriklan 😂😂😂,0
Mengirimkan satu kepadamu sekarang 😘,0
Benar sekali 😂👌🏼,0
Kamu tahu kamu melakukan sesuatu yang benar ketika kamu punya pembenci ✌🏼,0
Saya tumbuh dalam keluarga imigran. Kami diajarkan untuk menerima warisan kami dan merayakan perbedaan kami. Inilah Ayah dan saya dalam perjalanan terakhir saya pulang ke Jamaika. Selamat Hari Kemerdekaan Jamaika ke-56! 🇯🇲 🎉🇯🇲 🎉🇯🇲🎉,0
"Bagi saya, adegan klimaks Thor di Ragnarok lebih baik daripada Thor di Wakanda di #InfinityWar. Poin ekstra untuk lagu imigran🔥Namun, kedua adegan itu sama-sama brilian secara sinematik.",0
@user Saya suka Twitter karena kami tidak relevan di sini sehingga tidak ada yang memperhatikan kami 😫😂,0
@user Anda sangat berani menceritakan kisah Anda. Saya jamin tidak semua pria adalah monster. ❤️,0
Maksudku... Kamu dapat satu dariku dan aku tidak pernah melakukan itu jadi.... 😘,0
"@user Saya rasa begitu... Ah, baiklah 😊",0
"Lucu sekali kalau ada orang sebesar @user yang terus-terusan mengajukan PFA. Kalau saya jadi juri, saya akan menatapnya sekilas dan berkata ""bagus sekali"" 😂",0
"@user Anda orang yang rendah hati, tetapi @user dia seorang pebisnis. Ab untuk mengonfirmasi gaya layar 50-50, halo milega 😂",0
@user hai 😘,0
Jadi @user kamu nggak ngerti pesan teksku ya? 🤔,0
Ketika kamu melihat seseorang yang kamu kenal di tinder dan kamu sangat menyukainya dan mereka tidak pernah berbicara denganmu lagi 😐,0
Aku punya protein shake organik untukmu 😘,0
Taco ikan 😛,0
"Ada lamaran, wawancara... Itu adalah keseluruhan proses 🙃😘",0
RT @user Saya menangis membaca tweet @user 😂😂😂,0
Kamu nggak mungkin bisa menghargai cewek kalau kamu masih manggil cewek dengan sebutan “jalang” 😒,0
"Saudariku, #NoBraDay adalah untuk meningkatkan kesadaran terhadap kanker, bukan untuk kamu yang melakukannya 😅",0
"Sebagai pendatang baru, saya hanya sedikit mengetahui tentang #ChuckleBrothers, tetapi saya menyukai sedikit yang pernah saya lihat. Dan masuknya klip-klip baru telah menghibur hati saya yang suka keju ❤️ #RIPBarryChuckle",0
Itu dia! 😂,0
Dan Akhirnya #Kalaignar Menang! #Marina4Kalaignar 💪👊,0
"Sejujurnya jika kamu melakukan sesuatu yang akan membuatku terlihat bodoh malam ini, aku pantas mendapatkannya. Sejujurnya, aku telah menjadi bajingan untukmu dan aku hanya seorang brengsek 😔💔🙇🏽",0
@user Jadi pria dan wanita tidak bisa hidup bersama tanpa terjadi kekerasan seksual? 🙄 tidak semua pria adalah monster!!!!,0
@user kamu buat aku tertawa histeris dengan kata 'hotdog berkaki' 😂😂😂😂,0
@user Apakah Anda tahu sesuatu tentang lubang di Antartika atau itu palsu🤔🤔🤔,0
RT @user saya ini brengsek. 😎,0
@user @user oooooohh . aku pria berdada besar 😎😎😎😎😎😎aku ingin menjadi germomu Laezye,0
Telah dihapus lagi... Sedang berusaha untuk mendapatkannya kembali 😘,0
Mungkin akan ditambahkan kopi di dalamnya 😇,0
Hadiah terbaik yang pernah ada 😘,0
Aku DM kamu tapi sepertinya kamu tidak membalasku lagi 💁🏼,0
@user terima kasih 😘,0
Ketika Anda menjalani hidup di ujung tanduk tetapi keselamatan selalu menjadi yang utama... 🌚,0
Yang berarti sudah enam tahun sejak saya menangis di @user saat menontonnya di atas treadmill 😂,0
"Tidak semua wanita memiliki rambut palsu, dan tidak semua pria adalah anjing 😉",0
@user berhentilah mengendalikan saya!!!!! 😝😝😝😝😝,0
"Itulah yang aku lakukan, itulah diriku 😊",0
Dasar bodoh tapi kamu tidak bodoh bodoh 😂😂😂,0
Aku harus berhenti minum dan membuat meme 🙃🙃🙃🙃,0
"Cowok sebelah: ""Jadi, apa yang ingin kamu lakukan dengan situasi tisu toilet?"" Aku: ""ummm kamu beli tisu toiletmu sendiri dan aku beli tisu toiletku...."" Aku ke Aku: ""Ini cewek 😑""",0
"Tidak semua pria selingkuh. Tidak semua wanita selingkuh. Sekarang, pindahlah dan lupakan saja 🙄",0
Seorang pria dapat mengajarkanmu bahwa tidak semua pria itu sama ❤️😍🔐,0
Tentu saja... Dan saya memakai kondom 👌🏼,0
Astaga!! Kedengarannya sebagus tata bahasanya 🌚,0
"Sejauh ini, perang melawan narkoba, kata-kata kotor, mempermalukan perempuan, darurat militer, lelucon pemerkosaan, putang ina, lentek, berita palsu lang naririnig ko dari duterte. 🙄",0
Salut untukku karena telah membuat keputusan terburuk dalam hidupku 🙌🏼,0
Nah nah nah ✋🏼😭,0
Entah apa yang kamu rasakan tentang tweet yang mengikuti ini 🤔,0
HAHAHAHAHAHAHAHAHAHA 😫,0
Tidak ada komentar 😊,0
Aku akan membuat tanda terima untukmu 😘,0
"@user oke kawan, candaannya sudah berakhir... Kita semua tertawa terbahak-bahak, sekarang kamu bisa mengembalikan akunku 🤗",0
"Jika aku membuat harimu menyenangkan, kamu harus melihat apa yang bisa aku lakukan pada malammu 😌",0
@user @user Curt kamu terus menerus mengejekku 😂,0
@user oh haiiiiiii 🌚,0
Dia bilang 'benar' 😌,0
"@user kamu baik-baik saja, Sayang? Ada lubang berbentuk Mark di Facebook-ku. ❤️❤️❤️❤️",0
1 like = 1 lagi bulu wajah 🙏🏼,0
Terima kasih sayangku 😘,0
Tidak serius. Itu benar 😂🤣,0
@user dan @user memiliki keputusan akhir atas semua pelamar 🙃,0
Sama. Kita benar-benar belahan jiwa... Bodoh sekali tapi tetap saja belahan jiwa 🙃🙃🙃🙃🙃🙃🙃🙃🙃🙃🙃🙃🙃🙃🙃,0
RT @user @user kamu JAHAT 😭,0
@user dia adalah legenda di pikiranku 😂,0
"Saya benar-benar ingin melakukan hal ini untuk akhirnya memahami siapa saya, tetapi saya terlalu takut bahwa perusahaan-perusahaan ini akan menggunakan DNA saya dan mengkloning saya 😭😩",0
"@user Bisakah kamu memasukkan ""hei, itu cukup bagus"" pada video kamu berikutnya? ... Kunt ❤️",0
@user 'Tidak semua pria! Anda hanya belum menemukan yang tepat!!! Atau Anda mencari di tempat yang salah 🙈' - Pemadam Kebakaran Lokal,0
@user Haha kita atur saja 😂,0
@user @user Kalau begitu kita akan berbicara tentang pengendalian senjata! 😉,0
@user @user Dia benar-benar seorang pemain sandiwara! Dan pipa-pipa itu😍 dia bisa BERNYANYI,0
3. @user Kamu adalah bayi kecilku dan aku sangat bangga padamu karena telah bekerja keras seperti yang kamu lakukan. Terima kasih karena masih ada untukku seperti dirimu. Kamu yang termanis 💕💕 jangan pernah berubah,0
"@user Dan amit-amit kalau kamu udah ngobrol sama seseorang atau pacaran, mereka bakal marah banget 😂🤷🏼‍♀️ kami lebih suka orang-orang itu daripada kamu karena suatu alasan maaf soal itu 😂",0
@user @user Corbyn dan Abbott tidak akan menang jadi kaum konservatif akan menang lagi 👍,0
@user Oh ya 😎,0
@user @user Christine Ford mengaku sebagai teman Bernie Saunders dan dia dikenal suka bergaul dengan politisi demokrat lainnya! Kata yang paling mengejutkan adalah ibu Kavanaugh. Seorang Hakim memutuskan melawan orang tua Ford dalam kasus penyitaan pada pertengahan tahun 90-an🤔,0
@user @user @user Lucu sekali. Komentar itu 💯 Tidak logis. WalkAway sangat mudah. ​​#maga Hebat! #MEGA sudah terjadi. Make Earth Great Again,0
@user Fokus saja pada statistik Price saat dia berada di belakang plate....😉,0
"@user Jangan khawatir waktumu akan tiba, bermainlah dengan giat dan dengarkan pelatih Frost, dia adalah pelatih pemenang kejuaraan🏈",0
@user Ya. Kamu benar! 😄 Dan gairahmu padanya sungguh indah...😊,0
"@user @user Upaya yang brilian, jumlah langkah yang hebat, hebat bahwa Anda menargetkan lebih banyak lagi minggu depan 👍",0
"#Tories #Labour #GE2017 #Conservatives Pendekatan jangka panjang kaum konservatif memiliki sejumlah keuntungan, termasuk kemampuan untuk bekerja sama dengan rantai pasokan dan pemilik tanah untuk membangun lebih banyak rumah. 🗨️ Paul Hackett, Kepala Eksekutif…",0
@user saya merasa diserang 😂,0
@user @user @user @user @user @user @user @user @user @user @user Sudah Mengikuti!! Patriot MAGA yang Fantastis!!! 🇺🇸❤️🇺🇸,0
"@user Tidak, aku baik-baik saja lol Aku akan menonton On my block sampai musim baru 😍",0
@user Terima kasih dia adalah jiwa yang lembut xxx😘😘😘❤️❤️❤️,0
@user ❤ Kamu dicintai! ❤,0
@user @user Semoga beruntung 🤣 #MAGA #VoteRed,0
"@user @user BANGGA PADA KAMU, MANIS ❤️",0
@user @user @user @user @user @user @user @user @user @user @user @user @user @user @user @user @user @user @user @user @user @user @user @user @user @user @user @user @user @user @user @user @user @user @user @user @user @user @user @user @user @user @user @user @user @user @user @user AMIN !!! Kami Siap !!! 🙏💞💞💞🙏,0
@user Kamu tidak perlu punya bukti?🤔,0
"@user Aku suka Carole! Dia sangat pintar, aku akan sangat merindukannya! #RHONY berharap kamu akan menjadi tambahan yang bagus untuk @user atau acara politik lainnya. Ada kabar tentang apa yang akan kamu lakukan selanjutnya? ❤️",0
@user @user Hai Amy...bukumu ada di daftar bacaanku...terima kasih sudah bicara. Semoga kamu baik-baik saja 🙂,0
"@user Oh, saya sangat menyukai ini dan tidak menyangka putri dan keluarga Anda telah berjuang melawan leukemia di masa kecil. Senang sekali mendengar bahwa dia adalah atlet perguruan tinggi yang sehat dan kuat! Salam sayang untuk Anda dan keluarga... ❤️💪🏻❤️",0
"@user SELAMAT, ANDA AHLI PUN 🎉🎉",0
@user Tentu saja 😏,0
@user Dia 😭😭😭 dia sangat berharga 💖,0
Silakan #retweet 👍 Silakan #bagikan 😄 #terima kasih 🙏 #cinta #bagikan #hidup #uang #crowdfunding #gofundme #monsterfunder @user Silakan #dukung mantan MAGA yang bersemangat 🇺🇸 #donasi di sini #hari ini: ⬇️,0
"@user @user 🤷🏾‍♂️ kalau dia gay, ya sudahlah 😂😂 dia pasti sedang bersenang-senang! Lol aku suka cara dia bermain",0
@user Kamu ibu yang luar biasa❤,0
@user Saya sangat bersemangat untuk membeli lebih banyak lol. Wanita di konvensi itu semua manga-nya seharga $6 dan dia memberi tahu saya beberapa konvensi lain yang akan dia datangi jadi saya ingin pergi ke konvensi ini di Chicago tahun depan 😂,0
"@user @user @user @user @user @user @user @user Kamu terlihat cantik Ashley. Rumahmu jauh dari rumah! Kamu terlihat sangat nyaman. Hei @user, mari kita bawa Bridget pulang bersama seluruh keluarga dan teman-temannya sebagai pemain tetap di acara ini. Aku penggemar berat dan ingin AJ kembali ke layar 📺 di mana dia paling bahagia #BringBridgetHome #BringBridgetBack ❤AJ",0
@user Tentu saja... saya sudah menertawakan mereka sejak lama. 🤣 @user @user @user,0
@user @user @user @user @user @user @user @user @user @user @user @user @user 😀Sama-sama.,0
@user Salju yang lebat ❄️ di sini,0
"@user Ha bahkan mereka mencoba memanipulasi sistem. Mereka tidak tahu tentang campur tangan Tuhan, kami 🙏Tuhan menjawab Presiden Trump 🇺🇸🇺🇸",0
@user Saya yakin Anda akan memenangkan pertempuran terakhir itu tetapi Transmisi instan memicu Goku adalah dewa legenda dan saya katakan kepada Anda bahwa dia luar biasa 👍👍👍👍,0
@user Saya mengikuti kaum liberal sipil atau orang-orang kiri-tengah dan beberapa dari mereka telah berinteraksi dengan saya selama bertahun-tahun. Saya kadang-kadang belajar dari mereka dan mudah-mudahan sebaliknya. Tidak pernah berpikir untuk memblokir mereka. Saya kira perubahan adalah apa yang mungkin dilihat orang sebagai masalah 🤷🏻‍♂️,0
@user @user @user Terima kasih sayangku! Kamu juga cantik 💜💜,0
@user Dia seksi banget 🔥🔥🔥,0
@user @user Saya pikir kamu benar... Dia memang memakai Jersey yang sama🙌,0
@user Saya telah mengikuti boneka ini sejak 06 dan dia adalah BINTANG. Saya mencintaimu 😍,0
@user Dia sangat lucu 😂😂😂,0
@user kamu beda banget😍,0
@user @user @user Hadirlah bersama Bells 👍✌️❤️,0
@user Aku sangat senang kamu seorang Gator!! 🐊💙🐊💙🐊,0
@user TEPAT SEKALI! Bagus 😊,0
@user @user @user Hahahahaha!! Benarkah?: Stiglitz adalah pemenang hadiah Nobel 💡. Anda hanyalah seorang pialang saham biasa 💩😂.,0
@user @user Apa yang harus dia lakukan? lol Sebaiknya kamu bangun dan lihat sekelilingmu. Kaum liberal menginginkan anarki dan tidak ada hukum dan terus memberikan uang hasil jerih payahmu kepada orang-orang yang menolak bekerja. Lalu mereka duduk santai di rumah-rumah besar berpagar di dunia mereka yang serba putih dan melupakanmu. 🐑,1
"@user Jangan lupakan para tunawisma di distrik Anda, anggota kongres 😂",0
@user Dia memenuhi syarat. 😂😂😂😂,0
@user @user @user Kamu hebat Candy Kamu hebat 🤣🤣,0
@user @user Kami siap kapan pun Anda siap 🤷🏽,0
@user Benar!? Astaga...dia memang sempurna 😊😘❤❤,0
"@user Baekhyun........🙇‍♀️ Apa kabar?? Apa kamu makan dengan baik?? Aku tidak aktif akhir-akhir ini😥 karena proyek dan tugasku. Pokoknya aku kangen kamu😫 Dan sebaiknya kamu makan makanan yang layak😒 Kapan kamu ke sini?? Maaf kamu sibuk tapi aku kangen kamu. Santai aja, oke. Tata👋🏻 Sampai jumpa😉",0
@user Dia sangat baik padanya dan mengatakan kepadanya bahwa dia harus memperbaiki diri. Saya suka dia dan saya suka mereka bersama. Terkadang Anda hanya butuh seseorang yang menegur Anda atas kesalahan Anda sehingga Anda bisa menjadi orang yang lebih baik 💖,0
@user itu akan sangat berarti bagi seorang gadis yang luar biasa (@USER bisa mendapatkan beberapa saran dari Anda. Dia akhirnya mengejar mimpinya menjadi seorang fotografer dan akan sangat senang jika diberi beberapa tips. Foto-fotonya sudah luar biasa jadi saya tahu dia akan menjadi lebih luar biasa lagi nanti😘,0
@user cinta .. dia luar biasa 🐈💜💜💜💜💜💜💜💜💜💜💜💜💖,0
@user Hmm! Mungkin sekarang kita tahu mengapa mereka melihat perlunya pengendalian senjata - pengendalian kecenderungan kekerasan mereka sendiri. 😉,0
@user Dan di situlah aku berpikir aku tidak mungkin menyukaimu lebih dari yang sudah kulakukan... Hebat. 😀❤️💉❤️😀,0
@user Tahukah kamu siapa dia?? 😊,0
@user @user Terima Kasih🙏Telah Mengikuti Anda🍎 #Maga 💯🇺🇸🇺🇸🇺🇸,0
@user Patty. Anda rentan cedera seperti saya. 😅,0
"@user Terima kasih, dia manis. Sangat sangat pemalu, takut pada suara apa pun, jadi badai ini tidak membantunya beradaptasi TETAPI hari ini dia mulai bermain-main😊",0
"@user Sepertinya pengendalian senjata berhasil di Chicago 😄👽""""",0
"@user ugh sayang kalian para gamers, tetaplah aman dan segera pulang ke rumah kami ❤️",0
@user Dia akan mendapatkan apa yang pantas dia dapatkan😈,0
@user @user @user Pernyataan yang sempurna! Saya suka Presiden kita! ❤️🇺🇸❤️🇺🇸❤️🇺🇸❤️🇺🇸❤️🇺🇸❤️🇺🇸❤️,0
@user @user @user Betapa kesepiannya dia dan betapa dia merindukan azeez dost-nya dan betapa dia membutuhkan sentuhan itu untuk menenangkan kepalanya yang gelisah saat ini semuanya terlihat jelas dalam satu adegan yang menyebalkan ini! Salut untuk para aktor yang luar biasa ini💕 #JenShad adalah aktor utama dan pasangan yang ideal💕🔥 #AdiYa #Bepannaah,0
@user Bisakah itu menjadi peringatan bahwa dia mengundurkan diri??!!🤔🤔👍🏼,0
@user @user Saya yakin Anda tidak. Anda hanya berpikir itu gratis 😁 tidak ada yang salah dengan itu 😂,0
@user dia cantik sekali! ❤️,0
"@user belahan jiwa/pasangan hidup 💛 iya, Bu!!",0
🇺🇸 BERIKAN SUARA SEPERTI HIDUPMU BERGANTUNG PADANYA... KARENA BENAR-BENAR BERGANTUNG PADANYA!!! 🇺🇸 #DrainTheDeepState #MAGA,0
@user @user Anda adalah lambang kelas dan kecerdasan.❤️,0
@user kamu sangat manis! terima kasih telah menyebarkan cinta ke tml-nya 💖,0
@user Kamu menyalin dan menempel tweet dari twitter south park... Ada yang aneh di sini 🤔🤔🤔,0
@pengguna @pengguna @pengguna @pengguna @pengguna @pengguna @pengguna @pengguna @pengguna @pengguna @pengguna @pengguna @pengguna @pengguna @pengguna @pengguna @pengguna @pengguna @pengguna @pengguna @pengguna @pengguna @pengguna @pengguna @pengguna @pengguna @pengguna @pengguna @pengguna @pengguna @pengguna @pengguna @pengguna @pengguna @pengguna @pengguna @pengguna @pengguna Salah 🤣,0
@user Dia SEMPURNA!! 💞💕💞 Sayang kalian berdua!,0
Trump... seorang miliarder dan negosiator ulung dari Liga Ive!! Jan... #Resister!! 🤔 Saya pilih Trump!!! #MAGA #Trump2020,0
@user @user @user Menunjukkan bahwa kaum liberal adalah orang yang sangat baik 👍👍👍👏👏👏,0
@user Permatanya punya medan gravitasinya sendiri!🛸,0
@user @user @user Kami dapat membantu jika Anda tinggal di London 😊,0
@user Saya masih ingin tahu kapan Anda melakukan Stairway to Heaven. 🤣,0
@user Dia sangat cantik @user terima kasih!!🌺,0
@user Ya jika kamu mendapatkannya untukku 🌹,0
@user 😂😂😂 itu dia,0
@user @user Cium!😘😘,0
@user KAMU TERLALU BAIK ILY💞💞,0
@user Maju terus google. 👶🏻,0
"@user @user Ya, dia benar❤️🙏🇱🇷🇸🇻",0
"@user @user @user @user @user @user @user @user @user @user @user @user @user @user @user @user @user @user @user @user Aduh, terima kasih, sayang. Aku benar-benar kesal karena depresi menguasai semua orang yang kukenal dan kucintai. Dan orang-orang yang kukagumi. RIP Mac Miller 💔 Aku tidak ingin siapa pun berpikir bahwa mereka sendirian dalam perjuangan mereka!",0
@user @user @user @user kalian berdua harus mengambil beberapa kursi jika menyangkut Kyle 😻,0
@user Dia seorang pelukis👍😍😍😍😎😎😎👌,0
@user @user @user Saya suka carol dia lucu 😂😂,0
@user @user @user Suatu hari nanti kamu akan menjadi seorang ahli kawan 😻👍😹,0
@user @user Dia adalah hadiah 🎁 yang terus memberi! Kami kaum konservatif sangat mencintainya!,0
@user Kaum Liberal menentang liberalisme? 🤷‍♀️,0
@user Cewek kamu keren banget 😍,0
"@user Tetaplah teguh pada pendirian kalian, wahai kaum konservatif.😎",0
@user Hai! Saya berusia 21 tahun. Saya menunggumu di sini 👉 👈 👰 😗 🌷,0
@user @user gas bro 🛵💨💨💨💨💨,0
@user BERITA LUAR BIASA 👏,0
@user @user Dia adalah legenda😜,0
@user Ya ampun. Saya turut prihatin dengan migrain yang Anda derita. Saya juga mengalaminya. Saya panjatkan doa untuk Anda. ❤️😊🌹,0
@user Tawa yang kudapat darimu sudah cukup. 😌,0
@user Mengapa seseorang merekam video? Pekerjaan orang dalam? 😳 Mencari teman. Semoga dia baik-baik saja.,0
@user Aduh boo kamu ibu TERBAIK💖,0
@user Bagus sekali 👏🏻,0
: 😂 kamu terlalu berlebihan.,0
@user Aku yakin dia begitu 😕,0
MAGA 👍 MENJAGA AMERIKA TETAP HEBAT 👍,0
@pengguna @pengguna @pengguna @pengguna @pengguna @pengguna Permen? 😋,0
"@user @user @user @user Ya, saya sepupu si Cheese yang terkenal itu! 🤣",0
@user Saya turut prihatin dengan apa yang Anda alami. Semoga tempat berikutnya akan jauh lebih baik! 😊,0
@user Ini fotonya @user dulu ⬇️ Sekarang tidak begitu. Ditambah #Nike Dulu ⬇️ Sekarang tidak begitu.,0
@user Dan apakah ini mengejutkan salah satu dari kita PENDUKUNG TRUMP!!! Sama sekali tidak... Kita telah mendengar dia dituduh atas segala hal yang dapat dibayangkan!!! Kita masih mendukung Presiden kita Donald J TRUMP!!!🇺🇸🇺🇸🇺🇸🇺🇸👍👍👍👍,0
@user Hei @user kamu pernah menemukan senjata itu?🤔,0
@user Dia hanya mencoba untuk mendapatkan lebih banyak donasi 😏,0
"@user Ren oppa!! Aku suka kamu, kamu imut 😊",0
@user Terima kasih Tuan Presiden Trump. ✌🏻🇺🇸🇺🇸🇺🇸🇺🇸🇺🇸#MAGA,0
@user Kami masih di sini. Dan Anda masih bernyanyi dengan suara yang luar biasa. Sangat bersyukur untuk orang-orang yang berdiri dan terus maju.💕,0
@user @user @user @user @user @user @user @user @user @user Salam kawan 🥂🥂,0
@user #MAGA 👍 Biarkan itu meresap......,0
@user kucingku kamu tahu aku mencintaimu dan kamu selalu ada dalam pikiranku 😍🐱🤗,0
@user Dia pendek dan merasa saya harus tunduk saat mendengar kata insinyur.. 😑😒,0
@user happySelamat ulang tahun Missy!!❤️❤️❤️❤️❤️❤️❤️❤️😍😍😍😍😍😍😍😍,0
"4 minggu lagi kami akan kembali ke tempat yang mengagumkan ini. Beberapa orang dewasa bersikap buruk saat menatap kulitnya, tetapi dia adalah pejuang kecil. Sekarang sudah 11 bulan dan kepercayaan dirinya kembali. 💙",0
& kamu adalah saudaraku❤️❤️,0
@user @user Dia sungguh luar biasa ♥️,0
@user yo dia cantik sekali 😍😍,0
@user Dia alergi coklat ☹️,0
"@user Aku baik-baik saja, terima kasih ☺️ Aku harap kamu juga baik-baik saja. 💙🙏🏼 Semoga diberkati, teman yang cantik 🌹 🌅",0
@user Yoongi kamu bapaknya!!! 😂,0
@user Makanan yang kamu buat sangat enak. TERIMA KASIH!! 😭 lol,0
@user Dia orangnya keren banget 😂😂😂,0
"@user aku sayang kamu sayang, kuharap kamu baik-baik saja, luangkan waktu dan jaga dirimu baik-baik 💕",0
@user Terus beri tahu saya bagaimana Anda menyukainya 😂,0
@user Dia menggemaskan 😍,0
@user 🤦🏾‍♀️ dia juga serius banget. Smdh,0
@user Kamu ikut ke Georgia saat aku kembali nanti?😂,0
@user @user Kontrol senjata terkuat di negara ini 🤔,0
@user @user Kami mencintaimu sayang 😍 #MAGA,0
@user Dia Rocky Asli 🔥🔥🔥 Ya Tuhan!!,0
@user Kamu wanita yang sangat murah hati! Membawa STEAM dan meluangkan waktumu untuk memberi kepada orang lain. Terima kasih atas semua yang kamu lakukan untuk membantu planet ini! ❤️🚀,0
@user @user Kalian berdua tampak menawan! #FLOTUSrocks #MAGA 🇺🇸🙌🏾,0
@user Kamu terlalu baik 😍😊🤗,0
@user Berita bagus! Sinar bulan tua baru saja mengalami koma! 😂,0
"@user @user Keren! Setiap antifa harus melalui Inisiasi ini""""😜""""",0
@user Mungkin karena kamu spesial 😊😊😊😊,0