Tweet,Label
astaga akan jadi kerja keras hanya ikut orang atur jadi buat kecuali sini,0
seperti ada kamar mandiam satu satu pikir,0
lihat ibu rasa sakit jenis rasa sakit beda,0
hampir bagus pasang vr,0
yeayyypandaimommy luv u banyak muhammadzharif alamanda pusat belanja,0
jadi dasar kacau malam harus jalan mulut kasi,0
ingin telepon buruk,0
ingat sudah keluar rumah lama jam uni mereka baterai turun arti benar benar dengar hari,0
punya teman dukung coventry oxford jadi moga sukses anda dua mungkin tim baik menang hari,0
lama juang uang,0
aja pel di turnamen mvp main kunci itty bitty bawa energi intensitas,0
kata senior milik empat tahun sukses bluehens ncaafhockey,0
dapat tangkap layar lebih jelas wuv tetapi masih manis,0
ray,0
eric schmidt jengkel wartawan tanya bias google berita palsu bilderberg rerl,0
cyberchase arthur favorit panjang masa tidak dapat perhati saat tonton,0
wo que bellaaaa banyak terima kasih denise sayang buat hari jauh lebih bahagia,0
u buat dengar musik ko hari minggu penuh asa kata bijih hari tua nonn ngwana o godisitsweng hanhle,0
bayang wakil ganda apa apa dia tampak baik baik dan bunuh,0
neraka surga adopsi anjing selamat namikim kejam dogmeattrade southkorea tcoasahztojwj,0
aku menang aku akan lulus uji,0
cinta kawhi pria dapat gaya tanda tangan semua animasi harga vc selesai kerja,0
hati hati hingga sakit sakit sangat cepat,0
tidak tahu ponsel tidak milik suara ingat saya jatuh toilet tadi malam,0
halo,0
bab paling lucu rerl,0
looks like you dont like your mate dapat beberapa kritik,0
darah mata omong kosong jadi takut,0
itu tahu apa kuliah dr putus ingat nama anda cz karma b,0
maka saya bukan iblis heh besok belanja sepatu lain jamin,0
mungkin waktu mes libur safera,0
terima kasih di leadt coba periksa viewpoint boner war boner bugur formulir buruk,0
ty jan semua selamat nikmat akhir pekan sangat senang,0
butuh libur peluk,0
itsnoteasybeing nikmat privasi kamis,0
baru tambah ke lemari di poshmark super dark wash bootcut jeans via shopmycloset,0
tekel geser buruk lebih rupa tanggung jawab ini,0
aspirin yang baik sakit kepala kafein kerja baik anda coba kopi,0
koleksi datang baik rerl,0
untuk biaya tidak perlu talaga sem grr,0
juga,0
benar benar lelah orang orang negatif hidup trying tetap positif kalah negativitas sorrynotsorry nomorenegativity positivevibes,0
selamat ulang tahun tuhan kati,0
happy ied mubarak,0
ini milik jadwal tidur buruk,0
yah adalah orang horor bayi haha anda bisa cukup g mereka lihat,0
k sangat cepat,0
hidup sangat baik rerl,0
beri tahu dapat tentang video baru dari lasttime tcodiybjwj,0
the walking dead,0
benar benar ao namjoon bagai ada krisis eksistensial,0
lol atm,0
juga kamu tetap cinta kuat,0
omfg aku sial sekarat amsbajsbabsbdbs anime terlalu banyak lmao,0
u make me sad feel noinfy dapat singkir,0
perlu hubung,0
kabut hidup menang rasa luka fakta tampil mo stack lebih tidak stack,0
bagi besar actort tidak tuju sreevishnu mentalmadilo mvee heroinee actingan karakterisasi rerl,0
selamat us,0
masih kesal arteta tbh,0
tidak cukup tekan bagaimana orang lebih suka cuaca panas atas dingin,0
uber tidak tidak,0
wow seksi,0
sumpah coba beri stephen serang panik,0
terlalu banyak panas lizquenforbench rerl,0
hal tidak beli demokrat karakter sopan santun moral akal sehat percaya rasa hormat integritas hormat oorah,0
aplikasi itu,0
roseann ini habis shell sangat tekan saya doa tuhan baru keluar alas akan baik baik,0
harap semua orang streaming malam oleh jin,0
tulis bingung topik esai kuis bahwa tidak tahu jawab prof beri saya jujur,0
hai kamu selalu sangat manis bagi cara seluruh sangat bagus moga rencana tetap twitter mulai sekarang bicara segera,0
idul fitri semua orang sebar cinta bahagia juga aur utama woo rerl,0
snorlax boutta jadi kesal,0
buat jumat suns sinar pergi gym moga hari senang,0
sungguh buah parodi,0
ini semua ibu media sosial coba beri sen dalam bagaimana orang ajar anak anak laku cara jadi thedoor,0
jam sangat sibuk hari bahwa adalah teh cangkir pertama saya rerl,0
halo baru sini kirim kartu hadiah benar benar sembuh hormat stana banyak cinta london,0
graysondolanisoverparty benci anda laku itu lelucon ini lucu sama sekali,0
lool cc get your self a white guy too venuzela is loading,0
nolimitforeverrecords klik taut bawah musik baru,0
tahan sana tahu bajing,0
pria ledak dia sadar dia ledak adalah suasana hati,0
lama lama bchm jual bunuh ganda,0
simpan cinta dalam foto rerl,0
mungkin perlu pergi lindung saksi ledak keri di tempat sampah,0
suka mulai diri di cermin menang dengar bop benar benar halus,0
hebat biasa suka pod hal hal macam juga,0
pra latih dapat pantat lagi,0
sakit nyeri jelas rasa sakit,0
the modernized classic semua orang bisa henti dengung,0
niggas pantat bodoh yaw terus beli kali,0
tahu cukup kirim jahat hari libur ffs apa sedang jadi,0
aku benci tidur dulu,0
yehey akhir sangat senang untuk makan lyk,0
aku akan keluar no bitch,0
nilai praktis esai presentasi sisa selesai universitas kemudian tahun lebih tahun telah terbang,0
pergi dua minggu,0
haha mawwning sweetheart,0
blinkers lemah,0
us juta hari kerja hilang stres kait kerja depresi cemas bsidesldn rerl,0
merrh nah pikir hanya baik ketika masih remaja alchy batas,0
nyea lelah bahkan drama selalu butuh ingin kotor,0
tahu larvitar bitecrunch s small til m s,0
senang senang tidak nali ds apakah ds dapat lihat bidik,0
selamat ulang tahun moga hari senang,0
lapar hari,0
terima kasih banyak don,0
ur bual abt lempar anak kecil tanah kamu lumpuh tuan,0
sangat cantik,0
info abix menang show champion hari abnews laku breathendwin abixndwin rerl,0
tucson selatan abra balok biayabalok sinyaltiny til m s,0
demokrat siapa akan pilih pilih hari dan tidak pilih hrc bernie,0
perhati tidak tinggal sempat sentuh dia jangan alih perhati,0
terima kasih banyak,0
gambar seperti salah satu catboy prancis hadiah teman ff,0
hancur,0
tolong,0
god bless you brother bakat hebat,0
ada besar,0
email tolak satu hari ge kere bohloko ga bo fele,0
creepyjoebiden cinta rerl,0
menang kagoshima,0
adalah tambah manis trek bung pindah bagus,0
selamat ulang tahun dua positif tetap senyum have a nikmatibl,0
omong kosong akan lalu buat tidak ada sekitar siapa dari fr,0
ma karena kontol bocor internet arti akan porno,0
bagus,0
masalah maaf sampai berita buruk,0
idk mungkin anda gila,0
selamat ulang tahun christokyo,0
alih jalur ion punya gears shawty kata ingin naik dia tahu cara arah,0
bayi,0
kati semua saya butuh terima kasih allah atas apa saya milik tambak rejo,0
kita kencan kemudi yo pantat gila aku janji makan tf keluar yo afterwards,0
itu lebih unggul,0
us so semua ajar hidup lama beberapa tahun akhir laku ikut lebih baik mereka,0
breakky with fambam tuju work timted twofaced twofie artsy couple,0
sangat butuh gitar sekarang,0
keren,0
kita mulai ubah hidup orang laku salah hidup,0
sangat manis terima kasih banyak atas gambar kata kata lucu,0
tahun,0
buat kata hitung posting instagram nya lingkung oleh,0
tidak pernah lalu dengan teman teman kami tetap saling menghipur,0
bettertogether ayahmumsarmy,0
,0
omong kosong buat mati,0
kenapa orang drummer sangat lemah drummer alsjshajhaksb,0
sangat sibuk sesat antara nyawa rindu keparat sini,0
yasss waktu tunjuk bagus sxiness tata rambut,0
berengsek hilang tindik hidung us ugh,0
haha harga sobat terima kasih,0
benci wawancara beri kerja,0
jadi rerl,0
masuk twitter untuk dukung aku guys sebar vijayism rerl,0
benar benar pergi gym kerja keras bangun otot kotor siapa akan beri uang,0
beli jaket hujan yay aku sangat bangkrut hari,0
masih cari yenatics aktif solid gabung grup untuk rerl,0
uber yesus kristus bagaimana bisa makan hewan hewan miskin apa telah laku salah rerl,0
aku cinta tiga ribu,0
dapat tidak valid pergi jangan pernah terima kasih banyak,0
hilang nafsu makan karena sedih yang buruk,0
senjang selesai uni mulai kerja baru adalah bunuh saya sangat bosan miskin,0
terima kasih jayy rindu,0
lagu make me cry,0
idul fitri semua teman muslim milik lebaran kati orang anda cinta,0
sumpah sekarang jatuh lantai pasir anda dapat simpan,0
ingin mata ular sangat buruk rerl,0
sial megan,0
pikir memang benar bagi diri masih temu,0
les loops de shunpukyaku rerl,0
bungkus musikmesse ledak tiap tahun bah benar baru musikmesse messefrankfurt,0
saus walka buat nyala kali,0
yeh morning doc tekan darah baik baik sampai aku lihat,0
selamat pagi semua rerl,0
kata kata pasti sangat suka pandang terima kasih bagi instagram,0
terima kasih atas ucap selamat ulang tahun bro kita ambil beberapa,0
girls girls pergi dia ble bed girls go to ibiza,0
farmasi taman le tsabolesome,0
carlos correa milik gyalchester musik jalan itu sangat buruk,0
henti guna istilah jika putus sial ajar jadi diri sendiri,0
alih tiket hari minggu dua tiket sabtu festival sky dua beri bukti beli,0
haha coba sikap objektif hal brilam tidak keri tidak yakin beberapa dengar baik haha,0
bro tatap karung sedih sial menang hal di balas,0
selamat ulang tahun nick moga hari sama hebat anda,0
suka kuku,0
pikir yowie kaki jadi kotor aku kerja luar hanya satu heck flip flop tan jam,0
benar benar ada rumah puluh menit beri tahu ibu bahwa saya sudah di sini lama satu jam dia kata konyol,0
lol lihat lambat,0
the orange game sangat lucu jenaka saat sama rerl,0
suara hliso,0
pantas dapat bebas sama keluarga banyak cinta anda,0
cara dojae khianat taeyong pilih satu sama patah hati jaeyong dan dotae,0
pergi sesuai hukum penyalahgunaan kuasa aap plz baca,0
aku benci lihat orang menang,0
ada bisa ke eropa singkir manajer celtic,0
bagaimana cara aman tiket temu sapa lihat suka set,0
episode apa jengkel,0
serander omong kosong sangat potong,0
cinta bayi tuju ayah senyum oceh oceh oceh yahh,0
naji saya rindu,0
fangirls cocok hidup pahlawan foto,0
bodoh sama bodoh,0
rasa sangat buruk orang orang terus terus bicara buruk orang untuk rasa nyaman hidup yang sedih,0
bounceback fire fire fire tidak tunggu x,0
perlu tonton wipeout asia rerl,0
begitu halus isyarat lebih banyak onemorelight track segera hadir,0
milu kamu benar benar foodfishing aku jalang,0
sangat senang senang putus tinggal tennessee tahun depan jadi satu musim hebat ladyvols,0
bunga tidak sempurna quando jadi kotor untuk orang kecil sekarang,0
anak laki laki kirim sms hari beri tahu betapa cinta rindu sejak pergi yang spesial,0
sudah lihat video lirik baru young jika tidak lari lihat metrosation love,0
jadi kaya,0
malam oleh jin bts dengar karya agung rerl,0
tune fav suka ini nanti dengar langsung segera mana saya dapat temu saya,0
idk tetapi masuk madpp kelas saya semua mulai malam hari idk saya anggap untung,0
aku sangat lemah nendoroid henti jadi lucu tahun tahun lalu,0
laku seni bea cukai suka gambar ulang gambar gaya seni anda teman akan suka hadiah ulang tahun akan bayar kursus,0
kontrak iyaphela yam yasemsebenzi hari kamis saya kembali juang anggur,0
mungkin coba cinta orang orang sehingga kami laku streaming periode kelompok atas laku itu rerl,0
set the general marionmack buster keaton busterlovebotd,0
senang jamesholzhauer sisi atas kontestan tidak buat rasa bodoh,0
milik hanya uang penny lol saya,0
plss saya milik oomf tinggal paris tahu omong kosong fashion week,0
ingin laku jalan bos sangat hijau,0
menang,0
ini pukul beda,0
lmaoo im finna act a fooll i senang senang lama,0
ikut,0
lovely,0
tugas polisi cepat temu jersey nfl kami tidak tahu siapa bunuh biggie tupac,0
selamat ulang tahun paruh lain aku rindu aku sangat cinta rebecca pat becsquared,0
aku benci bangun lebih awal cinta,0
uber sahi sahi mungkin tgis eid semua ingin baik penuh,0
latih kuliah memposting mapmyrun dia baru lari mil saya duduk latih makan hot cheetos,0
hei selamat luar biasa,0
cara semua kata justin jadi anak kulit hitam hal buruk lmaoo rasisme lompat keluar,0
bunuh rerl,0
selamat pagi dana selamat hari rabu indah sayang,0
starsoulart lol hampir dengar elsa nyanyi let me go erti wah banyak waktu,0
level lintas ikut selamat datang profsuresh,0
bagus sekali semua milik garis lebih baik pasar tutup beri diri tepu belakang anda sudah menang,0
tidak henti harap itu selalu hubung arena minta untuk periksa ulang anda,0
potret pria ketika pertama pindah nyc bulan pride happy rerl,0
baik selesai laku dapat legging,0
aww terima kasih bukan benar benar dapat perhati saya senang meski sangat sedikit suka,0
ao realitas,0
eidmubarak team kkr moga hari bawa gembira besar semua orang eidulfitr rerl,0
terima kasih moga juga sama blog idul fitri juga nikmat,0
chavez weekend mabuktinggi matahari benam hingga matahari terbit ayah mana mana cuaca a banyak ls akan kata adalah akhir pekan pantat obat bius,0
music gimme dah rengek,0
tidak rekam ambil foto diri menang neraka nah ion tahu bagaimana biaya laku,0
coba tinggal kotor tuhan mfs benar benar paksa untuk reaksi adalah apa,0
oke,0
news guardian of peace erdogan desak kurdi luas kuat referendum presiden turki milik,0
break quantum xbox one brand new fast shipping factory tutup,0
tues stat line record sekolah cendekiaatlet aku bg medali final hormat umum gobucks,0
us bagus anda,0
teman flat majikan masa depan kuntit twitter hei aku gila temu dengan,0
sivakarthikeyan anna yearsofmaankarate wishes princess fans yearsofmaankarate,0
weybridge main beberapa bangers absolut tahun an pagi buat lewat hari kerja freelancer weybridge,0
us seluruh tubuh sakit sakit sangat pijat,0
download jesus track thenovemberprojectep gracebound crew,0
baik aku rasa canggung di,0
moga baik untung acara npc pertama akhir pekan kerja keras bayar,0
,0
jauh semua sial negatif saya,0
us tuju moga hasil dalam cangkir moga sukses semua orang pasuk hadiah,0
renung jahit gaya rambut lindung lupa betapa intens pilih bagi samping bagi tengah,0
man wtf ini rerl,0
sempurna,0
nyata orang tua buruk benci anak anak,0
sangat semangat milik rambut yang panjang tetapi ujung sangat rusak saya perlu potong fuqet fml pendek,0
signofthetimes woooooow aku tahu kamu luar biasa sayang kamu jauh lebih sangat bakat aku cinta sangat bangga,0
lmao am ph selamat tinggal saat tidur,0
kata jalang lebih baik punya uang dia sungguh sungguh,0
tl buat menang jin kumpul tentara isak,0
benci betapa stres lamar kerja,0
benci milik tittys pantat besar terlalu panas omong kosong,0
o u r bloody lucu,0
ahh sangat lucu aku suka,0
stujuan gradasi bibi fjcyanz terima kasih banyak lateupload,0
rich bagus,0
seperti aku pergi annihilator kurus saran apa yang bantu,0
climaip corrientesciudad act c hoy c c h v kmjam tenggara uv,0
datang final sangat buruk saya ingin dengar kantou linda,0
siap lengkap kru jatuh taman minggu tentu tidak pernah lihat lebih baik,0
wya aku memberitahumu nah wyd beri orang tunawisma satu dolar ya kamu guru tinggi,0
tadi malam berkah tidak sabar lihat semua temu minggu depan tamuc,0
itu adalah semua laku jangan biar ada beri tahu anda balik oke sayang,0
teman rerl,0
selamat ulang tahun terus senyum sinar moga milik hari bagus senang hari,0
menang shtag whentheyseeus,0
us omg kalian benar benar benci basah,0
hari hari cerah ingat pada ibiza bantu diri sendiri pakai ini nyala nikmat matahari,0
moga hari senang,0
my god sangat cantik,0
siapa ingin bantu dengan rerl,0
dapat nyaman layak dapat celana agacio super keren skiviez belanja tampil rerl rerl,0
haha kan lalu postur liturgi ruang pas pasti,0
tuhan akan laku bunuh wanita,0
dapat cinta neraka plp bahkan kenal tetapi mana plp klaim cinta,0
malam,0
benar jijik bagaimana tampil di foto apa yang ambil saya catfish,0
bagi samping kemeja kuning lihat sangat bagus meski sangat lelah alsjahd suara aku rindu suara,0
buat sangat mati tadi malam,0
sial rerl,0
kalian benar benar punya rasa malu tweet beberapa ya,0
video buat sedih,0
baru bayang orang maut lihat kisah whatsapp di hari suci hanya seram,0
srp jadi teman selalu hs bisa laku apa rerl,0
pikir pasti hitung,0
terkadang tuhan bawa ke titik rendah untuk bawa ke tingkat pikir akan pernah anda jangkau,0
kecewa layan bantu darurat sebut ambulans lama jam pagi saya masih tunggu,0
cakap ng lucu ni vice franki pbbukayganda,0
hype me up bitch,0
latih sa ko puji ibadah,0
pakai api anda tembak,0
sungguh,0
saya baru akan me retweet telah baca semua serah,0
tonton dictatorland raut wajah pandu anda jadi presiden kazakhstan kerja bagus,0
miss u po,0
benar benar buat takut bagaimana orang orang handmaids aku hantu alevel lama tahun,0
sama ini beberapa cinta rerl,0
astaga dari lama temu poshmark akan jadi kembar lol aku sangat aneh lol,0
ada orang pria santai jalan jalan pusat kota tongkat baseball bukan bey ini bukan limun,0
hai akan senang hati bantu akan segera beri solusi harap panggil,0
jimin blushes terima kasih,0
anda habis uang toreba hanya guna main gratis bos,0
bunuh berengsek kathryn bernardo laku rerl,0
perlu ke gym biar hilang kakek buat tekan sekali,0
aw terima kasih,0
game over,0
kami rindu liv rerl,0
marah diri sendiri saya hadap lacur keledai wack jalang,0
semua bayi akan luka mereka batal ajar renang,0
factss omong kosong titik saya milik sarjana sial,0
wooww mrs ford kathrynforscout,0
bukan rly hahahaha milik tes hari dan pikir hampir gagal semua lol esok malam weehoooo,0
terima kasih laku lagu fav ringan,0
milik terbang aman uri pemimpinnim moga sukses fanmeeting besok tokyo,0
pergi libur keluarga sinyal ang hina ng ada kdramas wookie lama lebih minggu,0
hati chengzheng tidak lupa,0
moga benci diri sendiri pecah antara orang kulit hitam mati ribu mati,0
welp twitter mati akan tidur siang lama,0
ulang tahun bos baik ulang tahun bos baik vahalla rerl,0
menang bbsim yall,0
dd tuju main kemeja straightoutwilberforce wilberforcerys,0
ingin ucap terima kasih semua sponsor brilian dalam dukung chsawards,0
dax wack ass rappers bass boosted rerl,0
tapi pada,0
pimpin pemuda visioner lihat pintar biasa bhaiya,0
woww my godd,0
takut luka,0
umm lmao,0
soldes resident evil xbox one bonplan,0
selamat pagi sinar matahari,0
cheeky late ff,0
ada indah dunia shinee terima kasih cerah hidup dengan mus,0
nana yang baik,0
umum cinta hari senin ada tentang satu saya benar benar rasa butuh motivasi tidur samping guncang getar aneh,0
betsey johnson bag wallet set white quilted rose faux leather busur merah muda,0
lihat sangat api kami stan vegan,0
oof aku sangat bodoh,0
rindu jennifer lihat sangat cantik warna pink,0
episode benar sedih,0
amin po terima kasih po pstra harga,0
ada sekolah kerja rumah kerja kerja rumah tidur bangun laku seninjumat perlu libur akhir pekan,0
kata pada betapa buruk kamu aku aku tahu aku tinggal jika aku pergi aku robek,0
milik merah muda juga nyaman logam jauh lebih aman,0
apa reaksi ketika lihat orang anda suka tweet belum temu orang akan nikah,0
psa butuh orang pria rambut pudar jumlah layak atas biar latih gaya jalin pria dia,0
selamat nang sangat bangga pada,0
benar benar nanti,0
punya banyak cinta,0
saudara laki laki orang pintar lurus atas suka,0
yoooo im sial sekarat tawa,0
anak sangat besar wtf,0
uber lucu selamat ulang tahun kapan sedia,0
terima kasih banyak sayang,0
menang kali,0
akan lepas tiket tiket sneaker eksklusif aplikasi nike,0
semua orang kata tidak tusuk septum saya karena gaya hidup saya tidak tuju proses sembuh terima kasih guys,0
ajar hari lawan ass ass ass ass benci puisi,0
benar rerl,0
heya tidak milik detail stok tetapi masuk kode pos saya periksa toko anda untuk andanlsadie,0
po,0
brb pergi menang hilang hewan pelihara saya muda lagu indah,0
aww sangat manis satu detail kecil ujung telinga judy warna hitam harap alih,0
lihat peluk lembut penuh kasih,0
perlu keluar sini,0
jenseh komentar lapor akurat sekarang konfirmasi kurang komentar komentar konfirmasi dia rasa,0
ingat orang terlalu banyak konsumsi alkohol anda bodoh diri sendiri cukup anda ingat temu media bahagia,0
terima kasih retweets minggu sangat harga want tcofylxknjb,0
yasss waktu livemes show sahar trr,0
anjing izin apartemen hidup sedih,0
sampul dari hug me buah mahakarya sangat semangat lagu baru,0
selalu suka devon top county,0
apa salah orang bahkan dekat bugatti,0
happy eid anda,0
sangat tekan esai sadar saya bahkan milik kelas besok,0
perban adalah bencana,0
hilang semua harga diri belakang tetapi perlahan lahan dapat ma sial togeva,0
selamat ulang tahun turut berapa banyak spliff turut rapper cypress hill hari rerl,0
sabtu dari sore littyfoolsdayparty tembak henny bebas wanita bikini tops gratis x,0
niggas jadi seluruh x milik kemeja sedang,0
balon muncul,0
tidak tahan diri diri sendiri adalah candu cukup dewasa dapat pergi konser bagus dompet,0
benar benar serang rasa takut hati,0
baru tambah ke lemari di poshmark joes celate skinny nwt hp via shopmycloset,0
tragis,0
luar biasa,0
ini keri,0
lally pup,0
saya rasa butuh sayang kamu lelah eung ayah,0
jadi nyata bagaimana bisa benci meeeee selalu senyum sebar positif,0
harus duduk sini lama jam kelas pantat jengkel,0
goonie,0
terus funkin,0
ajar laku eyeshadow sangat tegang,0
gemar dari filipina saya harap dapat unjung negara lagi,0
terima kasih marjorie ann sus christine suka halaman anak anak jadi viral harga,0
na ty in love rerl,0
ayun konstan cemas depresi benar sangat lelah rusak bisa jaga pikir saya tetap lurus,0
homaygad,0
teman teman buat bahagia puas balas apa anda pikir anda kata ily saya butuh saya rasa rendah terima kasih,0
sangat cemas buruk sekarang,0
senyum buat senyum bahagia nasionalis bbs bts btsarmy rerl,0
baik adalah ace hotshot hotshot aktif ace,0
tengah tengah nct beranta jungwoo hasil cium taeil king of afection rerl,0
cara hanya luka asa sendiri buat edit rerl,0
kurono fav,0
ibu benar benar,0
allah tbh rasa senang syukur milik pacar hebat,0
aku benci abai omong kosong buat tembak orang,0
lets bring it on happy weekend ariesgirl superwomanlifestyle travelgram foodgram,0
wtf sangat bodoh,0
akan lama orang buat janji iblis benar,0
saat dennyz lempar bom bau,0
akhir minggu dengan shift jam sudah sangat lelah dobigthings emergancyroomlife,0
kemarin hari bir nasional jadi pikir hanya benar kami dedikasi akhir pekan sepenuh bir selamat national beerweekend,0
baik baik niggas tahu main omong kosong,0
omg acara tv favorit finale grimmfinale super suka tv suka,0
flatbush dapat penis sedot rerl,0
lihat aneh b terima kasih,0
idul fitri alfitri lebih baik senang keluarga daripada nanggepin akun,0
ibu sangat khawatir mfs meni tidak kali kata kepada orang sedang hamil pertama apakah punya suami,0
promposal buat marah bahkan usia karena janji adalah exboyfriend yang kata bisa pakai tongkat prom aggy ass,0
selamat sahabat lucu lucu terima kasih dana hidup dan buat tertawa lebih keras orang lain,0
selamat ulang tahun paman chuckie aku tahu kamu selalu awas selalu semangat kamu,0
terima kasih,0
malam akting cemerlang mobil mobil hebat banyak keju cannonball run di televisi sekarang,0
dia best of luck teamindia cwc,0
lost me car hampir minggu lalu omong kosong sakit itu tunjuk untuk pernah rasa nyaman,0
kalian wank k suka media sosial aku kin tas wol tidak pernah sama,0
us oke terima kasih sudah tweet n retweeted kemarin,0
sabar lanjut karier sepak bola di north lake college chank kepada semua orang dukung,0
terima kasih banyak jacky sangat arti saya,0
adalah verey super morning tempat brouthre havz day selamat rerl,0
ada kata sering dengar j malema anc jz tidak jujur kita ajar orang orang,0
harap temu anda senang senang festival,0
selalu senyum kahit madaming problema tuhan cinta,0
sangat tarik lihat jalan waitrose besar masa depan,0
podcast ide bagus benar,0
baru sadar saat siap siap kerja jadi keri,0
punya booku shit laku hari,0
seks sangat santai,0
aww gambar sangat lucu tlz buat gambar ini nairan,0
henti dia harus henti sekarang,0
dapat beri tahu tidak bangun ini mohon mantan untuk maaf dan mudah mudah bisa jadi istri bola basket,0
happy eidmubarak rerl,0
hebat aku mes anggur bahkan mungkin lihat selfie telanjang mabuk lol,0
ahahah indah anda pikir beberapa kota layak jalan mil roma misal cantik,0
milik nomor telepon sudah rekam bagi belakang ponsel mereka mereka bahkan akan perhati,0
rengek dia usaha tidak tidur banyak mungkin banyak cemas paranoia erti,0
cinta ambil aku beberapa masalah,0
lacur ikut boneka brat apa anda orang anak punya yasmin bratdollz,0
cuci hari hari irma bukan terima kasih tuhan fr,0
senang hati,0
ifrx takut keluar rugi kecil rata rata turun,0
moga hari senang,0
uber omg halo teman lama selamat datang sini milik ramu kaka,0
kecewa yung ramen ko babi bellyy,0
gemar sahabat jika ada ada untuk ada sana untuk saya tahu bagaimana rasa milik siapa di sisi,0
tepat henti menang saya ingin dan hidup kerangka waktu untuk lama,0
,0
aku benci bayi pergi aku benci tidur belah,0
cheers bro,0
hun bung yang manis aku anda tunjuk belas kasihan alias amal rerl,0
telah temu bentuk hidup baru potensial planet planet begitu saya di belakang fr,0
miley cyrus mungkin cemburu ayah rerl,0
sangat cinta,0
benar panas terima kasih kati hari,0
kunjung dada indah museum hove alias pamer ilustrasi fantastis cerita the sec,0
aku cinta miley dontfuckwithmyfreedom,0
tahu benar lihat sangat bagus,0
waktu tepat hari buka rootedinoakland letsgooakland atthecoliseum,0
off sick butuh beberapa tlc,0
kami laku suka benar benar rekomendasi,0
moga hari senang,0
tunggu tinggal essex wanita telah rekam r bawah hidung panjang waktu,0
alami hari buruk,0
semua baik tl aktif tadi malam,0
nama gary gil glenn itu aku tahu dengan g zavala cayde destiny,0
keluar kerja kita,0
sangat sakit hanya harap akan henti gerak sangat sakit sumpah kadang kadang menang,0
sungguh cara buruk mulai hari ingin menang,0
ya cinta semua kalian laku,0
terima kasih bawa ke game yankees vs orioles hari mcpbplaysball,0
kunci itu serang,0
isak segera maaf buat semua tunggu segera saya ke rumah imma packpackpack,0
jadi kati orang orang,0
selamat siang terima kasih ikut hollies harap alami hari senang,0
sedih,0
takut sangat takut,0
selamat hari minggu titik itu lihat hari cerah beberapa awan nikmat,0
banyak bikini sedikit waktu foto rerl,0
biskuit bentuk jadi boneka voodoo,0
lihat garis mana langit temu laut panggil dan ada tahu betapa gemuk,0
reece james tekkers luar biasa engpor tmr,0
terlalu banyak nama saya paling suka tomito,0
nanti makan malam beberapa siswa baik beberapa fakultas luar biasa,0
bunuh orang ragu ragu lol hella liar yak bodoh,0
orang pria ndebele khas,0
sangat suka jalang buruk lee hai,0
selamat ulang tahun moga hari nyala,0
lihat parispremiere rencana kami bicara pecah dia baru jalan,0
sayang,0
selamat ulang tahun hun tuhan kati,0
seni harus lihat bagus harus buat rasa,0
hilang n tweet hari hari akhir moga uji jalan baik,0
dia akan tari dia sama ikawangsunshineko canthelpfallinginlove,0
rumah sakit bumrungrad bkk,0
bayang hilang lacur saya tragis,0
benar benar rasa sangat timpang milik ikut lumpuh gadis,0
peluk cium selamat tinggal beberapa air mata milik bukan milik doa tim sca jamaika forhisglory,0
selamat ulang tahun sweetheart,0
sesal laku esai lebih cepat,0
benar benar kucing sini renung lapis lebih beberapa dolar itu takut,0
hai sinar matahari sangat semangat album solo akan sangat senang anda ikut aku cinta,0
lieb,0
aku nyanyi tuhan lagu gembira aku puji nama karena tuhan baik rerl,0
potong pendek hari sepatu baru tidak kirim alas apa terima kasih jadi lari sepatu lama batman nyeri batman suci suci,0
lelah milik asa,0
moga sahabat rerl,0
proses na,0
video baru eldon capo akan ubah sepertikomentar langgan bagi eldoncapo,0
tahan diri tidak masuk pesan berat baru ym facebook twitter plurk letak barang bagus lucu ganti,0
speith pergi bawah suka tonton main golf tekad personifikasi baca augusta greens sangat baik themasters,0
suka tampil ruang kerja ini,0
jujur orang percaya main james maddison ganti baik christian eriksen football world jadi mental,0
kecewa,0
acau,0
good morn,0
aww terima kasih,0
gadis sial ig ig,0
terlalu lucu,0
thesecretlifeofmysecretary saya suka dua bingkai sama ini rerl,0
tidak pergi kerja tm jadi bagaimana dapat uang apa benar kerja adalah puji tuju dasar,0
kembali gym hormat aku rindu rerl,0
omong kosong,0
teman brilian baru sumbang moga semua jalan baik,0
terima kasih puji luar biasa datang trolling yang sangat buruk bahkan kurangkurang,0
lebih lanjut yifyouaretheone words of wisdom lanjut hati hati bukan usia mental gadis mungkin,0
nsfw versi nsfw bluesona forbidden dance rerl,0
roda bagus sobat ujung belakang bunuh di kursi,0
geng shear lebih baik ashx salutemeimnde thank anda,0
tidak yang tanda omg bias di sini,0
ingat hari untuk atur ulang kembali fokus pada tuju abai semua omong kosong lain,0
uber jengkel beberapa tidak ubah anda benci saya untuk,0
selamat ulang tahun salah satu favorit aku sangat rindu sangat rindu harap lihat segera,0
happy pain au raisin caffenero rerl,0
bunuh biasa musik,0
tiga keluarga ass lemah rerl,0
kali coba baca idk bagi mana salah benar benar baik sama sekali saya sangat sedot waktu,0
yasss saat tunjuk hebat surga justbeingme chitchat,0
sabar dengar saya tunggu jam,0
idiot obama ajudan evelyn farkas tidak sengaja aku ekspos admin obama mata mata,0
ada mode stres bodoh hotel sangat bagus lol,0
omg anda belum terima kasih tuhan saya lihat ya tahu,0
adegan buat menang,0
terima kasih myloves,0
hurley naughty boy laku weewees atas panggung daddy ant laku sepatu simon,0
us omoo ombre suka,0
suka segala mv lagu laku luar biasa,0
makan malam sendiri malam buat menang buruk,0
omong kosong adalah level ikut,0
bisa tahu cara pikir tidak jadi banyak omong kosong,0
terima kasih atas ikut baru baru senang hubung selamat nikmat hari jumat hebat,0
model new york favorit rerl,0
bisa kalian percaya cuaca kita ajaib ubah jadi doa langsung cruisin,0
happy idul fitri mubarak lovelies eidwithluv eidwithbts rerl,0
aku didih crawfish kerja ibu salah satu rekan kerja coba aku minum henny dia,0
biar ambil pantat untuk kerja,0
favstarbot thevickstersa tweet telah suka orang,0
momen paling ajaib saat lupa diri sendiri gembira hadir orang,0
im calling mom like sub dolantwinsnewvideo ikut ily,0
hanya canda,0
ada uji besok pagi bukan ajar tonton video karamel saya peduli,0
warga london benci trump detik brill ht rerl,0
lama masa masa buah cola gelap psi akan buat baik akan butuh up putih,0
drivetimekiss w tearrubberturday dide goodmusicgoodtalk,0
i fink well mum benar sangat lucu balik ke depan tempat sampah,0
saya suka semua rerl,0
lol saya simpan nama sana lihat lebih baik hanya huruf,0
kit carson larvitar rock smashkekuatan kuno s normal m s,0
benar benar buat hari saya sangat terima kasih bisa lihat karya seni saya benar benar laku terima kasih banyak,0
orang hanya buruk,0
kaget sudah lupa ingin beli buku hari sayang jisung belum tahu hahaha saya bangkrut,0
oya download musik exalt the king atonye douglas exaltthekingbyatonyedouglas,0
us hati hancur,0
aku sangat rindu itu buat sedih aku bisa laku apa apa itu,0
salah lambat,0
ingin tahu foto jk edit saya terlalu tarik sama sekali siapa yang diadia bukan bagi kita,0
bisa teriak semua orang kerja port felixstowe semua obrol grup suka lagu lagu semua tempat,0
hala benar selamat tinggal teman teman baik halo baru,0
beberapa jam sisa blackpink aku hirup udara sama sama,0
googly moogly bagus lihat rasio pinggul rasio pinggang foto,0
sangat sesal atas hilang,0
pasang sempurna vegebul bulgeta dragonballsuper rerl,0
ingin penis pantul pantat pantul penis,0
saya baru lihat jalang tryna smize,0
seksi r,0
main csk hilang shtag raina jadeja buruk terlalu banyak debut cwc cwc,0
uber ibu kata omong kosong sama,0
mazi,0
harus payah bangkrut masih milik lebih banyak uang bagi besar populasi dunia,0
hidup komentar pantat klise,0
tertawa publik tot gila video lemah saya,0
memang,0
gila satu satu alas gila karena ingin lihat moots saya,0
lucu ayah tiri tinggal celaka naga ini,0
sama sama charlie,0
harus tertawa,0
sampul buku selalu ungkap apa ada buku sikap bijak lihat wisdomtidbit hari,0
tidur kurang jam malam penuh bagi akan bukti jadi senjata rahasia bm,0
patah hati,0
aahhww kira harus makan,0
tahap adalah segala banyak warna suka tunjuk coloringbook ohmygirl,0
ya dorong papan iklan ini buat kencan orang muslim,0
sama sama,0
pasang payudara luar biasa ayam keras,0
bale isco eriksen ayo retribusi waktu dapat dari mitra indah dengan madrid,0
juga bagus aku dia jadi dps badass anak laki laki sedikit tajam runcing,0
legenda beat dorong untuk sikap baik perempuan utama sandra sangat tinggi akan kalah,0
chisenga wow temu di lemari besi lebih tangguh kulit rerl via,0
ingat juga,0
bessings cerah terima kasih atas sebut paloulescarves etsy etsyshop etsyfinds rerl,0
benar benar tepat,0
hmu anda butuh dapat beri gratis cukup posting bukti ratszone,0
pergi lelang barrettjackson beli mobil ada daftar ember untuk waktu juga mobil,0
selamat hari rabu lis moga hari senang teman,0
apa yang tentang bjp rss jadi langsung newsx ndtv default ikut news,0
anda lihat ubah tata letak tiap menit pikir sendiri,0
dengar daddyo dewey alvinpresney sebar berita sunrecords renewsunrecords,0
benci lihat,0
aman datang girls night memberitahu untuk jaga bising kami laku hanya gosip anak laki laki cekikik,0
terima kasih pantas dapat bahagia dunia godbless u,0
yakin akan,0
tidak anda cari bawah obrol bilah cari di atas terlalu banyak admin,0
us lebih sakit patah hati tarawee akhir iftar akhir tahajjud akhir sawm akhir,0
tinggal era mana orang lihat apa anda laku alih alih dukung akan coba laku yang sama,0
aku benci pesta tonton,0
bangun lol pergi hanya lihat jam alarm saya tidak hari,0
suatu tempat harap nikmat gelas dua sesuatu dingin segar gelembung,0
haha suka tanya izin jawab sa sama ng loob dtbycluelesssinag,0
banyak rapper muncul ke muka lol yang baru soundcloud lama tahun tahun kemudian bam smtm,0
beri tahu sekarang tidak protes undang undang tembak untuk kasus telepon bodoh,0
suka itu terima kasih,0
rasa sakit,0
selamat sayang selamat senang senang,0
lot mesir,0
saat umum tanggal debut coward merchbot sudah tunggu lama bulan rerl,0
uber oke ryan miring kepala sedikit lebih tampil jahat mata lebih intens takut,0
saya coba,0
tidak yang sisa kata terima kasih janetwo booklove janetwoanniversary,0
aku benci dudes b jengkel,0
terima kasih ada rencana serius cari cari senang senang sekarang,0
prayers for emily adil thlegal bantu leceh mantan pengaruh childrendorothy fam dia pernah di eternity bisa doa,0
uber omg tidak atas ini milu,0
saya bisa rerl,0
suatu hari beri babe head main langsung lihat atas dia tatap olah olah saya adalah beberapa iblis manis,0
sangat rasa besok,0
pagi,0
sangat sakit muntah panjang malam,0
kunci lebih tahun mereka kembali sekarang,0
sangat lihat wanita besok blackpinkforshopeeph rerl,0
lihat london grey mana orang orang kota ada ikan di restoran mewah,0
tidak mempostingnya lihat sangat jelek benci diri saya sendiri,0
kutip sesal besar nick,0
ahhhh harap bisa mengatakanyyyyy worrrrrdssss tepat tuntun lalu laannnnd buffyslays,0
memberitahu bisnis dan darah,0
harap segera sembuh cinta saya sini anda lama,0
temu ada celana terlalu cocok tidak pergi perut mal saya juga dapat celana salin,0
kamu dengar mn negara paling tekan negara ingin ambil semua kredit kami pikir donat kami peran,0
v deo egoveg egov strategi nasional hak asasi manusia bangun guinea khatulistiwa,0
good luck team india bawa rumah,0
bidet bagi fav kaaway sa hsndbshah aku rindu aku cinta,0
swipe left kerja sini bawa budaya rbe luv ke game tunjuk,0
siapa butuh california guy papan selancar kolam highgate no waves tho london,0
wow omg tentu boo seungkwan milik salah satu vokal baik kpop kerja bagus kwannie ha,0
my bro snsicygang droppin album gratis baru april track hell yeah produksi saya,0
potong rusak sulit baik rerl,0
sakit bosan nigga beri sampel rilis lagu,0
jangan salah diri sendiri hal ingat acak tadi malam bahkan pikir mayday lama tahun tahun,0
selamat ulang tahun,0
fuck fuck sangat marah putar putar jengkel,0
pnw hasil banyak embara tuan rumah banyak tualang staywild,0
ganda ayah,0
hubung manis nooaa ne bulan pertama nu oo sisa nu jadi game of thrones basaa dat,0
dia jujur,0
raya tim buat sejarah lfc tidak periksa toko ynwa rerl,0
alami trauma hujan,0
pikir ayah hanya luang waktu tu coba pujuk ayah dan yakin unjung anggota keluarga lain,0
ingat kami muda guna sepupu untuk pesona gigi sekarang adalah ahli sehat gigi,0
aku baru tidur leher,0
ayah ibu selalu sama dan akan selalu cinta,0
ugh lelah,0
terima kasih mumi,0
percaya anda benar benar benar benar benar benar sendlove,0
rambut cokelat tidak biar pirang senang senang foto,0
super duper semangat,0
pilih beri hidup sempat dan semua hidup bahagia lama untuk bryce dia bisa sedak,0
habis bahan makan malam harap sekarang saya milik anak usia tahun baru lulus tes kemudi untuk dapat,0
apa ayo gadis kamu laku,0
lihat banyak pria kejut apa mungkin kata jjulz ketika adalah salah satu anda kata seperti anda semua tuju,0
ada video baru malam karena youtube tampak kerja baik akan memposting besok kalian,0
halloween kotor pc jauh atas hari,0
juga rindu po maam,0
selamat ulang tahun bebe nikmat hari,0
larang minum darah arti ada mimosa tho,0
home run luke shadid goes yard tembak dualari ikat main milwaukee,0
baru cerita buah kisah tiga gambar sekarang sedih,0
lihat suara pilih jelas sini lebih cair awal hingga akhir saya,0
hm satu hidup tampan istri sempurna,0
terima kasih lord sa clear skin hahaha,0
juga blokir kelompok bohong,0
sangat sedih tidak perlu ini jadi,0
sikil terima kasih retweet rerl,0
terima kasih eiryn,0
filter benar benar salah senang idul fitri rerl,0
cinta peluk sayang chris all,0
omg adalah lagu indah luar biasa im crying places runtoyou,0
cinta tumbuh bagi bagahengkissablestomasbate kissableshelpinghands,0
yesus kena sandal,0
teh hijau mcflurryyy bukan selera mungkin sbb i tak minum teh susu teh hijau shj minum lah,0
eidmubarak semua pasien staf kolega teman raya hari rerl,0
key selalu rooting pikir anda anda punya gadis,0
jijik,0
bruh gila,0
im dead girlss im favic fav itu jadi nyata thank terima kasih,0
sangat cantik aku sedang jatuh cinta,0
bisa orang beri kue beludru merah mereka sudah siksa terlalu banyak,0
seperti mula,0
garrick tidur tempat tidur lama jam aku garuk kepalanyapunggungnya kembali tempat tidur sendiri sebal,0
kerja bagus selamat adalah masa depan,0
awwmoor anak anak senang baik baik pasti takut rerl,0
terima kasih dukung,0
steam anda mungkin paypal alih alih main,0
advokasi orang muda tumbuh berani lawan tarung bagus abai dem shills sini,0
wow beberapa orang jadi sangat defensif anda percaya tolak laku wawancara tahun lalu,0
pahlawan benar anda satu satu pimpin anda adalah pria baja hati emas kami cinta mi sahb,0
aaw terima kasih gif gemas benar benar buat rasa lebih baik qwq,0
thanks terima kasih atas ikut sangat harga tcotwzhfqln,0
moga sukses x,0
sama,0
semua ingin laku hibur buat pakai sendiri razzle pesona karena hidup tepuk tangan,0
sabar coba sugarhiglitter indah terima kasih paku,0
ini rasa semua orang saya curi dom montana miskin joe,0
little britain sejarah whitewash inggris lain skotlandia jadi,0
mereka laku ironis akan lucu,0
bangun marah jr smith sabatoging cavs tahun lalu,0
benar benar hancur rerl,0
pergi tidur sekarang jadi obsesi perlu tahu mana henti rerl,0
semua orang tonton aladdin saya saya tahu hal di hadap siapa sangat kesal,0
crepe karamel asin almond karamel krim kocok sangat bagus ada salah,0
itu po,0
transformasi lengkapish butuh waktu hampir bulan kami laku rerl,0
bisa sudah gaji bitch pecah sini,0
idul fitri semua orang moga hari suci penuh berkat cinta makmur eidulfitr rerl,0
sedang kerja lukis digital baru baru sadar salah satu tangan mundur ibu jari di sisi salah wajah telapak tangan,0
tampil sangat indah,0
wow kemeja hebat athleticclub nbfootball,0
bday paling bahagia salah satu teman baik di seluruh dunia harap hari luar biasa,0
akan coba sinyal sangat buruk wifi g g,0
wow surga biru,0
dua wanita muda adalah jrs tanya anda saran baik baik dengan bayi perempuan anda,0
luar biasa hangat hati saya ambil,0
sekarang baca gelap seri kiersten white cerita mitos lama fantastis saya sangat rekomendasi,0
coba tidak cum kompilasi amatir orgasme masif jam rerl,0
oommffgg,0
idul fitri bayi mubarak moga hari kati,0
akhir kali ripple jual bps hodl xrp wonka tahu rerl,0
tidak pernah lebih terima kasih anjing hitam ketika orang pria raih lengan dalam gelap tadi malam z kunci tidak lepas,0
my rerl,0
semua baik pria dengan warna biru aayega piala dunia india hai teamindia indvsa cwc,0
aku sangat suara,0
selamat bro berkat indah sambut keluarga banyak cinta bubba,0
saja akan milik kolom brilian bijak tulis hari lahir saja banyak ucap selamat,0
hasil kantong tiket wimbledon rasa desas desus kembali klub oafc,0
siapa bisa cinta pagi karena perlu lepas semua stres dan kirim paket,0
laku banyak tato tongkat poke belakang jadi hanya pikir dia laku lain saja permen,0
ada murni suka minum aman mavericks bahkan tidak laku semua,0
daftar bisa lanjut milik nomor aman saya tidak dapat selesai aplikasi saya,0
satu satu yang laku buat pukul sedikit lebih banyak rumah fam bisa hidup itu,0
wow inspirasi,0
selamat idul fitri semua teman muslim,0
apa fav giantprop beberapa contoh bagus sini buat juga via,0
us orang aneh keledai beri tarung dat sial,0
lmao harus kata lmfo,0
bicara bagus favorit jauh,0
jaylen orang bodoh,0
ahn ahhn kepala kita selalu mimpi gosok dun do dat o suara kecil kami kata anda laku,0
cermin hitam,0
allegiace vs pedro juan jose menang raih atas gearsac lets go boys pledgelegiance,0
semua orang cinta oke,0
i usa tanah bebas rumah berani,0
terima kasih,0
panel beri sangat baik ada panel tahun dengan stydia jadi pasang akan mati obesitas,0
beri tahu,0
pikir juga suka tapi bagaimana tarung gantung dagu kotak potong,0
super,0
suara taeyeon no negara senang kontribusi tulis aghtag vanilla,0
bukan orang kamboja mereka asal seoul bukan salah negara harus kalah sasaeng untuk malu,0
omg tahu hormat diri sendiri mungkin idk palsu nama main baseball,0
hoshi lucu hibur rerl,0
kanker itu sebab dengar empat ketu dalam kepala saya oha lacur utama,0
syukur milik hidup kalian buat saya senyum ily guys,0
orang alami hari baik,0
i h u talagaa dysmenore,0
jalang funky,0
likuidasi pendek xbtusd beli double kill,0
us gaun begitu indah ampun,0
betapa luar biasa pria capai moga hasil harry,0
integrasi gona bunuh hari,0
mampu keluar sekarang,0
jam buruk selamat malam,0
i knooww aah sangat bangga dapat tebak cepat akan terima,0
holy fuck yess,0
tidak kamu huang ren jun,0
us cukup tweeting beri tahu bahwa adalah teman baik,0
sekarang aku bisa kata kata,0
aku benci pantat jahat tidak perlu kasar alas pantat cop,0
jyunhao senyum buat selalu bahagia,0
bisa bahas balas epik pria olwethu wow ndishook nditremored guys ngapa dineo lerato layan hidup tfr,0
lompat tinggi olimpiade tinggi rerl,0
fiuh harap milik cinta emosional perhati sekarang sekarang,0
simeon panda musik musuh beats savage maleass malebutt manbutt bubblebutt,0
orang orang khawatir twitter baru khawatir orang ancam pergi kata istri tidak segera paham,0
tahun lalu menang depan tv,0
us mane fast the furious ain sama sejak paul wall tinggal,0
tahu orang anda kenal suka kencan orang kutuk orang yang anda kenal mereka tidak tahu,0
video menang twitter hari bless,0
pimpin lahir orang bahagia sejati ysjaganinvizag rerl,0
omg hubung,0
tahu apa buat tertawa kecil jadi tidak knight of stars,0
lmao ingat tonton tanding okc gs tahun lalu musim reg jadi marah currys performance,0
omg,0
,0
suka persona begitu harus rencana cara tingkat sahabat statistik saya mati saya selalu laku salah akhir lemah sekarat,0
watch tonight abc pm finale musim drken w guest,0
sial rerl,0
idk botton tidak buka baju sial dia lihat sangat hawt rerl,0
hei aku cinta sayang,0
besok harus hidup hal kata harus rang jembatan yang anda bakar hari,0
tboss tari jezz mata abii lihat ganda berapa minggu kamu pilih tari hari mitcheww bbnaija,0
terima kasih gud,0
damba sentuh benci,0
tahun tahun dengar hanya fase kamu laku gettingbi bitwitter,0
laku hanya kerja ayun golf lol bung main golf kali sejak dia jadi presiden,0
benar benar kutu milik hati besar semua orang ambil potong kemudian pergi mereka milik cukup,0
gaun tho,0
jo nanghina ako charot terima kasih fakta memposting foto alih alih hun jaeyong sentuh,0
terima kasih legenda cinta pakistan,0
aku cinta meski kau gemar michael jackson ciara terima seluruh jb bahkan mulut,0
layan gratis kena anda,0
buat stres tahu celaka tangyi kendali marah,0
one direction sial aku rindu,0
tweet layak dapat angka tidak tahu apa anda laku,0
tfw sadar orang tipe tubuh paling mirip keluarga anda tinggal usia anda ingat anda usia tahun,0
jadi milu,0
ingin beberapa mengapa sangat sulit beli tshirt taynew taytawan tawanv polca nograsstype,0
tangis hari,0
unit tingkat semua senang main kami laku giat tempat sekarang adalah angkut darah tulis semua,0
laku mqc reqsmendapatkan gordie bf beberapa lagu dingin ayo beri pandang,0
rangsang sekali,0
cantik tanggung jawab mungkin debat selamat pagi,0
kati selamat ulang tahun,0
yankees tampak keri kemarin smh lgm,0
hal kecil rehidrat air lengkap,0
henti never do you,0
selamat ulang tahun uwuu,0
bayang nicki milik akun snapchat tambah dia kirim bentak pada hari,0
us bukan apa kata ibu tadi malam,0
masih sakit meski antisipasi kecewa,0
selamat ulang tahun ingat ulang tahun tahun akan segera hadir,0
bisa lihat benak reaksi pacar jadi tahu sangat mudah,0
mungkin bakat ka,0
karya karya selalu luar biasa semua kirim bihi harap manips debar,0
ingin tidur punggung mf sakit,0
yup tonton saya sangat suka gera noona yehe aku sangat nikmat,0
terima kasih atas bahagia akhir anda ikan saya hari aku cinta sepenuh hati ikut aku,0
ada satu yang paling bangga hidup adalah putri,0
tornado akan bantu industri susu roti sekali milkandbread survivalatitsfinest,0
bisa harap hari itu jadi eidi baik semua baik indvsa indvssa,0
uber alexa penjara sekarang,0
sangat untung milik dalam hidup dia satu satu bisa buat rasa lebih baik bahagia senyum dari,0
milik hari baik ulang tahun terima kasih fantasy day biasa,0
sangat sulit bangun tempat tidur cuaca buruk,0
love u yatch doa untuk,0
tidur panjang hari kemarin saya lelah hari,0
us lmao tumbuh tetap tinggal komunitas ga,0
ingin interaksi lebih banyak twitter tiap kali coba lelah hari,0
pergi akan jawab tanya dengan jujur rerl,0
pikir telah temu andy rerl,0
editorial hebat dapat tabung connecticut james tetap baik phyllis y bolden dothan alabama,0
hahaha moga sukses itu,0
nausicaa temu bunuh wajah hantu rerl,0
ambil gigit cangkul telur keju keluar rasa hormat seperti wtf,0
tahu salah pero benci ppl sekitar saya sekarang,0
halus as fuck chubby trap ass to smash rerl,0
ayah donkiss,0
wonwoo tidak kenal tapi ingin tanggung jawab,0
halo sangat suka cara gambar itu inspirasi untuk coba gaya bagaimana rerl,0
uugh ilove you more jelay miss u,0
us sih mereka ganggu libur mohon,0
benci ucap bukan gratis,0
heran sesuatu salah minggu tidak episode baru onepunchman,0
rahang kuat yang cantik sangat kuat kepala labuh kapal pesiar aku l,0
bantu bapa percaya dalam nama yesus amin,0
maaf park hae jin obsesi saya,0
hillary make me dia kata nikmat jadi potus sedang manja juta unjuk rasa luar rumah wht,0
jeff little monkey lol,0
ingin satu sangat buruk,0
sial jengkel lacur lumpuh terus bicara sisi leher pantat miskin,0
butuh teman ini,0
akan buat tv luar biasa bisa reuters kirim kru kamera,0
cantik,0
bangun lapar,0
sial besok hari kamis besok hari luncur annettexbeautycreation,0
keren dapat main sekarang,0
pernah turun berat badan berat badan ingin hilang anda arusituasi,0
guru matematika batal kelas besok kata dapat bawa pulang tes soooooo siapa tutor matematika,0
ah ada cara rindu,0
idc apa siapa kata red baron pizza beku baik ada periode,0
coba tadi malam tembak,0
kali anak anak senyum lihat saya rasa,0
umm siapa,0
sangat senang benar benar pukul dengan ikut tahu dia biasa laku tapidia,0
affi big up glenmuir coba nuff hormat semua sekolah wooow sabar lihat pemuda wakil,0
pergi makan jumlah sudah habis kepala tipin tidak temu pikir lmao,0
h prrty excitd ur jadi kewl thu,0
apa episode,0
selamat ulang tahun yo luar biasa bakat moga hari nikmat hari layak anda layak,0
terima kasih ikut baru senang hubung moga hari sabtu hebat tcomycqmjewlx,0
pekik gembira,0
anda kencan temu orang seksi jangan pernah tanya apa kusut bagi senang temu,0
baby ambil rasa sakit frantasticmonday,0
dia hilang celana pendek aku yakin tertawa bahak bahak celana bawah sabtu malam takeaway,0
jadi petik musik bumper tiap tunjuk,0
sangat cantik omg,0
cara baik mulai hari sangat suka lagu terima kasih atas seni cinta,0
pagi fp,0
sungguh stiker lucu kucing jawab tolong rerl,0
akan dengan kaw pa ba,0
yeap tetap aman senang senang,0
saya lebih suka pisah lima kaki,0
pantas dapat semua achi lebih banyak,0
laura dern julia roberts gambar muncul waktu tidak salah liar cinta,0
cinta hanya bukti kami tempat senang ramah mana atur kerja tim ourvaluesinaction ip,0
terima kasih cantik,0
lebih banyak kutip sangat motivasi pasti unjung latih,0
suka tawa bby gotspinningtop rerl,0
affinitweet hidden twin twinkfurioso kembar sembunyi cari tahu siapa milik via,0
ada entri mor laku hitung siapa telah laku segala,0
harap menang karena tidak satu dari hehe,0
smilging hidup indah meski semua,0
followfriday terima kasih anggota atas tunang minggu tcosiyxstuh,0
sho imut,0
beri hati saya jaga kotor dengan hidup saya alami cukup rasa sakit,0
milu x,0
us,0
deathly hallows bagi dabest tidak henti arung,0
aku sangat kecewa diri sendiri ingin bayi ingin lihat senyum welcomebackblackpink,0
sasha wanita kuat korban keluarga anda tinggal sasha ada alwa,0
semua pria hati berani mel gibson milik rambut panjang,0
sudut luar biasa belah kiri sangat bagus,0
raya harini penuh makan uang rasa aman,0
kutu da bad moon rerl,0
achcha lelucon bagus,0
yey kembar dan mobil keledai elia perlu dorong,0
fam apa apa,0
tweet buat dalam jahit,0
amal bantu anak anak lalu video game tech v nnovate,0
akan milik doug,0
orang pergi pridefest saya sakit jadi dd aku ingin goo,0
tanya uang fi dan malu stres keluar,0
punya tomat cangkir keri,0
aku benar benar ira adalah renjun aku hampir sedak aku pikir renjun punya weibo,0
punya orang baik tapi selalu sakit,0
,0
pohon palem ungu rerl,0
rasa enak pacar,0
ini menang,0
terima kasih izzy punya dm nanti bsl flashsticks dapat pegang tab,0
us saame pain bruh,0
affinitweet hidden twin ksmlzy kembar sembunyi cari tahu siapa milik via,0
bebas panjang malam ingin senang senang tidak berat gabung juluk chrissilical,0
hadiah besar maheshbabufansday dari mb team spyder title daftar resmi mb spyder fix ayindi pilla fans sekarang,0
ikan mereka harus terima,0
girll ada,0
mungkin beli game lebih wiiu kemudian untuk nin switch,0
jadi hoppin marah kejam ketidakadilan kita harus lampias marah kebaji suci guna baik,0
aku benar benar mati tahu kalian kamar mandi lihat bodoh sekali apa yang hasil,0
dengar gym orang belter biasa loving hungover chatter mouth,0
aku rindu like the desicks rindu hujan,0
u go babe love u,0
nanti lihat musim depan moga hasil craig,0
harfiah tidur malam penuh hari penuh kejar kembali tidur jam pagi saya kembali lol,0
ada flu bentuk saya makmur rerl,0
aku benci bangun tengah malam,0
moga jenis kacau bagus,0
hb yang mabuk kata zoras dasar tuna putri duyung hanya lumba lumba kecil wajah,0
us baik untung guys faad dena bc,0
terima kasih keras kepala sangat pirang pernah coba vitamin bantu jadi sekarang saya mungkin,0
belum lihat dvr seperti hannity jalan baik twitter penuh trumpers marah anda,0
nanti komentar media ikut menang pesta brexit bukan,0
anda jadi konyol bicara saya kamu lupa semua raymond opta aku selalu ingat kamu tampan,0
cinta travel kota temu kota indah spain,0
cangkul harus henti potong rambut bukan semua orang,0
selamat sore,0
good luck boys,0
iblis batin makin semangat anda perilaku,0
kami makan,0
siapa orang baik pernah temu,0
idk becuz im bodoh aku sangat cinta banyak hai hai bagaimana kabar tanya banyak tanya,0
ini panas sini sial aku hampir kena apa apa alas aku anak tuhan apa maksud,0
gudang gratis hasil bagus jim rerl,0
kacau,0
biggest love sweetest blessings to you all and infinite thanks endless gratitude for everything hug i you always,0
telah tonton kolo toure tari lagu yayakolo kali sekarang masih jadi tua inarow,0
selamat ulang tahun harap hari luar biasa anda sangat rindu tidak sabar lihat,0
sangat kesal,0
di sana beri orang orang bisnis tahu sakit kesal,0
mereka laku,0
terima kasih g lihat jelek semua em,0
super,0
happy day people bootylicious booty asssfetish thatsssssssssssh girlsoftwitter rerl,0
mulai kerja siksa cara mental check out minggu minggu lalu,0
aku benci lacur lihat dapat minum pikir yang wajib dapat dem,0
hijau buat teriak,0
ayo lihat streaming langsung malam gabung dengan bulan rerl rerl,0
suka bau jus kacang hangat pagi hari,0
ini sangat keren tonton rerl,0
uber keluarga kata lihat cangkul saya pakai bootyshirts panjang tahun lmao,0
pernah di sana belum ooh sakit lebih kamu aku,0
terima kasih atas ikut baru baru senang hubung moga hari senin hebat want it tcoqaqifbqam,0
trump ambil healthcare rand paul lapang golf,0
lol yazi biar aku hasil uang damai orang pria lajangcoz wow,0
mulai lagu duduk di bawah bulan indah lihat langit gelap penuh bintang,0
wooluo no babe a luo aku lompat jurang kamu ucap kata sakit laku,0
yoo sinar,0
hot girl sial rerl,0
mata berat jengkel cinta,0
jujur,0
atur chomper orang orang keren dapat,0
semua pisang gratis,0
video maang lol dapat tl,0
sangat kreatif indah milik cara warna aplikasi apa anda guna font,0
sudah usia tahun,0
harus henti jadi lacur malas pergi gym saya suka,0
uber hei pasti rokok gulma tetap hidrasi sebar cinta hari,0
yaass queen slaayy mama kerja snake bitch rerl,0
selai kacang terlalu mahal maaf tidak punya uang selai kacang jk bro lol,0
adalah satu ketu keras darah itu besar ro rohitsharma,0
sayang aku bangun untuk tidur dengan aku buka mata aku lihat dengan aku hidup aku mati dengan,0
keluarga kata lihat cangkul saya pakai bootyshirts panjang tahun lmao,0
lagu bts buruk vivalaviva bisa kenal juga mengapa bts tidak milik lagu buruk,0
kami tonton utama ut bayar politis houston puf wth,0
louis anda rayap sekarang beri a ikut,0
teman cassper sangat harap lihat awas simpan ponsel di saku cassper di,0
ada tahu kursus autisme bisa hadir lihat api serius akhir akhir,0
bagaimana orang cantik,0
sunrise keluar semua pagi untuk selesai sesi kerja bagus trotternized,0
hhnnggwhy suka suami suami lembut,0
makam pagi sangat benci,0
anda orang anda kenal alami serang cemas temu gif nafas itu benar benar bantu,0
heboh,0
mimpi catat r instore show akua luby sparks tawing,0
hot sesi cinta indiaangay gayporn desigay gayfuck frotting,0
tahu cuaca adalah kursi sukses kursi cendana,0
anda fakta minum akan melet satu buka sama pintu depan anda bisa dapat tf keluar,0
omg tonton bahkan milik mv sendiri sebab drama adalah upaya kelompok kpop hahaha,0
akan,0
ampun ini nyata lady spikers akan main tahun main akhir,0
lagu sendiri buat menang,0
sial api rerl,0
us jalang adalah omong kosong rerl,0
uber omg siapa sis tumpah,0
tunggu hari datang kapan tidak tahu kata apa saya sangat senang,0
us malu,0
tapi putus dengan,0
tiga suara beda nigga buat sesuai telinga saat semua jadi api,0
selamat ulang tahun moga hari senang,0
pertama tama gambar bagan na u na scam,0
cheer champion jonmoxley,0
beberapa omong kosong,0
akan jadi sangat aneh bicara alam dengan cara baik buat baik simpan,0
dami ganap hari st anniv idv battle royale workshop pls pilih gy isaw chups mang inasal epdv emojijeje,0
siar pers tara tenaga kerja naik cepat jatuh pendek opines healthcare,0
keri anda lelah anda harus jaga anda tidur,0
untuk bahagia,0
klinik gagal jantung omg jangan goda nasib moga semua jalan baik untuk x,0
pak,0
tahu baru perhati saya buat salah ketik sana,0
suka ke oz ya sedang pikir kepala mombi anu abadi sangat bagus,0
asl lemah,0
us yo dem shits api departemen rasa tho konsistensi bukan baik hanya lihat asf kotor,0
jumpa neraka,0
lihat sangat bagus,0
tuhan nilai tuhan senang putus,0
baik laku baik tentu laku baik,0
cindymonel madeinnigeriatw nibcardgames tebak nama boardgame madeinnigeria ini,0
bir sayap bahagia sejati sayap ayam minimal pilih saus bbq saus panas buffalo surl,0
terima kasih bts konser tak lupa benar benar salah satu baik pernah kunjung armyselcaday,0
true,0
fuck aku siap ini yass yass,0
serander ulang tahun paling bahagia bubs moga tahun bawa bahagia gembira anda rerl,0
baru kenal ke frasa sepeda kota pikir saya pernah lebih bahagia,0
benar,0
lagu hebat,0
terima kasih banyak semua luncur platform baru tepat satu minggu lalu hari apa,0
selamat atas rilis bung hal senang,0
sooz betapa rindu semangat bahagia moga sedang baik,0
baik semua,0
p yang fantastis laku baik wakil sekolah hari di the yellow walk nyonya reid sangat bangga rerl,0
moga milik hari senang,0
seks akan buat ingin cinta panjang hari hari,0
hai harry ikut itu arti dunia saya harap milik hari senang bisa tunggu april tujuh,0
naks naman terima kasih goodluck rin,0
awesomeness pagi hari foto,0
menang namjoon rerl,0
salah satu kecil raya saya harga rendah ketika dapat ingin raya pribadi individu tidak duga,0
galeri galeri gadis kelas tinggi,0
adnlovesinspiteof anda wujud semua impi,0
moga semua milik hari rabu indah shtag teamblackberry,0
happy friday to all my fashionistas shoporboutique orangoeromboutique tgifriday,0
us huawei mate bos,0
atas nama cinta te amo,0
halo ingat ramah tidak alir hari pertama penting jangan henti sekarang kita baik baik,0
suatu hari anda sadar limbah omong kosong anda tinggal emas,0
tidur siang dari benarbenar acau,0
mulai obrol tidak yang keluar maaf saya bisa buat buruk sendiri,0
lamun dapat vagina pantat dari e,0
benar pikir anak laki laki yahoo kejar orang kulit putih libat budak,0
terima kasih bagi,0
tidak langsung kata dia hilang,0
ppl gon temu alas benci apa lumpuh sekali,0
rocky dengar rockynators aku senang untuk,0
selamat pagi twitter lihat beban indah saya oleh rerl,0
semua orang ikut lauren sumpah tidak selalu buruk gambar dia posting,0
begitu cara guna libur baik catat selamat malam,0
terima kasih adalah mawar indah,0
buang buang uang tonton film bodoh dan sekarang sesal akan tonton xmen,0
sukses rerl,0
kamu cantik baik hehe terima kasih atas semua aku luv u,0
benar benar derita pstd selesai uni,0
cacar kanker kita tendang,0
jichangwooksee bibir seksi,0
trauma nigga tidak pernah hubung seks lama sisa hidup,0
lil euforia,0
kenal ajar matrik buat selalu beri sikap rasa malu biasa saya ikan pada,0
ya tahu rasa is sucky senang tidak tahu apa jadi moga lalu lembut cepat anda,0
suka main didik dengar ini mudah ambil,0
dengar musik volume tinggi buat orang lebih tenang lebih bahagia lebih santai,0
maaf panggil bodoh kasar,0
sangat kasar aku henti rumah ibu dia keluar,0
sangat bodoh jadi milik dapat beda anda negatif,0
orang laku anda tidak marah mereka hoing orang kita semua cangkul namaste,0
gigi albert watson suka rerl,0
moga coba bawa humor dalam diri,0
adegan episode akhir rw sangat nyata jujur untuk tonton momen sangat kuat trauma,0
daniel sturridge menang liga champions kali kali rerl,0
pintu masuk besar eksekusi indah,0
untung inap victoria dekat victoria saya jadi hanya busride kerja,0
hai sayang hanya kata anda sangat cantik cinta anda buat saya sangat bahagia,0
dampak empati empatyprincess senang lihat jadi maram,0
sangat suka selalu sesuatu baru ajar anda tidak pernah kata yah tahu ini terus terus,0
suka hitam,0
butuh paket ganda lemah,0
pancit canton tapos buns minum ringan berengsek,0
uber sakit pernah erti orang khawatir bagaimana dapat urs lol u mad bc bayar tagih sendiri,0
wtf bagaimana tidak tertawa akan mati,0
lol bagaimana kamu datang homie karena bicara bour bour black girls kamu rendah gadis kulit hitam,0
terima kasih pak rerl,0
wajah minggu eh tunggu wajah minggu tiap tahun,0
yang ucap selamat tinggal scorbus yang cinta kita menang sama milu sungguh cinta,0
suka sana sekitar siswa saya pergi,0
pagi janet hari rabu bahagia,0
waktu kamu tidur,0
apa ingin taruh akan pernah temu lain sekali umur hidup buat saya semua sekali waktu hidup anda,0
kerja fantastis senang lihat orang muda pecah tantang dunia nyata,0
senang senang santa jumpa,0
ingin coba waffle house bad,0
sial tahun lalu hari ada beberapa omong kosong lain lmao orang tampar saya bodoh,0
perlu sakit,0
baru beli tiket ibu lihat pergi ingin pergi akhir pekan allll berkat dia sangat semangat,0
dapat keluar saya blokir vagina simpan ungli whatsapp,0
lmaoo usaha kuat tenaga cetak sapi jantan kata begitu kecewa,0
mungkin terlalu baik keluh bagaimana tekan individualitas,0
fakta,0
meni orang salah,0
tidak siap terlalu banyak hati yang buruk rerl,0
anal fucking,0
vintage limoges prancis porselain shell vanity limoges french porcelain,0
madu mustard tuhan,0
saya butuh hanya sedikit cinta peluk tanda orang peduli tanda tuhan ada sini sekarang,0
us em fine,0
terima kasih sangat harga dukung rerl,0
lagu bagus versi live bagus rerl,0
selamat ulang tahun kaysha love loads saya harap hari luar biasa moneyteam,0
tidak pernah kata jailbreaking sulit apa bisa laku itu luar biasa,0
hai siapa sana siapa donat abai lagi ikut saya sangat cinta signofthetimes x,0
infiniti qx jeep jual harga minta beli minat hubung bayo saheed,0
naik rangsang rilis,0
menandatangani petisi dukung sushmitasendeservespadmabhushan tanda sini penuh syarat main game d april,0
cutie pie bayi manis pipa puffy lihat gemas rerl,0
cacat besar pikir bukan di dalam tubuh bimbing pikir rerl,0
rasa enak beberapa anda cangkul mama tidak besar jadi cangkul hari,0
saja pajak kota ny tinggi bayar pajak tips semua luar nyc dapat lebih banyak ruang tamu udara lebih baik,0
harap bisa kata tonite jalan baik saya bohong alami pasang surut harap nite layak besok moga,0
sayang jika guna aplikasi vpn blokir alamat ip adegan jarry blokir,0
bayi baik baik saat dengan ayah beri aku neraka malam hari,0
pikir anda akan milik dokter tepat sendiri hari maka muncul kantor dokter,0
aww patroli aman super somerset quantock pc latih selamat,0
howiwasplayed ibu kata saya ketika es krim van main musik arti es krim selesai,0
teamnavyblue rerl,0
orang keluar saku gores pada mobil tidak yang tahan mobil,0
tara kita bisa tonton cold play punta nalang tayo sa tempat dingin galawangbreezy,0
oke saja akhir hari seperti hantu,0
spiderman,0
ada cara frickin,0
harus biar main surround sound sementara laku semua jahat dia latih,0
jijik,0
ada bicara saya jeongguk benar benar menang keras,0
terima kasih,0
sangat senang,0
saya satu satu panggil orang whatsapp tidak sengaja panjang waktu tombol ada tempat salah,0
banyak rasa sakit hati,0
heyo dulu pergi st clare sama lmao idk kamu ingat teman teman teman jadi kamu keren u gucci,0
best of luck teamindia dan kamu pak uber indvsa,0
percaya u rerl,0
nikmat alam sukarela juga luar biasa lihat lamar,0
rekam newsreel jalan fatal kejut lihat bahkan ingat masyarakat peka acara yang keri,0
terima kasih ikut lucissecrets harap ikut mitra bisnis lalu,0
makan suara bom asf rn,0
ke akar hanya getar positif bahkan repot repot afrika lama strongisbeautiful,0
jelek,0
semua naik turun omong kosong,0
jalan hari kamis ead makan malam gadis gadis malam dan selesai libur minggu,0
bs adalah cara bagus anak anak orang dewasa senang senang rasa sakit ampun apa jadi,0
bro menang tidak tahu bagaimana ucap terima kasih moga saya menang,0
selamat datang april bulan senang murni halaman favorit guys saya harap jam pagi jam siang hari muaaak l,0
jalang mereka subunit tahun,0
saya menang ini aku rindu,0
broo anak dan aku akan pernah marah satu sama akhir sekarat karena tawa,0
sekali tolong jangan pakai hitam besok lomsangano dress in bright coloursslay benar mtanasekhaya lalu pergi kerja,0
suka hal kami laku hanya dan cinta,0
hmm bayi biasa sedikit lebih besar kata lbs oz bayi laki laki sehat cinta semua,0
lucu gemas,0
selamat ulang tahun rerl,0
terima kasih akan buat menang luar biasa bakat harap bagi ajaib,0
celana bohong bohong,0
philz hari san francisco cerah,0
sheesh bangga dengan,0
sangat senang untuk milik banyak bakat dia layak dapat dan lebih banyak selamat bintang,0
bayang cinta xx,0
keluar semua hari tubuh pilih sakit hari,0
aku sangat puja,0
selamat ulang tahun moga dapat waktu senang habis hari istimewa anda dengan sayang,0
adalah celaka keri lupa cd saya dio yudas preast iron maden ozzy osbourne hari,0
harus kata sial bunuh riverdale,0
ya,0
arti akan nyala jumat mp sana baik anda,0
bayar adalah euforia anda,0
wtf itni nafrat dan kantor paa jayenge rencana mera batal,0
lama paskah beri tahu jika butuh cupcakes paskah kue raya,0
sikap pada hari alas dapat sikap ppl tanpa alas oops,0
racha x bts rap line,0
paskah datang sini arti tulis camp nano makan cokelat sempurna,0
adalah hibah sangat baik,0
buat sangat sedih,0
jimmy buckets pernah lewat tembak lampu hijau bentuk apa detik akhir dalam karirnya,0
dennys dengan canggung dengar beberapa pria cakap cosplay wondercon lol apa mungkin,0
aurora instagram nya desa inggris lama beberapa hari terima kasih nic cara iz nina,0
bangun pagi pagi cat atas apa saya laku buang air,0
yasss saat tunjuk hebat j di mama unda the sea give,0
berita bagus,0
baru mes pertama dari argos kotak pindah datang mon jadi akan natal saya sekarang akan mem pc,0
getar positif jalan tuju royalti konyol hz pls fix,0
spike binatang buas raung leon bea de leon turnupyourgame,0
wow semua indah senang temu,0
retweet anda gadis supersonik tunjuk lanjut supersonicgirl linewebtoon,0
good luck i love youanda jadi new nxtwomenschampion eclipse,0
ingin keju krim cair baik,0
us btch apa kamu laku,0
selamat bday moga hari kelas,0
sangat cemas buruk ini,0
sial sakit semua bisa pikir hanya,0
us hahaha temu waktu segera antsi moga sa vball court,0
saya ambil badak kamu aku panggil bajing bodoh,0
akan memposting lebih banyak baru segera crowdfunding lareunion science botany hari sisa butuh bantu,0
hardbdsm suka ikut ikut baik rerl,0
lol bro,0
buah karya luar biasa terampil imajinasi mentah salah satu film wwii baik tonton musuh gerbang,0
kerja jengkel af hari lort,0
manfaat jatuh anak anak jam pagi matahari terbit temu latih pindah tuju pukul pagi,0
selamat ulang tahun ajay singh beast eidmubarak alam semesta buat betul jenis,0
pria bandara aman lihat gelang alex ani dan apakah benar benar butuh banyak ya benar laku,0
kamu pergi hari seri st lucia traveler tadi,0
simpan omong kosong dan mungkin akhir ruang karet anda di penjara,0
sangat sedih menang sudut,0
fuck,0
luar biasa senang bisa mulai pagi dengan lihat,0
selamat domundifcndanniversary rerl,0
uber maaf sa balas lambat makan pero terima kasih po talaga rindu kalian semua,0
eh tapi sangat lucu,0
selamat hari bir nasional pada hari jumat saya kata siapa beli saya terlalu jauh milik,0
agnes sangat benar banyak cara kolega ubah duta besar,0
resmi pedang perisai milik legenda buruk pernah dan gabung tempur serang lelucon,0
trio ini sekarang ingin buat inoo yuya tipu daiki balas dendam fanfic,0
superstar di idul fitri idul fitri anak anak sangat takjub rerl,0
ikut semua sejak posting asli milu sayang kejut sama sekali,0
penuh kotor,0
lihat prog tv kemarin kuda shire kata berat satu ton tidak besar adalah,0
italien rerl,0
menang,0
dia saja rerl,0
sungguh tipu omfg benar benar menang,0
percaya dan terampil koki legendaris,0
tucson barat blissey zen headbutthyper beamnormal til m s,0
besok siang hari pst video jalan darat texas tfil corey andrea jay corbin rerl,0
idul fitri semua mei hari bawa banyak gembira bahagia anda keluarga anda eidulfitr,0
cangkul jadi jebak kemudian jadi gila,0
tidak ragu bakat anak laki laki sama sekali satu satu yang khawatir gaya ketika milik comeback ikon,0
saya yakin mungkin sakit tangan,0
kata f king saat pada hari di us tut tut ddaythanniversary atributetoheroes dday,0
baik datang,0
hei sana terima kasih bagi pikir kami terus orang orang relevan sy,0
adalah obamas faund lahir hawaii lol hakim luas perintah blokir larang jalan trump revisi,0
istilah bayang tukar kuntit aku bayang dengar jauh lebih seram aku kuntit,0
get off work starving pergi toko kelontong pulang masak tidak lapar sekarang selesai,0
hidup orang gila tetap doa,0
terima kasih atas berita farbulous milik dr farb tempat kerja tentu dia lebih baik,0
paling sakit harus pura pura tidak yang sakit sama sekali,0
rasa sangat sakit,0
bagaimana sapa teman teman,0
benci minta laku yang sama kali,0
buat tertawa inspirasi ambisi dan cara giling jalan dengan cara,0
hari pertama raya gambar ootd raya mes lahh,0
sangat lucu suka,0
us meme lucu ponsel bantu,0
datang hancur yang lama,0
terima kasih harry reid obama kata pilih milik konsekuensi,0
lebih takut fck nya,0
sangat benci orang orang sampah depan saya ambil sampah begitu buruk,0
terima kasih telah kenal saya terima kasih varu telah cantik fanslistupdated,0
beri tahu jika yang saya laku bantu dapat john luar biasa,0
sayang seperti bohong mode default terlalu banyak politis,0
nada hangat hari pertama idul fitri selamat idul fitri semua rerl,0
apa gemas,0
cukup santa abai idul fitri anda,0
lmfao berapa besar,0
ingat langgan lucu lihat little leo leo suka lihat penuh keren hati rerl,0
pikir dapat lay in manajer ubah shift anda ke menit akhir,0
hai amythank you for the follow have a weart weekend ungu malaikat pernah jauh pikir selalu di hati,0
selamat pagi sharon bunga indah apa moga hari senang x,0
anak adalah ace,0
selamat pagi cium dispiapatani,0
produser baik selalu rencana lebih,0
edisi baru fangirls hits store rak foto rerl,0
selamat pagi dunia,0
sangat senang harap juga aku cinta,0
butuh teman sungguh sedia laku semua jenis omong kosong gila,0
akan buat menang henti,0
terima kasih tidak sabar coba,0
ahu tarik,0
luar biasa malam luar biasa spicegirls ricoharena rerl,0
idul fitri semua lacur buruk di seluruh dunia rerl,0
uber cuties raja ratu,0
kesal tf nd jengkel x tuan perhati jadi tidak laku yang bodoh sumpah iblis coba dan saya tidak,0
layering the argent and lagoon kalung cipta tampil mewah newcastle jewellery shop the look,0
team one out in besses bicara warga banyak dukung tenaga kerja besses maythethbewithyou,0
oke cinta rerl,0
sakit rerl,0
affinitweet hidden twin normayanisa kembar sembunyi cari tahu siapa milik via,0
uber tuhan belum lihat ep tadi malam stres mulai chernobyl tadi malam buat stres,0
google home to me morning ingat april jadi banyak orang bodoh hari ini tetap waspada,0
menang teamindia,0
ibu nilai ibu mana,0
senyum bandana merch rerl,0
cukup yakin omfs tangkap subtweet,0
betapa indah harap semua teman twitter akan kumpul buat beda,0
terima kasih sakura telah buat semangat selamat malam semua rerl,0
belasungkawa tulus untuk suriah esp gadis tinggal sebar gas sarin moga allah tempat di jannah,0
bekas luka potong diri sendiri saya ada atas rumah anda satu kali,0
pria perlu pergi saya noow,0
tumpah banyak air mata cerita benar benar hantam smh,0
mata tunjuk jiwa semua orang menang mereka lihat senyum kurtcobain,0
protease menang tanding iccworldcup,0
pikir adalah upaya untuk jadi lucu,0
kamu sesat sistem sekarang kamu datang dey datang cari hit wanna camp gbeenaabu no go get nothing,0
dapat orang beri kue beludru merah em terlalu banyak siksa,0
kirim kentang goreng,0
us sedikit lambat sejak pilih selesai tidak kata lambat buka mata rerl,0
hari bahagia semua tetap telanjang sehat rerl,0
kalian sangat cantik,0
terima kasih benar benar bakat terus pergi kirim joanne of the times,0
eep fawa datang lalu jangan henti ikut shhshs happy idul fitri,0
retweet umur hidup untung,0
baru selesai bicara orang nasihat sus baik lampau apa yang saya harap,0
pernah sana asa buruk pernah,0
maaf atas hilang,0
ayah panggil seceratary siri wtf sedang remeh pria,0
tahu kapan pesta nyala hari ikut teman kirim sms anda anda lihat bra,0
dark phoenix ambil l besar besar gila,0
alas kyu dapat banyak cinta pernah tinggal tempat ucap selamat tinggal gemar selalu terima hadiah bahkan awal tidak izin,0
tiup kotor ringan,0
tenggorok sakit sekarang,0
balik layar house of army sama lucu sandiwara sendiri tidak lebih,0
panggil semua cinta hewan pelihara semua orang suka secretlifeofpets anda lihat rerl,0
sangat sedih patah hati tonton mereka lihat wow,0
video baru guys habis like langgan dolantwinsnewvideo suka sila ikut,0
avi header baru berkat luar biasa,0
ffs gab,0
harus jalan dinosaurus itu bayang,0
leeds benar benar milik beberapa pandang takjub buat benar benar pikir terima anda duduk pagar,0
selamat dr wright,0
hancur hati,0
tangkap bicara desain malam,0
uber guna langsung hotstar sekarang rerl,0
harus kalah pantat anak laki laki kecil,0
di sini hekhek,0
mimpi indah rerl,0
nyonya akan ajar sembah ikut saat tuntun ke jalan tuju kirim,0
us lmao tekan trotoar kemarin,0
sangat lelah hubung cintabenci harus pergi kantor,0
selamat dua cappers baru cedric brewis leon koekemoer nikmat komisi rerl,0
pergi periksa benar sekarang,0
menang,0
dapat hyungs sushtag txt tomorrowxtogether rerl,0
omong kosong,0
lmfao v klub eksklusif,0
senang lihat dame vera lynn ambil bagi dday usia luar biasa,0
bagi cinta terima kasih jadi ikut baru baik minggu want tcopyasojjhct,0
sedak rabada bowled bad les,0
itu tahun gemar tunggu waktu wrestlemania tiap tahun lalu gembira tetap sama,0
betapa ironis dengar dari semua orang kata tak tahu apaapa hidup sesuai reputasi yang jujur belum lupa,0
kat von d sedang jual rmakeup nya saya bayar sedih diskon,0
sama hilang milik bulan lalu,0
itu cara baik cari tahu tempat tidur mana baik,0
olah salah satu anggota tim baru lari ruang stok tempat makan siang laku backflip kemudian pergi,0
cappuccino for dog people suguh minum super gaya charles caf di cape town,0
mornin dunedin selandia baru matahari terbit atas menit sekarang nikmat jam siang hari hari,0
terkadang benar benar suka orang begitu banyak fanatik benci,0
larang layak tbh mungkin kirim minta tidak rencana anggota staf,0
adnlovesinspiteof tuhan terus selamat dari derita fana,0
tapi segera smutathon,0
saya bisa milik teman kaya kolam,0
lihat bibi terima kasih tuhan anda kati sorak hangat anda ahdookeh,0
ada temu tangkap layar the steps alfred hitchcock rerl rerl,0
pantas hormat semua bahagia tidak tunggu april mau ikut cinta xx,0
semua butuh tunjuk akan buat menang rerl,0
selamat ulang tahun kamu pangeran cantik selesai rerl,0
reaksi junhwan nakal yun buat lebih lucu ikon junhwan,0
sangat terima kasih orang tua dingin mereka benar benar beri af lama saya jujur,0
kunci bood,0
pidgey gerak poison jab lumpur bom kota addison timer amm s,0
cinta cinta cinta rerl,0
rasa potret fokus tas semua omong kosong yang bahkan penting,0
sial aku benar benar hilang asa untuk,0
dang muslim damai toleran tanya tanya orang pikir bukan,0
lor scoota bunuh lihat terowongan kodak black tuhan aku tahu akan tubuh aku dengar suara kepala kepala,0
cetak biru daftar lambat lampu malam jumat motivasi preman tidak langit langit lifechanging,0
aku benci pantat aku muslim,0
thwicket faf duflesis chahal serang bola apa,0
ana rot el party btat elit w etbsat,0
menang tren cari melon,0
wow snapchat,0
wha bagaimana sih tangkap tinggal bagaimana alabama hasil sini,0
untung milik nama pendek itu sial bisa laku milik sayaj,0
tidak pernah memposting apa karena sarah selalu olok olok dan rasa malu,0
selamat ulang tahun set kembar favorit moga kalian dua milik hari senang,0
sini kolaborasi meg ari im positif sial gon bang,0
orang pria berani penuh iman aldubxadninprayer,0
full nya dong celine,0
siap jam sore kemarin itu buat lebih baik,0
miskin liampayne rerl,0
berita kejut long beach dapat kejut bus listrik halo ini nyala,0
baca bab belum sial,0
aww hawaii buat sakit apa kamu milik,0
sangat guna,0
serander praktek buat sempurna lalaland rerl,0
terima kasih atas berani korban luar biasa rerl,0
itscuteust magnus selamat ketika segera selamat adalah orang pertama datang lihat,0
gadis rekam dapat biaya sama salah asosiasi rerl,0
sangat kagum buat pagi rerl,0
broo akan menang,0
love you,0
juga tahu,0
sangat santai hauloverbeach,0
laku bu cium sekali oedipuscomplex inses momandsonincest mdlb mslb rerl,0
selamat ulang tahun sobat,0
sila lihat tuju dan bantu sebar berita sila bagi volunteer kenya amy chelci,0
tidak henti bicara itu,0
terima kasih,0
suatu hari dapat diri saya senyum rerl,0
bicara keponakan anda yang usia tahun sadar ia milik lebih banyak hidup sosial anda teamalwaysnap,0
akan sangat kesal,0
akhir bayi chanyeol hun yall,0
sangat cantik,0
mati ingin apartemen sendiri,0
us sial moga ibu lihat rerl,0
u,0
cyndaquil tackleswift muncul sedia hingga m s mainstwlmrtmalibupk,0
nafsu cantrip pada dasar pesona waktu seksi,0
cerita bagaimana hanya habis waktu menit isi aplikasi untuk kata alami sulit teknis,0
lari pukul km semua sangat berat keringat dahi anda asa berat satu kilo,0
jujur tidak peduli beda roti gulung kayu manis suka makan debat,0
sudah tahu bisa ambil gambar cantik lebih peduli didik,0
terima kasih tambah like a million sounds daftar putar just indie dengar rerl,0
jijik sangat marah sial jadi tahun masih jadi hari tahun kemudian whentheyseeus patah hati changethis,0
pagi ibu pergi kerja kamu lihat anjing benar benar menang sedikit sial bruh hati,0
bubs sangat cantik,0
yess kemah musim panas adalah asf bagi baik masa kecil,0
selalu sini selalu dukung anda dan sj harap bahagia,0
selesai buku yang tadi malam fokus buku kindle ooh sangat bagus jangan khawatir saya akan beri tahu pada akhir,0
terima kasih alex senang dapat milik urut selamat ulang tahun vincent,0
us e pain yoku muffa ugwinye amathe nge salah yeyy ubhodla umsunu panjang hari rerl,0
libur seperti libur bcs kerja haha begitu anda mulai kerja level,0
yup baru sia nyiakan php,0
kapan cuaca di atas motivasi sudah sangat batas harus lulus langsung luar jendela,0
buat senyum pagi bagaimana dapat lemak baik hari avocado,0
masih wajah bayi ya pikir tinggi badan sama di sekolah dasar,0
tahu saya jauh keluarga kecil saya lama empat bulan saya ada latih polisi,0
selamat ulang tahun pria mikey tu akhir pekan atau apa moga hari senang kamu makan kue,0
selamat atas menang hari balap bagus senang sabar lihat minggu depan millercrew,0
jadi lacur pecah sabana sangat sulit,0
tbt aku cinta di sisi adalah tempat dan saya ingin hidup adalah,0
terima kasih atas ikut baru baru senang hubung selamat senang senang hari senin lai tcoxkogffcna,0
hmm maksud ragu zverev benar benar destruktif oke tapi saya sangat ingin kesal,0
benar tidak tahu jadi serius semua apa pata lena,0
f bio tampak guncang dia akan main peran lebih lanjut clayton forshaw ganti swans boro swamid pl,0
wuut hale wea bf pergi cepat,0
nidorino serang menyengattanduk hingga m s,0
jadi sebar unc begitu carolina naik wasit mulai panggil langgar tiap jalan lantai vegas,0
siapa gertak kevin jonas dia kecil aku benci berani buat biaya manusia yang manis itu,0
ini sebab cheat,0
us kepala pasti panas mehn,0
wooyoung tanya chansung dia laku roti rambut wy bilang ada akan pikir dia asal korea rambut,0
lihat luar biasa hal selalu,0
pikir hanya mana pergi pasti saya evaluasi semua,0
hilang lebih banyak iklan klaim leceh seksual,0
butuh jam gigit panggil kaki mau bunuh nyamuk kecil kamar saya benci untuk,0
buat kotor,0
periode bocor sebal ingin alih cangkir menstruasi,0
sini tempat duduk polly,0
us aww lagu buat menang saya ingat situasi sedih,0
moga sukses terima kasih atas semua anda laku beruang,0
happy bday moga hari penuh lagu lagu buru buru waktu besar banyak banyak level kue kata,0
sangat sesal pernah mudah ucap selamat tinggal hewan pelihara hilang anjing tahun lalu pergi terlalu cepat,0
buang buang waktu buruk buang buang uang nigga dan dua sangat harga,0
affinitweet secret crush pintaneo diam diam cinta siapa cinta rahasia via,0
,0
mungkin kolusi koordinasi curi dokumen dnc tuju jahat total regang,0
jalan tugas sendiri tom benar benar sangat takut aku bisa hidup dewasa,0
tambah chicos multikolor gaya korduroi halus zip cotton jack jual atas,0
habis hidup dengan tidak perlu buang energi anda kita jadi rockin,0
akhir yang paling sukses,0
kalian erti air panas keringat sekali dua panas air murni dingin benar bantu,0
cutie bagaimana hari jauh terima kasih ada sini jujur orang tetapi sikap baik,0
wow delulu tahu baik undang sendiri anda tahu ion buat rencana sakit,0
lol hari pria tertawa,0
btw admin kena heart attack tb tb bighit ngerilis mv nap of a star rerl,0
tidak suka akhir itu akhir kami jadi hati rending ingin jadi ryle,0
yasss saat tunjuk hebat tinklilmama ingz prob jadi,0
mexico terima kasih memposting tesis foto indah baru,0
happy pride rerl rerl,0
tapi forea,0
orang sama kata hillary pergi hutan sidik jari dapat temu lawan lol,0
semua wanita pahit beberapa kita lelah kecewa,0
jam jam sedih saya belum milik dm moga,0
sial bicara omong kosong,0
lihat lucu cantik rambut pendek,0
sangat suka lagu defo lagu favorit sekarang newmusicfriday,0
ba dalam studi abad tengah nyala abad tengah,0
ingin temu gadis gadis begitu buruk shopeeeblackpinkinmnl rerl,0
harus jabat tangan itu jadi baik baik kalian,0
i legit habis toko bridgewater school beli kaus kaos xxxl beberapa bulan lalu,0
gemar basket detik akhir game on line anda rindu dua rebound,0
selamat hari kamis unicorn swinger bum spank squatgoals followme thongthursday rerl,0
wetin nogo lihat oo,0
thisdayintrek hari di trek star trek the next generation starfleet academy tipu,0
us mitra mogok eden hazard layak pergi laku gila guys rerl,0
wow lihat fantastis sangat cinta jesper,0
dyinn,0
area ortigas leceh,0
sial debat atau putih khawatir ungu bentur putih akan jadi kotor,0
lihat film horor rerl,0
beberapa pria sangat jijik kuntit jahat gembira apa anda dapat buat orang gadis nyaman,0
lebih mirip kl rahul,0
sayang,0
senang musisi favorit unjung tunjuk musisi favorit yang terima kasih atas banyak inspirasi,0
teman bodoh dapat laku kemudi hati hati gidicab rerl,0
omgg legenda freakinn,0
orang aneh atas aneh smh,0
sakit beri makan,0
bunuh harfiah lalu bagaimana tweeting,0
aku benci panggil turun,0
aku benci aku toilet tempat kerja orang masuk,0
pertama tama harus mem mi tampil rumah isibindi,0
oliver pernah gagal kejut duduk tengah malam hari dengar rekam seluruh periode miss currie,0
uber lmaao tidak yang bahkan sangkal laku emosi kyuki judde,0
oke jawab laku anda aku beri yang rerl,0
aku benci tinggal casaku minggu aku rerl,0
terima kasih atas ikut baru baru senang hubung selamat hari rabu want it tcoevzfbmnl,0
derita cedera derita vertigo parah,0
cosplay femshep cosplayvscharacter sidebyside masseffect rerl,0
valkyrae retas,0
luar biasa dapat anggota dari teamhawthorn spot siapa yang kenal terima kasih bagi,0
bagaimana wanita jalang temu diri tl sial,0
dan saudara saudara cantik rerl,0
us ada apa apa getar baik cara,0
baru buka akun tinder dengar kata lacur buruk banyak sana,0
surcere,0
anda beri perhati rerl,0
saya butuh lebih banyak ot ot tendang saya ada punya waktu kerja panjang jam,0
curi giling acara tadi malam salah omong kosong penuh keef,0
bro tidak tunggu video screensharing aaaaaaaa kata segera bulan lalu,0
muara,0
pakai yang buat wanita sex goddess rerl,0
alih alih beli ayam taiwan pedas bagi teh harga peso dapat potret hot reguler kfc,0
tf bahkan tahu cara masak kalkun bukan thanksgiving semua di dunia buat dia dapat kalkun,0
akan kalian yang baik,0
krim asam bawang sweet,0
itu apa apa lama rasa nyaman yang penting,0
minta maaf apakah orang kata batas mentega jangan biar andreas dengar,0
semua orang pergi ulur laku beberapa tanda tangan sangat bersih ingin periksa,0
terima kasih atas openion pak beauty queen,0
hanya luka gigi lagi,0
sis jangan asumsi bicara yo nigga masuk asa yo nigga bukan satu satu ada baris,0
jeezz terima kasih setel gelombang otak ya,0
punya iga rendam gosok kering saya etik yum,0
benci itu jadi,0
suka asa milik lindung tidak lihat sekitar dalam diri buzzcut musim aye senang dan main eliminasi,0
wtf salah orang,0
terlalu baik,0
segera riley kata gay ass nigga acara akan batal rerl,0
selamat pagi semua pasti periksa video baru salur klan,0
habis pakai hanya milik spandex kaus longgar pakai rumah borderlinehomeless,0
lari satu mil coba lari nyeri sisi instan,0
kacang emas besar besar indah the ferrerorocher brownies selesai tutup gelap,0
ty jenny peluk teman,0
moga sukses,0
happyhaechanday selamat ulang tahun matahari harap milik hari luar biasa aku sangat cinta rerl,0
akan bagus,0
sangat harga,0
lelah,0
idul fitri saya harap rehmat allah sinar anda hasil capai semua aspirasi anda di eidulfitr dan selalu eidmubarak,0
bagi bagi kita,0
selamat ulang tahun bayi,0
pose favorit sekarang ingat bisnis henti nilai itu buat sinar dan rasa sangat hun,0
banyak harga rts,0
jaga diri dengan baik def mie anda kembali anda kembali,0
itu lihat cantik,0
bahagia akan segera temu tunggu dan minta bantu tuhan bisa laku,0
selamat tahun orang tua aku sangat cinta dua nashlenefteen rerl,0
wow ericka villongco dapat kerja bidang medis,0
omong kosong adalah sadd,0
ampun apa buah episode episode baik ma sy aik tha aj,0
aww terima kasih kamu,0
lol dapat pendek yang datang libur o n hmu ini rerl,0
tulis sepenuh kata ms hanya ekspor tahap akhir cangkir kopi hiperpolarisasi,0
affinitweet hidden twin lzyjeongin kembar sembunyi cari tahu siapa milik via,0
kali pikir situasi dawg ingin menang sial buat mual perut saya,0
henti beli benang bagus jalan baik lihat green meter bobot lambswool tebal,0
astaga episode sangat buruk tonton chernobyl,0
us orang waktu beberapa hari benar benar sangat sedih,0
shoutout skuad axid hanya main bendera sepak bola kami dominasi jih,0
bagi paling saya suka pergi tidur harus bawa riggins alll jalan atas kris anda butuh,0
menang streak,0
hey jaymes tonton episode malam saya rasa orang beri tahu bahwa yang cantik luar biasa tetap feirce,0
adalah bidik mothra indah godzillakingofthonsters,0
imut got,0
classics veteran tyler farrar balap terbang kami sorak untuk,0
tahun takut menang jelek kali saya dengar lagu rip paul walker,0
bicara gc jatuh lalat kemudian tangguh twitter benar benar benci,0
terus ganggu hidung pantat tajam,0
so glay hilary ada kantor tweetnya ganggu biar komunikasi as lebih apa obama laku,0
aku benci orang asin cinta alas manusia,0
memori yang saya lupa bahkan judas kata khianat rerl,0
mana lebih bagus bantu,0
bunuh kyungsoo rerl,0
betapa sedih,0
sangat sedih batal,0
sketsa warna rerl,0
temu editor ennis sandung tambang emas jalan detektor logam sangat saran,0
paling lucu pernah,0
love,0
jatuh cinta pada keluar rencana hancur sangat buruk,0
tampak lucu hari dengan celana pendek kemeja putih meski derajat luar,0
persetan dewa dewa karang aku jua nyasal ni aku henti harap henti hancur,0
terima kasih tuhan tetap usaha upaya untuk cegah,0
orangesunrise w x roklin pimpin musik mas,0
uber marah reaksi,0
tidak patah hati saya sakit,0
ughh sedia negara cravingyou saya lihat di nashville segera,0
trump laku bicara langsung pertama presiden tiongkok xi jinping minggu depan lihat h,0
apa begitu sedih,0
musim semi waktu tepat picu romansa proposal dengan tingkat cincin tunang customring,0
semua orang benci homie,0
ikut final bukan satu satu kompetisi phoenix tempur tim go,0
sergiothanks laku baik seluruh tim balap luar biasa foto super tambah beberapa da,0
akhir ratu ungkap barang curi doguwa on the beat,0
warga aman terlalu penting guna chip runding surat here,0
sama awal kagum adalah harus ponsel saya,0
bra god juh be doing the most,0
rainbow row happy weekend chs charleston pretty sobeautiful rainbow row,0
hey sementara di festival maple syrup di sekolah grinding pasti ada pahitboat it,0
kawat gigi pria sakit sama sekali percaya aku takut dapat atau mungkin gigi bukan hella fucked,0
polo wanita pergi waktu kurang detik south african film horor nonend,0
semua untung anda kamu harap ka koi fayda nai,0
ozuna sial kamu laku,0
senang kembali rerl,0
harap bisa menang ini,0
yup climatecrisis bahkan pengaruh backpacker hostel sederhana fyi hostel hebat rerl,0
menang beberapa kali banyak akhir,0
baik pernah laku augmentasi payudara gold coast selesai cc implan tetes air mata,0
al aire pim pam pum,0
senyum cerah bisa rang buah ruang foto rerl,0
india won champion trophy defend india won wc bela india won t dead,0
gabung onlyfoolsandhorses baru ofah facebook group guys jangan jadi plonker panjang hidup cushty,0
freak yang aneh perempuan,0
menang atas fancon tbz mnl tambah tunjang pikir tidak sentuh tangan yang harga lihat hidup,0
daftar baru lupa botw taut masa lalu breath of the wild bangkit link,0
selamat ada tim menang thegalaxyaway rerl,0
selamat ulang tahun sofia kecil sangat cinta harap baik happybirthdaysofi wishesforsofi,0
kata,0
tidak buat sen lelah,0
bagaimana untuk engagementring buat bengkel sendiri hattongarden anda ingin,0
hari akan jadi hari skor saya ayo shaun,0
akan laku baik kathy akan tunggu seperti kami laku minseok cinta banyak,0
us hati,0
bra aku menang milik wanita malang gelisah putar jalan rumah sakit,0
lol walikota pete ingin tahu apa akan kata banyak tidak terlalu repot dia,0
tabrak ambil reservasi besok,0
besar semua orang keluar insideee tadi malam chelmsford banyak cinta ravers djs staf saja,0
jadi sangat cemas sendiri rumah harus mandi skenario keri lintas kepala dan saya panik,0
oi ulang tahun di bulan mei sangat cinta perhati jadi hadiah sempurna dapat anda laku,0
wowhh cantik,0
jaga aman baik kittens kitty kittens pet pets hewan kucing cat rerl,0
hari luar biasa habis kelsey park jam senang bawah sinar matahari bestparkinbromley,0
mana adventure ikut bawa kami harap washington pennsylvania pennsylvania pittsburgh,0
blundertruss hilang kerja milik janji temu publik bukti ini abai atur hukum,0
yay main rerl,0
bibir lihat sangat makan lip gloss,0
lacur benar benar alami sulit lepas hal,0
i miss sangat banyak dan keluarga hirup udara segar c,0
suka amat lampu merah alun alun parlemen pagi cerah,0
yasss saat tunjuk hebat the deal guy non stop coin drops,0
anda pernah coba faluda apa hidup lol,0
baik istirahat makan siang libat konsultasi bristol stool chart jadi menang,0
jenna takjub pagi pergi nikah diri stasiun makeup kecil di kebun jilat,0
terima kasih bebeh,0
asa luka wtf,0
teman teman kalian butuh orang puji u kurang kasih sayang dm oke semua keluar,0
mungkin habis tahun dengan omong kosong beberapa hari sembrono,0
dulu patah hati dia,0
aku tahu aku akan pernah sama aku beri hati aku temu itu hilang lama simpan potong potong sisa,0
rindu bayi tetapi ion rindu mommas,0
suka lil nikka,0
luar biasa sangat bangga lagu buat bahagia lelah saya akan dukung,0
kata sayang perang buat perintah masalah sisi mana ur warga sipil selalu derita nenek tidak pernah pilih ekstremis,0
akan coba tidur malam yakin anjing akan bangun seperti dalam beberapa jam benar benar canda anjing saya,0
nfographics are incl cquat lunge bend push pull twist walk runjump ur training,0
affinitweet hidden twin jahat kembar sembunyi cari tahu siapa milik via,0
selalu panggil ren lola,0
akan batal semua paket saya dapat ion jengkel bahkan laku apa apa,0
pikir perlu tangkap serang tetapi sekarang tangan gemetar terlalu banyak saya bisa borgol,0
sudah rindu musim dingin cinta musim panas,0
nd anda dua kolaborasi sama anda suara keluar jadi ajaib,0
pesta tempat tidur malam raya promosi,0
ambil istirahat satu tweet liput wwdc kata lihat sangat senang,0
bumarah bhuvi tunjuk belaskasih sa biar chokers main kalau bubar tim mereka lama indvsa cwc teamindia,0
bagus,0
semua puji yang paling tinggi dengar alagbadainabytopeodu,0
sedang suasana kerja baik hari,0
manusia makhluk paling rusak bumi,0
dengar animal crossing lama jam main sekiro buat bahagia gelitik bahagia,0
rasa khianat,0
kite pnye company lapor tu daily lalu email salin buku log jugak buku tugas beda,0
tidak milik hari baik ini video fu siapa peduli siapa itu lucu guna mempostingnya relaxxxxx,0
rlly dulu benci roc ingat ada luar kenan sibuk,0
fokus yang baik,0
tema masuk baik saya,0
selamat semua kualifikasi minggu sampai jumpa nyc rerl,0
sial waktu pizza tutup,0
hampir alami serang panik saksi anak kecil ceroboh robek jenga,0
kemarin btw yakin jauh lebih baik hari tidak percaya berapa banyak orang pikir kemudi mal ide bagus,0
terima kasih claire bear sangat manis pikir orang inggris milik shtag protestrumpsigns baik,0
anak anak liar datang london noo aku bangkrut,0
saya larang u,0
selamat hari senin semua harap kalian semua milik bless full day beefy me not me make this,0
serius siapa tidak suka camille guaty takjub scorpionamblin,0
selamat sekali kepada aktris baik sangat pantas dapat harga cinta rerl,0
ya yessa sayang,0
jumlah cium dengar bagus whateva,0
adalah lucu rerl,0
rangeela temu shivani pertama kali omg sangat lucu sama rangeela,0
yo bestfriend aint fucking with my bestfriend,0
us ada salah jadi square ass job ass nigga persetan twitter talkin bout,0
kenal wajah pfft apa choi siwon coba buka kunci ponsel pasti akan hasil kuikuikui,0
us orang dewasa dapat ikut hasrat di majboori laku omong kosong,0
aku benci aku cinta seperti ingin buang dari tebing lalu gegas bawah tangkap,0
selamat pagi humpday,0
sebal tidak milik teman mau pergi sama patah orang,0
sakit,0
sila ikut,0
kirim dm kata ingin kencan anda selamat april mop akan sangat senang oml,0
us juta berengsek bangkrut umur hidup rerl,0
anak anjing lancang hanya main cum main master jangan buat saya mohon,0
cant wait benar benar suka acara bakat fantastis saya suka glen,0
woah manfaat,0
moga hari senang,0
benar harga trump sumbang gaji q layan taman nasional,0
that be me i cant fuck with that kinda music,0
semua serius semua masalah masalah selalu selesai cakap tenang satu sama cara langsung,0
tanto love andrea rerl,0
itu jadi tidak pernah beli madden mereka usaha terlalu keras semua mode main ahaha,0
jujur mau kamu cium,0
ayhawar kapan bibi lihat tanya saya ch axwinm u kaine tawaw abm sangat bosan tanya tanya,0
selamat campur kerja keras bakat hebat benar benar bawa tempat kerja luar biasakemikan pergi,0
adnlovesinspiteof berani kejar impi,0
cuci mulut cukup baik tidak cukup bugar cukup ganggu akan beri,0
keen,0
bharat kerja bagus,0
anjing mungkin semua takut,0
brilian selamat,0
chart menang reallyreally panjat hingga melon ayo park inseo we can do this fatenumberfor t,0
hidup jauh lebih baik offline,0
duduk mes makan lady ingin pho daging sapi kan datang panjang waktu tahu saya bahagia sedih,0
terima kasih moga hasil makin banyak dewan rangkul bunga liar clearfell umput makin baik,0
lmao jujur,0
milik istirahat layak hari sabtu,0
tubuh sakit,0
tuju sayang keliru benar benar lemah,0
bersih aplikasi dan tidak sengaja tutup musik adalah jenis patah hati beda,0
adalah bagaimana bayang delirious muncul bandara sambut di pintu keluar anda unjung,0
doyouloveme sekarang grafik itunes india bunuh bro besar jadi jadi selamat anda tunggu,0
salah satu banyak alas tidak milik nikah,0
boston cantik ada yang lebih baik kembali ke rumah moga semua,0
nilai tidak ingin ambil longgar semester dan moga semester yang datang akan bawa ke sana,0
siar pers ncpa dukung ruu dpr tingkat pilih farmasi senior bagi d paket opines health,0
betapa indah,0
u benar benar lucu,0
pagi slate patung colorado detroit bisa capai slate malam dapat hijau,0
luar biasa terima kasih,0
bagaimana tinggal wanita pickney,0
acara baik hidup adalah debut exo adalah orang hebat beri exo banyak cinta,0
moga hari istimewa bawa damai bahagia makmur semua orang idul fitri,0
jubah tfa lihat itu sayang hilang di skb yang kena robek,0
streaming luar biasa hari intip panggil,0
jadi eh bicara nyata berapa harga emotes akan langgar tren emote gratis,0
tiba aman korea selamat datang rumah,0
sial af takut jadi sangat gatal pintu buka,0
n clap u tangan sekarang kennisfm wt eveningdrive whenyousaykennisyouthinkmusic tgif,0
hidup so crazy pria tetap doa,0
selamat datang ruang vip,0
u rusak utas,0
kacau gagal dengar dia jadi lebih kuat cerah lihat dia rendah hati minerva bunuh am,0
nnm akhir april sempat cara konsisten jaga terbaikforward terus isi wbanyak buah buah sayur imbang,0
iblis itu kamu kamu coba rusak cuti guna orang rambut gimbal,0
ini rerl,0
betapa buat frustrasi maaf dengar dengar dapat tunda,0
omong kosong tunggal burung,0
suka bagaimana mcdonalds kata akan guna daging sapi segar betapa baik mickey d burger buat guna daging sapi segar tidak beku jenius,0
sempurna,0
aku benci rambut ugh,0
seperti aku peduli orang buang sepeda di kebun henti memberitahuku omong kosong tidak aku peduli fuckoff,0
us cantik ibu gaya hidup blog hadir segera rerl,0
sakit jadi jisoo stan terkadang bahkan bisa puji sendiri,0
sabar album keluar akan nyala sangat bangga u guys,0
adegan paling milu hu happyhundredmillionreads rerl,0
pleasee tunjuk cinta anak laki laki,0
moga sukses,0
milik libur lima hari drew pulang ingin selesai kuku supaya bisa beri gores,0
foto bagus senang sekali lihat dua,0
sial aku tahu akan rasa enak untuk untuk,0
touch belum pernah dengar orang kata ick kuda elinor goulding smith,0
tahun bulan minggu hari jam menit detik cinta hidup,0
tonton therapgame sekarang apakah flaujae guna reinkarnasi di bawah frasa air lagu,0
semua bicara anda akan rusak tidur anda pantat neraka jalan jalan rerl,0
memposting wcw tetapi lotta cangkul akan gila,0
suatu kali buat janda bicara omong kosong seluruh tim cinta mereka terus cinta,0
tampak hebat,0
lebih baik anda di sini onlyfans sekarang rerl rerl,0
moga sukses nderr,0
anggun biasa,0
bola strike ini sebut bola mlb rerl,0
selamat ulang tahun junko takeuchi legendaris percaya ghibli totoro totoroshopco,0
orang orang nilai karena habis seluruh waktu dukung tetapi benar peduli terima kasih buat bahagia ikut,0
butuh kuku aku sudah selesai besok kerja sangat buruk,0
uber cinta pada mobil ehn,0
baca timehop beberapa hari ingat betapa ingin ke masa lalu bahkan satu hari,0
aku sial dekat gaul teman teman aku lama lihat aku cinta,0
cinta b,0
mei akhir undang nikah tangan,0
satu yuzi nyata jadi lebih baik untuk teamindia indvsa cwc indiavssouthafrica,0
niggas jangan buas hanya bangkrut niggas masalah marah,0
cara bobdong peluk anak anak donghyuk kecil anneyong p r e c i o u s,0
hanya komentar sendiri malu ya gif lebih baik,0
aku sangat cinta kamu lawan bayi bagus mama sangat cinta,0
retweet anda sedih,0
cuaca omong kosong minggu datang portugal derajat minggu lalu,0
this sirkus cukup ungkap siapa dapat siapa ada level wppl,0
selamat ulang tahun,0
selamat ulang tahun orang favorit terima kasih selalu untuk cinta sm,0
ahh kepala sakit sekali,0
brah jadi keju,0
lihat senang rerl,0
sedih dekat hanya rilis resmi hush up the silence i dengar sejak lama masih nyala,0
dengar lagu bagus minum kopi es cara baik mulai pagi,0
sama sini lain seram,0
retweet suka anda dapat lebih banyak ikut,0
benci hype up pic cewek bahkan suka jalang komentar saya saya bukan gemar,0
pulang rumah kejut anniversarygift blessed heartfelt love,0
gf cinta kalian semua orang tukang cukur bahkan tidak potong rambut aku akan bayar semua,0
suka pakai ck saya dapat chloe sangat lucu,0
ada ingin malu malang kamu halo kamu sterk beri tahu aku siapa kamu bisa,0
dapat kram kaki keri pagi saya hampir menang,0
a sekali laku jalan perempuan keith datang yang satu ada oslo malam,0
welcome yu barom telah terima rekam,0
teriak lalu menang rerl,0
cara menang,0
akan pergi keluar mereka versi akustik remix versi bahasa inggris bagi karaoke,0
baik diri sendiri suka,0
cowok selesai sekarang ingin lihat kalian tangkap semua detail kait ateez rerl,0
cewek panas da north date pria jelek yoh,0
dapat ibu suka nuest exo got kerja buat suka tujuh belas adalah prestasi mudah rerl,0
arti anak tidak pernah tumbuh jadi apa dia ingin ubah iklim hancur bumi,0
fanny bakar rasa sakit buruk hidup,0
rerl langsung sekarang lol suka cum rerl,0
us followback jj kamu cukup baik main hs soo,0
hormat bagaimana bisa letak di sini,0
bro masih pagi saya tidak niat menang pagi hari,0
mata u r ratu bumi tumhare khayalo me mar na jaau u r lihat cantik,0
wow kabar baik,0
beri pidato sangat kuat benar benar buat menang malam saya sangat bangga qubsucouncil trustwomen,0
sangat ungu konsep sangat harga,0
poin wajar,0
kala masuk tidur siang sofa lihat duduk sana telanjang,0
idk tapi aku benci orang ikut moagree untuk patah reksa agak buat hati sakit banyak,0
semua bib bagus sekali kamu laku salah cheer up,0
sungai thames btw,0
donnerstag rerl,0
penge ng twitter friend,0
tanya anak anak apakah ingin pergi gm baseball musim mereka kata apa seperti jawab bagus,0
sesal hapus aplikasi ig kadang kadang rerl,0
bayar semua omong kosong anda sehingga abai kutip biaya adil,0
sangat benar stormi chicago,0
betapa lucu puffin di pulau skomer rerl,0
gadis cantik rerl,0
harap tahu ada masa lalu indah mereka jadi masa lalu indah,0
nikmat podcast acara hari utama bawa lagu ynwa adil kata porky ambil kalah baik,0
ham daging enak ham organisasi teroris buruk,0
pikir mungkin suka,0
sayang o lihat bagaimana tegang di aplikasi tiap hari,0
saya doa tuhan selamat selamat coba tidak tertawa saya gagal,0
selamat malam cinta ily ily ily ily ily ily soo muchh,0
serander baru baru keluar telepon gm kerja,0
ada hidup jauh,0
jype promosi got tidak laku baik jype jype utas strategi promosi buruk,0
suka loyal mutuals hayy,0
berani taruh hanya hindar pukul malu anak anak gerak lebih lambat anda big ol bully,0
harap lebih banyak orang milik ribut es akhir pekan manusia dapat rumah lift gratis buah van polisi itu,0
hari semua kirim makan sedia,0
omg terima kasih baik salah samping noggin entertainment,0
wow kolaborasi wanita ini nikmat suara cantik biasa bagi lebih banyak,0
minta maaf atas hilang rugi hilang sial kalian perlu tagih phonics,0
vote internet legends suara orang orang ada posisi pertama vote,0
us brighton hore,0
domino down rerl,0
benci kerja malam,0
musik baru panas killingthemsoftly hubung untuk musik promotion dispromo,0
latrell baru hilang seri pro bodoh bodoh stateoforigin keren,0
pada tanggal,0
latih ri elite malam semua tim waktu lokasi sama,0
jadi usaha telepon hari saya pergi wawancara besok bantu,0
malam la mer kena bts shirt versi,0
hari adalah hari mulai hilang rokok ubah rutinitas hari pecah biasa,0
aku rindu aku menang aku pikir hari,0
smh takut,0
waitz fink u gotz dar lyricz salah dar lucy rulez everkitty da world darz kno wantz boutz itz mol,0
milik jaga pick tambah baring jadi coba buat yang keren tidak terlalu buruk,0
asuh anak panjang sore untuk bantu sepupu rawat keponakan,0
siapa peduli kirim pasu mereka,0
ingat tahun lightlife acuvac coil colorado inventor slim spurling ixel,0
dj yang paling bahagia hati ledak jadi sukacita puas,0
omg lihat sangat keren laku kerja luar biasa pikir segitiga putih besar bagi belakang lihat hebat,0
sangat senang kotak boox akhir tiba belanda wil beri saya,0
buat umum publik ribu orang tolak beli merek anda karena uji,0
pasar semua atas meja buat lindung rerl,0
aduk lada goreng daging sapi sayur pfchangs milik sedikit yang cocok semua orang,0
baca cerita swarajya amrita di bintang inspirasi dari sini anda adalah dada,0
cium leher peluk punggung,0
tidak mati nama yesus las las na me go come pay proves mu greate karena cinta wanita cantik,0
ingin menang pikir gagal uji,0
konsep apa anda kacau,0
happy birthday jose akhir moga milik siang malam baik akhir pekan depan jumpa cinta ya,0
australia rupa salah satu baik saya dengar banyak baik jepang,0
langkah bagus waktu senang,0
aww terima kasih aku cinta senang temu terima kasih atas peluk ketat bago ka umalis non jumpa,0
malam luar biasa,0
jatuh cinta donkiss donkiss donkiss,0
yah pasti lihat dengar dia,0
luar biasa telah baca tweet motivasi cerah terima kasih,0
akhir buat menang aku,0
ingin memposting snap sangat buruk,0
suka ini edward terima kasih,0
henti serang,0
us suguh cantik super mewah winitwednesday,0
selamat pagi ratu,0
buruk banding,0
amin,0
suka dan sangat bagus terima kasih anda sangat cinta,0
sedikit main kata bagus foto bagus taman lihat luar biasa adalah waktu indah panjang tahun,0
tidak tahu tahan hidup hilang anak saya benar benar sesal bro,0
terima kasih kirim peluk anda charlie xx,0
tidak bukan satu dua dari,0
adalah api,0
wanita sbux lihat foto ambil dinding di telepon dan serius bagaimana laku dan saya kata saya tahu saya,0
selamat pagi jenny,0
naaaa semua pikir betapa segar kendi kirks duduk sini bahkan bisa gerak,0
aww terima kasih jauh lebih baik fokus lama bisa baca saya senang,0
wow memang jalan hidup riley,0
semua rambut anjing pakai cinta anjing sejati rerl,0
bagus satu terima kasih nathan,0
us spot sobat tidak pikir lagi perlu kata,0
tidak yang dapat dapat turun setia pada rawat saya motivasi saya itu selalu jadi saya,0
serander cetak rekor waralaba jalan inning rerl,0
ingin audi sangat buruk siapa ingin beri kerja,0
lihat luar biasa sayang coba dapat hunp pada hari punuk,0
harap bisa kendara jk michaeljackson honormj mjfam,0
good one trolls,0
trailer lihat jauh lebih baik pasang akhir harap film laku benar seperti film biggies big d,0
benar benar hancur hati rerl,0
uber sedih,0
favstarbot ticainuk tweet telah suka orang,0
us jalang,0
asal aktor anda capai segala tfi,0
apa laku nomvula mokonyane proyek air datar tinggi lesotho fase,0
damai bukan kacau bruh begitu banyak yang ungkap hati hanya sabar mampu ku,0
eww jijik kutuk,0
cemburu ingin,0
gemas milik banyak untuk beri tahu ayah tunjuk,0
selamat kuk jangkau ribu ikut twittermengaya lebih banyak datang cinta belum,0
patah kaki amelia akan jadi fantastis,0
oke fantastis taruh cakap nyala,0
orang orang tertawa tular,0
one life one mission datang dalam waktu tahun tunggu hari besar sejak lama,0
sial neraka,0
hai apa kabar harap alami hari luar biasa sibuk mau anda ikut terima kasih,0
tidak menandatangani janji pranikah anika sedang laku bunuh bayi lumayan berapa banyak musuh anda milik raja,0
idul fitri lads lasses milik kati,0
yass selamat simys im kirim u bts merch bom tentara bekas moga kamu nikmat,0
benar benar milik obsesi tidak sehat atas pikir dapat semua alir spotify saya,0
saya pernah temu cara pribadi harap segera temu anda goodluck sa college,0
tindak mfs beda kata kata saya bahkan kejut,0
baseball kemah libur daerah alir sungai panjang musim panas dengan satu satu orang bisa habis lebih jam sahabat,0
semua hensem satu satu gadis sangat cantik,0
saya suka tonton,0
butuh visi berani cipta butuh iman berani bukti aldubxadninprayer,0
adalah cara milu beberapa lumba lumba akhir tangki,0
benar benar ubah semua jadi sesi terapi im sangat takut,0
tulis surat pada buat gadis anda bahagia anda laku jumlah salah,0
dapat pegang sial,0
saya rasa serang sekarang,0
dengar makan laut penuh asa laku bisul cukup bagus,0
hal buruk sedih,0
stres kotor rerl,0
semua orang keluar raya passing final saya tidur siang saya pernah benar benar teman dekat sekolah awat lonewolf,0
mega hot saya suka terima kasih karen,0
lmao kasar idk apa nsukka fashion saya tahu beberapa orang ambil gambar ini,0
selalu tahu apa mereka laku jadi gila,0
neraka lol gambar asal video won satu satu harus main game hati,0
rondo bagus tunggu pala rerl,0
sepatu merah muda sangat hitung,0
lihat satu episode game of thrones ini tunjuk jelas jelas milik semua suka hmm mebbie saya harus mulai,0
jahat anda,0
happppyyyy birthhdayyyyyy,0
benar benar baca tetapi tidak punya cara bayar,0
apa maksud kita mati kita hampir bisa mati,0
ini pantat gila,0
ini benar bagaimana cewekfila karyawan tidak pernah pergi sana lol,0
bilang punya kelas,0
terima kasih,0
pagi,0
benar benar hilang,0
episode akhir whentheyus adalah buruk,0
lihat ada bohong,0
kalimat mati tembak regu,0
tidak yakin akan sesuai sekarang terima kasih tho,0
demam cape santai teh panas tonton serial favorit sampai musim gugur tonton house of anubis,0
sial ann itu heboh bagaimana bisa bantu,0
ramzan over mereka,0
tanding tenis anak laki laki pertama langsung malam akan hadap northfield pergi dukung anak laki laki di tanding kandang,0
tepat saya pikir alarm bisa lebih gemas bicara amat berat dia masak mkr,0
biasa kutuk seluruh kantor hari pergi dokter benci,0
,0
kali,0
uji neraka ekonomi rumah cipta pastry buta ingat tulis tentang kena tutup mata,0
terima kasih akan periksa milik tiket milik teman teman saya,0
lucu lol rerl,0
nah dengan sangat serius sangat suka tetapi bisa lihat orang mau,0
pikir beri balas pasti william bagaimana tidak lihat rerl,0
ada kata kata gambar betapa aku peduli pada mungkin suatu hari kamu sadar aku cinta bby selamat malam,0
omg terima kasih cinta,0
tahu harus lihat malam glasgow saya jebak atas perahu kanal di yorkshire sangat milu,0
uber ya sayang sangat bagus,0
lebih besar lantik supertrampy hugh lol,0
terima kasih kemudian nikmat m usaha lama beberapa jam buat kenang indah,0
sangat nikmat,0
baru blog venesia hari hot dog koktail,0
adalah serang orang tangkap perilaku jijik gantung kepala karena malu,0
vanjivi ramaah riched khamma terima padma shri delhi,0
blackburn wig benar benar tuju league one lihat qpr birmingham city,0
baca lirik konteks terlalu banyak saya benar benar menang byjoiniscoming rerl,0
sangat sedih,0
harus terima kasih bintang lena salah satu biopik taruh sejarah dunia,0
lihat sesuai rasa pada tempat suka tampil anda tidak apa apa cozsomeone tetapi anda perlu cinta diri sendiri,0
cash out jadi single tindak lanjut sempurna gangster shit getar lagu begitu mirip,0
selamat bestie karena pukul juta sibscribers sangat gila proudfriend,0
kelas harus teliti tulis profesional jadi akan lihat dalam beri tulis untuk pusat atau yang,0
sangat lelah,0
harap bisa dengar pertama kali jadi milik gembira ini cantik,0
reaksi sedih,0
ironi seluruh cakap adalah hemat terlalu keras istilah uang,0
londen belakang,0
ups tidak dengar itu yawn moan blush dentistoffice,0
bagaimana anda laku belum hasil situasi saat,0
momo patah hati rerl,0
ride in paradise skate angel skate in peace ate lorraine justiceforlorraineramirez,0
lihat betapa indah mina,0
soory dengar itu sembuh segera saya senang kard beri strenght,0
bae lihat sangat bagus hari eh lupo takde bae,0
harus coba keluar orang seniman tato apa bisa jadi dengar tarik suka podcast,0
dingue,0
franky im cryingg,0
lihat video baru tell me jus sedikit cerita percaya orang salah,0
jangan hilang harap presiden dapat,0
striker avenue troy tembak malam natal peluru sarang kepala,0
twist akhir,0
catat bagus adalah lagu khusus,0
ha komedi pergi tonton dolantwinsnewvideo ikut x,0
jangan lupa uji tugas lama nasihat hari dan selasa semua aplikasi tugas jatuh tempo besok,0
hari luar biasa terima kasih atas semua harap ulang tahun semua orang buat hari benar benar kati milik dalam hidup saya,0
hai teman teman harap ingat jaga diri sendiri hadir cpsaacsp,0
fuck thor marry ironman bunuh hawkeye,0
terima kasih selamat akhir pekan xx senang,0
bayang anak masa depan laku untuk fck sekarang hancur,0
tahu kapan ingin tanda teman dalam meme mereka tanda orang,0
jammin to carnifex salvation is dead mati harap sekarang main deathcore,0
aww semua orang lihat sangat bagus baju raya i luv,0
bisa tunggu album gorillaz,0
sederhana comlex luar biasa ekstasi boo hu hu mawar merah blu violet salam kamu,0
off hari,0
pikir tikus hidup hutan jalang hampir injak satu,0
perlu pulang bunuh beberapa orang aneh alami hari sangat buruk tempat kerja daysgone,0
untuk jadi lalat dinding aku yakin orang orang jejal sering inspiresummit konstruksi,0
affinitweet hidden twin ldtnaway kembar sembunyi cari tahu siapa milik via,0
tolong guna bakat untuk hasil lagu lagu dalam dapat impor dunia positif,0
pak tidak perlu wahana gratis butuh delhi aman semua orang bukan barang gratis,0
lupa aku petchsweat sweat rerl,0
ohh terima kasih jelas,0
us ahh gna guna gif kemudian laku yess kerja tmr gratis,0
orang orang tanggung jawab atas chernobyl,0
tebak jam berapa sekarang stanley resort sekarang buka stanleyfun hellosunshine,0
sangat malu,0
fuuck,0
orang jahat datang bawa aku chop lere hidup kecil sekarang,0
terima kasih lama tahun akhir moga sukses jalan kami selalu dapat punggung,0
hail fucking salam teman,0
pikir benar benar milik monster merah muda baru sweatshirt merah muda topi merah muda efek tiffany dia royal pink bl,0
henti pesta twitter ini sangat profesional kawawa yung mga blinks,0
suka ikat yu saudara tuhan kati anak laki laki,0
dua favorit,0
aku sangat stres aku sali omong kosong,0
take the ladies suka lihat chris brown kemarin naik partytour chrisbrown,0
jalang bodoh turut ide bagus kena akselerator tan hari pertama bakar hingga renyah,0
lowkey meni mekanik saya bisa percaya toko toko yang ingin curi uang,0
terima kasih ikut senang hubung cinta hewan cinta anggur saya main golf saya gila tenis,0
hari senang motivasi laku apa harus laku,0
ullu maar raha tha haha hindi btw tahu lancar bicara hindi,0
hahaha kamu senang kalau ok aku lihat banyak pdx stan lebih muda dari,0
adalah modafucker akan senang de righte rise menit ikut sedih wtf sedang langsung hidup sial ma hmt,0
adalah benar benar aldenrichards,0
teman teman ketika ada rumah sakit,0
cium delavin kasih sejati terima kasih bagi kissesdelavin donkiss,0
lol marah dia orang orang dia jalan jauh dari rasa sangat buruk suatu alas bahkan tidak pernah jadi,0
lol orang benar harga dapat unit ulas mereka cara gratis,0
us senyum senyum senyum bumrah v de kock what an over indvsa wc,0
terima kasih hon satu satu sekarang bagaimana akan selesai final,0
sial,0
omg ante skskss saya rindu,0
mereka beranta laku,0
lol milik sedikit yakin saya,0
ahahahhah terima kasih jangan khawatir kuat na tohh ahahah aku cinta rerl,0
berapa banyak anda sedang tunggu baru thalapathy just dan tunjuk peoplefavvijaybdayind,0
first selesai tanggal makan siang buat sendiri kunjung pria belum tengah hari,0
tuhan kati dua,0
betul idk tiap kali tonton video for love me jadi stereo tendang notif muncul evrytime fav alias di layar,0
nationalcaramelday siap karamel asin cupcakes cokelat putih apa anda buat hari,0
selamat rabu orang cantik,0
dulu laku trik ini saya serah senang lihat alir tho sub trik sulap lul,0
siap,0
hari wtf,0
hebat,0
ada kata lambat pesta lol moga hari senang hari bryon,0
bunuh rerl,0
hai tidak kenal tetapi tur terima dapat wegoagain,0
keri,0
hai james masih tarik mes satu salin tidak bingkai terima kasih lihat hebat,0
sangat suka gambar dan ms yang pandang penuh cinta,0
firman tuhan tumpul terkadang sulit kunyah sangat butuh thursdaythoughts,0
terus pergi laku tim hebat rerl,0
wow twitter lama yang kena doncha,0
mati beberapa dim sum rn,0
hati hati us semua orang bully fuckin,0
bantu haha,0
gud evening dearest,0
telah lihat belum saya menang,0
selamat pagi oya downloadmusic itu chyko ft quincy likethatbychyko check here tcogefqmnp,0
nol ryan pernah menang cy young tony gwynn pernah menang mvp pikir itu sebentar baseball,0
littypalooza sabtu april tongkat glow busa beruang getah alkohol level djs,0
aku rindu kamu rindu,0
manusia kecewa,0
kata apa bruto jijik blotus hotus pasang cukup,0
sial,0
persetan pantat sayang,0
tidak harap saya suka,0
salah satu hadiah baik saya terima tahun machinemidwives stethoscope rerl,0
sungguh malam breakdown emosional,0
not gone end well lmaoo perang mulai ayesha curry bagi deux,0
baik,0
ratu,0
uber cuomo bajing bohong waktu singkat bung,0
us saya milik marah jalan sangat buruk ppl benar benar bisa kemudi,0
maaf bicara bahasa inggris pokok kapan suara ikut telah siap nada demam sekarang,0
oof no seperti benar benar india,0
bitches keluar pasar sial,0
lighten brainstorming mind mapping xmind xmind ltd adsdevel itunesaffiliateprogram adsdevel,0
frustrasi asf ion pernah dapat,0
taruh ada pasang sempurna definitlyred grandnational thegrandnational,0
bangun sangat lelah,0
main piano tidak itu hahaha,0
nikah mee,0
us ksatria mati pa siren maam,0
lol naaah hanya pikir itu benar benar dey shock herh ibi serius lihat tetap wayersay,0
harap bisa atas takut tolak,0
ikan ikut ikut,0
us ed woodward masalah orang orang hina ole gunnar solskjaer,0
berapa buruk,0
nap of a star a beautiful mv aku sekarat air mata jadi huening kai benar benar malaikat,0
sedih wanita kuku sakit tidak laku kuku dia bentuk baik,0
hidup bukan tunggu badai lalu tentang ajar tari tengah hujan,0
gadis harus aman bukanyaa kau rerl,0
meanphiravich planrathavit,0
ibu selalu benci mimpi begitu jengkel,0
marshmallow tingkat atap exhilaration sweet spacing suc,0
love island gist episode minggu dari pod dengar bagi nikmat rerl,0
lewat tahap paling jelek pernah ketika saya milik banyak,0
sama sama boo,0
kenal twitters fitur baik jauh tweet sedia,0
net net,0
lol,0
tinggal ponsel anda di tempat kerja harap pesan pemberitahuan tidak bukan sosis bahkan o,0
kamu canda akan jadi omong kosong dia dekat ada rerl,0
kesal bisa pergi hari buka kerja keren pada akhir saya akan selalu ada sela sela lapor,0
hadiah jasmine rerl,0
ingin tapi ada uang,0
pikachu serang cepatdebit hingga m s,0
praha sangat indah udara sangat segar banding moskow otobek jempol tuju,0
buat sakit sangat jijik,0
benar,0
yasss waktu tunjuk bagus xbecky selamat siang guys,0
suka iklan warburtons robert de niro syuting dekat tempat dapat kerja pertama,0
suka bagaimana saudara telah jadi ritual minggu bagus unjung ibu pada hari kamis hari paling nanti,0
betapa penuh noda sial,0
omg hingga jam jerman buynopromisonitunes nopromises german nopromisesgerman,0
wahoo akhir dengar berita ok tonton film lalu main game lols,0
bahasa inggris happy mushroom idul fitri,0
,0
terima kasih harga kata halo ampun harap nikmat lalu lol,0
marah instagram rusak kualitas,0
dia orang psiko terima kasih,0
pria benar benar beri dukung tanding untuk datang kepala seperti,0
latih adobe akhir video padu suara dukung hadir saya nyanyi goofball video sebut terima kasih,0
harga indah telah laku bangga semua hutang banyak mereka bravo,0
ingin gelang ocean sangat buruk,0
harfiah apa salah orang,0
terima kasih tuhan kati dengan hari dalam hidup harga syukur rendah hati positif semua senyum hari hari,0
bantu menang hadiah kawaii dari kawaiiigiveaway ubl,0
terima kasih selalu dukung yesung,0
halo balik layar potret baru katie ass lingerie fotografer rerl,0
ppl pernah gantung sekitar tahu aku banyak tidak cinta,0
bisa kata us milik alis paling awat dan jurnalis baik saja,0
mhmmm memang selalu nikmat tunjuk shem datang musik phela le mo,0
selamat pagi baru selesai tes main ponsel saya yay,0
menang,0
kavan karakter beri baik dir skor sini selesai kerja vijaysethupathi d villain,0
affinitweet hidden twin corcktail kembar sembunyi cari tahu siapa milik via,0
baru ambil beberapa gambar idul fitri tidak yang lucu benci jadi jelek,0
super duper terima kasih chikk,0
tidak beri sikap siksa siapa kamu,0
malaysia ini gambar baik jin saya rerl,0
bebe sangat indah rerl,0
uber berapa banyak saya aktif tanya lebih baik rerl,0
orang pilih hasil ikat chelsea chinie sial buat lebih bingung,0
terima kasih hahaha,0
ravioli pizza dari favorit sama tanda teman gambar,0
laku terima kasih atas kata kata baik sangat manis rerl,0
sumpah bro simpan di ponsel tempat musik lebih apa lmao sekarang tidak hidup musik,0
coool bisa belakang,0
orang taurus itu saya cantik lol oke,0
anda ingin pikir buat lebih banyak mungkin jual masing masing sesuatu,0
kata menang maksud dari lubuk hati saya anda menang,0
bicara smeg dia sama keji anda kata ganggu kata yang buat untuk,0
efek ngk rerl,0
astaga bisa dengar tweet,0
us juga kadang kadang hanya pikir betapa sedih orang tua tinggal menang sungai,0
komedian lihat sekarang ulas,0
teman kasih pernah,0
yakin tinggal sana dengar sesuatu anda milik,0
rasa serang,0
dan aku sangat cinta,0
tidak mungkin jadi nightmare jadi lebih buruk lebih buruk rerl,0
am richy rich rerl,0
baru baru temu studio talk jaytech fwiw sangat nikmat episode terima kasih,0
tahu cinta,0
feedthekids popularitas jeremy corbyn lonjak sejak umum rencana makan sekolah gratis adalah anggota parlemen paling suka,0
bisa jadi tolongeeee pleaseeee cukup senang,0
asa,0
hari akhir sekolah akan menang hari akhir dengan kelompok anak anak pertama saya ajar sepenuh solo,0
lihat sangat sakit,0
kerja bagus dr desa of valsad daur ulang semua jadi produk manfaat jai ho,0
astaga danica,0
terima kasih buat motivasi duduk kursi rusak harap solusi seluruh film,0
tidak pernah lupa main hillsborough di semifinal piala fa lawan sunderland sungguh kejut dia milik hari,0
akhir banger murni,0
aku benci pasir lebih benci pasir yang panas,0
da mee,0
jadi hari minggu bosan iloveheartland teamam ambernation tyandamy,0
lucu,0
lebih baik hilang dingin mungkin saya bisa napas tidur benar benar pergi kerja,0
bagaimana kalian hilang tarung properti,0
hanya naga amerika hidup waktu juniper lee,0
aku benci naik bus kota sendiri,0
bahkan tampil,0
pernah buang waktu orang tidak hormat sementara dapat gegas geh uang orang miskin,0
timi fishfriday fizzfriday menu spesial ikan lembut panjang hari lalu botol prosecco mulai pukul,0
terima kasih makan,0
idk tapi aku benci orang laku ikut foya untuk patah reksa agak buat hati sakit banyak,0
selesai rerl,0
moga aku untung,0
sial,0
woww betapa lucu rerl,0
putus buruk kelelawar pertama,0
hindar studi untuk uji sejarah musik kita milik besok maksud tahu barang barang tetapi milik lebih banyak info kepala akan sakit saya,0
hello s ikut terima kasih banyak ikut moga semua bahagia hari kamis ini,0
smh benar benar gertak wanita ke,0
jadi kamu sakit aku beri tempat sampah keluar kekal tembak semua jalan mereka mati bom hits,0
uber posting selalu buat senyum hari akhir milik mulai,0
jebak peter ruzzo bitch omong kosong houseofcard butuh lebih banyak ruang,0
askmf film xmen buruk pernah buat katananya rerl,0
rencana awal ambil bf tampines akhir sampai orchard sak google map teman sekarang,0
mulai hari dengan s,0
senang lihat semua orang ambil tantang panda bambooofpandas,0
khaled asahds snapchat man cinta jenis cinta ingin temu mitra turun,0
the blasphemy rerl,0
terima kasih mereka mereka tugas akan dekat sekarang kerja,0
jangan balas adalah utas ulang tahun bahkan sudah lewat tunjuk pada betapa aku sangat cinta,0
pria lurus suka seks bukan hubung,0
sunshine sayang ada kata kata bisa jelas betapa syukur milik dalam hidup mau ikut ilysm,0
jiwa suka tubuh balas selfie senyum cantik,0
baca spoiler blackmirror tidak sengaja baca fudge sudah acau malam pesta saya,0
tawa bagus sial,0
super akurat,0
oke oke,0
takut,0
rasa cahaya tahan gelar wanita sangat bahagia untuk x champ sdlive sdliveaftermania,0
jadi kalian semua acau getar hari saya rasa baik,0
a queen slay multifandom selfies on point qtie ily layout selalu poin ur editing terampil,0
adalah aset,0
terima kasih mary,0
terima kasih banyak vibhu eidmubarak,0
sangat lelah sendiri saya sangat lelah sendiri,0
jangan dengar benci akun luar biasa men tweet pikir anda atau apa jangan biar sampai anda,0
siapa tahu buah sangat takut punya u x vb,0
evergerated adj terlalu tidak realistis besar milik dapat lebih diri sendiri,0
ulang tahun pada april ikut di adalah satu satu ingin x,0
sangat murni,0
begitu benar suka karakteristik pribadi buruk,0
jalang wuttice,0
sedikit lebih tinggi harap baler harap milik orang gadis lihat baik akan panggil,0
orang sama ingin guna nuclear senjata bom syria tuju kongres sekarang,0
ohbaemsgs hubung mana dapat tindak idiot sama,0
goodevening luv,0
jelas orang kasih marmite cuffley,0
sangat benci rumah sakit,0
wow terima kasih banyak akan selesai album dan rilis musim panas juga,0
sangat indah jisoo blackpink,0
gugup,0
ajar orang orang blkr musuh itu ajar untuk kerja blk baik bangun c,0
xbox scorpio news it skala p p game k asli default m,0
wow akan nyala,0
sambut xaviay,0
ketika kata rang tumpul dan sudah tinggi,0
satu tumpang satu terbang new york la lepas emisi cukup leleh es laut arktik luas kaki persegi,0
lucu selesai tapi tidak baik baik dengan,0
uber ada orang planet ingin renung cocotchie whoopie pikir akan aman hukum mati di penjara pria,0
sedih absolut,0
gadis kecil mimpi jadi wanita visi hellogorgeous littlegirlsrock ilovethis,0
im lowkey manusia paling mahir benar benar makan semangkuk keju parut tadi malam,0
kalian buat suka hal harus benci sekarang tidak marah pada jz catat samping helen,0
awal sederhana yakin anda adalah orang hebat ya no balik gm ambisiuskhvng,0
akan ledak drum telinga,0
sial hot girl,0
apa harus laku na,0
terkadang harus lang mundur tanya diri sendiri ada atau pikir saya lihat benar benar apa yang saya lihat,0
baru komitmen ant genocide relokasi ke farm fungsi luka banyak lama relokasi kisah horror rasa buruk,0
ion menang anda lihat mata darah,0
suka buku gemar berat brown sekarang terima kasih tardka shardka rekomendasi biar,0
aa cutie serang baju,0
sangat bangga atlet siswa rerl,0
bih lihat kering sekali,0
anak laki laki tekan cmon paling superme dapat manusia,0
temu met,0
berapa banyak orang anda kenal pakai us sinar bulan dapat diri menang jam pagi,0
bakat banyak empat cara tarik tahan chelsea bar bawah antonio conte musim depan,0
saya lewat,0
ingin laku tetapi juga malas bosan malas bukan kombinasi baik,0
sangat sambut wanita cantik xx,0
sulit percaya orang trust trustnoone titiwangsa condominium sentral,0
im aneh kes pesta yoongi rerl,0
bayi laki laki cukup sedikit laku semua dia ingat tidak laku buang air besar menang tolak tidur ingin bawa banyak,0
lihat tulis dari salah satu artis ft temu tengah april di,0
selamat datang teambrunel,0
firekushner butuh presiden bannon erti benci uh tunggu maksud heart alt right boy,0
sepupu saat hamil nak baby gak,0
banyak rasa sakit banyak cinta satu episode kemarin epis sangat fantastistidak masalah adegan sedih tanshi tunjuk kita cinta mereka,0
jumlah jahat ikut tumhare saare jahat hai,0
kali datang shirokiya kacau,0
harfiah baru bangun lompat keluar tempat tidur mulai lompat lompat kamar teriak hari adalah hari lihat nanti aligator,0
hanya jadi diri sendiri dan dapat lama tahun tahun depresi ambil saya,0
sade bunuh turbo,0
rip saudara laki laki dan hilang sahabat hari minggu nanti hari buat kembali sobat lol banyak cinta,0
mark hadir maishacountdown,0
pantat baru bangun,0
hai rindu sinar matahari awww am back home sweet home rindu kamu mein bohot jayada lai,0
sangat cantik tuhan rerl,0
sial bagi mereka lihat benar benar buat menang,0
tubuh sangat sakit mungkin bagaimana asa feminin satu pamer mobil,0
rabadas passion sisa tim ikut api dia milik dalam diri,0
foto pasang dasar jelas emosi hadap per,0
fisika senang rerl,0
aku kecil terlalu besar selamat ulang tahun broooo biot antibes,0
menang,0
terima kasih sa adlaw adlaw na blessings g,0
gameday vs opelika keluar the duck malam dan bantu kumpul uang sepak bola sembuh,0
siap tenggorok untuk kopi panas kolombia dan lupa lari keluar kemarin honey aku benci,0
omgg cantik,0
pernah hidup pikir akan dengar ritme luka main radio soulectionbeats kirim saya kembali tahun tahun yang satu,0
veronapisa bayang ada surga,0
us ragu dukung lobi furnitur lap,0
acau dan buruk,0
orang bangun pada jam pagi bawa suatu tempat untuk tahu itu di sana hari,0
my gosh,0
bijaksana memang,0
daftar teriak api rerl,0
terima kasih atas ikut baru baru senang hubung selamat nikmat hari rabu,0
lmao pangeran royce,0
email,0
sudah mati hasil keluar gagal uji saya orang selamat aku fucktheneet,0
mane satu mobil simpan lain sita hilang zip jadi bulan buruk,0
tentu alam lebih baik ketika datang banding,0
bidik bagus,0
selamat ulang tahun sinar matahari,0
benar benar ada sini juang lama satu jam rambut tebal,0
selamat tetap kembang rambut kulit lihat indah jangan keras maju,0
jadi siapa tim pertama pilih bijak mrkissel,0
cinta sejati sana distin wow betapa mitra dulu,0
tetangga punya anak anjing saya bahkan lebih dekat m lebih saya suka lihat lompat lompat sekitar milik pagi,0
pesan hebat david moga hari senang,0
ada beri tahu bot bahwa mati,0
paham hidup ibu hal sibuk senang buat lebih halus anda,0
beri baby itunes diri sendiri teman keluarga bantu panjat grafik pergi hadiah lagu sekarang,0
teman bukan pria pintar pria hati emas tangan beri tangan terima,0
us sol seksi besar siap anda rerl,0
laku the bloods tonight boys afldogsswans proudlysydney goswans,0
benar benar hancur hati rerl,0
satu satu film bisa tonton tidur tengah jalan,0
moga sukses,0
ex nasihat trump flynn talking congress abt saksi russia probe acara artikel amp reuters,0
baru ingat kisah antara baekho minhyun tuju sahabat rerl,0
hahahaha,0
i campur minyak jarak minyak jojoba minyak kelapa panas guna awat minyak panas,0
cakap gif yang baik,0
bagaimana akan beri tahu weebs kita stan weebs akan kalah semua argumen sekarang rerl,0
raih infinity world tour tokyo jual habis lanjut,0
sangat kecewa hahahaha,0
kira marah muncul gila etik idk bagaimana jadi,0
sedang tunggu lihat orang kata saya di sini harap akan dapat atas,0
kalian bantu temu tix tolong bantu bantu bantu teman banyak,0
jayne dandy yang dulu kerja bangkit listrik dave the it guy sini,0
bro maaf komentar buat mati kotor rerl,0
terima kasih bebe kamu manis sekali,0
suci masih kaget jeff favorit panjang masa sekarang dua wwe dapat broken bri mereka,0
so cutee,0
ini dailysmilingjongup mulai besok antisipasi foto jongup senyum hari sumber energi hari hari,0
musim panas sebal bung tidak tahan massa otot karena im sial hilang semua keringat kerja luar panjang hari,0
pergi ikut nic dia luar biasa layak dapat ikut dia dapat aku sangat bangga pada,0
tahun lalu hari saya teman lacur pantat palsu snapchat lett me tell yah aku ingin lihat,0
oi ulang tahun di bulan mei sangat cinta perhati jadi hadiah sempurna dapat anda laku,0
kita laku tentara inggris minggu gratis benidorm lalu bagaimana pesta minum keras batu makam sinar matahari telah menang perang,0
wtf seperti ekor gajah darah milik kotor mobil,0
bisa kata itu sakit,0
lihat cantik madu,0
rep swalwell tepuk tangan backed to kritik terlalu lucu buat pagi jauh,0
oke,0
apa paman flo tenang ffs,0
ingin frustrasi kemudian raya jadi akan coba besok,0
sial,0
sus rice saya akan sewa tim awal tahu terlalu banyak adalah pertanggungjawaban bagaimana turut,0
jangan pelintir hidup duniawi senang tuhan baik pikir hati pada firman jalan hidup senang bapa tuhan,0
terima kasih sayang kami segera main persetan anda zona waktu rerl,0
tuju libur ikut askbani make it africa south please jadi bisa temu inspirasi huuge banyak cinta anda,0
saji premier dunia getridofitmovie gabung kami twitter pukul tanggal april,0
sedih radar semua acak transisi,0
terima kasih atas kata kata dorong laku baik buat bangga,0
cahaya john wick gila ada pikir telah minggu syiah,0
sangat sedih,0
ulang tahun akhir pekan down miami saya tinggal suatu tempat,0
acha phir theek hy,0
omg terima kasih banyak junho stans chajunhostansareintellectuals,0
ruang orang ambil bagi rencana buster perut untuk per minggu close tummy fatdrop ukur gaun o,0
bisa sakit,0
citizenevent lucysplento citizenevent splento silverstoneuk unicorneventltd kartu bisnis siap siap jumpa,0
suka kerja tetapi benci saat sama,0
aku benci kamu,0
harus dapat bensin sekarang smh sangat marah tidak dapat gas hari senin hingga,0
hanya starter euqda pergi lebih mudah lebih cepat rerl,0
ada foto raya telah ambil gambar tetap semua sebal,0
jadi adalah teman pergi michelle sangat senang kalian,0
terkadang harus main peran orang bodoh bodoh orang orang bodoh pikir bodoh,0
selamat ulang tahun elyse ily,0
selamat ulang tahun drea,0
pikir jenak adalah iklan musim istirahat penjara,0
gary minggu ada london lihat musikal luar biasa lagi saya sangat bangga anda,0
baru dukung bfan tidur malam lebih dingin lebih tenang,0
akan tetapi salah eja yang malang salah eja blues,0
tidur sayang shark week hilang banyak darah biasa buat saya t i r e d,0
bisa milik teman baik jenis tolong,0
baru perhati saudara kandung kejam nakal kami muda sekarang aku selalu perhati saudara saudara bayi saya,0
oke sibuk pagi dengar lebih baik goodnight actives,0
seperti malam cukup baik sana,0
us izone prince line bonus anak laki laki inspirasi au coffee prince,0
realtalk na to ada sempurna dua ingin bawa kualitas baik mereka milik buat orang bahagia shopeeeblackpinkinmnl,0
charlie perilaku,0
ft liverpool everton mane coutinho origi pennington firmino lucas coutinho williams the derby kecewa ft,0
sikap gembira senyum indah mudah naksir wcw,0
moga sukses sayang,0
sekarang tanya sekolah sekolah minnesota pennsylvania wawancara tahun depan,0
ada butuh pelembab lebih buruk lapor bannon ancam henti hapus nsc,0
iman cinta ambil bentuk aspirasi aldubxadninprayer,0
sumpah lagu bts buat hype bahkan jatuh rendah lol kapan semua orang sadar dat,0
cantik,0
piring besar sarap bahasa inggris penuh adalah cara luar biasa siap siap hari,0
waktu kirim adalah menit sudah satu jam tampak ada oven,0
suka saya tidur siang rencana minum datang,0
hari ptxvol gemetar gembira,0
luar biasa,0
layan tanah ayah netnaija hibur socialmedia nigeriancorper,0
mereka pernah alami lsd lebih sekali apa jalan baik seperti apa jalan buruk,0
yasss saat tunjuk hebat bossladymona sellover shar,0
hai friends punya grup baru prisminjakarta gabung rerl,0
lashes game kuat selamat idul fitri,0
jam jauh dari bunuh,0
foxtel alami masalah sejak maret est anda alami masalah,0
tidak tahu apa lebih ganggu cuaca ada dunia both sometimesitsnowsinapril signofthetimes,0
haha terima kasih,0
semua baik nationsle league nevergiveup,0
mate adalah upaya dapat terima tetap pegang poker masa depan nikmat akhir pekan,0
lucu,0
selamat ulang tahun temu saat ajaib moga hari senang,0
mati saya,0
guna twitter biar edit tweet tolong laku tentang masalah nazi buat sebut lebih sulit baca sekarang,0
idul fitri semua orang moga semua doa jawab cinta ingin rerl,0
suka dis bois shataph,0
apa semua rindu bola serang game henti menang,0
seluruh lotta hot sial newprofilepic,0
aku sangat rindu suara haz lagu takjub signofthetimes april selamat hari harry semua,0
hbd tonton ambil gelang kaki sejak usia foto akhir adalah hari ulang tahun love guy,0
sangat indah tragis dan gaya musik orkestra mv tho,0
makan malam lezat healthingeating foodporn lovefood rerl,0
us melodi rusak suka pribadi mia mills,0
siapa bilang dapat nilai garis rambut yang kikis jk,0
terima kasih roxanne juga masa depan fa tuhan selalu kati,0
benar benar marah bagaimana lihat nama orang buat kesal,0
juang orang orang buat alami rasa sakit hidup lama hari hari juang kami,0
orang gambar jonghyun artis kpup itu jujur pikir paling lucu pernah dengar,0
sama saya pergi raya hujan ungu agustus lalu la semua orang tertawa bagi lol,0
ikon akan seret kira waktu seret,0
aww aku cinta bebe moga untung din sa pagstart mo ng jalan mo bsa selalu sini untuk,0
moga hasil,0
seperti wtc turun glamor dubai downtown,0
senang terus jalan yakin akan hasil,0
harap tangkap pria karena siksa istri,0
hadiah sempurna,0
apa apa bagaimana bisa potong lebih banyak jam,0
pinks tiba sini pukul besok,0
selamat idul fitri sayang,0
kerja usaha untuk tulis makalah terus syarat homeworkdoercom,0
larang tom pics,0
terminator kembali bioskop kali dengan tingkat d s padazo postd q hizo en titanic,0
selamat pagi moga hari senang ehh lisa normal gambar profil merah muda,0
harap tinggi sekarang hanya dingin tempat kerja saya jam baik pergi,0
biar lol guling guling vieja di mana mana hanya untuk buat hibur sebal itu bagi hidup,0
bukan penyalahgunaan manusia lupa suka kelah itu tangan kanan arti lil man,0
sial pergi sana rerl,0
adalah tipu besar pernah,0
tepat pikir hebat pikir sama,0
talwas man hahaha selamat mamsh,0
gigi sakit sangat buruk,0
breaking news rerl,0
dbanj takluk wen bukan media sosial jadi sekarang diaz media sosial apa jadi aiye le ibosi oo,0
tumit bunuh,0
sungguh luar biasa temu anda langsung sisa kalian semua,0
putri,0
sangat sedih beberapa orang mimpi ada daftar sementara lain ada uang,0
ooh waa,0
ong seongwoo stan han seugwoo stan wow,0
yay pakai game bagus yang terima kasih main,0
soo yakin mana pergi konten youtube punya ide tidak yang tembak dengan,0
kerja bioskop nyala jika film sampah tidak sesat gratis tonton,0
tubuh sakit asf latih bunuh,0
us ih kac tol ih agigil ako jus bela oki jangan khawatir aku mudah pergi,0
kalian sangat baik tinggal komentar begitu bagus hari selca saya menang,0
hujan baru bersih mobil,0
ingin bantu dengan tiga agak keluar jalan,0
tepat,0
lihat video insta buat rindu cioppi pelihara aku rindu lil sobat rerl,0
interaksi suka lihat tweet di tl saya ingin sekali kejar tinggal,0
hai teman teman maaf akan ada akhir pekan maaf atas ketidaknyamanannya pm untuk sinar mana saya akan main,0
favorit adalah pria cis langsung kata tidak singgung lelucon homofobik transphobia sungguh takjub bagaimana otak kerja,0
menang breathndwin abixndwin,0
ohh sial,0
selamat mlbopeningday hope springs eternal tim lawan fantasybaseball nikmat anda,0
cinta cinta cinta taron tbh rocketman rerl,0
long long on ethusd jual multi kill,0
hidup sejati anda jadi parent iworksomykidscanhaveabetterlife,0
harap bisa ada sana besok sayang sedang geser harap semua milik hari luar biasa susu,0
selamat ulang tahun haechan,0
tampil geeks,0
shona gav film me i wanna tunjuk bagaimana boaby buat rasa lalu dansa oh benar pacar semua,0
anda serah kami sesuatu begitu kecil harus pernah as tempat pertama,0
harap sistem kebal tubuh benar benar laku kerja jadi akan henti sakit panjang waktu,0
tumpah tengah kantong susu tempat kerja hari telah menang telah kalah akan ada tempat tidur anda butuh tidak butuh,0
semua katrina tampil lama bunuh,0
kirim gratis satu satu alas online saya mes,0
akhir idul fitri waali ugly selfie kirim benci rerl,0
kerja libur selesai sangat lelah,0
gud night guys,0
lmao utas shtag aladdinsjams nyala rerl,0
sudah makan sangat buruk lama minggu akhir lewat gym,0
selamat pagi kasih bran harap baik baik milik hari sabtu damai bah bagaimana lucu foto ini,0
ingin blokir saudara tetapi tidak temu,0
scarlett rerl girlsoftwitter,0
sangat cantik,0
sangat sanjung orangorang pikir saya imma jadi bom saya masuk an,0
hector bitches berapa banyak pergi makan saya masak dia nah aku pergi sesuatu,0
editorial awas harus buat gera berani tidak populer,0
hertshour cari usaha dapat cetak gambar teks kasus dvd dvd bukan produksi massal,0
terkadang hanya perlu laku diri sendiri lemon bar cookies kue ulang tahun,0
belum moana milik lagu kepala saya panjang hari tonton,0
buta,0
sangat bagus,0
punya serang jantung mini katak,0
sekarang alclow buang sekarang dapat harap tiup hal benar benar beri hasil,0
gemar newcastle di erti kata karier rooney hancur dia pilih newcastle,0
bahkan tampak baik jelas tidak selalu itu hancur diri sendiri bukan puas lol,0
sweet prince jatuh single luar biasa hari sekarang sedang jalan brunch prosecco outdoor nakal para gadis,0
uber halo semua aku senang temu dengan rerl,0
suka bagaimana black pearl mulai main,0
guru tonton lksmld hari biasa luar biasa adalah film fantastis cerita luar biasa karakter luar biasa,0
deeja henti guna sial kata kata buruk,0
tahun lalu hari meni cinta hidup saya raya libur sama keluarga rerl,0
bukan jenis tindak marah satu kali laku sekarang rasa omong kosong,0
wow terlalu banyak informasi,0
baru selesai kisah browder kalief netflix sheesh malam menang tonton serial dokumenter sini,0
sangat sedih tidak percaya,0
aku benci aku sedak stiizy,0
pertama kali pergi rumah pacar sekarang bawa semangkuk keju mac kata kepada dia bisa milik,0
kamu cukup aku cinta,0
yaas queen henti benci,0
bangun bengkak menang banyak tadi malam whentheyseeus,0
malu kata baca so jauh twitter malam initidak spoiler apa pun,0
hei dolantwinsnewvideo habis tempur prank periksa tcoskmnlwkyf suka ini x,0
kes terampil adalah,0
cari motivasi hanya milik satu tugas akhir harus laku karier siswa bagaimana bisa tidak motivasi itu,0
omg mereka laku ke debut sekarang,0
foot freaks sukacita hampir cukup hangat saya pakai sandal jepit sandal footfetish flipflops sandals summerfootwear,0
us ha ha ha bisa lihat kerja john scott andrew peters bead may mathew barnaby pat kaleta,0
us lil bitch sangat buruk ada alas tipu,0
idk berapa lama ive milik acc pikir hampir tahun milik nozo ur she benci saya,0
benar benar putar keluar rerl,0
asin sudah blokir dua kali hari,0
happy pincang englly x terima kasih,0
album baru jatuh hari album lurus the badmon takin atas main rap album,0
menang tengah times square baru temu saya sampai jumpa besok kargo,0
pikir ada ragu lammy buruh gagal,0
trump kenop lihat leceh sial lempar wajah wanita sangat marah berkat,0
persetan bos arloji musim semi salah,0
jalan ke surga hogenakkal waterfalls,0
tucson utara geodude tacklerock slidebig til m s,0
achat du jour ghost in love de rerl,0
ugh kamu ganggu keluar dari,0
luminescence n cahaya produksi bahan kimia listrik fisiologis exordiuminsg,0
terkadang begitu goda jadi tahu sakit asa kemudian ingat diri sendiri saya coba jadi orang lebih baik,0
mobil jalan masuk bayar ada jual mobil dapat baru ada waaaay,0
punya p minggu dia dapat minggu manfaat ini ide bagaimana salah satu anda dapat,0
garis waktu banyak love island meme spongebob jujur tidak keluh,0
bruh cheesed datang cari tahu photoshop mengapa kalian main emosi seperti,0
ingin pupusa ass fire,0
ponsel pooh rusak,0
benar benar rasa sakit rn sangat stres alevelhistory,0
saktit jadi ugh,0
hati hancur,0
semua komunikasi betapa penting manusia peduli usia bahasa suka video,0
peluk hari bagi baik ketika hendak lepas tarik lebih erat saya mati sedikit,0
bayang pergi kencan grayson anda jalan restoran lihat tunggu mawar,0
rerl apa salah dunia,0
cium koki sangat indah,0
ingin kendara buruk saya punya pumu dia cinta pria,0
bohong oleh baik,0
selamat datang family domino beyond four paws pipa pibble lucu tidak anda bantu,0
paling lucu pernah,0
ada rilis me pliz kami pasang setan bahagia anda saya,0
aku kencan dengan aku akan kencan dengan jawab sakti ending tarik channel tell your story,0
ugh guru karate istri tinggal bel ketel belakang mobil tidak angkat beri ruang bahan makan baru saya beli,0
dapat omong kosong sendiri ayah mommy,0
badazzboii sangat besar reblog sekarang kikkevin reblog suka dukung submit pics,0
cant forget sentak kata sulit jelas siapa di luar nashville,0
akan buka eta normal,0
ke cantik,0
baby sangat senang kapak lihat lil lumback outdoorsy my redneck man,0
salin orang pendeta tewas bangkit kata lihat ben karakter kunci kandang neraka rerl,0
dulu tunjuk lemah sekarang tunjuk lemah lacur,0
pikir hijau lihat lebih baik hari basah awan,0
sangat indah keren saya beli jika bisa,0
gateway tcossmqhcrba bookboost asmsg kindle,0
manajer heb dapat perahu mereka lebih baik bawa pantat untuk dapat mobil pantat kecil di bawah air,0
usin satin srt,0
hala benar benar sesal veve maaf talaga,0
cheer up love cinta rerl,0
milik toilet dalam sayang,0
butuh jepit gelang kaki aku tidur kotor,0
tidak tahu supermarket beli seluruh dunia semua selalu musim,0
jauh aku cuaca sedih gulung hari sabtu depan,0
kajalisme betapa lucu sayang,0
terlalu jelek buah gambar jadi tidak ootd apa selamat hari raya guys,0
thinking jadi efe benar benar tinggal bulan rokok gulma kalian beri uang ije ego,0
terima kasih tahun tuhan roh hidup benar harga kata lebih tinggi makan yang perlu adalah lampu kaki rang jalan saya,0
mana aktivis hak asasi manusia muncul masalah bantai anak anak tidak salah suriah irak tunggu dapat izin,0
taruh tangan di udara anda sial malam,0
baik akan northwestern akan selesai tahun dapat mulai hidup jauh lebih cepat,0
teman harus ambil tempat biar orang makan burger jalan haikhona,0
suka pria hun,0
hari adalah hari akhir kerja klinik dokter hewan,0
foto indah,0
hanya bunuh,0
cium jadi sangat takjub orang tepat,0
lebron lapor tinggal lakers mereka temu bantu offseason rerl,0
idul fitri semua orang cinta cahaya bahagia selalu,0
sial rerl,0
jam pagi sakit dr buat kesal ugh hampir libur musim semi hanya baik baik mohine sniffle batuk menang,0
sangat,0
bom ceri rerl,0
posting apresiasi cinta,0
beauty and the beast benar asli saya menang waktu masa kecil sangat bagus,0
mungkin satu satu bohong curang hitung cinta,0
bruh putar cepat aku mati tempat,0
malusi kata tidak turun satu orang di sana memberitahuku dia keluar dalam,0
pesta lajang outfit inspirasi butuh alas guncang lookoftheday jessieanng,0
sayang kali aku lihat aku jadi diam dan syukur alhamdulillah lanjut kati allah sayang,0
lagu favorit sarjana rerl,0
rasa jelek bukti salah rerl rerl,0
abixndwin breathendwin mereka pantas dapat dan lebih banyak selamat anak laki laki,0
kutu drake ambil tahan rerl,0
selamat ulang tahun,0
milik tanya nyata kalian semua kalian bersin petik alis anda atau itu saya,0
fff bom lagu gambar cara harfiah terima kasih buat lagu nyala,0
tahu main ini sakit,0
semua gila,0
hanya situasi jengkel untung telah resap buah ide sangat sederhana,0
maaf saya pikir anjing tindak apa akan laku pete courtney ubin entri untuk dendam adalah omong kosong houserules,0
adnlovesinspiteof ini waktu paling sulit yang baik,0
butuh bantu tugas cukup dm,0
siapa mau ikutidm suka tweet yang semat sampul simfoni luncur dm panjang hari go go,0
rasa tidak hubung generasi beat modern,0
wanita jahat gantung rerl,0
kejut gemar exo bts telah memposting gambar indah tzuyu tidak pernah tahu begitu populer kalang,0
huhuhu lihat junho ancam favorit,0
terima kasih atas dua hitung haha,0
us momen hening paus mati lain air rerl rerl,0
benar benar jujur,0
gaywonk makin miring woah seperti sedikit radio pagi carlos tidak terlalu buruk buat video lebih baik,0
penuh waktu liga premier laku baik para senior,0
yang satu anda dapat paket gula gratis pompa sirup seperti,0
jadi semua abai fakta main macet zona perang,0
tidak lalu omong kosong lagi,0
selamat ulang tahun,0
shootyourshot hanya acara twitter yang dapat ikut saya malu jelek,0
email lorenzolibit kirim pesan pribadi twitter alamat sungguh terima kasih,0
suka pernah nyata,0
dolantwinsnewvideo bocor sangat tertawa hahahh,0
salah satu tanya retoris pernah saya jawab tidak pernah stuckwithme kektor besties,0
hati benar benar hancur bisa buat apa apa saya sangat sengsara cara harfiah bisa henti menang whyme,0
i final sempurna sempurna menang dapat banyak dari apa saya ingin blacksails,0
anak anak gemas ada sini buat senyum wajah rerl,0
uber hoga selamat us ambil wicket,0
ada coba bunuh ada tanam australia yang bisa bunuh,0
hei punya crowley saya suka rerl,0
daftar baru pukul pasar besok ikan panggil anda tahu orang cari,0
aww sangat sesal dengar harap segera sembuh orang orang sekitar buat senyum,0
api,0
yaasss austin texas yaass lilly pole dancing yaass lihat diri di vlog,0
hahaha jadi tengah kanada yeah tempat bagus badai luar biasa tidak mati benar benar haha,0
finna roll up fuck it,0
idul fitri semua moga dapat banyak eidi jangan jatuh dalam koma makan,0
dapat balas foto suga vedio cz tidak baik baik balas rerl,0
ada seperti jalan k bersih sarang laba laba dapat pikir cara rurut hari adalah hari saya gerak depan bukan belakang,0
bagus,0
bukan ibu panggil lacur kena celana pendek sekolah,0
pak selalu tweet u itu hapus dat tweet hapusways bingung ingin tidak,0
sila ikut kampanye untuk temu anak laki laki,0
travel luang waktu nikmat makan malam bulan romantis pribadi nyaman vila sendiri,0
sempurna rerl,0
sah jengkel saya akan pernah tidur,0
lol apa maksud iblukwe elingathintwa hang sangat nyaman us arg man,0
adnlovesinspiteof hidup cinta,0
moga semua orang milik hari baik idul fitri,0
selamat pagi luar biasa fannibalfamily milik aghtag willweddnesday gemas,0
tetangga melayu ada luar kota tahun jadi ada rendang sambal goreng saya hari raya idul fitri,0
fuck antman meni antman bunuh tony stark nein tony es tut mir leid,0
wth itu,0
us bts arti bahagia inspirasi bts arti segala,0
sial benar benar batal kelas mati adalah tunjuk bagus,0
semua pussies sama,0
moga sukses hari upclose sayang tidak ada di sana saya kalian senang senang,0
uber generasi harus laku lebih baik hei,0
nyeri lutut kiri jinhoo makin buruk saya sangat khawatir itu,0
hati,0
tidak pernah butuh alarm pagi hari sekarang anjing bangun pada pukul titik kami milik rutinitas pagi,0
red riding hood vibes like my heart adalah bagaimana ingin sayang liar tidak putus,0
canda akan baik baik,0
orang orang gn,0
yaar aj kyun lightl chli gayi ini idul fitri match day june ki garmi apa salah lucknow,0
akhir orang anak kecil tahu cara pelihara hewan takut alih alih raih,0
episode black mirror omg miley luar biasa tidak percaya akan menang jalang ashley omg,0
wow lihat luar biasa kk,0
bung masih luar biasa,0
orang luar biasa pantas dapat baik ikut mungkin selalu hati hati senang senang aku cinta,0
sangat cantik,0
terima kasih teman teman masalah milik ketika saya luk punggung hitam darah lalu,0
baby mod ikut lebih banyak,0
bisa bicara tanda taylor swift tidak butuh,0
sial aku baru bangun tidur siang jam pantat bangun panjang malam,0
dolantwinsnewvideo habis sangat suka video sub ikut ily x,0
terima kasih banyak eihab,0
foto bagus queenelizabeth,0
milik lurgy takut ujung letak lurgy pertama ffs mau,0
sangat sedih,0
akhir tiba dapat akses internet travelphotography streetphotography cuba havana,0
mica martinez lesbian cium telanjang,0
siapa peduli seperti mungkin banyak yang jadi ini terus jadi,0
cant believe komentar cinta komentar yang sah,0
pria yang halus jelpi verivery kangmin rerl,0
hati,0
preordered,0
saat dalam temu presiden ingin nyata hari hari libur umum,0
tahu bukan bicara hal anda blokir anda,0
pulau putih camiguin,0
posting foto dan sinar matahari tag orang siapa favrts pikir akan lucu sama salin x,0
sangat muak lihat video kejam hewan media sosial apa salah orang orang anda bahkan sakit hewan tidak salah,0
harfiah asa baik sekarang milik mobil lebih ekonomis laku mil mil saja bahan bakar kecil alias dia bisa lihat lebih banyak xx,0
kanada sangat lucu,0
lmao benar benar saya rasa tay,0
babeeee ulang tahun besok anda jadi orang paling bahagia anda ikut senang aku sangat cinta x,0
sangat lelah cuaca panas sekarang akuam,0
guna independensi tentara jadi teh sudah waktu iarmys bebas,0
lubang anda buat diri dengan mudah isi tidak ada air mata wajah yang tampak isi benar benar sedih patah,0
kata kata inspirasi saudara selamat hari rabu,0
lmao baru buat hari,0
tahu saya lihat bagi per film hilang bagus tidak pernah gagal,0
us shim changmin bicara bahasa inggris buat lemah rerl,0
chemistry a cincin alarm top rapper hidup,0
roan kanan beri satu alas untuk cinta,0
selamat pagi teman seksi have a great tittytuesday a teambbg realcpls,0
kemarin unit kita punya besar hari nba jadi merah panas l u l u l u,0
pro american pro gay pro life pro militer polisi pro pro ice pro trump pro wall pro refugee ban pro deportation of illegals,0
apakah di roket,0
beberapa lubang sim oceanview south carolina konser brass band josss winning,0
hahaha hutaki orang orang orang orang,0
us bot cina gagal,0
orang duduk cerita sejak lama cabang bahkan sudah lupa hal dan ingat semua sini,0
akan jadi aneh jadi bagi tim,0
mixtape sangat dingin ada punya shi,0
ke kotor fotografer don model rerl,0
affinitweet hidden twin gheziia kembar sembunyi cari tahu siapa milik via,0
hampir mati laku,0
di padang pasir saya sudah henti minum kejut betapa jauh lebih baik asa tubuh anda hanya beberapa hari,0
winner reallyreally hasil capai atap melon kali fatenumberfor,0
tgif cheers rerl,0
suka bagaimana tonto duduk pangku peluk cium blessedtohavehim knowswhenmommaissad,0
global digital artist ranking top country indonesia poin,0
empat loko buruk,0
jam jam sedih kerja saya datang rerl,0
jatuh zeta satu koin adalah milik anda omg,0
im chocked,0
kalian semua jatuh cinta,0
adalah utas bahagia,0
hari sangat sakit aku rindu,0
lmfaoo saya dengar dengan suara dengan tawa di akhir,0
pria akan selalu jadi adik laki laki saat hati bahagia,0
g apa bisa dapat anda c kopi hahaha m cerita lebih banyak belum pernah dengar baristaproblems serviceindustry gotjokes,0
bohong,0
mais trop benci benci,0
kursi kain buat kulit sakit,0
omong kosong masih bunuh guna posisi kembali tahun cos moer,0
guyy saya pernah jadi diri sendiri sejak lihat foto,0
filipina viet buat bayi lucu sama sama jadi wsp,0
dan bayi akan lihat nasib marah keluar lama tidak hari yang sibuk untuk,0
beberapa orang dukung rapper sampah alih alih pengaruh positif tryna jadi edgy beda buat semua sama,0
blastchristian lecraeblessings ft ty dolla ign,0
suka tes positif strep,0
sial aku pergi kosta rika bulan,0
bayi baru makan pertama kali dua hari makan sandwich salad telur ayah buat pertama kali suka,0
terima kasih coachingcolumbia kelas cc,0
ayes punya bayang semua kerja keras scarypumpprooms contest,0
pikir adalah orang sikat gigi cinta,0
lihat vyr tua ethan highlight benar benar menang,0
fanart hancur hati thisnightbyjin,0
harap bisa,0
beberapa jam akan saksi apakah semangat,0
bayar anda bisa minum tetap,0
saat ini sangat harap lebih dekat rumah rasa enak hanya orang cinta rawat,0
benar benar musim yang datang rick morty luar biasa rickyrick rickandmorty season,0
kemudian buat jalan akan laku souljah system leftright flava d kenal,0
moga allah kati dengan banyak bahagia sukses cinta sehat tetap aman sehat,0
jadi lacur paling dramatis saya ada kursi dokter gigi,0
selamat ulang tahun salah satu manusia favorit harap hari adalah baik love you sister roomie,0
lalu kamu senyum atas bahu sebentar aku lupa aku lebih tua,0
baru tahu alergi tan palsu,0
ngk acara obrol khusus rerl rerl,0
break bagi main stsying broke omong kosong pribadi,0
rasa serang,0
us my god wujud bantu capai rts rerl,0
selamat ulang tahun harap alami hari senang,0
hari ia resmi siswa kelas,0
adalah main dasi rerl,0
us lacur dengan reputasi,0
idk diri mereka panggil kemudian lihat orang orang jalan pergi jerry kenal dana warrior,0
memposting petisi cerai kemarin rasa sangat baik diri saya fridayfeeling legalfreedom,0
update uji jalan cukup bagus,0
infrastruktur tidak pada kurang teknis tahu cara untuk layan cegah karena dekat pasar tuan asmah pergi bunuh orang,0
growlithe bitebody slam muncul sedia hingga m s mainstwlmrtmalibupk,0
hai hebat sibuk jadi punya sedikit waktu twitter milik lebih banyak waktu sekarang bagaimana kabar,0
affinitweet secret crush keittybezerra diam diam cinta siapa cinta rahasia via,0
lol beberapa hari hanya capai k itu dukung,0
ria orang orang konser coldplaymanila malam malam benar benar dingin,0
baru coba cari tahu lebih banyak hari kerucut gratis ben jerry bangun,0
terima kasih atas tweetnya,0
uss anjing pon rerl,0
sakit nvrmnd,0
sad sad ft desember avenue songs,0
sekitar jam sisa dapat malam hingga m jam pertama kita,0
banyak rapper kapitalis mkt hitam rap penuh waktu utama laku jeezy,0
imma lebih rindu belum pergi sudah asa anda pergi lama,0
fyi telah tambah buat blok fokus ht,0
kunci rendah kirim pesan orang masa lalu sampai maksud karena akhir istilah buruk saya hapus nomor jadi paus,0
dia henti angin rambut pikir mati,0
mana anda lihat hadir gelap musuh negativitas konsistensi tahu yang jahat kapten kapal,0
tonton omong kosong di netflix malam lalu saya sangat kesal,0
idk rekan kerja dan hanya maksud jadi teman jika sangat rukun orang orang saya benar benar cinta,0
happyfriday semua,0
madam daw honours samin yiee adalah pelangi,0
ayuna vogel ayunascode tiptopgs jujur conf yang pernah kunjung jauh milik lebih banyak wanita engs wwdc,0
lihat semua orang hun keluar air liur pahlawan ras keji dapat publisitas,0
keponakan dapat snapchatsnapchat uang dan memposting foto video panjang waktu mereka sadar lucu,0
komunikasi seksual seksual cara apa dengan orang pria milik orang gadis keliling bual itu lucu anda perlu ulang,0
benar sangat,0
arrghh,0
selamat atas pukul langgan m verifikasi instagram masuk hadiah harap pilih saya x,0
benang harga historytrapped seri,0
terima kasih john selalu andal untuk beberapa pikir positif manfaat,0
terima kasih hun,0
uber wonwoo keluar zona nyaman perlu puji kagum peluk diri sendiri,0
tahan rambut sentuh saya tidak bisa mandi kamar mandi benar benar keringtelah semprot bersih ihategerms,0
hati bahagia kali lihat huhu aku cinta lulus comm,0
bagaimana kamu marah orang kamu hilang kunci,0
sangat bangga us,0
shid tbh harus banyak marah bangun jadi satu pindah salah rak ima baik,0
miley lain baik pada,0
tgread sial takut lmaoo dan jari jari piring rerl,0
gabung saya ajar rodan fields bagaimana ubah kulit ubah hidup,0
niggas janggut lemah,0
benci ajar sistem saraf,0
sial jscxmanny keluar besok aku teriak pst,0
hal buka bumper srk salman g hai a t,0
maksud king bloody predictive text ffs,0
salah satu asa baik tidur siang hari musim panas kemudian bangun bau api barbekyu baik luar,0
us yiee hahaha lihat,0
benar sesal jual dvd eropa sekarang,0
kalian semua gertak dalam lihat wajah,0
kami jadwal janji temu kontol tidur hancur pintu panjat lalu jendela sesuatu sial,0
little englanders orang asing milik segala brittania henti perintah generasi gelombang lalu,0
holaa mi amoor de abril amnesia kamis singles party hrh bling rsolutions dm o wa,0
us suka vendor pakai mulai lini pakai vendors,0
saya satu satu sekarat dalam juga senang hasil benar benar milik gf hanya aku itu,0
menang nomor nasib melon mnet naver,0
suser bagi peduli,0
twist akhir meski rerl,0
meditit ganggu bunuh lari cara turut turut,0
terima kasih impi besar kerja keras tetap rendah hati x terima kasih banyak,0
jadi milik benda di mana ingin tindak orang pikir coba buat saya gila dia,0
moga hari senang tempat kerja d,0
aw terima kasih ily,0
matahari benam lambat makan lezat usaha hebat semua anda butuh rerl,0
aku sangat cinta tetap senyum terus nikmat sangat suka avtar chulbuli kami ini bahagia selalu,0
sakit,0
kian egan jodi albert harap anak tiga,0
laku pagi cuppa nutella toasts buku cukup waktu saya selesai baca belum,0
terima kasih hormat almarhum barbara tarbuck gh,0
dapat gaji makan akhir pekan depan sarap makan siang gratis makan malam enak,0
jungwoos panic johnny makin dekat dia dapat tari pangku rerl,0
labu takut dere risiko signifikan tornader malam utama dey kata bw pagi pagi pergi bawah tempat tidur kepala humom bugar,0
happy idul fitri mubarak semua orang rerl,0
suka fakta huemans ada omong kosong apa hidup laut sungai,0
ulang tahun indah matahari penuh yang harga happyhaechanday,0
saja moga beberapa judul bagus,0
hanya jadi blonder tanner lebih bugar sehat mental lebih kuat belum anggur lezat sini,0
kerja hari minggu buka tutup cek lebih baik lihat bagus saya lelah,0
yaaay tidak tinggal seperti semua tunjuk yang terima kasih jumpa minggu depan ambil,0
bawa fiyah,0
ingin pergi keluar gambar kubur sekarang hanya jadi lebih besar kata nigga,0
lumut laut emas rerl,0
hei ide bijak ambil ajar geografi luv,0
nigga mengapa,0
affinitweet hidden twin adorablebts kembar sembunyi cari tahu siapa milik via,0
jilat suka cium jadi beberapa menit lalu rerl,0
omfg keluar aku benar benar teriak,0
aww terima kasih mama irish godbless irish mwaa,0
cahaya kalah,0
harap polisi tangkap semua orang pukul cari suaka croydon buang kunci lama,0
kejar em ganti em anda benci ambil kredit sesuatu tidak libat dapat anda,0
haha suka video,0
tl terima kasih tetap adnlovesinpite rerl,0
kami harap kurang banyak emosi saraf rasa saling hormat arena malam,0
taruh ada nikmat bharat saya rerl,0
nigga benar benar percaya mereka biar pergi kata smh,0
cinta gilbert,0
mereka larang gb whatsapp saya guna whatsapp,0
uber tidak benar benar kacau,0
cantik songhyekyo,0
sama sini,0
imut,0
bung gym adalah angkat bahu super mesin smith angkat bahu kabel lentur lengan antara set,0
sangat bagus,0
akan usia minggu permisi saya duduk sudut menang,0
pohon magnolia sedang mekar bootif lebih baik wen chip kulit kayu baru down,0
bean precious lindung dengan cara apa rerl,0
sangat suka makan vegetarian cukup baik potong daging babi bagus vegan semangat carnivore ateists,0
kutip lagu dalam pikir milik adalah cinta musim panas one direction dday,0
aduh benar benar sakit dewi sangat pantas,0
dapat waiit sudah selesai bmv bb masih tunggu ghostbumps,0
lihat lesung pipit dia pernah lupa beri eidi para gemar rerl,0
jahit sangat buruk saya keluar,0
terima kasih yann,0
yasss saat tunjuk bagus clean fresh coindrop k,0
nwt betsey johnson quilted shopper tote be mine handbag purse creamblack,0
theo sangat folee blackmirror,0
semua engsel nilai sadar risiko jadi puas karena kena topi tengkorak,0
betapa jengkel kirim pesan snapchatting orang mereka membukamembalas snapchat cepat tidak teks anda cepat,0
sa lahat din ng dk mommies terima kasih atas cinta murah hati sangat cinta kalian semua donkiss,0
sangat nikmat baca mungkin guna pegang twitter tepat tho,0
baru tulis cek grup balap cek sakit saya sabar untuk ada sana firsttimer infield,0
orang kerja buruk hampir selalu salah alat,0
lebih cantik asli rerl rerl,0
aku benci sakit,0
selalu bangga dapat dukung dewan lokal,0
hari senang us ke panel akhir hari banyak teliti fantastis tarik jadi,0
us lebih banyak bullish ripple news hodl xrp wonka tahu rerl,0
kepala sakit,0
a day without you is a day wastion,0
tidur alarm mati jam penuh menit hanya menit gelisah woohoo now bagaimana cara tiru,0
ooh dengar indah senang milik bagus,0
dapat tanya apa di sini rerl rerl,0
necesito netflix,0
selamat pagi,0
lebih baik,0
asma catarrh campur buruk,0
henti rerl,0
selamat ulang tahun terima kasih jadi ibu saya cinta saya harap milik ulang tahun baik,0
sayang aku tahu betul,0
oke terima kasih,0
us ampun tinggal saya dukung panjang,0
sangat tarik luar biasa anda cinta sangat suka,0
helloo hei aku lihat suatu tempat sini sa gapo terima kasih huhu juga lihat baik rambut saya senang serasi,0
biar sedih tetap sama ada guna biar sama manusia ikut campur itu kasih tuhan bisa ubah jadi bahagia faith christ,0
tahu punya kembar,0
banyak omong kosong hari pria,0
aku begadang panjang malam lalu bangun pagi pagi sekali,0
uber keri industri telur malu,0
klub besar planet wow rerl,0
neraka darah,0
adalah salah satu alas suka liverpool,0
loveorsympathy taut bio tidak butuh shii independent indie,0
dynanax mungkin aneh saya suka akhir kenal digimon pokemondirect rerl,0
taco bell cantina saat pindah ke sacramento,0
maaf dengar masuk angin juga pasang rumah cuti sakit,0
terima kasih moga hari senang jay,0
satu satu teman yang betul anak laki laki,0
terima kasih atas ikut baru baru senang hubung moga hari sabtu hebat peti tcocoluoozi,0
veteran nonaktif dokter hewan atas panggung kamera gerak audiens adalah rumah penuh sesak,0
ketu langsung karier tinggi menang tunggal tahun matches jepit,0
excatlly apa laku luna aku dapat yum yum,0
mr b mfl habis bagi besar waktu untuk kekeh terima kasih bagi momen ini,0
dapat lihat api nyala tiga tidak senang mereka sini tarung buat beberapa bowling,0
hai sayang kamu laku yang sama,0
juga jadi suami hebat aluttual aldenrichards,0
selamat siang selamat idul fitri,0
banyak cinta jumpa sayang,0
smil dan dunia senyum dan,0
sangat sakit aku sangat kesal luka luka baru buka fifthharmony youknowyoulovethem,0
yeonjun sweetie beri soobinie cium gemas yeonbin rerl,0
benci mobil baru butuh minyak sintetis,0
terkadang rindu mulai kerja jam pagi bukan jalang butuh tidur,0
sial laku palsu pria,0
manis,0
us selamat pagi orang bangkit sinar ctto biesukrit biesukritw biethestar biefanclub rerl,0
us senang untuk tonton,0
terima kasih syukur,0
apa anda laku kak jaga kaki,0
terima kasih guna tag anda guna podsincolor promo podin periksa podcast,0
akan jadi hadiah baik idul fitri tahun,0
suka ashley o lepas musik,0
ada parler rerl,0
selamat ulang tahun bro milik malam nyala mungkin sakit jumpa malam,0
siapa jadi orang bodoh belakang,0
itv jadi sangat bosan saya rindu ishqbaaz,0
halaman catat dan masih milik bab untuk goooooo saya bio mayor,0
gemar country akan erti rerl,0
my god,0
tidak sakit,0
orang orang aneh harus henti buang buang waktu coba cari tahu,0
lupa omong kosong,0
hai lukas teman,0
menang malam dan everton longgar poin dalam ayo baggies kita bisa laku lama sejak pergi valencia,0
bantai texas chahinsaw rerl,0
nyonya brown baca kami junior tahun pertama ratus satu dalmat benny,0
sunshine ulang tahun indah moga kamu semua baik kirim semua cinta happyhaechanday,0
uber beberapa pria marah jual tiket atas nilai nominal pindah pria itu salah anda bangkrut tawar minta,0
aku benci kalian,0
benar pahit,0
motionofnoconfidence orang hanya keluh zuma tidak milik tunjuk alas balik adu orang afrika selatan,0
cukup yakin akan pergi mereka milik waktu henti joshua ambil harus laku,0
anda bahkan lihat vick dia ada falcons vick sangat hypebeast buat sakit,0
aku menang kalian benar gila bahwa sht,0
adnlovesinspiteof cinta tuhan tuhan segenap hati jiwa pikir kuat,0
bangun sejak benci omong kosong terlalu banyak pikir,0
fiona hebat,0
foto jenderal tso chicken jatuh cinta senang buat sendiri tidak,0
bad bunny x rosalia rerl,0
oke y e s,0
milik gaun formal prom stop datang cinderellas closet april mulai pukul kafetaria,0
bro kami sabar tunggu kodwa ke emnandi iyalindwa kamu pernah kecewa apa sobat,0
reallyly melon pukul kst fatenumberfor,0
crazy icespeedway riders tadi malam heerenveen lihat lebih lanjut icespeedway heerenveen,0
selalu kata tentang klub itu pernah jadi kontes pancing,0
buruk putus rerl,0
lmfaoo harus biasa sekarang,0
jumpa paris sangat bahagia happinessbegins,0
tetangga muslim benar benar dey bunuh,0
anjing mereka sangat kotor,0
ugh sangat rindu disney timetogoback,0
dumb bitch energy bawa isi daya portabel bawa kabel,0
dia curi kerja layan,0
eva rasa,0
terima kasih bung banyak cinta,0
esoundzstu slot buka sekarang saat hubung essential soundz artist recording studio,0
signofthetimes ohh selamat pagi aww aku rindu harry lama sejak dengar dari,0
sayang lebih baik balik sana di stasiun bus lincoln,0
los angeles love like hussle boog,0
pergi tonton konser exo kali harga masingmasing tambah album saya beli cara seluruh mungkin total,0
menang,0
go study,0
sobat lihat kelas parade tim pertama silsbee buat pimpin brown bros,0
masha allah luv kamu gemas baadshah eidmubarak mannat happy eidulfitr world rerl,0
sabtu mulai pukul malam littyfoolsdayparty tembak henny bebas wanita bikini tops gratis x,0
gambar bisa ambil kemarin,0
hadiah idul fitri modi langkah beri sedikit luka bakar para dukung,0
tuju,0
im a lefie saja suka telur apa ada,0
dapat ethan dia percaya dolantwinsnewvideo ikut x,0
sentuh berani gagal didik skotlandia well hilang nae,0
terima kasih,0
dengar lagu sekali saya sumpah orang mati,0
pasti bicara berkat dalam hidup lol saya terima belum,0
sangat benar,0
alev teman teman cantik,0
kuchtohhai pernah jadi besar sesukir lagu yang yeh bik gayi hain jantaa,0
ada kuat kompleks kule hampir siang hari pesta tetangga bahwa tidak dapat undang mulai siang hari,0
leehi smtm lepas,0
kamu super cantik saya kata,0
ah sakit untuk rindu kota,0
anda siap beri segala senyum findom cashmaster cashfag cashrape paypig walletrinse,0
affinitweet hidden twin atmomosfer kembar sembunyi cari tahu siapa milik via,0
oleh teman kualitas j rgenklopp pizzapenny sightseers,0
saya,0
lebih kagum kapten yang tampan,0
jadi siapa steker sepatu biar jadi satu hari,0
sekarang perempuan jalang gelincir dalam asa biarbah,0
bayi ada hawaii lagi lihat indah,0
lihat betapa baik tolong lovisland,0
terima kasih evangeline dia sangat nakal gemas btw selamat pantas dapat,0
cukup keluar kerja penuh waktu aman aman kerja manfaat penuh jadi manajer baru bts dorong saya dalam jalan baru,0
tahu apa keluh omong kosong emosional,0
beri dingin suka softball,0
tonton brutal,0
selalu sini analisis beyonce objektif saya lihat apa kalian lihat ashanti tidak pernah milik babay,0
us crikey beberapa posisi as,0
jeeper,0
terima kasih butuh sambil jebak mobil pantat yang rusak,0
kata kepada henti sekarang rasa enak,0
tari shtag perlu akhir kemarin pikir asa di semua tempat depresi cemas clomipramine week,0
hei orang pernah tambah ke gdm mari buat gdm untuk liner jatuh meme baik,0
pasti pernah kata,0
adalah video lama saya pernah lihat belum islamicimmigration rerl,0
akan usia tahun sumpah semua orang usia saya sudah punya anak shits gila sini,0
selamat ulang tahun b senang senang tolong jangan mati tn tunggu saya rumah kita bisa capai er,0
adalah konser kpop daebak eric nam terima kasih rerl,0
terima kasih banyak atas kata kata baik mereka sangat arti allah kati dengan berkat berkat paling harga idul fitri,0
butuh neon bagi,0
kerja jam kemarin pergi kuba tari pantat tidur jam hasil bangun kerja shift jam,0
jameson blake iza calzado miles,0
hella lelah bayi bangun jadi sekarang aku tunggu dia antuk,0
moga untung,0
cinta anak laki laki tetapi bisa buat stres,0
ini indah nufc,0
sesuatu mati tengah jalan bebas hambat semua jadi gemuk juga rasa sangat sedih ingin menang,0
mungkin akan pernah cinta orang saya,0
lihat cantik,0
aaw bathong,0
lihat apa bawa ganti karakter rasa untung lihat orang orang tampil kali,0
omg pikir buruk tunggu juni,0
insta lihat lebih tapi,0
bukan sebab butuh kejut ruthlesness yah sedikit ganggu oke harap,0
retas wtf,0
rasa buruk cinta biar tobat,0
syn chicken and black bean tortilla buat tetap baik suara malam minggu resep lengkap,0
moga hari senang teman,0
alih alih gulir bawah mfer saya lebih suka beri tekan beberapa oochiewally wally oochiebang bang,0
adalah sabotase,0
henti ekspresi semua orang pilih bijak banyak dengar mereka nilai,0
lihat pada hari sabtu benar benar fenomenal senang senang,0
wewangian holy grail my my my holyu bisa hidup aroma,0
zhean hanapin mo ako sangat lelah cari nama di fb,0
ikut dukung adalah peluang massal semua sfc sebar positif ngk kaappaan followandspreadsuriyaisme,0
luar biasa mohon buat video nama salur mi adalah lukaluka,0
tidak kata acara adalah buah mahakarya jauh tapi hei ambil apa ada rerl,0
memang sangat sedih pikir itu,0
ingin tulis apa saya rasa entah bagaimana kertas tetap kosong aku bisa kata lebih baik,0
bahasa spanyol konser ikut prancis jarak jam saya saya pergi mobil kota dekat btw jadi tutup mulut terima kasih,0
kerja keras panjang tahun dan bahkan bisa rileks,0
uber omg anda lihat akhir,0
apa anda laku jadi hari senang zachary grooming barbie makeitgreat begreat,0
nikmat sisa akhir pekan nikmat sisa malam juga dan aman jalan,0
wthh miley mungkin beri konsep itu itu arti layak dapat leceh,0
yang sulit suami jadi sekarang di rumah menandatangani nanti telah alami tindak baik acak namaste,0
yerre genre favorit,0
tidak henti dari dapat tanah kembali sifuna i sosialisme pergi kapitalis bau,0
saya menang dia,0
anda laku,0
yah akhir resmi pindah virginia barat tinggal sama kakek nenek senang senang chatt sama kalian,0
tanda tanda api benar benar memang tinggal seluruh hidup identitas saat sial jadi sulit,0
juga dapat dua poster pilih mana lebih saya suka bingkai tutup telepon saya suka dua,0
panjang hari hancur ugh,0
minta maaf juga menang rerl,0
oke cara resmi selesai butuh waktu satu jam makan malam prabayar ledak besar lalu nyala binatang,0
ah ffs,0
lihat hebat,0
rindu pria tari,0
master tawar dj speith mcilroy master dapat taruh gratis mereka menang,0
nama pecocko rerl,0
hidup sangat kejam terkadang,0
sayang bunuh orang,0
bisa hancur tidur siang di taman leicester tembak hari,0
sangat sakit,0
junior hilang hari hari cara ekonomifreelives fostachallenge,0
hari siswa kelas bantu temu cara hubung robot lama koneksi bluetooth hal bisa laku robotics,0
sekolah tengah lama yang saing lawan sekolah tengah baru,0
sial bro,0
baik aku dapat salah satu kantor sudut pandang indah ruang parkir sendiri,0
orang ehn,0
rasa kasihan mereka tanpa dstv selalu rasa nyaman tonton sabc,0
toko manis lokal baik yorkshire barat award sweetshop menang harga sme rerl,0
bitch aku pukul tadi malam ganggu teman kamar minum api naga aku maksud jack fire,0
apa bisa kata cukup pandai dapat rilis baru,0
anak laki laki laku mulai argumen pantat bayi utuh,0
memposting gambar fishhook kenal ulang tahun bff selamat ulang tahun noah jumpa tminus bulan,0
mubarak ho siapa yang pegang kacang lama bulan lunar,0
sakit,0
yooooo ini bukan aku aku bahkan tahu,0
us bulu putih sangat lembut,0
hari saya pilih bahagia,0
moga sukses moga dapat baik x,0
ada ingin beli tempat tidur baru luar biasa kasur rekomendasi rheumatologist adalah,0
suka bayi rerl,0
jungkook benar benar menang depan btsatwembleyd,0
selamat atas luncur slider warna tema pilih andamilik adalah niice,0
me jose ada hitung mundur,0
ass wednesday anda cinta pantat slutty lembab yang kilau rerl,0
aku benci bohong omong kosong picu dalam diri mengapa topi simpan,0
lee omg sangat cantik,0
memang sedih istirahat yesus james mati bawa ke detik belasungkawa,0
lebih baik ada twitter tidak habis waktu sama tuhan cinta,0
sial sedih,0
jadi sedang kerja gadis tulis otf dokumen saya begitu yakin apa arti hanya keluarga,0
huni keledai milik sketsa kecil ignita senang senang tarik terlalu banyak,0
butuh waktu terlalu lama tumbuh alas kelontong alas rambut dagu,0
kuwait uk,0
akan nyala harfiah akan bakar,0
bagaimana coba jadi hari lentur terlalu sulit cs akan neraka,0
adalah orang luar biasa love u,0
tidak,0
siapa kalah kalah pantat tunggu saya tho,0
alami serang lemak ini,0
sangat senang orang gemar emmalouise,0
us bruh salah sepupu,0
terima kasih atas ikut baru baru senang hubung selamat nikmat hari rabu ini,0
us ana paul anka benar benar ironis ana pertama kali hancur hati,0
dia ada sd milik waktu baik makan tunjuk dan rokok beberapa tumpul,0
bank daya rerl,0
selamat hari hump aku sangat cinta rerl,0
t s u n a m i s d vdomingocomtsunamisdv,0
jangan khawatir gabs bukankah atur kaki kuadrat hitung,0
maksud catat di yuu gantung tanda tanda jendela akan kata beberapa omong kosong moga kamu istirahat baik,0
inspirasi tiap hari tetap positif tidak serah impi bisa ikut dan ilysm,0
us apa rasa favorit,0
benar benar mungkin datang ct lihat semua orang selalu ke fl orang marah saya,0
pancake sangat jengkel buat,0
utang semua laura bukan siapa siapa anda izin jadi model anda xx,0
adalah gadis desa cantik hannah adalah teman luar biasa percaya harap impi anda jadi nyata cinta,0
sangat lelah sangat lelah rasa kerja rn hanya tempat tidur,0
aku benar benar rasa gyud na tuhan buat jalan kepada ay aku positif akhir akhir dan bahagia terima kasih tuhan,0
kalian aku milik banyak sama gadis kalian tahu ponsel terbang mobil ketika sedang kemudi sekali,0
tapusin na sana tong pihak tiga adalah siksa hati sinjie hayyy dtbysurprise,0
anda sangat baik minta de ligt gabung kami big v,0
yay lihat lapor buka lambat jadi belasungkawa sama tim anda,0
lmao naw frfr aku tinju tenggorok,0
sial benito anda ingat,0
apa buat dae dae kata siang dumb aku tanya,0
bayi sangat cinta terima kasih atas segala tolong istirahat baik,0
teman teman kasih rerl,0
senang bantu teman,0
ofc hahahaha getar baik onleeh,0
rindu masa kecil tanpa stres khawatir awat dunia,0
sungguh sungguh sungguh rerl,0
bagus ulang,0
boyband masalah,0
kepala berat mata ingin tonton titik aku suka tanding kyrgios lebih banyak,0
orang beri tahu hari kamis tidak lupa visual yhu bilang yhu pergi drop,0
abai banyak tweet serius satu buat kesal saya reaksi,0
lol bukankah kamu lebih booter mohon gabung ambisius,0
tidak beri tahu berapa kali tanya bicara bahasa spanyol apakah saya dominika saya punta minggu,0
jangan itu tidak tahan bayi hikaru,0
adalah buruk waktu dawg buruk,0
mau lihat rerl,0
bagaimana saya teman lucu,0
anda pertama anda tahan,0
poin brownies abu abu bc lelucon benar benar hasil lol dolantwinsnewvideo,0
sangat imut,0
alami masalah sikap bukan masalah anda cinta rerl,0
best of luck teamindia cwc,0
lee hi vokal,0
banri tidak hanya jatuh sampel lagu mam itu kami ingin segera tidur,0
kanker robs family of kcpe star via,0
ada seperti bangun sakit perut keri,0
adalah yang paling lucu paling lucu,0
reporter siapa striker baik pl zlatan luka reporter bagus aguero bukan zlatan banding diri dengan manusia,0
dafuq saya baru lihat pokemondirect,0
orang terus bunyi di no caller id tetap diam bahkan laku itu kunci rendah takut,0
mackie dapat topi baru tuhan bagus panjang waktu,0
hai semua harap milik hari baik rerl,0
laba laba makan semua manusia tahun masih lapar,0
terima kasih ini ke dicha amin memang,0
selamat ulang tahun nikah anda dua tetap bahagia lama ini tahun raina ki shaadi,0
pikir bisa milik untuk sarap u kuntit jaring dekat jadi tahu diri sendiri mungkin dapat kejut hidup,0
selamat busuk semua tahu betapa pantas dengan harga sangat bangga pada,0
adnlovesinspiteof moga temu berani kejar impi,0
pilih minggu salah serah city tutup besok badai datang,0
fave haerstyle,0
sangat istimewa adalah alas saya senyum hari ilysm moga ikut saya suatu hari,0
harap bantu dukung jcpm stopthewar saveournhs twibbon sekarang,0
dukung sepenuh siapa cara aktif protes kunjung truf hari wawancara hebat us,0
hey courtreidox mungkin periksa baru baru parklifefest,0
sedih sekali isya tanpa sayang ke hijrah kembali satu tahun rerl,0
terima kasih malam senang akhir pekan lalu superdupertour denimday,0
batuk sial jadi mati,0
siap main online onmfc seksi milf nakal fun playful friendly rrl,0
sangat nikmat benar saya suka signofthetimes,0
xoxo,0
akan kesal jika orang beri botol anggur merah alih alih sauvignon blanc,0
sepupu kecil kirim pesan anda nasihat hidup di kepala benar benar saya bahkan tidak dapat hidup saya sama,0
sial aneh henti baca pikir,0
adalah acara tv jujur ingin tonton,0
tiba tiba tidak ingin tur dunia day itu jadi kacau,0
dolantwinsnewvideo sangat bagus suka itu sangat lucu,0
mulai tonton the neraka darah bellamy saudara kandung octavia suka lewat,0
sial mereka lihat dalam waktu dalam mfs talkin dey cryin sial,0
bosan kotor,0
sial rerl,0
aku rindu gadis my pukul di tempat lemah gambar awwh lihat sangat kecil,0
tahu selingkuh pacar dia sabi anda guna kode,0
tempat sulit sekarang goda tidur siang risiko tidur lalu siang main di,0
selamat ulang tahun bihh paling buruk cinta,0
holy shit park chanyeol tidak laku pada,0
aku benci dingin,0
kenang snapchat buat mati,0
super cantik,0
selamat ulang tahun hormat yogi ji,0
bit keras,0
tahun sahabat hitung lihat yaa sa rerl,0
ugh aku rasa sakit perut,0
dale bisa penuh syarat sisi kyle busch bisa penuh syarat nascar silverlining,0
cc malang akan kerja keras nanti akhir pekan panjang,0
soo shook rilis colab guysss perfectteam loveyou,0
jdbxjdj jangan khawatir lelucon ada akan jadi pol platonis lucu benar,0
welp acau salah satu makalah istilah,0
terima kasih billy lad moga hari senang pasang,0
harap seperti,0
milik bagus,0
hai harap semua nikmat hari minggu ini cerah tanam indah pic potret o,0
selamat pagi moga hari senang semua,0
good start guys,0
persetan bro idk bagaimana sepupu biar paman hanya kendali hidup segala cara ingin pulang,0
tidak tahu anda buat rasa lebih baik,0
ps benar benar suka salur,0
datang sorak tim akrab sup temu beberapa pahlawan dept polisi elm kecil,0
i rerl,0
selamat pagi bertie moga hari senang,0
lama sayang hati sakit rerl,0
sheesh rerl,0
pria tua rerl,0
bisa me retweet beberapa spam harry erti anda ingin,0
telah temu banyak siswa buruk itu hancur hati,0
cium seperti akan injak saya keluh pergi get me kissesdelavin rerl,0
atau tho,0
super gemas pintar bakat super cantik,0
gelap,0
senang lihat latih ada atas warna kanan,0
temu adalah salah satu cowok lucu pernah saya temu kejut benar,0
happy idul fitri semua saudara saudari muslim selamat libur rerl,0
semua mulai pandedemonyo tapi selalu akhir kenang asa surga rerl,0
sakit salah,0
benci colok respons af lambat sial anda coba hasil uang tidak,0
hey reutersshowbiz mungkin periksa baru baru glastonbury,0
sebab cinta ryan,0
snoop dogg,0
akan dorong ke lubang blok busa tombol,0
rasa momen telah semua cinta minggu rerl,0
firstever beachtourcamp kota minyak tempat salah satu sedikit pantai paling bersih ghana,0
rekor wanita baru meter tetap hari di tempur battlefixx newpr sweat fixx,0
kamu pernah tidur keras mata kamu sakit,0
aww aku rindu terima kasih,0
suka libur turki rerl,0
ah terima kasih harap segera temu lagi,0
baca buah artikel facebook kata tunang drayaa sama dia hilang berat badan bayi cepat,0
aku rindu,0
ada ambang air mata wtf rindu kembali,0
intelektual itu,0
nyonya sangat kesal tidak cara twitter senang kali pantau terus,0
sangat lucu tunggu kalian dua,0
uber orang pimpin partai tidak acau,0
jadi cahaya gelap negativitas benci senyum,0
charlieputh heartbreak rekam mana kalian reasonswhy vote via poll,0
lagu fob fob,0
bahagia hidup gantung kualitas pikir selamat pagi,0
terima kasih bayi rerl,0
bayi,0
tagar,0
lmaoo umeona nimesema silah tanda tangan sini pikir kila mtu ako hak atas dapat sendiri,0
perancis sekolah tengah sangat karat pernah ajar frasa jadi yh harap untung cinta meski saya tahu milik dua,0
cara dulu nikmat bisa buat sekarang rerl,0
ya biar anak malang lapar mati jauh lebih baik,0
oops rasa enak wanita usia tahun,0
forex eurusd roller coster yaa rerl,0
mikha jadi sangat kesal botol keluar mulut omg lmfao thatsmychubba,0
hai nama mana sakura retweet anda suka rerl,0
ooh moga harap bawa janji cerah akhir pekan untuk awan awan warna indah,0
gamechanger,0
jujur intimidasi tahun tahun bahkan lihat ada make up usia tahun itu adalah bibi jual avon,0
hahahah juga cinta kerja la ngan cikayip tu selesai gelar nanti,0
affinitweet hidden twin ttfee kembar sembunyi cari tahu siapa milik via,0
milik mimpi gila bff coba buat kencan buta dia kata hei sahabat punya orang gadis anda,0
terima kasih banyak,0
pikir mmusi maimane main gyming rocky rompi bulletproof,0
terima kasih bagi emma bookblog,0
berita bagus baik laku,0
jeno hilang jeno hilang rerl,0
diberitahu red just remember da z memang tinggal dwn selalu dukung notmany harley barely rawgmula,0
listenlive nickyblackmarket bawa lalu langsung jam pm drumandbass,0
benar benar pergi profil tepat lihat di tl tetapi sangat cantik anon buta cemburu,0
us opini tidak populer benci meme spongebob baru,0
oke jadi kemarin hydro itu sangat bagus bisa laku segera ts,0
sekarang tampil ghost town video musik resmi capai juta pandang selamat,0
benci lihat,0
pria periksa teman teman doa mereka iblis kerja keras generasi,0
kata untuk keras rumah tangga rerl,0
hei baca tbh lihat cukup solid ngl riak saudara hbd,0
suram,0
benar benar kata harus telepon kata dapat polio,0
ingin sapa selamat malam idola bagaimana hari mainexbenchdenim,0
traeditor tumblr terima kasih atas komentar bagus haechan anak laki laki luar biasa antis akan teriak u,0
us ahh wtf man pertama kemudian bateseyboy,0
pantas harga,0
satu yang benci kembali rumah bahwa semua barang gerak semua orang akhir hilang,0
alcer hmu lebih rerl,0
omg henti akan benci,0
sedia jujur aku salah dan milik gagal untuk penuh mimpi doa aku untung,0
brady buat sepakat iblis,0
maann tahu pantat lihat beda,0
ingin rerl,0
nationalhleteday bro ke baseball loretto sports complex,0
erti kami akan terus umpan balik ke tim relevan,0
sangat lucu,0
cermin hitam miley sangat kecewa,0
hi basy terima kasih semua baik hidup senang kenal insyaallah doa kitaorang,0
jangan coba coba sentak saat komentar homofobik buat keledai harfiah lihat sid es age,0
hari tonton episode wild n out saya tidak pernah bosan itu,0
rasa sangat enak pukau lol saya pikir usia lottie nyata,0
kemarin rumah ida usia tahun percaya berapa jauh telah datang tahun bagaimana,0
aku sangat lapar aku hanya tidur,0
tahu persis mana jantung jatuh truk tabrak mobil,0
avengers sial itu serius rerl,0
anak perempuan kata anak laki laki baju melayu lebih baik kurta jadi nahh,0
yasss saat tunjuk hebat diamondheart selamat pagi,0
anda henti poster rencana crytic rindu urus,0
senang hati,0
tidak peduli perang gemar itu gemar jika gg vs gg saya menang,0
kirim peluk virtual semua igot promosi tur dunia got rasa sangat bangga fandom rerl,0
bday adalah hari sabtu milik sisa nama saya cinta dewasa,0
jack minta untuk hapus gambar posting saya dia aduh saya ambil judul manis punggung penis,0
just in from ivan on tech anda terus hilang uang crypto programmer jelas rerl,0
suka aplikasi upvote posting di jadi lihat,0
aint tryna main siapa ik bagaimana rasa kacau,0
bukan tahun,0
salah saya menang klip akhir skam france,0
lemah,0
ambil alih kamar mandi utama rak susun dasar guna produk sesuai bagaimana terap wadah jelas,0
master devil jangan cium bosan,0
tmrw isap,0
imagination technologies milik pukul besar apple cukup banyak buang tidak butuh negativitas itu hidup,0
selamat ulang tahun sayang video mabuk lucu lol moga hari senang indah luv,0
woaah bagus untuk bung sangat untung,0
tetap kati sir,0
terima kasih char ikut cinta yfcica welcome party rerl,0
retwit y rerl,0
moga baik baik sekarang peluk,0
sepenuh tuju tahun hebat lain kelompok orang hebat anak anak,0
terampil analitik,0
harap jalan baik maaf tidak hasil terus kabar agar bisa pergi kunjung dia buat tampil,0
lagu favorit fave,0
bagi buruk milik bayi tidak mandi busa lama minggu,0
pes kati sibuk,0
sekarang lebih itu,0
adalah bagi baik buat porno sangat santai normal cinta sekitar rerl,0
haan ji terima kasih,0
selamat kepada selalu tidur pada selalu keluar kuat,0
dengar wishful thinking sarah skinner np soundcloud dekat k,0
yasss saat tunjuk hebat j di jumat chillin,0
sengat landak laut saya snorkeling kemarin kaki kanan benar benar sakit,0
moga tidak tinggal surga rerl,0
woahh scary af rerl,0
betapa kagum episode ikut gamechangers bringhimback,0
r kalian siap lmao,0
cinta ulang tahun adalah april satu satu ingin adalah tolong buat mimpi jadi nyata bday x,0
kesal luncur kit telah sepenuh taung promosi kami jadi patah hati,0
sadar hirup jahat keluar yang baik anggap bahwa anda lihat diri som,0
sangat imut rerl,0
yo santai satu kali,0
sial inti jalan jadi tidak ada lift orang orang saya benci orang orang kerja pria ugh,0
bad ass bitch sikap buruk,0
tru ima get gors cangkul hormat fakta milik orang gadis,0
yhuu sangat sesat baca tweet a coupla kali ndi hilang nyan,0
akhir tahun uang makin dekat kerja lagi sibuk dan tanggal selesai skema bonus dekat,0
serander golf troirless golf rerl,0
orang malaikat saya akan selesai semua tugas proyek semua yang saya laku satu waktu ini,0
yang kunjung teater saya syuting sedikit,0
sangat bangga sahabat dapat tawar worlds telah kerja sangat keras akhir bayar ily,0
botol beri tahu bahwa tahu sibuk ikut hidup sosial,0
uber neraka lalu orang orang kita bisa bayang,0
aku dengar tunjuk langsung pertama bye babe,0
jackelin southernprepgals suka polyvore tampil nike champion ugg australia,0
sial aku benar benar rasa beli kapak sekarang,0
tidak tinggal kami,0
nairas flash kairas kenang indah beautifuljournery,0
kait anda sesuai tiap warna rambut,0
sedikit untung tukang pijat milik kaki baik,0
like ikut anda payudara panas dm porno payudara rangsang seksi vagina rerl,0
turut saya milik alec acak hilang sepatu panjang jalan karpet bulu tuntut,0
cinta lesbian baik pernah tidak tali perlu,0
uber tidak tidak tidak yang menang rerl,0
masalah besar akan sebab lebih banyak bunuh diri tani,0
favstarbot darlainky s tweet telah suka orang,0
oh boy jared senang jared dapat tkunjungi twar jared milik setel baru kilap jalan jared temu jual nyata,0
seluruh cerita sangat sakit hati,0
cara orang tentu tindak sangat sedih rasa buruk mereka,0
aku sangat lapar aku bisa makan sarap,0
jiminshi u r jadi anak lakilaki ilegal,0
jalan pesawat lucu harfiah penuh rusa mabuk biar jenaka mulai tari bar sini datang,0
ugh butuh istirahat besar,0
masih anak anak kami sangat cinta juang lawan segala rintang tahu akan baik baik kali,0
pria kirim email biaya syarat alamat email aim semua masuk akal sekarang bung keren keren tho,0
suka kerja tetapi bagaimana rasa rerl,0
apa campur teh dia buat semua bourbon damon minum,0
tonton film terminator tumbuh saya benar benar lupa betapa lucu adegan,0
kslsksls mau bukan anggota favorit tapi saya jatuh cinta foto foto,0
orang sekolah tengah biasa panggil anoreksis sangat kurus benci sekarang saya obesxis tidak berat,0
ugh suasana hati pergi wrk tm,0
semua buat kesal banyak,0
benar benar akhir raya turun peringkat saya derita,0
bagus sekali esther para wanita keluar kumpul wishday,0
fakta jadi ion tahu im trippn lebih satu wanita jalang cinta kamu,0
lihat sangat takut,0
reppin freestyle hari love to legenda t yang baik bisnis rerl,0
bagi paling sedih tahap ikon lebih kecil,0
akhir istirahat damai piyu dan terima kasih,0
selamat pagi stan sarap langsung makan siang makan siang terlalu dini juga makan malam moga hari takjub,0
snapchat takeover manajer alat swarm nick sagraves beri tampil belakang scenes lama jalan,0
hanya siap siap pergi kencan lucu,0
ledak bulan bangga bahagia meni,0
saran tentang cara lewat masa sulit hidup lihat ini masa sulit,0
apa ibu saya takut rerl,0
us omong kosong adalah api,0
mati tembak malam akan sulit lupa bahkan terima kasih,0
besok jadi litt gat energi buat orang maiduguri diri atas kaki,0
bharatwithfamily selamat salmania,0
rupa umum tiba jam kirim gremlin nyaman karya,0
dengar lonely boythe black keys nikmat musik joox,0
asjslabaksb sabar lihat lauren sama alex love youuu dua prettylittlelaurs laurex yttfph,0
affinitweet hidden twin gunelsgenderov kembar sembunyi cari tahu siapa milik via,0
moga sukses,0
pelangi beberapa nama kurdi benci orang turki cinta pkk turki fasis,0
fokus gadis kecil,0
liberalisme tentang damai cinta toleransi ampun bagaimana yesus benar jalan hidup anda,0
mungkin studi omong kosong baru lihat lapor bank lihat mana belanja,0
mark,0
jay bagus harus letak di belah harga beberapa host tahun,0
cantik,0
kmt orang afrika selalu laku di tempat tempat ramai sangat jengkel,0
bagaimana temu baik gif pernah,0
selamat ulang tahun ibu rerl,0
nigga saya segar rerl,0
hack by ur dope ass girlfriend aku cinta lebih apa aku sangat untung sebut milik tampan mymcmeveryday,0
rusak kali orang sama,0
ohh anak anak lagu sekarang kerja pusat titip anak tahu cukup banyak lagu anak anak inggris,0
milu bunuh perkosa sistem,0
narwhals benar paus bung aku perlu naik salah satu mereka sekarang moga hasil coba tidak jatuh,0
bagaimana ayah buang cuci di tempat tidur akan laku kerja sekarang harus emas ocd buruk ketika datang laku kerja,0
lmaoo mo awal kalian perlu khawatir ehn waktu,0
lagu luar biasa sangat bangga kalian cinta banyak putthecuffsonme,0
mana dapat temu pd benar benar sangat rawat idola ini mino pasti lebih ju,0
aku cinta hari besok tiap hari,0
us cantik,0
us omong kosong klise percaya hati kibar saya bukan yt henti debffnejwks ini,0
terima kasih main pesta bambam,0
orang beri tahu tentang versi antibalok,0
nwt betsey johnson in tote be mine bag blush mawar mawar tas tangan,0
benar benar peduli berapa banyak tunjuk kekanak kana idgaf ya ulang tahun smd,0
akan jadi gila,0
rerl kursus bagus turun sangat baik tahun lalu pesan sekarang tiket semua pergi,0
itsnoteasybeing hijau kermit kata orang boneka sobat peduli apa warna adalah boneka muppet,0
ingat pada video selamat tinggal defjayb buat menang,0
sama sama hehe terima kasih tee,0
trump i don lihat protes london jadi berita palsu rerl wallst yahoo,0
lmfao,0
game lihat sangat cantik,0
sila pilih cait aktris baik serial tv amerika,0
selamat pertama,0
fakta habis buat sangat bahagia sangat sedih saya punya masalah saya lihat baik milik,0
poni tumbuh baik tidak lihat canggung,0
upchar layismybae baik baik di hati chanyeol,0
selamat ayanda akan layan baik,0
berani kamu kata nista ini,0
terima kasih atas ikut baru hubung moga hari minggu hebat ini,0
groove camp luar biasa terima kasih groovecamp pkenya greaterheights,0
celaka tragis mississippi delapan nyawa ambil hati tuju keluarga yang bunuh rerl,0
lihat saudara mattew,0
aswr gubernur adalah ketua forum gubernur nigeria ada bangsa,0
tahu cara buat trailer tarik apakah operasi metro atur perang dunia ii jerman oo,0
pikir tidak pernah erti perilaku manusia hei terkadang benar benar jijik,0
perlahan dapat bootie kembali raya untung kecil,0
sangat marah ma benar benar omong kosong kita lihat semua orang terus kata,0
bahkan letak ayam pedas kecil mcchicken dawg bingung kata kata,0
lihat playlist live dc untuk tendang tiket jangkau mungkin temu julien jenna lain,0
masih cukup percaya diri sulit,0
hari baik sangat senang,0
tidak ingat jadwal hari atau besok saya pikir saya milik video baru hari,0
gadis benar benar memposting video dia isap ayam putih kecil aku sakit,0
sekarang kalian tahu apa sangat butuh chimmy rerl,0
bintang lesbian,0
everett jc ambil depan seville holmwood true blue tvjchamps champs,0
sangat rindu tim,0
dang phillies rusak anak laki laki cutch,0
diri anda mawar salam jerman tahan rerl,0
uber yang laku pikir anda tidak pantas dapat anda rusak elena damon,0
biar masak anda telah es krim kecil yang lain,0
lihat bagus senang senang acara tahun lalu komunitas di oldmoat withington,0
lewat jalan,0
lutut hisap penis rerl,0
tuju penalti langkah beta paling beta,0
yasss saat tunjuk hebat amberalert castlegiveaway,0
hibur bagus,0
bayram australia sangat mati,0
jadi bisnis untuk tonton snapchat hari seperti aku olahraga dengan dia lihat hasil,0
benar benar takjub tonton tiga kali pikir mungkin perlu tenang xx,0
breaking news zac efron bagaimana resmi peran nightwingdick grayson pertama kali muncul justice leag,0
gadis gadis hula hoops jaga dunia tetap babak foto rerl,0
cewekcewek tolong naik gembira,0
laku sempurna cinta,0
bola tanding liga champions liga ikut cantik mutlak,0
gute spiel kerja tim bagus sekarang ambil beberapa gol jumpa hari rabu,0
spongebob datang nyanyi,0
benar pahit,0
r u benar itu cerita,0
mama kamu semut stres ima buat pulang bahkan aku regang em,0
galeri gadis kelas tinggi,0
uber saya bangkrut,0
terima kasih ucap selamat ulang tahun bukan,0
bud hoft saudara laki laki suami veteran teman tulus belasungkawa anda jim semua ia cinta,0
us juga itu buat sangat sedih,0
reaksi sesi liar kasar buat cinta santai,0
total andy move,0
orang panggil whammmmmbulance it sebut karma apakah lupa merrickgarland,0
saja puisi buat bagi kami sakit,0
haha ibu cinta,0
tampil luar biasa asswednesday tanlinefetish,0
unboxing hadiah ulang tahun beri masa depan vlogger sepupu,0
rabu rerl,0
terima kasih happy idul ajak sis,0
u milik senyum manis,0
girlshbo buat sangat tekan tonton tunjuk kembali belakang buat khawatir kurang pilih hidup masa depan,0
kamu lihat sayang senang temu dengan terima kasih dukung,0
harap bisa masak lama tidur,0
tengah pagi rutinitas depresiasi diri oh henti anda icandy saya oh suka cerdas anda saya,0
anda anda milik kati,0
suka sekali,0
orang ratu segala gemar paham makna asli tahu utama jadi orang asia,0
tahu juga masak pancake atas sandwich pers,0
terima kasih atas ikut baru baru senang hati hubung moga hari senin hebat it tconhocrycvl,0
whatt noo,0
hati hancur tahu latih favorit pergi saya akan rindu sepenuh hati mohon tetap nyala,0
hot af retweet ikut rerl,0
terima kasih tuhan milik anggota keluarga sangat terampil tidak dagang,0
september colombia buat dunia sepak bola diri perhati,0
temu dapur hilang buruk kupas buah,0
kamu pergi milik terbang aman,0
bodrum effect rerl,0
whew sangat senang stasiun di sana kirim banyak peluk cara rerl,0
aww sangat lucu harap kalian semua baik,0
dday pernah lupa apa mereka laku kita rerl,0
angguk orang bantu nasihat sering banyak anda mungkin besar coba bagi besar,0
quads latih lengkap ig di sini,0
tanya ibu tentang dan baca lalu kata saudara saya bahwa tinggal dia,0
senang orang benar benar peduli anda harap bisa milik,0
dalam kata atas,0
selamat ulang tahun have hari baik anda pantas dapat makan banyak kue wortel cinta,0
jalang rerl,0
waktu dekat ayah dekat anda sekarang selalu,0
uber tuhan,0
aww sayang aku cinta rasa jilbab sangat keren indah pakai bangga,0
tunggu sebentar aku lewat karena di rochester,0
aku rasa mual perut,0
benar benar milu,0
jadi sapi ayam orang orang iblis telanjang pria sama okeh,0
dorong chip chip wafel mulut ketika tengah tidur,0
pratinjau foto luar biasa harap segera tunjuk hasil rerl,0
hey nattie hari adalah hari ulang tahun dan akan sangat arti saya anda ucap selamat ulang tahun terima kasih,0
wtf hati,0
terus renang,0
siapa saya scam na you dey scam,0
wayyo allah na naksir kamu lihat sangat cantik putri lavender memang,0
beri apa kami ingin tidak yang luka,0
tunggu pikir orang canda terima kasih atas cerah meski,0
niall niall berseofis sedang suasana hati baik mau anda ikut ini tuju hidup tolong niall aku sangat cinta,0
do et,0
suasana hati tiap kali sadar juara nasional,0
di atas,0
telah jebak pikir gadis pikir hanya pegang,0
suka ikut anda nude vagina dm horny seks retweet rerl,0
uber tahu tetapi bob the builder theme song putar kepala kami,0
tampan tomybelovedv rerl,0
neraka,0
affinitweet secret crush syiusj diam diam cinta siapa cinta rahasia via,0
truee,0
masih milik tiga tunjuk perlu tonton akhir pekan saya tidur lama atau tonton tunjuk,0
marte seluruh main baik sekitar,0
senang ira lucu,0
hisuhyun terlalu nyata suka dua,0
tapi,0
moga sukses jumpa musim depan,0
akan datang kaki telanjang,0
sial aku lihat,0
perlu temu cium cetak lengkap,0
ingat tidur kelas lemari waktu lewat makan siang,0
harap,0
jadi jelek juang tidak semua orang erti,0
dapat mrsnoop,0
yamachan orang komedian dia orang komentator terrace house aoi yu aktris kenal,0
bagaimana kalian dapat tato aku menang sendiri lihat,0
selamat ulang tahun lambat anggota hukum tiga geng clob i sabar lihat,0
keti adalah neaat suka tata letak taruh adalah estetika lucu baik,0
selamat ulang tahun baik dua dunia rerl,0
senyum kilau sinar rerl,0
selamat pertama,0
sahabat ingin brownies gulma dia punya bayi hei aku gelas anggur jadi lol,0
moga berkah allah jaga hati rumah anda bahagia gembira gembira idul fitri,0
hello ikut terima kasih banyak ikut moga dapat hari jumat bahagia it tcowgszhkrp,0
saya maksud untuk aoty award,0
buat baik fwm saat turun butuh orang angkat saya saat itu ppl punya senjata,0
ketuk gambar buka lihat kontras indah rerl,0
idul fitri lawal ibrahim whtyman selamat sal sayang,0
dagang gratis ikut x kurang,0
gumtreemythsbuster roadshow gamification fun at mediologi rerl,0
asal hati,0
bung gila,0
us makan cara semua ikan hati wanita gadis gadis besar tahu tidak kurus di bawah lacur,0
jadi sakit saya seperti sakit welp tidak bisa laku apa apa itu lebih baik baring tidur,0
dapat top of wishlist saya,0
sangat pintar o ironis bagus tidak aktif sana saya senang lihat panjang hari,0
hai na akan rindu ramdan betapa indah bulan,0
tahun punya siapa untuk spam semua foto saya,0
aku cinta,0
sial,0
darat empat kali lipat lipat kondisi bagus teriak pria winner jauh,0
sial makan omong kosong,0
jadi mayoritas kutu umat hindu,0
abai wajah itu sangat hott,0
lmao uji coba,0
simpan uang sangat bosan,0
orang rap obat bius rerl,0
terima kasih saya sangat butuh,0
terima kasih juga anda,0
craig tipe diam kuat animalkingdom,0
duduk,0
terima kasih pickup item besar sangat cepat sekarang tetangga tidak perlu lihat sofa tua yang jahat trotoar panjang hari,0
rekomendasi burts bees fave adalah vanilla bean pertama tambah kemudian lipstik bantu buat kilap,0
us kecut hati bunuh hewan tidak daya,0
baca dm po,0
anda nikmat buka akhir anda jangan ragu dukung rerl,0
laki laki terus lindap non stop ini sebab ada topain ada akan lambat henti dari,0
benar benar,0
menang rerl,0
tahun telah ajar orang orang tidak aman sangat bahaya semangat,0
cakap paling lucu pernah,0
atur na pls,0
generasi baru bom pukul jrgolf rerl,0
sial sakit,0
sial rasa beberapa tipa rn,0
tubuh gd sangat sakit,0
us berita sedih itu,0
sangat bagus rerl,0
ngomong ngomong laku harap mereka dua putus dan mereka baik baik,0
ohhhhh nooooooooo tidak percaya lupa gossip girl bagaimana bisa rasa saya bentuk bom,0
seniors foto kelas besar ambil rabu depan harap kena kaos senior untuk gambar,0
antuk efek samping umum obat alergi ikut orang yang anda tonton,0
coba im mungkin gaya seni pantat jelek tumbuh saya im butuh waktu jam unduh saya,0
ini sabtu depan itu sasha saya sana dapat bicara bagaimana juang di uni ajar,0
hidup kerja jalan baik hidup reguler adalah kacau beranta,0
omg menang tyler joseph is a baby i tell you a baby,0
thelandofblueharmonie badang kadang harap manusia lihat dunia yang laku tidak panjang waktu,0
niggas malu malu pantat dengan cara sama anda malu saya,0
samasama ampun lihat sangat enak bisa makan semua,0
semi lihat bournemouth bagaimana brighton ffs,0
suka adlib lucu juga rerl,0
us temu idul fitri eidalfitr,0
oke pandafandom nikmat makan rerl,0
cuando los jonas empezaron a cantar please be mine bitch i were ugly crying,0
selfie mobil di sini antar ke akhir pekan foto,0
dengar trek empat kali turut turut sekarang tidak yakin paham sedikit tapi sungguh takjub,0
api api,0
legit copped mine terima kasih man,0
ketidakamanan bahaya,0
selamat ulang tahun kamu sangat cantik baik kagum jaga pantai baik pernah miss sabar musim panas,0
semua baik,0
harap segera sembuh kirim energi baik brasil,0
jadi bangun jam terus tidur bahkan saya harus buang air kecil sekarang pukul siang saya akhir kencing,0
wtf yo omong kosong rampas adalah sampah str yang buat bintik bintik bagus picu legends,0
jangan diss mah boi dat dia harga harus lindung,0
mungkin bukan idul fitri milu,0
ugh butuh istirahat besar,0
aku cinta fullsun,0
haha terima kasih atas jawab lebih baik lambat tidak pernah ps buat sendiri dekode dukung online,0
selai sesh kita milik jalan tempat titip anak apa buat pagi begitu hebat,0
smh onyx pertama sekarang mansion playboy,0
excyclone debbie banjir besar hantam nsw utara log gold coasthidup lihat sini,0
oof sangat senang temu indah hari rerl,0
pagi tidak jalan sesuai rencana tetap positif,0
tidak pernah turun berat badan saya temu resep vegan karbohidrat tinggi tidak sengaja hari,0
lmaoo datang lihat lacur buruk,0
hilang papa pada hari ulang tahun thoo dawg kotor sakit,0
idk omong kosong buat sangat mati,0
moga sukses sally,0
jijik apa salah orang orang,0
niggas punya banyak uang media sosial anda kirim faktur,0
ulang tahun paling bahagia konstan aku sangat cinta aku syukur kerja dengan tahun di sini mo,0
bebek kembali wss halaman tutup siswa,0
sangat laku bahkan butuh sedikit selesai reksa harap balas ocs rerl,0
jalan lalu sarcoidosis mentalhealth purplepower sarcoidosiswarenessmonth,0
selamat idul fitri semua doa semua orang milik waktu hebat kati moga semua temu di bulan suci ikut insyaallah,0
lihat retweet kati rerl,0
bukankah cantik ibu guys rerl,0
kh punya beberapa pin baru abrewin,0
y harus laku pada anjing malang,0
aku benci jadi orang gadis bulan sekali omg,0
pria aneh aplikasi minta aplikasi uang tunai di dms kirim uang tidak akan bantu mulai cakap saya,0
kamu sangat buruk suka ma,0
salah bjp suatu jadi bagaimana di negara bagi non bjp siapa akan kamu salah sotril uppu irukkaa,0
minum langka air nilgiri orang derita tidak air da p,0
rasa sakit rasa sakit untuk tahan dan tidak rasa yang sama sangat mati rasa,0
sangat indah seksi,0
kenang rerl,0
wooaahh bts level,0
sangat bagus negara negara gay,0
i dead ass dapat hubung sisa diri,0
yang baik orang profesional suara saja akan,0
pergi paris malam saya dengar seperti quebec dengan poutine jauh lebih sedikit menara eiffel cara signifikan lebih banyak moga imbang,0
aku cinta lebih,0
gadis cinta kamu,0
ada angin sepoi sepoi night ass hot night bitch rerl,0
banger kaki kurus buat siap set minggu depan,0
saudara laki laki benar benar curi kartu lompat saya marah rn,0
us sungguh,0
bahkan lima menit kena latih baru west highland terrier muntah terima kasih brodie,0
baik aku cinta,0
ampun besok sial mungkin usia tahun tidak rasa lovemylife turningbutdontfeelit,0
jadi usaha hebat harus hapus hati dari dada,0
tidak tidak pengaruh buruk tekan teman,0
baca rencana coffee morning with james lihat sini the word,0
hari rambut buruk,0
kerja saya sangat butuh kerja baru,0
yang paling sedih sangat sesal dengar kejam serakah pajang amerika,0
sangat sedih,0
benci tidur sendiri,0
tahu mana akan lihat lebih baik,0
lacur bicara lacur palsu lacur palsu,0
akan mati,0
hadiah singkir getridofitmovie gabung kami twitter pukul tanggal april,0
penelope pesta milik bulu ekor suka patuk lebur mungkin lawan menang cuddly,0
harap dapat diri di beberapa kata siyakfaka gratis sendiri lama beberapa jam,0
selalu bersih,0
mimpi ada pesta hari an mama def hancur kotor dengan telepon,0
idul fitri semua orang rerl,0
us beberapa kita alami depresi,0
tonton semua lacur winnin anda kalah ionn pernah kalah,0
suka blokir orang tonton halaman lama bulan bulan akhir komentar hati mereka pernah suka losers,0
yakin sdt buat tinggi lama jam bisa jalan hampir tidak bicara hmmm mungkin aku alergi suka,0
khianat buku,0
kali,0
lalu hari aku berani aku kereta bawah tanah aku rindu pagar regional menang rumah,0
tahu louis sangat sibuk kami sangat rindu,0
ingat cepat orang malaikat benar benar paling layak semua positif dapat anda pikir,0
terima kasih bung terima kasih setel banyak anda laku selalu senang rerl,0
ingin tahu foto jk edit saya terlalu tarik sama sekali siapa yang diadia bukan bagi kita,0
paris pagi hari montmartre beijing shanghai london,0
aku sangat bosan omong kosong bisa aku gerak mulai hidup,0
kali jadi potong rambut saya bisa potong rambut saya lagi,0
jalan seluruh danau sial hari kaki sangat sakit,0
segmen rushwin alhatilalden aldenrichards,0
tinder rumah kering semua yussers sudah geser gaa disko tahun lalu,0
bakat kimia ugghh,0
teman manfaat,0
orang gadis langsing perut rata makan roti saya suka,0
prev exo xiumin pitch pertama lg twins jamsil stadium cr serendipityhee bunuh lihat,0
punya apa salah dengan,0
terima kasih martin senang suka anda gabung futureofmobility sendiri,0
adalah nba,0
senang mf tahu akan gabung gera suatu hari anda sana lebih dari,0
juga sebut sarang komunitas suka versi modern rerl,0
lupa omong kosong simpin musim panas im thuggin outt omg,0
orang suruh menang aku menang kapan emosi akan normal,0
sameee plus dapat rbf sehingga orang ingin datang bicara saya saya lihat kejam,0
tahan benteng satu tanding volvocup tennis massagetherapists lmt,0
hailey van lith emoji api jalan xu,0
pagi malaikat semua bagus,0
terima kasih atas ikut baru baru senang hubung selamat nikmat hari jumat hebat ini,0
hanya laku keju mentega perlu tingkat main,0
saat paling gelap rasa nyaman baik selalu menang atas jahat,0
suka juga sangat sedih,0
kamu lucu,0
hormat pria wanita heroik korban segala banyak rasa hormat generasi yang luar biasa dday,0
pantat gemuk jinsnya robek,0
sahabat jumlah tanda satu sama dalam tag diri meme kata sama satu sama kali hari,0
orang teroris neraka nah ion lihat,0
kalau ini benar yesus selalu minta ppl kerak bukan cara buruk lmao,0
us dia manis,0
selamat pagi guys,0
bayi akan mug saya senyum ibu,0
sempurna satu sama akan main main ringkuk laku sains selesai masalah mereka,0
mati itu jadi,0
selamat ulang tahun salah satu man s god bless love youu nata sig tog klase ig college unta noh hahahaha,0
memang kecewa adalah masyarakat plastik istilah literal figuratif,0
sekarang besok malam jadi gilir untuk letak cap sdliveaftermania bisa tunggu,0
telah thewalkingdead finale sekarang tunggu musim ikut,0
lokking good out,0
idul fitri anda yang dekat kasih,0
boo ingin pergi jemput kata kepada saya bisa selinap keluar kata beri tahu orang tua saya untuk orang teman dampar,0
penting jangan serah dari lebih suka sekarang sedih asf,0
hari buruk bola tenis gulung bawah gerbang sayap zombie museum zshq rerl,0
kirim eclipse daftar putar nasamoontunes,0
rileks,0
terima kasih atas ikut baru baru senang hubung selamat hari rabu buat,0
suka segala jadi sedikit cabul,0
omg omong kosong buat sedih marah saat sama,0
samudera gerak hati inspirasi imajinasi bawa gembira enteral jiwa,0
cantik yang paling lucu zeykad babies,0
wow tidak inspirasi,0
sangat cinta sini jangan pernah pergi aku larry buru,0
terima kasih atas ikut baru baru senang hati hubung moga hari minggu hebat,0
mana stona mf mereka tempat artis mf artikel bahkan tinggal dc sendiri probable,0
wow perlu ajar bagaimana bisa tekuk jauh,0
terima kasih semua orang telah rujuk umpan balik positif milik bisnis saya saya sangat harga gladforkidrauhlimages,0
selamat pagi dunia kita milik hari rabu luar biasa sorak malam untuk menang moga hari senang semua orang,0
sama sama happy eid,0
us tambah bagus akhir satu saya suka fraktur wonderland tiang,0
sayang sekali tidak kemas pisang,0
selamat ulang tahun salah satu rekan kerja favorit adalah permata saya harap ulang tahun luar biasa,0
terima kasih bailey,0
pahit,0
menang,0
hanya coba sikap baik orang orang bagi semangat positif tetapi beberapa mfs mulai lihat sisi jahat adalah cerita seluruh,0
mungkin jadi masalah saya erti masalah,0
cuci otak orang klaim viktimisasi keluar tolak tuduh kerja sama afpraids,0
selamat pagi kasih tittytuesday rerl,0
best of luck cutie,0
spotifycares juiceofall juice hei terima kasih atas minta tim kuras mandiri kami terus saran ym,0
sunmi tarik unggul het satu satu orang bisa laku kami cinta lepas seksualitas,0
ivey ranchrancho del oro larvitar rock smashcrunch s besar m s,0
neraka nah saudari pernah,0
lempar tulang luar biasa,0
hari napas berkah lain alas untuk terima kasih tuhan,0
foto benar benar basah atraksi telah nikmat wafel hangat saya,0
uber tidak,0
selamat ulang tahun satu tahun saya twitterdwaynerlewis textgram instagood iger igers,0
semua laku,0
kusut glaze crackle tembikar raku dengan tembaga karbonat reduksi,0
sarap us meja di belah orang orang bicara rekonstruksi kornea sel induk limbal,0
us cantik,0
jelek kirim benci eidulfitr rerl,0
pasir sini,0
eidmubarak semua idul fitri rr rerl,0
tahu bagaimana telah laku jadi negatif rekening bank saya tanpa milik ceruk,0
ada cara,0
perlu mulai mes libur lol,0
tug of war benar benar takut jadi erti mama,0
lihat sangat cantik selalu kagum pakai tradisional seperti tarik pesona,0
howdy steve jawab terima panggil telepon tim upgrade ob telah saya milik cancell,0
selamat ulang tahun rekan kacang baked sabar tunggu uzi perahu ambil lebih banyak tualang sama milik,0
sial kamu orang binatang buas temu idola aku rooting untuk adalah dewan suku gila survivorgamechangers,0
uber selamat pagi artis suara tambah rerl,0
apa apa semua orang sakit layang dari putar itu,0
senang pergi pesta prom orang kenal sisi gadis gemar tidak sabar tunggu april,0
butuh roberta one jadi sangat buruk rambut pantat merah saya rerl,0
salah satu tweet ada sini terima kasih tt,0
akan jadi hari sempurna gin bbcgoodfoodshow,0
crieen,0
moga hasil saing us final regional hari rerl,0
bagi cinta terima kasih jadi ikut baru atas minggu tah,0
laku banyak telah lulus saya pikir ada tengah juni sesuatu,0
smashing i south to las vegas westfest malam jadi hyped lihat,0
berhala laku selalu sangat lucu,0
yasss saat tunjuk bagus swimgoggles goodmorning share,0
aku cinta lebih semua bintang semua alam semesta selamat ulang tahun cinta happyhaechanday happyfullsunday,0
pernah pikir rencana libur begitu tegang,0
us hal indah rerl,0
sial bendung dekat depresi,0
benci teman teman yang keluh tidak punya teman pero di sini sooooooo clearlyimnoone,0
us mo shalat ira reporter masuk cium jadi putus naik tangan,0
baru tonton ulas ramos,0
hanya pergi comiccon sangat buruk ada daftar ember sejak masih sekolah tengah,0
buat takjub bagaimana kalian keluh dia,0
man hanya keri bayang harus latih sekolah x x,0
ingin pergi konser jonas saya punya siapa siapa pergi,0
temu apa laku ulang tahun saya,0
adam pally tangkap tangkap kokain nyc fox news karma b bukan lol,0
tiga hari lelah cinta,0
wow selamat,0
instagram tempat manusia cantik twitter malaikat terlalu banyak spesimen halus saya mati,0
jika cekik mungkin marah,0
slave slave bluray review rerl zirigozaeu musik cd,0
findthosefew adalah siapa satu bangsa bawah tuhan pisah bebas adil semua love,0
saya pilih choicechemistry hessa hero fiennestiffin josephine langford,0
siapa bilang jio hilang langgan server jio money down lalu lintas padat jioprime,0
adalah orang ingin bunuh orang tidak salah raya siapa yang cocok modus operandi,0
susun ulang semua film fast and furious dad saya kata jam film akan sulit tidak anda,0
benar benar menang bcos kram menstruasi focc benci jadi orang gadis terkadang sksksksksksksk,0
episode mereka lihat mereka laku korey ini,0
omg lihat sangat muda austin suka dua sama juga pria inggris cerdas kenal asl,0
laku pres masa lalu laku semua klaim dt tindak esp laku duduk presdt milik,0
menang panjang malam,0
kemudian lalu lintas buat kotor x lebih buruk,0
lemak lil,0
wah nene buat menang,0
selamat ka swerte rerl,0
sangat bangga semangat anda cmtawards votekelsea,0
takjub rerl,0
tindak cangkul imma laku anda seperti cangkul bisa marah saya itu anda siar,0
kalian semua bayi media sosial kacau,0
nanti latih pria baik sekitar jumat happymonday,0
suka jaket jean yo sepupu muak saya seperti sudah dapat warna jean kembali jaket sial,0
gaah jadi hawtt,0
miskin miskin apa lingkung apa salah kode pakai musa ukunya wena,0
lol anda dukung trump anda dalam posisi apa untuk hukum siapa kena tuju hormat munafik,0
gagal besar bisa bayang temu tuhan apa kecuali kantong dosa maaf dosa allah,0
baik suka laku siap suatu harus dengan jadwal sibuk benar benar ketat cukup kejut,0
guys noo paru paru fugjsyb,0
fantastis sangat fantastis,0
menang reallyreally fool melon kst,0
kirim kunci dua tahu chastity satu satu tuju hidup dan domme keyholder cantik semua anda impi findom,0
jatuh cinta uang sweaaaar dewa idc bangun lama jam turut turut lama saya dapat uang,0
nah bitches sakit kepala,0
halo teman keluarga twitter cantik bulan pride happy rerl,0
sekarang tidak kata shure saya pikir rupe lihat mungkin temu tempat sembunyi,0
akan pulang surat kadang kadang buka ketika memberitahu ibu untuk buka jadi frontin itu bukan baja boo nya,0
tangkap towie emosional harap akhir itu sangat lucu meski,0
my jadi ini rasa serang dekat indvsa worldcup wc rerl,0
senang senang senang pada minggu akhir libur,0
persetan lampir pria,0
ada iloilo orang tua pikir sama terima kasih pandu wisata,0
pria gila,0
henti debat lacur lalu internet sejak lama energi pernah sama langsung,0
baik kata,0
omg terima kasih banyak om om om om om om om om om om om om om om om om om om om om,0
anak anak ada bawah tekan konyol lebih sedikit uji mulai sekolah lebih banyak main toomuchtoosoon,0
love rerl,0
ncu menang dapat ambil semua rokok me jika kalah harus rokok tumpul saya sepakat,0
naira harga,0
cerita beda itu tunjuk bodoh orang berani orang,0
sangat senang gaul bicara bagaimana buat sekarang selamat datang tasmania nikmat anggur,0
issa talent beri dewa,0
sial lupa ponsel hubung speaker di ruang dan coba putar video pikir susup di sini,0
bayi mochi paling lucu rerl,0
jadi beberapa k army y ngi turun berat badan jalang pernah kata lagi sakit gigit lutut anda pandang,0
cium bau super bong ver,0
lapor tanding vs online wearestar nonleague,0
hari tanding sambut cvca field dowed jv pukul universitas jam goknights,0
mungkin sekarang miranda kata dalam pidato terima depan semua orang semua acara harga sampai sana omong kosong,0
pikir jelas sial jadi gila sekarang,0
rasa tapi kata saat siap takut anda akan rasa lega,0
ada rekomendasi alat rekam bagus rekam nyanyi karena pernah guna memo suara iphone,0
naw fr,0
bbq tidak tahan alkohol lihat ambil bidik panjang malam tidak kejar apa itu masalah,0
alas sempurna nikmat sinar matahari hari fiat x anthony a,0
siapa dapat chisme masuk dalam pompa bensin lokal mereka wanita yang kerja sana teman baik saya sumpah,0
jika nikmat bahkan sedikit rasa benar telah tumbuh orang sejak tetapi agak,0
suka,0
masuk dalam ruang bunuh orang pun masuk mati,0
terima kasih cinta,0
suka terima kasih,0
selamat ulang tahun u sexy lil bitch i love you terima kasih semua waktu senang,0
kualitas buruk masih layak bagi snapchat naughtyroxxy rerl,0
tidak tunggu wow,0
lmfaoo,0
selamat ulang tahun kal moga hari cemerlang,0
hubung discreet sad rerl,0
rabada lihat semangat hari,0
tubuh sangat sakit,0
cahaya panas intens bunuh manusia bug waspar getty imagesbarcroft media via space,0
bagaimana sakit,0
orang wanita jalang menang aku im the bitch donkiss,0
tahun jauh nyeri sebal,0
us lmao tetap,0
siapa perlu buat album baru semua ratu ri bunuh,0
bookclubsofsa zuribookclub tinjau semua cinta juni gabung mereka,0
shetre pailwaanboxingposter,0
jaga baby girl jumpa besok kathrynbernardo rerl,0
hahahhaa hari sepenuh selesai ini klasik,0
hari loooooovely tobeinsidedoingadisseetation,0
terima kasih teman teman telah bagi takut cinta,0
ugh bitch bodoh,0
video sangat bantu ketika jadi vegan moga bantu,0
uber man tracey bagus bangga,0
terima kasih,0
i c beda exo terima kasih jadi semangat tetap sehat tetap cinta exols,0
casey orang baik buat rasa lebih baik hari buruk sah rasa semua orang butuh casey hidup,0
hari ulang tahun ratu hari us selamat ulang tahun sis hidup hari saya sangat bangga kenal,0
menang andy menang,0
tunggu anda mulai sapa orang anda temu apa jadi,0
trop keren,0
liar sekali,0
klay thompson tanya kami ambil selfie jadi kata mengapa maliit na bagay ha ha ha lu,0
yang jadi sopir keluarga bisa hubung ingin buruk,0
apa salah telah laku temu teman kelas lama hari harfiah bus mohon neraka,0
reksa anong gagawin kapag nawala yung con tix teman hilang dua kali con tix dksks saya sangat butuh bantu,0
aah doa jawab,0
kerja sedang langsung suara baru muat motiyan ep squeezerecords rerl,0
pasar beli rumah sangat terlalu sekarang tingkat kita mungkin sewa lama,0
adalah tarung putih paling biadab pernah lihat,0
omg sangat panas,0
medstudenttwitter kalian butuh istirahat ajar tertawa dia,0
sedang menang,0
tahu saya bagi lalu fb itu sangat senang,0
us haha ya kenal lalu salah satu teman temu dengan beberapa kali,0
pengaruh sangat buruk suka hanya men tweetnya anda,0
momen sedih,0
adalah satu satu foto saya milik kami selamat ulang tahun rindu,0
pikir makan kentang goreng sekali sial bago pa ko nagpa sesuai kabel lebih besar gi guna na ni doc,0
diamond bulat bulat alami k kuning gold s bentuk band cincin wanita,0
es target sekolah suaka ikut seluruh keluarga deportasi belah,0
jalan australia harus tonton spirited away castle in the sky,0
us orang aneh atas aneh smh,0
benar benar kati teman baik nan tuhan tahu apa dia laku,0
girlll seperti obsesi salur kami benar benar sangat mirip lmao lets be frends,0
senang sahabat sedikit lebih tinggi saya biasa tinggi teman teman saya,0
just baltimore things,0
apa minta ibu ketika beri inspirasi yang begitu indah swallowtanager,0
pagi fiona moga hari senang,0
pikir hidup lelucon eh,0
moga hari senang,0
bulan pride bulan punya banyak ide bagaimana akan raya bagaimana dengan,0
hbr v apa bisa laku milik skor lebih rendah tingkat terampil intrapersonal interpersonal mereka,0
cerai juang hari coba paham asa saya selalu ingin apasiapa tidak saya jangkau,0
pertama tama omong kosong sakit,0
sddsjshshd cinta oke,0
idul fitri mubrak yall dengan pria hebat hidup,0
woo sangat senang anda,0
aku guna kartu imbal bayi toko obat kumpul uang itu buat jadi orang jahat,0
lebih suka hilang ikut k daripada milik ikut ikut sinar matahari x,0
hati pantat lemah sakit otak bisa henti jadi cemburu apa apa,0
omong kosong,0
x tapi bukankah selalu itu,0
,0
suka facebook rerl,0
uber up syukur selamat pagi bagaimana malam,0
tidak memang baik teman kecil bulu,0
kira tidak lihat cantik jo haseul lalu well rerl,0
terima kasih hancur gambar gambar indah rerl,0
aku lihat suka topi aku kamu topi koboi bawa kamu tunggang lol tunjuk apa texas b,0
laku banyak panggil tempat kerja hari tetapi bisa tolak old school jumat thestruggle,0
terlalu tepat,0
kemarin ingat enam bulan operasi saya jauh saya tahu bebas kanker cukup kagum kan,0
sebut penuh benci tlg jangan buat hal positif negatif,0
ingin jin sekarang mungkin akan beri ingin dan beri us ikut harap harap harap,0
rindu sedikit tambah hari cepat kembali negara bagi,0
lucu bagaimana kerja butuh gelar mulai pudar orang kulit hitam mulai lulus,0
lmao wow,0
ini langgan capai akhir april saya akan senang anda,0
tw makan laku sahabat dengan resep baru saya buat rerl,0
uber universitas himachal pradesh siswanenvironment,0
adalah referensi berkat btw bukan bilang de,0
uber fuck bagaimana sih lupa saya baru tonton lilifilms kemarin,0
sangat indah seulli,0
terima kasih atas ikut baru baru senang hubung selamat hari rabu want tcorntbwgv,0
semua orang tanam tidak yang mau bayar tagih bagaimana cara kerja,0
sabar lihat sahabat besok belum lihat tengah minggu terlalu lama,0
selamat ulang tahun anak cantik saya harap semua harap baik cinta,0
brian luar biasa poster child apa salah dnc semua milik masalah alir arteri,0
terima kasih cewek,0
aku cinta nay,0
terima kasih baik sangat harga,0
aw indah,0
sangat bagus pafc,0
lebih banyak foto prom lurus orang cantik keluarga cantik kalian rock,0
saya keju bro,0
masak yoda album carrying the future musique japon information,0
bilang aku buat titik sosial teman teman wanita lebih banyak musim panas pikir aku mulai bagus,0
benci reuni keluarga mereka panggil dengan nama kata ganti yang salah tidak hormat privasi rerl,0
henti keluh nalang ramona,0
de tim paling lucu rn,0
spot,0
i l e lingerie,0
telah bolero jebak kepala pada satu loop sejak jam pagi tcoxxphoqtjuu,0
sangat rindu rasa senang dapat balas dia,0
us ondrills kesal pria bulu alir,0
yo log ikan tantang baik pilih warna lambo untuk maverick improvisasi,0
akan gagal bagaimana jatuh tulis smth abt u,0
masih marah mimpi mantan benar benar urus bisnis,0
perilaku munafik lucu,0
uber my word,0
selamat ulang tahun moga hari senang akan cya minggu depan dancancxxx,0
lol awu mpokoqo bukan pap asli tidak kata rerl,0
moga ulang tahun paling bahagia cinta rerl,0
muncul perc sekarang hidung gatal yo homie tinggal tahun lalu henti menang omong kosong,0
lawd saya lari cepat,0
mungkin cinta menang,0
harap akan henti dapat pemberitahuan espn lavar fucking ball he relevan,0
pawcircle ghostie baru pergi operasi hilang tes obstruksi limfoma paws crossed,0
moga selamat ulang tahun salah satu orang kuat paling cerdas inspirasi saya kenal love,0
thanks terima kasih atas ikut baru baru sangat harga ini,0
sayang kamu,0
sial adegan asa nyata tindak sama sekali hercai reymir,0
terima kasih atas cinta episode dua luar biasa benar nachbaliye,0
tahu flippin lihat orang foto iggy pop,0
yo aku sangat sedih akhir akhir que me esta pasando,0
hai terima kasih selamat dan tunjuk sisi indah ikut saya aku cinta,0
harap tuju minta gc terima kasih,0
jaga diri harap segera sembuh,0
selamat ulang tahun wendy moga hari indah isi banyak cinta tawa moga bisa bicara lebih banyak aku cinta d,0
ingin pergi ruang ballroom sangat buruk,0
freddy p x anb out sekarang beri tahu dapat tentang itu,0
lebih murah beli batang hoki as kirim beli toko inggris depresi,0
ngl kamu buat menang ini,0
aku benci orang laku hanya dm aku sial,0
sangat ingin tetapi pada dasar ambil sekarang bahkan tahu siapa,0
hai apa kabar baca mau anda ikut moga hari senang signofthetimes,0
nanti hal hebat leadwcpss,0
polisi dhimmi inggris layan tuan baik tusuk inggris proses islam intolerance cal,0
lihat sedih he buat ingin tulis puisi rnrn cs adalah tweetsrnrn,0
uber tidak cepat sembuh bukan cara bagus mulai hari,0
nyeri perut iblis,0
selamat ulang tahun moga hari baik,0
aku benci tidur lebih awal aku sekarang tampak bodoh,0
omg punya teman fotografer cosplay dia ambil foto cosplay bs paling sakit pernah lihat sangat bagus,0
lacur bohong mama tentang mana akan pergi tinggal rumah kak,0
sebab mati,0
seperti kawan gay cium teman lalu game realitas virtual,0
sisa tahun sangat sibuk saya bryan tidak laku jalan besar sangat sedih,0
lebih paham komunitas adalah konektivitas no heads in the sand emu w,0
sangat sedih dia pergi lalu dan lega dia bicara buka asa,0
terima kasih dylan panggil senang dengar meow sobat,0
polling jam hidang siapa lihat baik jlfam cookoff allsfairinloveandwar,0
ada langgar saya dapat pantat gemuk,0
tahu benar sangat sesat sekarang harus pulang,0
oke jadi dan grant milik sama dua tahu kapan telepon rekam lmao,0
lebih buruk skskkks nyata tzooyoo pada bagaimana eja,0
sudah kata selisih kira saya harus kata sini saya sekarang resmi jalin hubung,0
calon artis luar biasa dafbama dafbamaihabamir ihabamir fansihabamir,0
officialbhafc skybetchamp ollie adalah sempat tunjuk as asli kami laku akhir kali,0
bahagia lihat wajah bahwa betapa semangat anak pertama lucky boy,0
banyak riffage bagus akan jadi tangguh,0
preregistrasi kerah ada salah ada ingat wearedevs rerl,0
lol tidak yakin punya suara,0
best of luck bab lanjut hidup moga temu apa yang cari,0
terima kasih b selamat,0
benar benar rumah kati k suka retweet saya cinta saudara,0
cardi b aku cinta,0
hari buka hebat lain openingday craftbeer merica,0
let the lady live man she aint getting her quality time at home martin vc,0
jalan mereka laku,0
seperti milik bakat tidak lihat tanda centang biru samping nama teman pikir anda,0
ht hari aluttual aldenrichards,0
aku sangat bangga pada sobat bahkan tahan kerja dengan baik jiwa cantik cinta y,0
snatching souls rerl,0
lovely rerl,0
moga sukses teamindia tanding pertama main hard cwc indvssa,0
cheryl love baru bangun milik rokok cepat pikir sayang aku cinta cherylagx,0
aww sangat gemas suka,0
realitas sedih proteafire savsind cwc,0
sayang seperti bohong mode default terlalu banyak politis,0
saya yakin tampil bagus berapa banyak anjing bawah anda minta laku sekarang,0
fakta butuh omong kosong di resume saya,0
ini sangat lucu saya rerl,0
liveme seperti akhir pekan wajib holls,0
terkadang lupa tampil saya suka rerl,0
iman diri atas otoritas bukan iman aldubxadninprayer,0
sangat senang tidak pergi newcastle,0
bagus anda cantik,0
shagmani adi aloo hugs ishra temu kopi teman mereka suami istri teman,0
baru sadar benar begitu banyak toko,0
us lebih banyak jahat wajah,0
ambil beberapa gambar tempat kerja hari pikir saya akan bagi nikmat rerl,0
tanya bisa kamu bantu dapat ikut idola,0
favie kami milik banyak sama sangat tarik bicara tidak pernah bosan serang anda,0
us ayah malang butuh cium paruh bagus,0
masing masing milik satu milik jadi tinggal hela nafas kata pada temu periksa belum baru laku kemarin,0
chesney hawkes,0
terima kasih banyak god bless din hihi,0
butuh aku tato tenggorok terlalu banyak tas kotor lihat sakit,0
nameseey,0
telah ulang sejak tadi malam semua orang pergi beli burnout itunes aku sangat bangga pada tae,0
pantat impulsif beli sepatu converse kemudian beberapa menit lihat adidas conti ukur pota im menang,0
terima kasih bro laku waktu lalu cepat,0
moga baik untuk,0
mungkin,0
amityville mareepile guntur gunturdebit kedaluwarsa m s,0
mulai teriak tv siar kata gonzaga olah spokane mewah gozags,0
betapa lucu,0
man de come jatuh api,0
mungkin saat simpan akan milik teddy bears isi,0
tidak pernah periksa minta msg ig salah satu baru buka rn kata hei aku lihat reggae sangat keren kutip bob marley saya,0
dia,0
ditto bucko,0
kamu dekat tempat semua di terang,0
besok seperti hari sangat sibuk atiny kira tidak ikut sepupu ada sini,0
lol kamu gila kamu bisa milik desimal radian harus jadi fraksi sederhana duh,0
utas kenya rotten,0
cuplik kota musim panas mulia tuhan tampil lalu komunitas damai rerl,0
austin selamat ulang tahun tidak tahu anda saya rasa,0
pria sebut orang negro tidak lihat salah,0
jalang adopsi anda tidak pernah tanya anda satu satu kulit terang rerl,0
geleng kepala dia tuju dengan sebentar,0
lebih buruk salah satu tuan rumah lain buka lihat apa ada dalam saya sudah tahu,0
tonton carry on cleo cukup banyak tumbuh film film juga tidak dapat semua lelucon itu,0
langka us tampak fighttuesday rerl,0
jawab semua ques flash layar tv nikmat batmanvsupermanonhbo,0
butuh telepon ponsel perlu sekarang,0
idul fitri semua tetap kati,0
kata kepada orang inggris menang tour de france letour rerl,0
orang mulai etf sebut ibuy amzn bahkan di milik atas tahu berapa biaya bps amazon,0
murah saya butuh peluk jadi kita pura pura,0
bosan sakit,0
afsgafdk mi docena de pinturas dosa mar debat itu,0
tampil bagus,0
megabushing anda kembar identik,0
hidup sangat adil,0
terima kasih atas ikut baru baru senang hubung selamat selasa ini,0
buat sangat sedih gila dontfuckwithmyfreedom reprorights endchildmarriage rerl,0
milik mata paling gelap mata iblis,0
sayang tidak lajang,0
lihat hott video bagi,0
benar,0
terima kasih atas ikut baru baru senang selamat hari sabtu hebat want it tconfhfgpeg,0
aku rooting untuk xiaojie karena yilin sangat padat butuh tampar wajah rerl,0
ugh panik panik,0
unduh rummikub app n main kali tidak menang sekali im bodoh,0
laku yang banyak kalian semua laku orang sekitar kalian semua akan luang waktu bagi sehingga bisa buang beberapa waktu read it,0
anda fwm tuff pesan energi tidak sama depan umum jangan fwm,0
lmao ibu kata kamu bisa saja libur tahun aku coba cari tahu tonton aku,0
anda tuduh salah,0
crash lebih k rerl,0
diri saudara telah di seluruh hidup saya pertama kali mulai sepak bola,0
percaya baru keluar cuaca dingin beli makan apa ada poors bisa jadi kaya minta orang kerja untuk saya,0
akan bohong harry kata berita palsu,0
sedia jujur aku salah dan milik gagal untuk penuh mimpi doa aku untung,0
dear minhyun harap unggah acara hari selca,0
dari oversea ingin lihat suatu hari jika dapat sempat,0
teman ingin mulai tonton sayang franxx tidak netflix benar benar malas apa harus saya laku,0
bunuh wanita,0
selamat semua polisi laku op,0
ingin laku lebih banyak konten video jadi nikmat,0
benci orang datang ibu,0
hubung racun luar biasa,0
moderasi macam apa cantiknyaa,0
wl apa tampak kita coba pahit sering kali rupa berkah samar oscar wilde,0
ending kacau,0
anda sadar pete wentz usia hari ini selamat ulang tahun rerl,0
cemburu mereka anggap main liverpool saing dalam di luar lapang mungkin salah,0
tidak ein alillygator rerl,0
manis harap semua ingin anda jadi nyata,0
sekarang main lelah,0
vid baru up dolantwinsnewvideo telepon ibu terima kasih buat tertawa,0
siapa yang duduk kursi tumpang tiap kali saya kemudi,0
us dan pasu kecil malu kriket keri orang orang itu sangat senang,0
jadi twitter sesuai bebas bicara kaus,0
dukung chelsea romawi milik orisinalitas reece anak laki laki chelsea,0
selamat datang,0
pengantin cantik mata kilap makeup pengantin bhaavya kapur cepat sekarang jadi orang profesional,0
kira harus temu orang pria baru rusak,0
wow sungguh hadiah indah ingin sekali menang gelang anda terima kasih atas sempat,0
marvel legends starlord guardians of the galaxy vol figure figure main lebih tcoatoxrlsoc,0
hancur,0
nyonya kecil tidak sedikit beberapa hari dan akan pulang putri,0
tuju hidup,0
telah rencana banyak musim panas ginnie springs hangout skydiving sangat pompa,0
benar benar sini buat menang pidato seluruh pantat,0
nigga pagi pertama yoh,0
satu hari hari tanding cuaca sangat bagus tidak sabar besok popbottlescpt,0
terima kasih sayang,0
selamat ulang tahun sinar matahari happybirthdaytroye rerl,0
tampabay usfbulls simpan tanggal april pm latih gregory,0
lihat bangun unit jual realtor beberapa hari lalu harga tenggara sangat rendah wtf,0
eh sial harap baik anda,0
selamat pagi andy rerl,0
selamat naik vincent jefry jl raya pakemcangkringan pic,0
akan sangat bagus,0
gawang untuk bumrah de kock gone india bakar ini rerl,0
ballgame adalah ovah sox win telah tunggu lebih tahun mereka bawa matt davidson geo manajer baru rick matt selamat,0
pantat mati fuck me,0
milik debut hit single aku sangat untung bicara definisi hidup,0
jadi milik hari kumpul cetak biru sx jauh laku balap hari untuk kembali cetak biru,0
luar biasa,0
terlalu senang ini moga kemeja harus tunggu bulan tidak apa apa smfh,0
sewa beli tanya walthamstow leyton,0
tahu kipas gg saya lihat xoxo,0
kuat super turun berat badan angkat beban starmoviesspecialscreening,0
terus jadi terlalu semangat courteeners sabar tari nyanyi hati tuan fray,0
coba turun berat badan ada suatu hubung keras asf jalang selalu makan,0
cantik nutralift premium natural skincare organik harga jangkau,0
dunia tempat sangat jahat,0
tidak punya adalah mike brilian,0
tuhan selamat,0
benar benar pergi pantai tidak yang datang,0
n percaya,0
neraka nou tahu ada apa apa cougars tidak cougars hanya aneh percaya aku pergi sekolah dem hos,0
selamat pagi orang cantik,0
kendara don carlos ayah mulai tunjuk rumah apartemen ia guna pesta bung,0
biar tidur,0
eidmubarak moga allah kati semua damai makmur,0
teman sejati raya sukses dengan dan senang laku lebih baik,0
us selamat ulang tahun waktu ruang jalan kakek bradley walsh dokterwho rerl,0
benci lihat pergi aku suka lihat pergi,0
angela white wanita seksi luar biasa tubuh luar biasa,0
oder bagi unggah satu video akhir bulan tampil beberapa orang luar biasa,0
itu jadi pick es,0
pimen nikitich orlov peluk rusia karnaval romawi minyak atas kanvas x cm x i,0
presiden terus hapus obama ghetto acau tahun politik amerika laku kerja baik,0
semua kata sampai tawar baik datang,0
valleytakeover text addy sabtu april valley pesta besar,0
iyhoo haa issa daylight robbery,0
jangan beri tahu itu alas orang tolak biar anak anak tonton film batal libur disney,0
apa cinta,0
hanya beberapa titties,0
sweet pssy saturday tarik jaring saya selebriti,0
wow adalah ceria baik pernah dengar jauh hellocix rerl,0
benci laku rutinitas awat kulit ketika pulang mabuk,0
tyler lulus milik ged kami kumpul bukan dapat bicara kuliah im a v proud fianc,0
terima kasih angeline,0
nnnnnnnnnnnnnn sial mungkin akhir buku mungkin hadiah killers dau ups,0
lihat bagus,0
terima kasih john atas dukung hebat terus laku hal baik buat beda russ,0
tidak tahu saya selalu jadi emosional bila nak salam pagi raya sangat senang tahun,0
idk final pada hari ulang tahun saya raya naman hshah,0
terima kasih cinta,0
manis pria baik ipromisenototellanyone,0
lihat cukup bagus phoneradar,0
tahu harus dukung anda tetap mungkin cinta serius kami ingin lol,0
slip datang salina singh tekan tombol no tarik tombol bjp ada no,0
sekarang tidak tonton tanding my green cant take iti hope dlsu can find a way to bounce back in the finals gritandgrinddlsu,0
aku lebih cinta,0
suka orang usia pikir milik anak tiba tiba arti tidak izin laku,0
putra sayang hadiah idul fitri eidkihineh rerl,0
alas ada luar tempat pertama untuk nilai rusa beri possums kacang salju,0
terima kasih malam luar biasa prasmanan etis charity catering choosechorley,0
siapa harus arah donald trump film lang maju werner herzog trump,0
udonminit tolong na biar jadi romantis mohon anda mlady,0
chap tua malang trumpukvisit trumpprotest leftists,0
milik empat sahabat snapchat saudara kandung saudara kandung,0
oou bunuh aku takluk oo mulia jadi tuhan orang teriak halelujah,0
senang,0
assss panjang alll lurus im goood lama cewek,0
aku sangat lelah aww baru ig nadine nadinelustre naddicts rerl,0
us ada video hari aplikasi editor kacau jadi sekarang di ayah rokok gulma,0
anugerah indah terima kasih invitrogen antigen ageisjustanumber sains,0
sangat kecewa ada api proteafire,0
inspirasi besar rn tangan bawah pergi tunjuk berapa jauh jadi diri bisa dapat,0
ny dapat istilah baik,0
temu hotelairbnb menit akhir san ego buat stres cinta,0
sedih sekali tempat beli sepatu sekolah tas sepatu bot sepak bola lama sekolah pri rindu ah tong t,0
tuhan james pergi vegas dapat pukul beberapa juta bagi gadis witcha janji aku beri,0
wajah pregame saya coba lihat galak intimidasi itu hasil,0
benar benar terlalu daya tahan tumpah beban,0
laku ketika anda bisa tembak panggil mayat hidup,0
prof mavis kirkham sheffield kuat harus hitung findyourtribe usmsconf,0
hilang nenek hilang diri bayi saya,0
musim jadi lebih baik lebih baik,0
rb super produser song engineer dontmissyobeat outtheboxstudios booknow chicago,0
umur hidup rerl,0
bodoh selalu bodoh kyysonvootwithpaniasmanan,0
coba lihat bahagia baik baik di depan orang adalah salah satu bakat sembunyi,0
anda dapat payudara di dm payudara anal basah slut ass rangsang ah jailbait porno vagina,0
coba tidur flexirods sangat sakit lempar balik lama menit harus lepas naturalhairproblems,0
belakang layar cg terima kasih izin,0
selamat datang ella cinta,0
telah tonton alas lama jam turut turut saya terus kata diri sendiri adalah episode akhir saya terus klik episode ikut,0
tidak serang staffy boarding atm terlalu ganas goodboy dogs dogtwitter,0
aku mati sangat rindu pantat baik baik omong kosong gila,0
senang tahu newsong,0
omong kosong nyala asf,0
suka bagaimana luang waktu mundur coba lihat baik meski dia selalu laku,0
apa saya kata belum san pedro selalu jadi bagi baik saya terima kasih iloveyou selalu guys,0
aku benci tunggu kantor dps,0
mara kitse ntse keo rata anda fitnah positif fokus kata,0
bisa minggu pergi lebih cepat saya benar benar bosan omong kosong,0
perhati jumlah besar orang dapat iphone telah beri tahu bahwa apple standar,0
kontribusi untuk meme billie eilish nikmat rerl,0
omfg sangat kesal episode akhir saya tonton lost beberapa psiko nama ethan,0
sangat sakit hampir bisa diri type sore butt day tendang pantat hari abs kemudian aku dapat istirahat,0
banyak goldens gemas satu tempat rerl,0
sangat lelah,0
malam sangat senang tidak tunggu pesta salsa saturday night kent rochester dance junction kent,0
samsung benar benar rilis ponsel api seri thegalaxyaway siapa mau rerl,0
beri balas buruk whatsapp buruk dalam balas bumbu sarkasme baik,0
harga halseseorang hidup sulit kira banyak harga telah hilang selalu,0
bagus,0
sila lihat denzel slager dutch love island,0
apa apa riot bb aku cinta aku hubung dengan teman baru,0
tetap senyum hidup sangat buruk semua,0
ivory cream pink blue silver grey tcotriehnru wedding brides bridal weddingwednesday,0
aku rindu jalang queenradio,0
kavan mulai hari tanggap positif premiere team wishes best vijaysethupathi,0
sekarang liverpool hilang main paling langsung lihat atas gelincir x lihat atas gelincir stevie gerrard,0
malam sangat layak untuk saya suka dengar apa mereka layan istana,0
terima kasih akan ambil panadol ambil hari saya ingin bcs akan buruk sehat saya,0
kolase bagus teman,0
bahkan raya beberapa sepakat sponsar rekam jual pogba jersey,0
us dipper ayam rerl,0
bittcchh fuck you,0
moga semua milik hari selasa luar biasa,0
anda suka halus phat dm selalu buka btw rerl,0
hilang orang orang mereka st petersburg di rusiamr putin mr trump cipta ganggu,0
akan duduk tengah tengah kelompok bfs lain sentuh tertawa tebak apa mereka kata ab mahasiswa tahun dua jadi benar,0
suka bagaimana dapat lagu lagu mac miller main blackmirror,0
cium aku dulu rerl,0
us seluruh wajah ksks btw ur jaa sangat manis love u,0
fuck aku sangat rindu game,0
sakit yen,0
selamat ang ganda talaga ng lah natin hahaha bangga pada terus kejar,0
man baby menang wah wah,0
bagaimana pertama papan peringkat global bahkan bukan muser top musically,0
buff niggas makhluk paling jengkel vakwee,0
riak harlem b klasik lain ep njrep,0
rindu kereta ma menit tunggu,0
satu tiga empat ulang langkah satu lalu tiga,0
neraka rerl,0
sial buat root orpheus eurydice bahkan saya tahu bagaimana akhir,0
profesi mana lindung negara lalu undang undang pisah,0
niggas dapat pistol sumpah jalang besar foh,0
siapa ingin tumpah jus jalang bodoh,0
terima kasih bby sayang kamu sayang xx bahagia hari raya,0
dengar lama bakti gereja ayah di schaumburg il dunia kecil,0
atake abadi turun minggu,0
orang tonton golf waktu telah datang lexi thompson hilang pimpin panggil pirsa tv hukum,0
lmao trump milik kolusi rusia dia bom suriah dukung rusia hmmmm,0
selamat ulang tahun rachel aku sangat cinta aku harap suatu hari bisa peluk,0
selamat pagi cantik,0
saya derita,0
sangat sedih runcholnow,0
laku lansekap temu dekat kumpul atur bawah botol gatorade rerl,0
lihat foto di bawah orang mungkin kenal hapus anda tetapi hanya pos negatif buat saya gelisah pergi jalan,0
terima kasih abadi semua orang korban bebas seperti kita ingat dday,0
babyy hari sangat panas aku cinta,0
bona kena doek bijih molaenza jangan lupa permen karet iyhuu,0
tl hanya isi posting lucu,0
sangat rindu rebelde roberta benar benar bentuk jadi lacur hari,0
suka pria kompleks dewa izaya orihara durarara surl,0
lololol orang orang punya terlalu banyak waktu tangan rasa lucu,0
tidak pantas mereka nyala,0
mimpi buruk buruk rerl,0
hari baru indah cuaca benar benar sempurna praha senang senang foto triffer,0
o m g rude,0
polisi northampton pegang sumpah serapah upacara harga news westernmass frank,0
espn bash bama panjang waktu espn kontrak wajib semprot kaki,0
suka foto baru beri lebih banyak,0
luar biasa pergi senang senang rerl rerl,0
us ayy akan kirim semua hadiah hari haha selamat datang,0
greys anatomy s saya hilang ruang gawat darurat,0
saya lacur dulu sangat sakit,0
stres stres stres,0
mungkin tony blair dun,0
aku harga kamu cheatin n kemudian kamu komentar gadis kamu selingkuh sementara milik gadis yang salah tidak rasa hormat,0
green peridot half moon sterling silver pendant sale semua hasil pergi c animal rescue orgs,0
halo suka retweet entri dukung juga harap dua menang rerl,0
harus palsu mungkin,0
tidak pikir ponsel akan datang hari gila dan sedih,0
selamat ulang tahun,0
im finna cry,0
satu tadi malam kati dengan lusin tawa senyum soulsistahhs underground,0
temu carrie anne hailing salah satu negara paling hijau dunia irlandia rasa,0
tzuyu sila tinggal negara cepat tahu semua kamboja itu sasaeng di sana jadi sila tinggal,0
akan harap mayuyu memberitahu untuk sisih uang untuk pilih ganti tidak hanya nyata prihatin para gemar,0
senang sekali keluar saing pagi punya beberapa barang kualitas,0
jon snow sangat renung cara baik dengan akan telur,0
mulai kamis pagi dengan bitofbiscuit terima kasih eva,0
resmi laku tato jatuh album perlu dapat sibuk sendiri,0
uber tidak apa jadi tentara laku untuk,0
uber benar benar ke ketika baca kemarin sayat hati,0
raya keluarga baik patesti makan malam ni madame chim hahahaha,0
butuh modder gta dapat mod harga rendah konsol apa juga tambah lindung larang gratis dm me,0
proteas milik piala dunia paling malu sejak terima rugi turut turut,0
us krim air tatcha minum ho tarte primer saja terlalu hadap mabuk,0
semua sini percaya akan rawat diri sendiri hoonjiwon ada di sana jadi akan baik baik,0
tutup pantat bodoh,0
akan mati minum es es besar sekarang,0
lihat rambut merah muda jaehyun hancur,0
kalau ini benar,0
alam mo ba saya sangat senang buka diri saya saya selalu maoy anda ily huhu,0
sangat senang sahabat aku memberitahumu sekali aku memberitahumu kau pergi jauh,0
gorsuch jiplak serius ini syarat kerja karyawan trump neraka darah,0
benar benar lee da hee mulai drama lebih bagus mm laku ost drama,0
betapa indah tonton perez pergi ujung dalam sangat tarik lihat reaksi dems jig naik semua bohong ungkap,0
minta maaf semua orang saya cinta saya punya banyak waktu habis ya banyak cinta,0
loyalitas pergi lama jauh lama kendara,0
itu jadi jalan saya turun blok sadar saya lupa satu akhir,0
lmao virgo asf mereka trippin,0
fwy kami bayar alotta shit rerl,0
terlalu marah anda lupa cara tarung,0
tinta tidak lihat kata wanita wanita payudara besar kacamata,0
senang holly moga buat bahagia,0
tahu ppl r baca tweet tetapi tidak lyk ikut karena mungkin blokir karena sangat dewasa cri darah,0
neraka tf,0
jadi mes lebih ulang tahun akhir pekan apakah yang tahu kita dapat semprot diam thatsmell,0
tidak pernah coba cari tahu orang senang hanya biar nikmat hanya berat bisnis,0
terima kasih sayang mana gmbr raya,0
sama lama hanya jadi gila neraka,0
bisa lihat orang militer lebih orang tidak daftar minseok lihat sangat bagus rerl,0
sial yoongi aku sedang jalan bunyi hidung cinta dengan tempat tidur,0
temu bahwa satu pandu sorak video one shining moment meski gadis coklat alis renyah,0
tonton laku lifeisintredible stateoforigin,0
juang terus terus jebak kepala sendiri,0
saya rasa serang,0
uber wtf aku sangat rindu akan jadi gilir tahun terima kasih kayla cinta banyak kamu jalang,0
saat kemas terbang singapore jajah taman tur jungle,0
khunwoo tepat waktu sini rerl,0
the dreadful into the falling metal youtube dengar lagu fantastis oleh,0
bunuh begitu banyak pikir lmaoo,0
orang benar berani singa takut acau mulai apa akan laku berani hari,0
omygod,0
tidak sopan benar benar,0
soo mana bisa dapat sepatu fly ass rerl,0
psst teman baik bdaydia suka bday shoutout selamat bday girl cinta,0
suka tt tt rindu momo sobrang fave ihug,0
mandu juga buruk erti dia lebih buruk dia milik pasang tidak,0
ada foto raya tahun karena im sangat jelek waitt selalu jelek,0
kurang mampu bilang salah satu bela sentral baik eropa lama masa jaya onlyonejagielka,0
oke masalah,0
mare buta pikir cinta yong saya tonton sejak musim itu,0
tahu akan tunggu tonton semua seri baru lurus hanya tonton minggu prisonbreak,0
pilih inplay gratis hilang mitchelton fc brisbane knights over tuju paruh pertama s,0
telah lihat alas piring bawah ponsel benar benar norak lihat kurang kilap dengan sedikit kerumun,0
buat sangat senang aksi komedi juga goyang telinga moga jiwa istirahat damai,0
ohh sial baru ingat black mirror tomotherfuckinday,0
ang inniitt angerik angerikloversofficial eriksantos angelinequinto,0
terima kasih bagi,0
apa apa tat,0
itu zona cinta chanhun,0
rerl bagaimana bisa hancur alkitab paling kiri berita palsu propaganda harus percaya,0
sumber selalu tahu kapan seniman di sini ahh sangat keren rerl,0
musim baru sylas rework and buffs sangat rusak rerl rerl,0
padahal mungkin pergi dunia mungkin tahu masih lihat idk celestial tahu anda lagu,0
terima kasih sister tidak dapat aksi baru anda tarik,0
milik musik baru,0
lol momen apa rerl,0
saya takut orang tua laku buruk,0
pikir buat semua orang marah naik lift tekan lantai lol maaf saya tidak jalan satu tangga,0
bisnis panjang jalan,0
dengar cerita beda orang acak ajar bahwa harus selalu syukur harga atas apa kita milik hari,0
temu zora pertama ledo tidak pikir akan nongkrong jauh ini dari domain senyum manis,0
bagus pegang celana pendek harap super bullish jadi ide buruk,0
bijak sangat swasta akademi akademi hadap kritik kenal larang amoun,0
hilang sayang xi hari motm lucy ingils bagus sekali tamsy semua orang datang tonton,0
terima kasih adalah daftar bagus worldenvironmentday,0
betsey johnson blooming pearls blush black white satchel dompet cocok,0
temu orang biasa tahu ow mereka jadi tuju sedih anda frustasi,0
selalu tangkap langsung insta rerl,0
tahu benar erti server lebih beban masih,0
sistem kontrol distribusi listrik abb mampu luncur us manajemen energi bas cloud via,0
harap us selamat ulang tahun rerl,0
akan pergi neraka sjdkdkekdjdjd,0
pelting batu bligasi agama orang orang itu,0
libur romawi otomatis mulai main kepala lmao,0
tulis rusak plot orang harus laku,0
bagi besar bagi cinta pada main meski telah temu pribadi bakat luar biasa panjang jalan,0
sial jadi omg buruk,0
cookman main cara mengapa transfer,0
hei sayang moga hari kati bawa cinta makmur bahagia dalam hidup anda idul fitri semua orang,0
kisah cinta pernah betapa mudah semua sulit akan alami buat kerja,0
anda rasa anda jadi gila,0
tempat tidur ukur queen sepi,0
ada bawah daftar blokir komisaris utama macc rerl,0
keluar dinamit tebak setan tanah dmf buat efek sama,0
selamat ulang tahun wonpil sangat cinta happytyday,0
cantik apa f,0
saudara kembar tari tutus apa yang butuh video rerl,0
kamu pakai gaun naik jauh lebih yang kamu harap jadi kamu habis panjang hari tarik bawah,0
ohh myy gaad rambut anda lihat sangat cantik,0
cheer up,0
buka buka felllaaasss orang orang dapat hari libur redsox bostonredsox windancepeat,0
hidup singkat,0
lihat cermin,0
mungkin benar benar kutuk drake,0
youtube ajar cara buat cincin bawang baik,0
ukur,0
bahkan optus tertawa yang satu,0
juga aku ras aku pernah lewat orang pria kulit hitam tidak raih pistol,0
sakura dengar tegang gadis malang,0
cumshots crossfire lebih banyak,0
smh belum dengar kabar dari jadi kira nyata siap selesai smh tidak pernah b suatu hubung,0
baik teman,0
sangat sangat sangat sangat bangga anda pantas dapat segala untuk mahakarya anda pantas dapat grammy,0
kursi tappa full,0
pil nyeri redup bukan sakelar mati rasa sakit malam bleckedy bleck bleck bleck,0
jatuh saya mungkin jatuh bilahwack multi anda sama dan sampai sedia ada,0
wagongole anakonza salah satu teman dan ikut rerl,0
jika ingin di sana akan beri perhati jadi senang dapat tidak banyak ppl do,0
teman beri tag oh hub saya juga cukup keren,0
klip skamseason i wore glory take out tampil luar deskripsi,0
belum lihat tahu bagaimana temu mereka spektakuler,0
us lmaoo adik bilang dapat lain segera jadi semua baik baik,0
berapa besar benar benar benci bo,0
mati sangat kejam,0
pecah sangat semangat sangat tekan final biglittlelies malam saya ingin selesai,0
psycho mein ba hota hai na ngomong ngomong terima kasih atas saran,0
yay maya selamat,0
whoa whoa kamu bahkan akan kalah nick saban kalian butuh sedikit lebih banyak bantu,0
terima kasih blancs magiging teacher segera lpt,0
luv gfs gila blokir dari akun bf ketika bahkan bukan ancam hubung,0
hari cermin hitam sangat sedih harus tunggu saya selesai kerja tonton,0
buat pizza pukul pagi keluar kerja hidup saya akan jadi x lebih baik,0
tmw tubuh asa baik segera mulai syuting lengan anda sakit,0
akun retas,0
anda ny favorit happy eid mubarak della,0
pernah senyum anda sekolah anda senyum balik saya dan terima kasih begitu baik,0
us mashallah sempurna,0
success rangkai menang kecil rabu isdomtim,0
baru kemarin menang betapa saya rindu,0
stream akhir of the week langsung twitch playing detention klik,0
sial hot girl shit,0
itu itu jawab,0
cinta,0
dokter datang lacur mesin ultrasonik beri serang jantung,0
benar tidak yang bicara panjang minggu jadi saya tidak dengar sekolah hari senin,0
hanya uap terus terus saya benar benar ingin angkat telepon sekarang mata lelah,0
wcw pergi regina daniels main true mayorkun ft kizz daniel questshow,0
sangat mahal utama biaya rekening bank menang,0
stonecold benar benar bicara trump itu,0
saja tunjuk sue osdenascar luar biasa gemar jauh lebih besar lihat,0
dapat lootcrate loganwolverine bulan lalu atur sisa geekyness yang luar biasa harap milik,0
april mop day asumsi semua berita palsu hari ya itu jadi masalah magaxdraintheswampfreemilo,0
sial,0
mati lalu lintas fatal tahun las vegas konyol bulan pasuk bull,0
kata kita kalah tim baik tahun selamat,0
banyak baru tunggu tunggu sudut thalapathy,0
reguler pergi micaela serius anda gay kata pada mengapa kamu punya pacar hidup,0
casanova casanova ultimate kaos apa nada masa lalu ingat coba salin gera,0
selamat hari raya maaf zahir batin moga dan keluarga milik aidilfitri aameenn kati,0
ugh aku,0
us shaq cutie besar buat diri rasa lebih baik,0
solusi simpan industri turnkey nexcom aman data mudah opines iot,0
tidak tahu kandang luke tumbuh sini,0
lol tidak serius,0
masih milik wip victuuri sial sedih,0
soo cuute,0
tahun di bulan juni sangat peony moga hari senang julia,0
tidak doa ada situasi itu akan jalan,0
spot on,0
demn i crydd,0
sedih headline lihat belakang saya yakin tulis belakang madridsta,0
lalu milik tikus commie head teacher drexel university drexel diri belakang dukung,0
suka latih plogging baru baru ketika orang tepi bantu muat kantong sampah,0
selamat ulang tahun awal sayang semua harap baik,0
rona aara hai wot,0
mana album sial ia guna patah hati di studio,0
sekarang jam tangan telah akhir nikmat brussels,0
pikir uang tunai cantik anda suka sapi tunai retweet,0
ada akan marah itu siapa bisa marah anak anjing,0
selamat pagi indah hari kamis malam jumat kamu lihat cantik warna kuning pagi jennifer,0
orang sedih apa campak kucing usia tahun rtd,0
tidak kita susanrice perlu jawab lebih besar watergate,0
mereka lihat di netflix buat kesal sangat buruk,0
jam akhir jadi wawas besar siapa telah perhati sama sekali enam tahun akhir suriah,0
us orang orang lotta tunjuk saya itu ide bagus,0
selamat pagi cantik,0
harap punya teman gaul,0
selamat akan awas di juara pesta tipoff hoopfest unitedwezag,0
tanya tsubaki curi beberapa bockies apakah orang ouijamovie milik sekarang,0
karya seni karakter thana vesper seniman animeemma bangun jangan memposting ulang lacak,0
video masuk ketika ingin rasa rangsang cinta erang rerl,0
suka konsep mak datin,0
suka,0
n kuliah ikat tipu besar panjang masa rerl,0
ada alun alun hari sabtu panggil anda tetapi cara terang terang abai,0
adalah usaha adalah usaha adalah korporat lebih ere hust go undang buah kotak tanding hari sabtu coys,0
ily,0
jelek kata hanya guna gambar dosa tidak pernah guna gambar orang rita ghartourey,0
kerja bagus njbosj cheers,0
mati jadi,0
saya ke surga rerl,0
malam ada fitur balon merah cambridge cerita positif youngpeople pulih bullying,0
moga untung semua,0
fakta materi mfs dia lihat orang gadis muda hitam saya gagal tidak jadi tidak hasil apa yang jadi,0
awal itu lebih rupa bangga sekarang ajar sulit ada saya ajar,0
menang atas subunit namgi,0
sangat tahu mana bisa dapat keju panggang baik resmi di daftar ember,0
adalah baik wagwes kiira jangan pura pura,0
lmao sen coo itu tambah,0
kali selalu di otak tahu betapa benci anda aku benci kamu nyata anda robot,0
jalang biar memvalidasi tiket wtf,0
curi hati dan ada punya hak keluh izone kkuuchaen,0
omg tuan m bawa buat senyum earear terima kasih banyak pergi sedikit jadi,0
nowplaying book of thel live bruce dickinson,0
jika ikut lapor manusia untuk leceh yang target butuh waktu detik,0
sering tonton netflix suka breaking bad and stuff saya tonton film anime horor,0
hey neighbor roti baru yang baru beli daveskillerbread tutup cetak bisa saya ge,0
selamat menang hadiah kartu hadiah joan p pesan dalam waktu jam klaim hadiah rerl,0
pria bicara buat mati,0
sangat sesal salah,0
selamat ulang tahun petpink visual luca lucamanobanday rerl,0
harus sangat bangga tahu itu akan pernah lihat lantai senat prestasi luar biasa rerl,0
kanada kamu gila lebih buruk atas sana inggris hilang australia pergi polandia mungkin tempat pergi,0
lamar kerja gila sekarang jawab nomor belum simpan hubung telepon,0
cinta,0
selamat putra dan keluarga beritahu untuk nikmat fase baru jalan out delstateuniv,0
monster energy doritos double xp,0
pergi spanyol besok malam lama beberapa hari ayam akan jawab email saya rumah ada panggil teks,0
ini tutup akun lelucon haha,0
hanya sugar daddy no bullshit ada tipu ada kartu hadiah itu sulit,0
serah jam tantang tidur buat diri saya sendiri mata bagus tidak manusiawi selamat malam humanoids,0
jadi idul fitri milik hari tinju,0
loyal din ang peg mainexbenchdenim,0
contactus glades circle suite weston florida usa business,0
sangat bangga anak jin seokkim,0
teh hijau panas lemon tho mati,0
jadi adalah akhir kapten flint sangat kecewa hampir senang resolusi rackham blacksailsfinale ppiratestiltheend,0
tuhan kati dewi boriqua bahwa senang sebut lord tahu betapa akan rindu di,0
senang hati pak,0
yakin anda baru selesai s h s sayang,0
telah habis bagi besar hari masa kini saya selesai besok me harap,0
ampun aku hampir punya apa apa tweet kemarin,0
agnez mo guys rerl,0
nashville lagipula kota adalah kota musik kota horantonashville thistown,0
salah satu kencing hewan pelihara besar adalah orang orang pakai slide kaus kaki kaki jadi jelek sekali,0
hahaha can probs pernah hubung,0
pantat mati,0
yay terus streaming,0
luar biasa,0
goshh sangat panas,0
keluarga aku cinta teman teman shoutout adalah pertama kali ibu alias,0
lmao ada draf,0
haha pikir buat salah,0
lihat buah posting hewan pelihara malang telah limpah segera lari burung beo dan tepuk dia beri saya tatap,0
lebih banyak gambar hebat situs communityledhousing,0
jatuh saya tulis tentang anda flop,0
sangat tidur siang,0
tetap tenang cinta siapa anda ingin ketidakpastian,0
terima kasih buat karya besar itu benar benar luar biasa tambah favorit saya,0
saya alami musim panas salah rerl,0
rasa kali makan meksiko sini bunuh tiap kali beri tahu mari kembali dapat th misi,0
besok bawa poin percaya bisa rasa bola isi sepatu bot guys,0
rasa sangat sakit hari,0
danielpowterdidahsyat mantap soullll nyanyi tulis lagu pianis kanada,0
seperti dapat mata arti tentu dalam rasa mungkin tidak saya pikir harus nonaktif akun pantat racun,0
sangat senang jadwal kuliah sedang ubah itu arti dapat lay tiap hari minggu,0
bayang temu orang pikir cinta hidup kemudian anda datang tahu mereka suka spongebob,0
us ada main liverpool pernah menang judul pl salah satu jadi hebat,0
tinggi blok tron telah lebih juta trx trx,0
anda coba sampai charlotte enam orang turnamen baseball empat grup teks sekaligus,0
omg sejati jika hari akan pergi dua sangat layak mereka malaikat baik,0
fase ep bop terima kasih jadi orang sangat bakat prettymuch fasesep,0
jauh hari cukup senang us devopsdaysportugal devops lifeatoutsystems rerl,0
lelah tunggu balas punya banyak qsns saya pikir tidak layak perhati cinta seperti sama belum,0
sabar tunggu buku musik baru cinta kalian dua terima kasih begitu luar biasa gemar,0
akhir tidak kalah penting adalah sparky anak anjing dan hidup pesta rerl,0
cinta hati hati,0
pikir kuda tua keluar babi kata sila posting taut podcast,0
aku benci masuk keluar tidur,0
dengar tay tawan akan jadi mati rerl,0
semua favorit daftar imma tonton semua drama lagi kali rindu,0
aku sekarat,0
mereka bunuh doe b man,0
ahh ibu masih ingat rambut biru kerak emo cara hidup,0
rasa sakit,0
uber suka cantik,0
dan megan fly amsterdam akhir pekan dan baru tahu sekarang ada terbang rumah hari rabu mengapa,0
us dame wanita paling kuat planet tidak pensiun sama sekali,0
selamat pagi rerl,0
terima kasih bagus sekali terima kasih semangat tahun datang,0
ayo pergi sarap kemudian pergi makeup shack yang bahkan perlu tanya saya kali,0
senang milik kunjung lagi glasgow kapan,0
terbang pes sabar habis hari cal sahabat bulan depan,0
btw happy idul fitri,0
ys sangat kejut jatuh reflektif pukul pagi sakit,0
karena kalah bukan arti kalah bukan arti akan henti globecoldplay,0
omg rip for me,0
uber nah laku omong kosong tidak lagi alas selesai omong kosong tuju lebih motivasi,0
pergi neraka,0
siapa hancur saya brr,0
pikir kristperawat benar rerl,0
kamu sakit orang sangat kenal sini ayyy,0
wtf teriak semua gemar karena buat soundcloudstats terus dengar rerl ubl,0
becarefull cutiee lubang sana,0
kutip suka baca berita tidak dapat informasi anda baca berita anda tidak dapat informasi akan lihat damai,0
canggung ahahhaahahaha ingat mereka baik baik dalam menang campur cocok,0
bulan bangga bahagia tuhan saya suka rerl,0
ahh kata bagus bahagia itu senyum lebar gadis,0
sayang,0
tim proses minta cepat mungkin urut mereka terima terima kasih atas sabar,0
bisa bangun pagi hari ikut satu satu bagi buruk kerja lambat,0
suser sayang bisa kata yang sama,0
sial tinggal episode pertama,0
,0
jujur tahu apa akan laku hari literal sangat syukur milik,0
untung baru mes item moga kirim pesan juga terima kasih balas,0
adalah pertama kali temu ibu dia minta tari hati sangat bahagia,0
pikir nikmat diri sendiri seperti suka anak anjing,0
sangat lelah pagi,0
nooes,0
selamat ulang tahun permen senang getar yoou,0
terjemah hates bts,0
tato lucu cara jadi sangat panas lucu,0
selamat ulang tahun moga hari senang,0
sangat cemburu lewat tiket,0
sial hari buat tahun sejak lulus rv sekarang hari saudara lelaki lulus,0
wow dapat hari sabtu minggu libur wow,0
terlalu nyata aku bisa lebih jujur aku buang air bus laku bicara atas bar sial fitb,0
bagus satu yo,0
sangat anak laki laki,0
ayah beli unicorn kata saya saya dulu cinta saya pikir dia ingin lebih,0
sedih alt kanan belok terorisme,0
niggas benci ketika tinggal timur apts saudara perempuan saya dan ibu,0
selamat pagi berkat rabu luar biasa rrl,0
selamat datang manchester united muwomen,0
ooh ruru saya suka pasang maine ruru mainexbenchdenim,0
fav nostalgia tenang lagu damai panjang masa rerl,0
arti rileks,0
idul fitri,0
hai sayang harap kamu,0
kinformansi nextlevel nayanthara dora respons teater hyderabad fr nayan z kejut st tym sial jadi,0
usser milu beberapa monster perlu bayar ini lempar penjara,0
imut got rerl,0
keluh panjang minggu bagaimana d of e tas sangat besar sekarang bahkan bisa masuk semua barang di,0
selamat hari rabu,0
harap suatu hari bisa kata yang sama gambar rambut selalu nyata sempurna,0
terima kasih meaghan bagi foto rerl,0
lelah jadi jelek,0
karena tidak kata keras bukan arti tidak tahu apa apa wanita selalu tahu selalu tahu,0
sangat benar,0
aku terlalu bodoh ini,0
semua orang anda temu milik niat buruk,0
dolantwinsnewvideo tonton video baru suka prank apel permen grayson ikut,0
tahu boo benci saya inap dia tidur gelap total saya harus nyala tv tidur,0
pasti lama milik beberapa gin,0
chee bro,0
cinta pernah gagal,0
na you larry ada dey sangkal,0
oke pasti kapan keluar musim panas,0
cermin hitam baru,0
ohmyasdghjklzgod lucu,0
sangat sedih,0
terima kasih atas ikut baru baru senang hubung selamat hari selasa,0
yesus,0
persetan saya brandon barker sturridge retas bajing malas laku kerja sama sekali,0
tanding opan prancis hari batal hujan sangat buruk telah tunggu tonton tanding djokovic,0
jatuh saya tulis tentang jika jepit mnet edit,0
bicara omong kosong tanah tengah nama kode lebih banyak potong neoliberalisme lebih banyak untung hadap orang orang,0
komersial mitra buat mitra kerja menang beyoulv womenssummit,0
sabar lol percaya jariel buat gila aku memberitahunya k siga jodiendo masih pergi,0
bunuh,0
istirahat youtube lama lebih dua minggu mundur selang lagu lagu baru segera diposting pantau terus,0
ohmygod kim jisoo rerl,0
nikmat sore indah new orleans biergarten,0
sangat senang unduh pagi ini suguh hari rabu indah,0
hamil,0
laku kotor,0
sangat sedih,0
suka cara devanshi bagi semua paman dosti suka ikat khusus,0
beberapa waktu lalu koran dengan bangga gantung papan umum masinis rerl,0
us luar biasa,0
butuh telah tulis planet mati p,0
ozuna buat semua jenis sakit sekarang,0
letra de i dont wanna live forever fifty shades darker zayn feat taylor swift en,0
pirouette cari,0
lihat sepatu mustard lol lihat cantik,0
ingin terima kasih bawa sisi tahu saya milik jumpa atas bro mad love,0
selamat pagi tengah jalan akhir pekan moga hari fantastik semua twitterer luar biasa,0
salah satu buruk susu saya harus kena bra,0
bye hazard,0
tombol perut sakit,0
selamat datang anggota baru rumah tangga frank sepeda mil sore,0
imut whatevah,0
bukankah yang baik,0
tahu apa orang dapat jadi keri saya bohong sini rasa salah saya hampir tidak kata patah kata dalam kerja hari orang,0
lmfaoo sangat tepat,0
henti kamu aku sipu legit cinta bung tulis bahkan buat aku mulai aku mati,0
sangat nikmat jadi orang ibu suka bagaimana tidak tidur kita peluk kulit kulit sama,0
ugh sabar tunggu waktu mana aku belanja bayas,0
brilian,0
tugas hasil lepas beberapa tembak ingat dalam laku,0
lihat takut vampir,0
yeeaa kamu dapat buruk cerita seluruh cerita omong kosong,0
ibu lihat foto fotaku hanya senyum gadis yess kau buat putri pantat lucu,0
banyak set langsung sedikit waktu sedih ada sana mereka semua tidak mungkin,0
daftar milik di atas untuk pertama kali lama tahun tahun jadi mahasiswa kecewa,0
ingin laku wooloo mereka laku furfrou bagai warna desain estetika wol,0
benar benar ganggu ketika cara sengaja tambah emoji tidak pernah guna daftar emoji baru baru smh tidak yang ingin,0
tenggorok sangat ganggu,0
selalu indah rerl,0
akun favorit sekarang yang satu ggconservation bisa tonton dengar,0
milik banyak acara hadir adenike bulan bulan depan jadwal kemas,0
terlalu banyak daya satu foto,0
menang sedikit menang salah satu game unc iv buruk tonton doggoneit kami menang gdtbath nationalchampionship goheels,0
wow cantik,0
sedia ukur gratis hingga semi besar kapas spandexrajutan balut huling hirit sa taginit,0
jin song sedih,0
sumbagay bukan keras rumah itu domba sepupu,0
tekan selesai episode tepat waktu benar benar ke,0
yu affi sangat lelah pola tidur cinta,0
milik banyak malam akhir kerja kerja rumah ajar tahun dan masih hilang beasiswa,0
yasss saat tunjuk hebat staytrippy komentar tari nyala,0
foto profil sangat mirip,0
anda ingin masalah di nbak bruh ikut knicks,0
levantine kristen muslim bukan orang arab genten iman ada hubung dna,0
ada lihat pelangi pagi awal hari akhir di kamp libur musim semi pelangi,0
suka,0
baik banyak orang jebak kata satu dan kemudian blokir saya,0
littypalooza sabtu april tongkat glow busa beruang getah alkohol level djs,0
semangat mulai kerja baru tetapi sedih tinggal kerja saat dapat makan siang layan kami tidak tiga kali minggu,0
selamat nikmat musim panas hebat ada alas video kecuali gemas tempat dalam suasana hati baik,0
aww sedih,0
luar topik henti kerja saya,0
keren bunuh adhvik divyadrishti adhvikmahajan,0
sangat anak anjing,0
omong kosong benar benar aku tho bisa bicara sial terlalu mudah,0
us fav chocolate fav cookie arti surga bondwithoreo,0
lmfao nigga milik beberapa dapat musik dinding,0
moga hari senang klaudia sekitar derajat sini inggris moga kamu temu tempat keren duduk,0
stopphshs ingin rekam ayah karena bodoh sekali,0
jangan lewat gadis indah lengkung manis,0
belum siap ini terima kasih,0
tidak tahu apa akan jadi kayu kuning teori bahkan masuk akal tidak coba lol moga harimalam,0
campur orpheu the wizard the ransom note mix zirigozaeu musik cd,0
liam daish tinggal b mate jadi menang tangan,0
siapa siap tatap wajah neraka dingin tak nyawa nyala suara,0
pintar,0
butuh eleanor parkir dalam hidup film buku just something sila,0
henti benar benar alami mimpi buruk george lopez coba bunuh,0
bagaimana tunjuk keledai tijuana minta teman,0
suka bangun skinny ahaha harap langsung panjang hari,0
us tonton koreo seperti harap orang datang lebih banyak konten latih senang max tati sekarang di kobe,0
potong kecil sejarah internet tarik konteks w hasil paling kagum rplace apa tidak muncul,0
terima kasih saya suka rencana makan masak baik akhir pekan,0
jatuh saya tulis tentang,0
rip crispy rap obituary christopher carroll binghamton ny binghamton press sunbulletin via,0
bagaimana sesal bicara camila temu dengan saya benci jadi malu,0
pikir dapat racun makan chickfila saya sangat sedih sengsara makan sial,0
sangat lucu rerl,0
sekarang sarkasme,0
super imut,0
kali dapat teh keringat bojangles langsung marah saya pernah ajar ajar,0
hampir langgan anda langgan salur linkinbio kiiaracymone,0
sahabat adalah orang orang buat lewat hari hari buruk baik masih untuk apa apa,0
cepat darlington penuh energi gila,0
jaebeom jaket kulit tahu hari akan jadi baik rerl,0
emu ada apa apa drama apa sebab idfw tidak ada makan asrama sampah asf kampus timpang periode asf,0
saya semangat dengar set dari pada episode kill tony baru baru lanjut kerja baik,0
gadis gadis cantik mana mana rerl,0
ingin cinta jika anda ingin seks daftar kami gratis,0
sangat senyum sekarang sangat tawan ahhhh brony mlp derpyhooves,0
my god sangat cantik berkat,0
lemme sembunyi gambar karena sendiri datang lihat,0
beberapa orang sebut trump ras karena bangun dinding tindak imigrasi ilegal keping salju,0
take me back coba jalan singkat tulum sisi beda luar biasa meksiko milik pyra luar biasa,0
adalah salah satu favorit ikut anda jadi orang paling bahagia hidup moga harimalam senang,0
dji bawa pulang harga atas drone epik mavicair rerl via,0
hari indah hari ini milik cuaca minum tulis atas,0
tidak kerja besok hanya tidur dapat shift pantat lambat,0
api when u we lit fam we lit fam we lit fam my clothes aria lebih cundang lmao,0
milik saya punya balas tambah saya telah men tweet beberapa kali tanggap,0
man lurus panjang shiit,0
sayang kucing,0
satu hari bagus,0
tahu lindung lingkung suatu mobil milik unit ac darah layak,0
tanya tulus siapa orang buat akun instagram kunci bagi gambar facebook,0
aku tahu kamu lyigngnfbdjd,0
g i v e a w a y beri pot instan teman us halaman instagram dapat rerl,0
anda kesal kesal rerl,0
ikan naik gaji editor rerl,0
gadis satu kaki milik beberapa gera video kesan,0
jadi orang tonton lampau arti kata cinta sangat cinta anak laki laki,0
us karyawan federal personel militer wanita akhir ihs layan sehat india tolak tanggung,0
oneparame rasa biru selalu rupa yang buruk knowurnegroes dilf scruff gaybeards,0
coba tumbuh rambut benar benar laku sekarang takut buruk adalah jadi orang ibu lihat irazo pudar warna saya,0
tutup bodoh,0
hari sisa hari sabtu april pusat aviator events pusat flatbush ave sneakergames datang,0
putar pinggang ular wella buat senjata acara musnah massal kirim gambar benazir,0
kamu diane,0
menang,0
terima kasih sayang,0
tunggu pajak anda untuk dapat cincin baru akhir dapat kembali cincin habis stok,0
bawa aku sama orang roda tiga sertifikat saya ambil gambar bagus,0
omg sedih siapa istri,0
menang era ikut,0
ratu,0
coba tembak sampah di tempat sampah lewat hilang,0
top as general kami tenang atur libat mosul mira aqui,0
hormat boyz panas,0
ima lelucon,0
moga sukses apa dia laku,0
waspada pejal kaki saat lambat siap henti myvibeva arrivealive,0
mungkin keluar panjang waktu temu teman dekat makan malam bar malam sempurna,0
anda terus hilang uang crypto programmer jelas rerl via,0
sangat lucu punya teman aksen sangat tebal saya milik cakap sama dengan,0
terima kasih banyak,0
aku suka betapa dekat gf dengan keluarga seperti dia tahu lelucon keluarga belum sial,0
lihat senang,0
liberallunatics tampak alergi fakta fakta cenderung picu thursdaythoughts confirmorgorsuch,0
jujur sangat cinta conor harap bisa dapat peluk anda anda beri tahu semua baik baik,0
mungkin akan bantu rerl,0
harap lebih banyak senator wakil bagi penting di luar politik beberapa anda milik selera humor tinggi,0
kemudian ramaphosas semua batang emas kerbau ke gupta jet fokked,0
milik suara jernih sangat jernih dengar lagu putri tanya saya kita surga,0
kalah pantat anda sendiri hari,0
bagi baik,0
ty juga,0
bagaimana tuan tanah lama akan tagih untuk rusa gelombang mikro karena nyala beberapa tongkat roti taman zaitun bakar wanita jalang smh,0
selamat hari rabu bagaimana kabar semua orang,0
ibu minta untuk pulang kami buat rencana makan sama rindu aw dia imut,0
terima kasih tuhan umur hidup selamat ulang tahun saya rerl,0
tepat orang orang bangun kuat huruf topi vagina bantal,0
semua kerja hari kati atas peluang,0
asa baik saat tahu akan bangun hari ulang tahun dengan sahabat tepat sisi,0
uang bicara ketika wanita jalang komunikasi etik,0
gwen tuju hidup untuk jalan hidup tuju,0
j armys berat bisnis beli musik senang dapat shxt bagus,0
cara pandang satu sama,0
acquista subito bioshock koleksi a rerl rerl,0
bawa anak anjing untuk kencing tindak olah terlalu dingin lalu dia kesal lantai,0
halo cinta tulis komunitas dan terima kasih benoit,0
jin pet mati,0
kawan miskin antara hewan rerl,0
luciferr backk musim episode,0
mana rencana jadi orang tua dia tiba tidur tempat kerja,0
luar biasa,0
syukur atas bijaksana hidup damai muncho bam biggs segar mandi tabrak pac x young niggaz finna tidur bagus asf,0
lagu favorit rn,0
rindu iphone muak ponsel galaksi sial,0
pernah suka tweet kutip tweet tweet benar anda suka anda ingin buka ya aku,0
dday khusus puji atributetoheroes veteran hormat,0
worldautismawarenessday salah satu banyak berkah bawa dalam hidup saya anfaat banyak anda maxxy,0
mungkin butuh beberapa decaf campur,0
siapa kalian semua niggas beri kalian semua hati kalian jadi hati begitu dingin,0
sitwitme union square park tahu potret kuda perunggu perunggu kesan ini,0
laku ikut foya tidak putus siapa harus henti ikut jus periksa ikut saat anda ada suasana hati buruk,0
aku sangat miskin aku bahkan mampu dapat baik huhuhu,0
desember selalu ingat,0
wowowowowowow aku benar benar bosan topeng tidur gelincir bonet sutra im finna cry,0
saat lihat pantat jelek,0
tahu grim pria kulit hitam hanya tahu,0
frank burns mash pernah kata senang jadi baik senang nikmat hari yang cerah,0
baik halo sayang bulan april sayangsangat senang di sini akhir bulan,0
maguire lol aku bahkan akan milik lebih lovern,0
aku benci omong kosong,0
terima kasih sayang rasa sangat ulung,0
kursus sangat mati anda tulis uji mereka,0
harus pergi stadion dodger sial sebal anda kerja,0
akhir tolong jangan buat jadi baru satu bulan au huhuhu rerl,0
tindik hidung serius harus dapat repierced kali minggu mereka semua terus komunikasi,0
air vagina lacur tidur indah,0
anda iblis incanet,0
hampir clickbait anda butuh hanya nomor benar benar buruk,0
buah video ambil saya pikir hampir bulan lalu x gay nsfw femboy x rerl,0
rasa sangat malu salah baca,0
terima kasih ana moga hari senang,0
mana saya pergi saya dapat mungkin terry apala saya dengar kirim musik fuji itu,0
us mad beautiful saya lebih suka versi queens college,0
tanya tanya orang pikir saya orang mahasiswa saya sangat jelas fakultas teacherlife ajar,0
semangat tonton latih stud tim kampus hari uavthrowbackscoachtrevor,0
maksud,0
selamat idul fitri semua rerl,0
cemas sedang bunuh sekarang,0
musik exalt the king atonye douglas exaltthekingbyatonyedouglas unduhhere,0
rambut ungu datang satu jam kalian jadi gila,0
adalah suatu harus copot warna favorit retros favorit ini punya,0
yasss saat tunjuk hebat king queen music feature,0
juga god kati mary tetap hubung,0
bisa kamu memberitahunya laku kerja baik dia juga nyanyi hebat idola hebat,0
sila luncur afrika selatan akan benar benar ubah main glam kami benar benar dukung,0
ya ratus kali ya cant tunggu lihat tlg yakin,0
bos,0
sangat adil,0
omong kosong begitu sakit,0
henti main mati beri konten,0
baca bagus,0
otsukare anda aman sesuai prediksi ini moga tinggal tk,0
tidak tahan terlalu panas hewan ppl kepala bodoh ingin sakit bayi saya,0
semua orang layak ada konser kali harap ingat sayang hanya pilih,0
ugh aku menang,0
tuhan lihat sangat bahagia mereka temu liga akhir pekan,0
butuh trio panggung selalu tunggu menit main,0
bilang cinta musim panas city girls rerl,0
omfg saya tinggal,0
bantu ahtag serafina hari spca teman sempurna petadoption rerl,0
sial,0
apa apa bung ikan semua kode cheat twitter,0
tlf,0
argumen adegan aksi orang pertama lebih suka bahaya takut battlegroundbookseries,0
tetap inspirasi bantu orang di jalan,0
i dunno maksud manusia umum daging umfesher bersih,0
sorot minggu apoteker kemudi atas median ruang parkir bmw nya robek ujung depan mobil sorrysista,0
hua campak,0
bruh kamu besar suara kecil wtf jadi,0
na pantat mati itu arti belum dewasa tidak tetap omong kosong diri sendiri,0
suka cinta,0
sangat hoodie x sangat buruk saya punya uang banyak,0
kemudian minta gambar kontak anda lihat mereka jelek punya magnet gadis jelek itu,1
tidak lihat bagaimana lacur jadi marah satu sama lebih niggas,1
tidak dapat finstas kalian semua memposting foto tidak hubung judul buat kacau,1
twitter butuh tombol edit tweet sial,1
aku sangat benci orang,1
tidak aku benar benar memberitahumu tidak pergi geary smhhhhhh,1
semua john legend tempat dalam asa saya tiap waktu,1
jangan pernah debat wanita jalang bisa bunuh hanya lang keluar hari buruk dua tahu wanita jalang gila,1
bisa tunggu minggu akhir besok akan tahu apa pukul,1
gemar dumbass bronco sumpah aku benci fanbase dawg,1
jalang buruk asfy,1
aku bilang jalang jelek harap sge singgung,1
beri tahu sekarang tidak protes undang undang tembak untuk kasus telepon bodoh,1
ada waktu diskriminasi benci bajing halang,1
jadi sekarang dapat butthole my brutally punch cinta berkeley gayff gayfisting,1
sangat jengkel mereka main bodoh wym nigga wtf ijust kata,1
bodoh cinta gila dia bisa baca,1
aku temu lalu aku pergi cinta kamu nigga bodoh af,1
harus jadi perang fs bs bomb and kill assad lagu tarung lonjak latar belakang,1
tur gsap dublin neraka sial,1
yeah ans aku tertawa gadis malang belakang dalam obrol senglak wanita english,1
pria benar benar benar benar sial rayap keluar gym,1
mfs dapat satu sempat buat benar benar kacau kami cinta tidak dapat satu juta peluang sebut apa anda ingin,1
niggas r sangat jengkel tidak tidak orang leaaaaave saya tf aloneeee,1
memberitahu lil booties be fucking it up,1
lacur buruk,1
beberapa lacur dapat biasa buruk pikir semua orang ingin buat asa yah luka,1
anda benci nigga,1
milik orang tua pantat mati yang buruk,1
kacau keluar squaded ganggang,1
ion b mad wen a bitch dapat nigga saya jadi gila wen da bitch biar laku apa saya laku,1
anak benci orang orang coba rasa tendang tangan semua orang jalang moveeee,1
jadwal tidur sangat kacau,1
niggas jadi gila anda ingat bahwa punya orang gadis nigga kamu marah pada kamu suatu hubung,1
nigga dapat gila saya tanya kepada dia pria telepon,1
layy ugly ass coba pukul dengan lelucon mengapa klise seperti tidak pikir ingin jadi teman lagi,1
bruh aku benar benar benci orang ini,1
anda suka pisang cinta mobil,1
nah telah tingkat jadi poni geng cuckolding itu kamu suami,1
omg seperti mesin jual otomatis,1
buat darah didih saya pegang pintu orang mereka ucap terima kasih siapa besar,1
aku panggil kata n sangat luka dia suka kue twinkie nya,1
persetan aku tahtismygirl,1
sial aku cinta beberapa betina pantat slaw zaman pikir fye,1
jangan pernah serah vagina bahkan dia sial lacur,1
bukan finna bohong semua lacur saya suka benar benar jelek ole donkey kong lookin ass,1
bayi sial,1
fem bottoms in pantes buat rasa aku cinta istri,1
lacur tidak suka kamu sumpah jelek cangkul jalang kamu gila aku tidak kalian dua,1
wtf sepupu harus panjang waktu jadi buat kesal,1
nigga fucked ip dia bangun kaus kaki satu anting anting in,1
a bad ass show badass women hell yes,1
moa prioritas uaap dapat tiket sial saya omg smh btswingstourmanila,1
omong kosong buat sial menang lil nigga bahkan ingin potong bodoh hanya lihat wajah t,1
keponakan tidak suka ipin upin boboiboy anak anak malaysia normal alih alih sangat suka peppa pig,1
bom pantat darkkkin w beberapa bom pantat kontol rumah bom ass w beberapa bom ass anak anak dapat bom ass,1
ash aku kecewa jalang nel buat sial,1
lacur jadi sangat marah saya datang apa saya laku kakak,1
tidak sadar apa anda milik anda kacau hilang,1
apa kamu laku semua jebak atas batu ambang luar angkasa henti jadi sangat sengsara,1
tunggu lacur lompat bodoh,1
semua waktu sial,1
ini sebab harus pernah pilih presiden benci bajing,1
pikir hari jumat sekarang aku sangat bisa percaya kesal clihoe,1
benci kerja awat sehat rumah selalu acau cek,1
ini ken tahudia kacau,1
tidak lari lalu trofi saat sama cuci ma jadi pergi akhir orang serendah,1
desain sangat buruk,1
mungkin punya payudara checkk flips saya juss fucked yo bitchh,1
guy in the video salah satu cinta bodoh,1
telepon komandan kepala minta waktu saya kacau,1
sial nyala,1
lacur selalu orang rasa enak mereka suhhh laku untuk diri sendiri,1
fucking hoottt,1
beberapa pria cracker barrel kata saya jahat bahwa saya akan pergi neraka,1
nigga dosa main lumpuh saat rasa seperti anda orang jadi gila asf tidak erti,1
tidak pernah kacau baler,1
kalian bicara kenang kalian benar benar sial kalian semua sepupu rn,1
rihanna lama sangat buruk bro,1
benci orang tinggal kemudian semua orang tindak olah sangat dekat mereka lacur tutup mulut biar orang orang gr,1
orang orang sangat kacau dunia benar benar jijik generasi adalah omong kosong aku benci semua,1
ibu kata treja kamu akan pernah milik teman teman kamu jalang apa jadi lempar naung saya benar af af,1
afreakinmen akan butuh waktu batal semua omong kosong dan maga,1
tidak lupa bagaimana si sihir itu bukan salah nigga saya,1
habis panjang hari moles aju disk kemarin kemudian pergi acau semua tetap,1
nah eastenders kacau bagaimana bisa laku silvy itu,1
belum pernah jalin hubung beberapa bulan masih kacau kepala,1
aku lari menit tidur aku sangat hyped,1
dari kotor saya buat hujan sial lumpur,1
aku sial selesai,1
aku benar benar getar spazzing,1
tidak tahu betapa benci sekolah sial semua dapat gol tahu,1
malu ambil foto cermin sekolah jadi benci saya coba ambil satu lacur masuk,1
benci niggas ingin perhati yang bagi saya milik orang jalang,1
lacur buruk boujee dapat an putar,1
bitch aku peduli tentang pergi temu siapa pulang jalang kau bodoh,1
the kardashians fucked up lot niggas lifes up,1
bukan kamu tahu kapan roach rat killers akan sentuh kotor pengaruh,1
kondominium compton masih jangkau nigga persetan kendrick,1
harus jadi salah satu pacar jengkel,1
lacur buruk kurang,1
datang lihat hari sabtu aku sangat rindu,1
nigga tudung gila gila akhir anda everrrrrrrrrrrrrrrrrr,1
cinta getcho ass sengat,1
ingin atur ulang anda sangat buruk,1
tidak percaya jiwa sial orang tanya saya,1
adalah salah satu orangatan keledai,1
aku benar benar temu aj lee ibu gulat,1
jay z lepas semua album adalah berita keri apa harus laku saya milik masalah lacur bukan dapat tidal,1
harus buat lacur jelek af coba tidur wajah bisa jadi me,1
cantik tidur mitos aku tidur panjang hari sial aku sumpah aku lebih jelek,1
kalian kata tapi marah niggas bicara benjol pisau cukur pada vagina,1
orang orang suka begitu buruk jadi gila mereka tidak dapat temu alas,1
siapa bilang ariana rias selalu kacau tidak lihat,1
faves sial,1
cara resmi ambil lelucon sial,1
bisa kata semua lacur dese botak orang pergi singgung bagi botak bukan kata b,1
coba debat ini sudah selesai akhir cerita tidak pernah bicara tidak pernah teman akhir cerita,1
sial aku kacau,1
dapat bayang stowie massa otot jadi tempat kepala bandul boneka t mr,1
a nigga a do you dilly marah uwtf laku u jalang,1
memang a panas,1
lmaaoooo gadis ruang istirahat baru kata bantai sakit,1
kejut orang negro amerika aku tahu,1
saya minta hanya palsu,1
bagaimana pergi naung lebih ringan dengan pakai rias jangan pakai kotor anda dapat temu warna tepat lelah lihat badut,1
sial jscxmanny keluar besok aku teriak pst,1
datang sini biar aku cinta dengan,1
jokers bodoh idiot jokers,1
aku benci lacur kata tidak suka aku beda tidak suka tidak peduli tentang,1
barack obama idiot blithering wcnn video ingat,1
seperti naksir milik segala kuat untuk buat jadi gadis mengapa saya acau atas acak,1
hari simpan minggu simpan bulan simpan tahun simpan hidup sial simpan,1
tidak besar orang gadis salah satu anak laki laki tanpa beri tahu orang mereka cinta grup,1
kamu canda,1
slut nastypusy daddy filthyfilth,1
bahkan akan beri makan benci semua orang lihat ketidaktahuan sendiri smh bawa,1
aku benar benar benci tinggal rumah laku apa apa baring aku keluar buruk,1
pantat jelek dapat memposting asd juga,1
bukankah sial tranny mia isabelle,1
jeroen mondrian raoul vargasin twinky bareback fucking cum tiap lubang,1
hari saya cinta kontrol ps snapchat milajade,1
sangat baik saya pikir coba selesai semua masih panik,1
nish laku sial ik westgate gon ikut itu,1
semua pernah temu gila gila dia tampons jual jangan coba main,1
kacau e sekarang in nowlove saya saya inlove jadi tidak anda akan meni saya maryjane itunes,1
lmfao isap jadi hemet tidak pernah lihat jalang benar benar buruk kota kecuali internet,1
nigga thats a dhicken wing sayap ayam nyala tho,1
akhir buat mati,1
blogofcj jangan pet my fucking dog,1
sekarang rasa sakit sekarang maddie dapat pantat beat,1
sial neraka bisa salah orang,1
bon selalu jadi bayi terus coba cangkul kamu bodoh been milik lama tahun kamu bahkan ada,1
baru ikut kelinci akun instagram aku akan selesai apa lagi,1
yoooo benar benar benci nigga,1
buat kacau,1
ike turner beri tahu tina jalang kamu mati aku bunuh niggas bukan jenis gila,1
sial buat kacau asa dengan lena sekarang terima kasih fam,1
anda cinta asa,1
bidik buat nigga mad,1
itu bukan satu itu orang ibu tidur nother,1
sungguh buruk sekali sabtu malam,1
aku benci nigga jelek haus kerak dont shootyourshot kamu orang anak laki laki aku malu ada biaya makam,1
selalu orang orang jengkel jengkel seperti semua orang suka biar aku benci bih ada peduli,1
pacar sangat sial yesssssss,1
beri email kirim orang bodoh parcc jengkel harus orang pakai kantong tubuh,1
nigga bodoh pikir jadi stres nak konyol,1
killa mode sial,1
tunjuk milik hubung tidak nyaman feminitas tangguh sangat lelah tangguh kait bola penis shotsfired,1
poc aku sial menang,1
tagg jalang buruk,1
man aku acau maksud titty nasi,1
cara resmi ambil lelucon sial,1
ingin laku beberapa video ingin mering wajah alergi sial,1
makeup sex jadi wanita jalang rasa salah nigga bukan aku marah pada,1
niggas benci lihat pimpin mereka terus kotor,1
aku tidak sahabat orang orang facebook memposting hugot lelucon gempa,1
apa gila dia putus dengan niggas jadi tweak,1
tommy fucking nicholls what a boy,1
jalang aku kotor challenge,1
kita goo bitchimtheshit bitchimtheshit,1
tidak pernah sentuh vagina tahu tangan sedih anda yang burukfindom,1
marce orang idiot,1
joel corry eden apa lanjut sial mad main tunjuk saksofon,1
holy fuck batuk akan buat gila,1
tahu jelek sial sikap keri,1
kalian niggas kalian selingkuh lacur buruk orang pria tampak jalang pernah sepenuh erti,1
benci lacur aku ulang aku benci lacur jadi sial palsu,1
kalian semua slack ass sakit sial,1
blackbird pizza grindcore house dotties donuts idiot,1
semua asal orang pria ayah kesan nilai nilai itu curi salah tempat,1
tidak tolerir niggas panggil nama jangan goyah anak gshit,1
benci lacur kata ion butuh siapa tetapi jadi marah tidak yang periksa well shawty tidak butuh jadi,1
benci niggaas tindak lacur,1
kamu oml yasssssss,1
cokelat sangat jahat,1
jalang marah saya jebak panjang malam tidak punya waktu bantu bahan makan,1
jalang jadi jahat aku sumpah,1
baru jatuh telepon ma mayones sial hellmann,1
lmaoooo niggas marah pada aku baru pulang nevergetyabitchback,1
nigga buat di sini lihat gila ingin cari tahu sekarang,1
ingin tahu pandang orang jahat sini tf nigga saya tidak,1
tidak tunggu akhir tahun henti kerja sial,1
jawns sial hit,1
kalian semua ingin niggas hood niggas buruk tonton dan ajar,1
keluar acau dunia semua orang,1
laku hal sangat buruk saya laku baik mana anda suka payudara keledai,1
pantas dapat kacau,1
,1
anda benci karena nigga cari bantu lacur,1
lacur bahkan punya tipe mereka cerewet sini sial apa,1
banyak kalian lacur benar benar jelek semua orang tahu kalian semua,1
balas sial,1
tahan keri luiz cahill ffs ayo idiot,1
aku benci milik kemudi urber haiti kemudi soo sial lambat,1
dapat banyak marah bangun jalang ingin tarung,1
dia orang bajing saya rasa enak untuk sangat dia semua kacau pikir diri sendiri,1
adalah tipu untuk dapat uang tidak pernah bayar untuk menang parker jangan guna,1
ion harap patah hati siapa pun bahkan musuh buruk rasa kotor dada anda,1
lmfaooo ay fucking yo bukan cara kerja sama sekali bruh,1
ingin bangun pergi kerja pulang bantu anak w kerja rumah buat makan malam cinta nigga wishfulthinking,1
terbang tunda jam sial,1
what an idiot,1
ima slide tiap dm jalang buruk mereka lengkung dan beri motivasi saya butuh jatuh rekam,1
butuh mereka akan buat di sini lihat gila,1
pergi tonton bagaimana tidur tanpa pelana paris,1
fakta sial,1
boyyyyyyy aku sial goreng,1
gila dia vagina,1
tuhan orang orang sial grrr,1
idiot ini dianne feinstein pikir dokter hewan sakit mental ada orang bodoh sakit mental bicara,1
mengapa seperti bc mfs keluar dunia belakang,1
kisah hidup,1
sial pantat ras cangkul wtf menang yo boifrient kata pada temu di toronto,1
bitch sangat buruk dia lihat gadis powerpuff,1
dia bukan presiden sial,1
anda lihat video sial hole,1
kira ahli hal tapi sungguh lelucon sial idiot,1
rasa penuh ambisi akhir akhir craaaazy pikir beri hadiah potong orang racun hidup anda saya sumpah,1
ain no lil bitch kulit sama buruk gigit,1
london keyes ass fucking anal,1
aku teriak pria lmaoooooo oooooooo cinta dengan nyala,1
keponakan hanya kacau bayi thefinalterm,1
niggas tetap tryna main gila lalu jalang saya thew,1
man fuck it if you not fcmg sc atau greenlife saya kirim tembak bagus pantat lemah,1
sial bunuh dengan main kata kata buruk christine,1
lmfaooo man benci omong kosong,1
mandy muse ikat keledai anal,1
kursus sial sayang tourmanila,1
afended nigga orang idiot,1
dallas selesai kacau malam lihat tangan,1
gadis tempat kerja jadi saya catat pergi kata datang mobil rokok tumpul dengan saya tf bih no,1
ratu sial,1
tidak daging sapi cangkul belakang nigga singkir cangkul singkir nigga,1
apa macking yaw dapat lil bro kacau tidak cinta dengan bro,1
teriak berani benar benar sial,1
lacur jadi reaksi anda pergi jalang bukankah kamu punya uang hasil,1
nada dial sial ingin dengar,1
yo kamu sangat cincang,1
susanriceunmasked yo stoid republicants unmasking bocor duh laku kerja utama,1
lo fucking l,1
tidak tahu nazi ambil kepala beku hitler pangkal kadal antartika rahasia,1
kacau malam,1
tuhan generasi kacau,1
sangat kacau savemos apa jadi,1
lihat betapa marah raptors keledai dapat kalian semua,1
fuck yess its heree dreampairing girlswaygirl,1
aku benar benar menang aku sangat rindu,1
lari salah satu teman grandad hari yang pernah lihat sejak masih dapat beberapa tinggi sekarang jordan banding apa smurf sial,1
lacur orang bicara buruk ada lacur tidak relevan,1
woww kacau,1
bagaimana tidak anda sangat seksi sex goddess,1
terima kasih buat eksol pikir salin semua,1
keluar pikir sial anda fokus khianat trumpusia ia coba alih perhati anda,1
acau,1
yoooooooo bday pada tanggal april sooo buat jadi raja raja,1
idgaf henti cinta jauh nama mulut ya rasa saya,1
anda nyanyi kata sial omong kosong beri merinding,1
butuh jalang gon lemme curang yang buruk kata pada bukan kheatin kita dua onnat,1
bbw babe suka fucked makin sulit makin baik,1
adalah teman baik sana sebut hal aku cinta,1
luar biasa benar benar rangsang bigtits naked xxx,1
just fucked sax up,1
tanya tanya semua orang bodoh maga idiot rasa bodoh percaya semua berita palsu russianbot,1
hormon hormon hilang saya,1
brutal tertawa kelah sial,1
poin besar musim backs lawan dinding sial respons pria misi,1
fucking fuming bagaimana bisa jual mobil kata sepenuh servis dengar traktor sial,1
milik foto salah satu puting rusa lemari pakai sedikit kecewa tidak guncang pucat,1
mike will datang bangers sial tebus,1
oooooooo semua sapa dewa maha kuasa ehh tuhan stephen fucking piscotty,1
pecah buku jari biasa pantat buruk,1
tidak berat bantu serius bahkan angkut uang jangan tanya uang minum sangat sedih,1
ugly ass kids,1
aku cinta dengan,1
orang orang mabuk momen nyata persetan mati saya milik kelas jalang tidak masuk akal,1
omong kosong bosan lalu,1
saja aku selesai,1
legenda sial signsofthetimes harrystyles,1
bayang penis hewan kotor ugh simpan,1
sudah dewasa butuh bentuk kecil tidur uppppp,1
jalan jual obat bius cangkul kokain,1
niggas ingin jadi jalan buruk sekali ketika tekan mereka ketuk,1
sial maaf lewat cakap,1
pergi kalah u lebih rendah hancur anak anak datang columbus tidur kota,1
ibu ampun kamu bihhh buruk,1
the lazers set buat sangat kacau,1
kamu gila kamu dapat lacur bukan tho sial jangan gila bc aku pimpin u lea,1
vicky makan keledai sial deadddd,1
wtf bahkan tahu acau dhehdoskdjcifjss ingin pukul semua wajah bodoh,1
harus jalang pantat buruk bouncin kontol,1
alas buat begitu kacau,1
ibu ayah cinta buat bos,1
hari kaki tidur sejak kemarin aku sangat sakit,1
henti biar idiot runtuh,1
oml ini kacau twitternya sampah begitu momen idk itu ini tidak tetap rurut,1
bilang butuh lacur buruk alibi,1
alas benar benar kacau emosi,1
bagaimana orang gadis leher kacau tidur buat vincent bawah lengan saya julians lengan bantal beri aku ruang angkasa,1
singa sial selamat hidup carl thewalkingdead,1
sangat b orang dewasa sekarang lihat tampil sial,1
bodoh aneh pantat mfers,1
suka laku lacur jelek hanya tarung,1
orang orang marah tindak olah tidak tahu anda putus,1
harus cinta,1
anda pernah lihat teks ya aku cinta dengan malam,1
bitches jadi gila asf bayar suka sangat jelek lihat anda halo,1
cinta hakim salah coba,1
orang orang pantat jelek milik tingkat percaya tinggi,1
lacur tidak suka kamu sumpah jelek cangkul jalang kamu gila aku tidak kalian dua,1
semua cangkul buruk terus telepon,1
ayee thatsss myyy babbbyyy ryyy stagg stateging statee lets gooo,1
awhhh pantat gila ingat aku kali aku bagi kenang jalan aku selalu bawa,1
hanya buat barang kemudian idiot percaya hal mereka buat maga,1
selamat ulang tahun salah satu cuck bois the goat farm dalam kerja,1
lacur tidak erti benci gairah sebab bich kali mandi saya lihat besar bagai tanda gigit,1
crackheads lawan apa dan siapa yang gila,1
mereka niggas bodoh sekolah,1
fucking tuang hujan boston floodwatch bahkan dapat lihat jebak sini grrr,1
aku sangat selesai acara twdfinale,1
maksud jadi kata yeeeeee kam kata yee fucking haw,1
shidd kacau omm,1
dominos bangun mangkuk roti pasta adalah sial mana ada,1
kati meski tuhan tahu tidak beri keledai bc tidak tahu bagaimana cara cinta,1
yooooooooooooooooooo jenius sial,1
audrey hepburn sungai moon lebih lebar satu mil neil degrasse tyson benar benar sangat masuk akal,1
punya hub ho cina apa dia tipu basis orang amerika,1
brandon moore kacau kutu bukubesar,1
anda makan dia pergi anda sial,1
aku bisa ada suasana hati buruk semua kalian laku hanya anggur sial bayi kamu ajar apa apa,1
sungguh leleh,1
alas semua lacur kecil sangat gila hey daddy,1
kalian sangat khawatir siapa orang orang cinta kamu bukan satu satu apa buat semua jenis akal sehat bisnis,1
my fucking god innout datang atlanta,1
tanya buruk tanya nigga apa kita,1
dasar baik presiden sa usa idiot akhir cerita,1
hella bad yasss girl fuck it up,1
gerutu asf bodoh,1
tonton attackontitanseason saya ingat sekali bahwa seri benar benar sehat,1
ima kalah sepupu bruh bung acau semua bagi sepatu,1
kota pantat bootlegged nama charleston sangat bosan,1
hahahah the sama lihat salah satu teman kena kacamata saya kata my astag,1
aku selesai semua orang tonton,1
apa laku ponsel sahabat sangat senang terima karena aneh saya,1
harap ada dalam lubang mosh ada s snap sial gnarlyyyyyyy,1
shower pantat dingin bangun,1
segera tahu kacau,1
kirim ke fokus sial anda nilai,1
persetan semua tempel rencana music musicproducer musicproducers beat rap club dj,1
football bloody hell,1
tboss permen mata saudara perempuan permen mata eishhhh am mind fucked bbnaija,1
jadi hari di tempat kerja tanya orang pria apa ingin minum dia kata aku ambil ayam bukan coke,1
saya bahkan bisa buat agen balas email sial,1
bagaimana akan biar nigga mobil buat gila,1
ingin bagel sial keju krim,1
issa bad bitch,1
lacur jadi sangat gila benci sini aku sangat marah aku bisa tampar pantat,1
selalu suka sial bro laku dengan omong kosong,1
orang orang idiot,1
harga milik mimpi masturbasi bc adalah yang sering alami,1
tepuk pantat jahat,1
alas di netflix sangat takjub,1
kalian semua cangkul sini gerak jahat dunia sangat kotor,1
konser langsung britney spears vegas mana nick jonas diri kt paling depan skali nick jonas dgn muka blur nya aku mati,1
dia kacau kacau juang sama sinar sama,1
bayang ragu bakar tiang pancang,1
sial aku benci diri judul bullshit spoiled,1
real,1
sedikit sombong barca datang ketuk sejak dia tangkap formulir lmao,1
sabar keluar rumah sial,1
terkadang acau buat diri lihat orang idiot,1
martha sedih pattys patty bullshit beckys,1
benar benar baik teman temankeluarga sama gila saya dengan sheit,1
kami bicara potong lacur bahkan lihat dia suka,1
benar jijik bagaimana tampil di foto apa yang ambil saya catfish,1
kata ikut otak hati idiot tidak tahu otak bodoh kotor,1
lihat tahu level level bodoh betapa bodoh kemudi laku,1
twinks sial luar ruang orang tonton bagi,1
bung buruk jack dia kacau,1
sendiri ingin isolasi aku ingin sepi,1
orang idiot harus dengar selesai alis saya,1
ambil topi sial,1
homegirl life tidur pantat ada lumas ada beberapa bulan lalu lifes a bitch terkadang aku rasa,1
butuh sesi sial kotor sangat keras,1
rapper perlu rap beberapa omong kosong nyata tidak punya wanita jalang buruk tidak punya bentley pecah af yo bm ugly af ugly af,1
suka karen santa yo jalang gila,1
benci orang pikir hanya memposting akhir omong kosong pertunjukanfilm adalah tipe orang buruk,1
lmfaooo ers orang bodoh,1
kalian semua wanita ingin niggas hood buruk tonton dan ajar,1
kita pernah henti sial satu sama percaya karena kamu cinta di atas,1
kacau beri lacur hak istimewa rasa mereka milik seperti milik anda,1
soooooo kacau,1
benci lacur tidak terima kasih,1
siapa pria utd whoooo,1
tee bilang acau semua orang,1
fool bilang aku kacau tidur siang,1
tidak perlu acara tv bukti intimidasibunuh diridepresi hal nyata,1
tiap kerja walmart kunyah permen karet seperti sapi sial henti jijik,1
fucking auto benar terus tidur kata kata sial,1
cinta jalan panjang tahun,1
gadis adalah paling lucu,1
orang tahu orang orang buat kesal,1
siapa beri apa kata idiot oh apa apa trump laku,1
sangat buruk cium pantat bagaimana laku,1
adalah orang ingin lindung hanya jadi lebih anda,1
kau bunuh saat lama tim starboyworldwide,1
milik hari nyala alex,1
dia baru tidur pantat,1
tidak coba bantu situasi keledai bodoh,1
tunjuk sangat nyala,1
guy in dist log class jalan jalan keliling hela nafas kata aku bisa laku omong kosong hari aku pulang lalu balik jalan keluar,1
dapat masalah marah saya belakang,1
sial benci bohong gairah,1
danau eli cara royal tidur kisah nunes,1
lacur jelek ada ramai dapat masih pikir bisa saing saya,1
tahu prom tahun ada pustaka sial,1
mereka pasang poster tulis jangan jadi penis orang orang,1
ada cinta disneyland belum nyala asffff,1
terlalu kacau ingat,1
fuck u ur g jaring hari lebih buruk s g network,1
sekarang kembali main nioh kawan suka game hanya henti loz saya dukung capai bos akhir gila,1
post vine life sangat sedih zachpiona,1
apa apa aku sini buang buang waktu laku lagi hukum,1
jelek sekali situs web lihat gaun cantik beast,1
jangan benci jalang pantat lumpuh klise,1
bodoh tidak ada nigga dummy,1
benar benar cinta,1
musim paruh waktu dapat fucked fw mine lul bitch,1
moga niggas masih naik saya saya mati ada potret seberang jalan ada situs,1
bruh sial erti,1
orang orang coba picu kata kata hanya laku orang malaysia,1
hari senin lacur memposting nigga hal henti muak istri saudara perempuan,1
keri tidak stasiun berita di sini liput tugas untuk liput berita lepas ffs bajing sial,1
crazy ass lady lahir itu,1
sangat muak lihat bra serut sial instagram,1
sasha ambil satu tim adegan zombie walker adalah sihir tuju thewalkingdeaduk,1
rindu hari hari sial ini deadass,1
yummyyy booty selalu lihat sangat enak damn loveit,1
sepupu supa stoooooooopid satu tapi korrek waktu yang sama,1
ur trynna ambil gambar kelas sederhana semua orang lempar jari tengah tanda tanda geng,1
ubah suasana hati sangat keri,1
gila itu akan tampar mulut nigga ragu ragu,1
benar benar kacau kepala tapi peduli,1
suatu hari pergi tangkap di hari buruk saya pergi pergi pantat,1
sarkasme mampu hina idiot mereka sadar,1
aku sial,1
trendin kamu canda,1
i cant fucking breath,1
sedih sekali princess of china mati,1
kjc saya jadi jalang jadi buruk,1
orang milik ponsel pintar masih guna d p c teroris benar,1
tahu baik baik orang hanya tempat di halaman meme kata uang tunai di luar gadis lmaooo benci dville beri aku cangkul uang,1
selinap keluar panti jompo malam untuk lihat kalian semua kursi roda pantat tidak lewat idc,1
baru tanya pacar dan jalan keluar kamar,1
milik juta cerita bosan omong kosong cerita hari tidak di sana tanggap shits beri tahu,1
lacur dapat saing mana tidak banding itu sebab gila,1
sial pantat obat bius,1
dapat aku anak anjing sial,1
yang kacau akhir tbh,1
wawancara uji hari buat benar benar kacau,1
sial buat hari bisa henti tertawa,1
yesus sial kristus orangorang pusat diri sendiri,1
tahun hari o milik operasi dan bahu masih kacau,1
rasa kasihan bilah tidak sini itu sangat dengung,1
aku tahan nigga cinta bodoh cangkul pantat bohong bodoh,1
ingin dengar berita biasa biasa di jaring berita biasa biasa kepala bicara biasa biasa bicara dengan suara biasa biasa dopey dope dopes,1
mf buat sangat kacau harus baca pesan kali anda balas,1
aku sangat cinta ini aku bahkan bisa pergi aku mcing,1
apa kanker pukul lawan lain sekarang inspirasi sial ibu,1
mika angles berkah masing masing semua orang gc gc sial adalah berkah sial,1
belum atas langgan tinggal pistol muat paket fanny kafe dan pikir breezy,1
rainbows fairy lights hust to fucking go no offense,1
fucking agustus,1
saya peduli kalah kanker kirim foto satu sama di snapchat ada guna tidak laku sial bu,1
dengar niggas rap saya sangat selesai,1
benci aplikasi sial bruh,1
lihat klip video porno lengkap sini elmagic,1
pikir hanya terima fakta garis rambut kacau,1
benci cangkul sikap tambah lihat,1
telah duduk tunggu beberapa bangun lama jam sial ayo ingin pergi lihat jack,1
besok aku lari ayam kepala mothafuckinku potong,1
rs lacur jadi sangat gila,1
selesai debat tbh baik makan vagina atau hanya gila,1
tidak bohong dapat banyak omong kosong keluar jalang hanya tunggu orang jadi bodoh,1
apa perlu ajar tiap lacur tidak ganti bukan teman sial,1
retweet anda pikir cinta saya,1
jadi bass academy benar benar gila,1
wanita bawah dan putri laku dawg kata putri kamu lacur sial besar pernah lihat,1
jalan tuju untung tenar masih kacau,1
bung belakang akan buang sendiri dia bahkan bukan laku,1
sial baru periksa kamera tidak milik mode anti jelek,1
joey fucking badmon bahkan dengar lagu saya tahu akan jadi api,1
niggas sangat sopan,1
a aquarius tidur,1
bs sangat rindu,1
ini bukan benar sial tcozibsganyjn,1
suriah mississippi florida obama ada hubung itu bom trump ugly ass dc,1
kamu sangat penis aku tinggal kamu sangat sombong aku tutup pintu jalan,1
suka video kendall jenners psi ad epic sjw fail,1
bagi pernah tinggal dc wtf bayar pantat gemuk vaca wknd itu lapis saku,1
yalllll adalah ulang tahun kakak malam adalah jalang malam,1
kaki kacau tidak pikir hasil,1
pernah cinta steker nigga bisa ubah hidup yo,1
wanita pikir abai anda takut mungkin hanya ingin beri hidup rendah relevan gila b,1
isis cinta rusia hopely the ruskis hapus cunts,1
ingin makan pantat kacau panjang hari,1
teman mulai tonton tvd kami bicara hari kata stefan dan elena akhir kacau aku teriak,1
jadaak lol ima beat jitt ass dia tetap coba gadis pergi beri pakai dan pergi slide,1
sial nyala,1
stres nyata remeh,1
bagaimana lusin anak anak tinggal mosul anak anak irak bunuh bom and ga,1
beli banyak gatorade tidak pernah beri poin saya bunch of fucking crooks,1
leehnacoleee terus sial anda pergi via twitter prepzilla,1
aku benci kalian semua anak anak philky mulai tempat o bul youngbul bukan youngboul,1
dude me fucking tapi ada keparat beri,1
aku benci perempuan rujuk pada gadis n so begitu n so friend tahu nama instagram nama twitter nama snapchat gadis kamu kenal,1
dirty whore jiggy the goat kid adalah nuts,1
moga busuk neraka begitu cara trumpocalypse buat rasa,1
gemar stoke sial panggil bin dippers lmfao fucking stoke,1
aku cinta dengan jauh teman hubung,1
sebal anda bisa keluh anda ambil tantang laku benar romanreigns talkisjericho,1
bawah bayar terlalu banyak kerja benar benar kacau,1
keri kondisi banteng semua saat hanya karma jalang,1
sumpah niggas masuk saudara lupa masih jelek,1
pernah lihat gambar dapat kata orang gadis isap perut gadis anda hirup napas,1
lacur kata datang rumah no ones ones pergi cara harfiah ada pulang benci perempuan jalang,1
anda kacau tidak lewat banger,1
retweet u asia girls pussy filipinas fucking video,1
persetan waktu lama guru keledai,1
feudfx joan fucking crawford,1
buruk bisa laku lacur biar tahu dapat perhatiannyacuz jalang kamu pergi mati aku finna stres kamu finna blow kamu sengaja,1
anda percaya akhir tidur dua,1
ampun itu surga dengar,1
benci benci bruh terus benci terus bicara saya tidak peduli,1
benar benar benar siri tangkap tangan,1
percaya kalian akan ubah dunia sial doabphiladelphia tco,1
jalang bicara buruk saya sekarang buat buruk saya,1
bahkan bisa rasa enak wanita jebak nigga tidak hormat main tipu anda ajar sis,1
at fucking all,1
benar benar pergi,1
the hairs hairs fucking hairs evoo bisa aku makan,1
bow buat gila gila pada pandu orang wanita juga tidur wanita,1
aku benci idc dia dapat jalang pantat gf,1
yeahh bosan ehm siapa kamu sebut idiot,1
payudara pantat gemuk gemuk gantung atas baju tutup mata kyliah segala,1
sakit neraka tempat tidur mati yang ingin hanya ibu saya,1
lacur buat kacau panggil bicara gila wtf,1
lmfaooooooooooooooooooooo orang patut penting,1
ini gadis gadis suka cinta baju di,1
hmu kamu lacur buruk senapan mikes limun keras malam sekolah,1
nigga mad af saya tanya kepada dia pria telepon,1
ingin buat hari sabtu senang sahabat dia layak dapat lebih banyak ily bodoh,1
benci salah satu ikut belum kalian anggap issa nigga,1
fuck loveeeee,1
kamu selalu salah buat benar benar bisa,1
aku benci wanita jelek sombong pikir omong kosong mereka benar benar jelek cinta,1
aku benci orang bangun sini cerita apa jadi acara tv film tutup,1
all tuju sial,1
tembak kali charlotte jatuh sigu sigu,1
teman teman tidak tahu bagaimana cara pergi nigga saya jadi gila,1
aye aku tindak foo konser,1
jorge ambil video pantat jelek saya tidak henti kirim saya,1
aku benci orang orang rusak acara tv tiap tubuh belum selesai bajing sial,1
pantat pantat barel blokir marah saya taung dia,1
whys biskit pakai lacur buruk,1
dats pantat bodoh babymama pikir im n sini cangkul samping fedddddeerrraallllll,1
lebih lil kim karier sampah cuci ada sabun libat yumad bum bitch,1
ana blackwatch tangguh mccree skyping in from london tampar pantat kamera tangguh,1
lacur tidak dapat saya suka repot saya me the nigga crineee ft pantat konyol,1
masalah adalah maaf orang tidak maksud kacau dengan,1
akan bangun banyak idiot,1
whaaahhh terima kasih akan juta tampil weeek gila,1
henti bodoh cinta karyawan lain sangat bodoh blackinkcrew,1
benci sila beri nama rapper austin milik nomor valid ini bisa okay tutup mulut dan,1
yooo si sial godddddddddddd beri kedut sial k niggaget benar,1
hanya gila vagina tetap kering,1
lmaoooo aku benar benar benci orang,1
kalian dua cundang anda laku hanya sebal rengek boston sports aku percaya kalian udara,1
ashley ugly ass never tell me when she goes where ingin pergi belanja musim semi anak laki laki,1
idiot tonton the champions tour panjang pagi pada lubang main pertama tinggal pergi awal golf wanita,1
dapat lisensi adalah yang paling keren,1
aku sangat hyped sangat pompa myboy uhhh suh bung,1
sial horny mianna thomas,1
tidak tahu semua orang terus tidur pria tn shake n bake,1
laku sedikit untung hidup sakit cinta,1
baik acau makna,1
sangat akurat,1
dunia gila semua nigga adalah coba bantu anak anak simpan,1
badai sini bukan kacang kacang,1
kacau malam,1
gadis sial sangat benci diberitahu meski wtf,1
kacau,1
lmfao aku biar pantat kamu tarung pergi kepala saya ingin hanya jadi cincang fuuuuuckinnn,1
akan biar buku buku jari kubur diri sendiri lebih dia jenius sangat aneh,1
lacur bukan teman kalian semua benci,1
persetan semua omong kosong who tf is young crazy ep jatuh april pantau terus,1
jadi musim mana lacur cinta pria lhhatl,1
cinta saya lebih awal sangat sedih saya tidak teman anda ingat orang orang bicara,1
tonton eva lovia kacau hotel ardd di snapchat sexyaddison,1
jin makan sial ada cara neraka akan biar itu,1
mode biadab mulai sekarang niggas buat kacau,1
malu orang gadis bicara setia kawan tahu kirim pesan pada masalah kawan bukan,1
ini sebab benci niggas,1
niggas benci anda laku mereka laku,1
dari pria dorong konspirasi lahir lama lima tahun sial,1
keledai bodoh mana sisa lacur,1
buruk sehat coba bunuh sial,1
ingin teman jalang pantat jelek tapi sepupu,1
blokir wanita jalang masih tahu apa ada halaman anda maka sengsara,1
jangan biar nigga mobil buat gila,1
lacur selalu klaim lacur gemuk jijik kacau jadi betapa jijik kami benar benar,1
sial kirim kendall jenner bungkus psi cans,1
orang lihat di sana obat lacur jijik,1
idc apa kata lacur aku akan milik gadis sini lihat bodoh,1
bung bicara lihat sangat timpang bodoh,1
cinta anda tidak pernah perlu tanya setia saya,1
lacur benci lelucon aku bilang ada pratinjau persetan aku tinggal di sini,1
seks flash punggung jadi sial aku idk wtf aku finna do,1
nope tertawa bodoh terima kasih itu,1
benci tahu tahu motherfucka pantat bisnis kalian semua bunuh,1
kalian tidur gadis hadir sekarang,1
jvydotttt ghettablasta ada masuk akal ada apa apa,1
thewalkingdead fucking sumpah if that was michionne,1
niggas cold asl,1
selalu jalang kotor datang gambar,1
aku sial menang,1
moe potong johneisha ass up,1
ini sedang cinta rapper soundcloud,1
saya belakang hukum,1
niggas jangan benci kalian tidak suka bagai pribadi,1
ya adalah jahat murni bawah atap tuhan itu kejut orang kristen,1
yo bestfriend aint fucking with my bestfriend,1
milik uji harus pilih yang untuk ajar tidak ajar saya lulus,1
bisa sumpah nigga sudah mulai panggang ayam kesal,1
niggas memberitahu str up belum hubung akan balik kata anda akan rokok homie lol foh bruh,1
tahu royce beri tahu dan sekarang rasa orang idiot,1
ingin baring b nasty as shit,1
air mata sial asli lmaooo,1
jangan datang pada palsu tahu kamu sial mantan,1
niggas lihat beberapa mil jauh tidak lihat gadis tidak bahagia depan wajah,1
generasi sangat kacau orang orang kencan karena takut sendiri bagi dingin,1
lacur jadi sangat tekan teman teman malu dua lihat sangat buruk,1
mengapa benci teman teman tangkap asa saya buat segala jadi aneh telah,1
jam bashing truf media pernah jadi belum pernah lihat banyak fitnah potus bukan obama gw dll,1
im sial selesai twitter,1
sial yesss tunggu adegan malikghulaaam sangat putus asa ghulaam,1
kamu bawa orang gadis selingkuh pria kamu belakang af,1
benci rasa betapa ganggu perilaku hadap orang tetapi tidak henti cemas darah bodoh anda karena sebab,1
yang buat gila,1
selamat ulang tahun wanita kuat inspirasi yang bantu idola jadi nyanyi happybirthdaypattiemallette,1
kalian pergi jauh sekali orang mati jalan jauh jadi apa rasa dick dick babe richgal,1
komentar dia buat tahun lalu dia menandatangani kontrak cubs jengkel pindah sisi buruk,1
pikir anda mungkin mulai fw nigga kemudian kata beberapa kotor dinding anda suka,1
she u aint tryna hit kamu buta pantat sangat ganas,1
baik atau adalah idiot fukin,1
bagaimana akan milik halaman go fund me kemudian memposting jumlah tuju tidak penuh orang harus bantu orang dewasa dapat kerja,1
seret lempar beberapa lacur kalian tempat sampah cuci tangan tahun tahun lalu,1
benci karena nigga bc teman suka,1
aku cinta dengan sekarang tulis aku nama panggil ingafu,1
laku panjang waktu marah diri sendiri itu kali,1
alas kita niggas benci kalian semua wanita thread,1
simpan lacur buruk sekitar,1
omong kosong hanya buat kacau sisa hari lol harus rokok sekarang,1
nali tapi apa aku bisa ingat,1
kalian kacau niggas anda momen,1
lmfao aku sangat marah rambut ubah abu abu melanosit henti produksi jadi bagaimana tf jus lemon kerja,1
laku niggas hanya isi kepala dengan bohong fw jalang jelek bye,1
anda atur bagai terima tidak justdoit barclays iamqueen,1
dnt yhu benci wen youz sayang pergi tidur yhu lettin uk cx ik tht piss mhe tf off,1
lmaoooooooooooooooooooe farted video omfg,1
suka niggas hood sikap buruk,1
whaaaaaat gila gurls finilly tonton empat lacur sangat kati littlemix littlemixla,1
sial rusia,1
hari surga sial kawan hal anda dengar di lorong lorong city college,1
kerja deffo bukan ada cuaca sial,1
tidak siapa hanya cinta kepala semua orang,1
likeemslim beberapa kalian bahkan butuh tembak pantat dengan diri sendiri,1
benar benar butuh telah lempar hasil kita terus kami lama pukul siapa,1
pergi coba peluang cinta uk gilf akhir pekan friskyfriday meetgilfs,1
benci anda pergi suatu tempat bau chow anak joe ass boy omg bau gulma,1
aku benar benar benci orang balas it ganggu peduli,1
tonton eva kacau ryan ryans st add di snapchat itabigail t,1
kami dalam ini sial yay bitwitter gaytwitter pantwitter,1
hari derby get me too anfield up the fucking reds,1
jalang ada sini badut lebih buruk saya badut,1
aku mati tidur betapa jengkel,1
semua lacur benci,1
siapa siapa di sini,1
ambil satu snap kata tuhan aku sangat jelek,1
keparat muh begitu bodoh,1
bagaimana harus jadi damai nigga hidup gila niggas buat gila,1
semua orang tanda pria dengan dont fucking think about it terus gulir sekarang,1
kenal lentur wanita jalang coba kata bosan,1
segera akan kacau bagaimana kacau anda akan ajar rindu,1
satu yang bisa panggil jelek,1
pergi bohong chuckie cinta w kepala sedikit,1
penguin gemuk lihat jalang baru sebut ibu jalang bodoh tahu ibu,1
hanya bola beras pantat dingin hic,1
benci perempuan jadi siapa nama di ponsel jadi kamu ubah gadis pantat jelek baby,1
rambut tidak tumbuh satu tempat sial brah wtf,1
cinta bibi,1
sobat jalang bisa panggil jelek bangkrut gelandang jadi jangan yakin diri,1
dude apa apa baru main klip di bus sial sekarang semua orang pikir adalah candu porno lai,1
listrik mati aku jadi gila baterai adalah monster u,1
bukan jalang hannah montana tidak milik baik dua dunia,1
uk cs main go sangat buruk racun,1
sangat gila aku baru temu posting,1
tidak tidak periode mfs jadi palsu,1
bukan aku suka hanya gadis jahat aku fw,1
ain tryna ikat jadi harus henti cinta min,1
hahahah belter,1
hole pantat sial saya selalu dapat apa saya ingin,1
pita epak omong kosong o asdfghjkldhgkldha,1
pria sial,1
bisa selesai buang ketika media keruk masa lalu panjang waktu,1
rosa parks school pust guna,1
beri beberapa bagaimana adalah hari hari sekolah tengah saat saya jauh dm lol,1
cinta itu,1
cinta kamar mandi bosan persetan saya oven daddy,1
kacau malam,1
gaul homie di thesix yoga acara,1
karena damon selalu kacau,1
aku benci lacur pantat palsu kamu suka cinta pada vagina jangan biar aku jadi bingung main game pikir w aku,1
lihat siapa bicara krk diri sendiri hutiya idiot frustrasi hidup letak filter,1
bung okky datang kepala darah tidak tunjuk mana mobil ada betapa kacau,1
lambat pikir semua kacau satu lain cara,1
ibu tuhan bisa kamu henti omong kosong,1
terkadang tanya tanya apa laku tidak laku buat pria lihat saya bagai homie sial,1
keparat henti acau hidup,1
baik sudah selesai kalian semua tahu,1
aku benci aksi james belakang dia erti apa aku kata,1
kamu kacau kamu lewat tunjuk,1
akhir akan selalu jadi gary hasta luego maricarmen shippando sin frenos me voy directa contra un muro fuck,1
kali niggas ada dalam talkin saudara perempuan tentang setan salah satu idiot selalu kata setan nigga gerak,1
aku benci wanita jalang dengan semua benci dunia,1
kata pada bagaimana aku pergi stasiun radio anime online aku dengar rap katak sial parappa,1
yess jadi gila saya kata jangan buat saya telepon keponakan vagina,1
tbt tahun lalu sial jelek video visuals streetstyle streetlife streetexecs musik,1
cumtribute cumtribute foto dm pasti baca bio saya biar cum telanjang penis anda sangat besar,1
post vine life is fuckin depressing zachpiona,1
ada tidak cinta dengan,1
semua orang orang pilih salah cangkul jelek,1
dolph kita dapat video charlotte nc a nigga coba ada dalam kamu jadi sangat bodoh,1
gadis kirim kejap makan cumi cumi cumi cumi blockkkked,1
im nobodys side bitch sorry anda tahu belum tb u kering bungkuk anak laki laki,1
fam aku akan mati kamu henti cinta dengan ogry,1
beli barang dan akan sangat hancur,1
anda pernah cinta orang asing sexystrangers ukquickies doggingsluts,1
aku benar benar tahu,1
putar pria kacau,1
loooooooooooool dada,1
panggil aku ayah mati aku ada florida buat putra putra jadi lebih baik itu nigga depan anak,1
babes sial survival,1
telah tunggu menit pergi dapat pizza nigga,1
harris tusuk besar sini aku legit benci kamu,1
ughh nasty pantat daging sapi yang buat satu malam,1
pola tidur sangat kacau,1
dapat nigga beli makan anda marah pada,1
bro pikir jadi kacau kalian bahkan tahu,1
cum ass,1
fisting pantat kacau anal,1
ima jadi lacur buruk ulang tahun kuku bundel tumit gaun semua dat just cause,1
awe jim isap itu kontol sial,1
omgggggg kamu cinta,1
henti cinta dengan lebih murah jadi aku singkir,1
sial aku benci aku sadar ada liga sial gelang tangan aku letak rambut,1
yang besar orang jahat bukan kakek nenek,1
marah anda tidak bisa buat marah mad ass mf,1
jangan biar jalang rasa dia dapat saya akan biar nigga milik,1
lmao apa buat cakap itu benar fuck tho thts ion fw tengah ppl kotak,1
ponsel kacau rn ponsel kata,1
aku benci mereka pacar blok ayam pergi main k nigga,1
so an weil sein ayah rapper sial,1
buruk saat terus isap anda cum,1
beberapa gadis sah baru balik tanya kami jalan tes hari seperti uh kamu kacau,1
hilang bijaksana buat kacau,1
beri tahu bahwa saya sedang menang,1
sebab jalang jelek jatuh itu semua,1
gemar cinta saya sangat isap cinta keras striptease,1
akan usia tahun sumpah semua orang usia saya sudah punya anak shits gila sini,1
alami musim gugur buruk pernah negara musim gugur dan sangat jengkel terus hujan di negara,1
alas lacur diam diam benci,1
minta maaf jalang pesimis tidak nali cinta sejati itu tepat depan,1
tidak melodramatik sini aku nyata fakta kamu bajing,1
maaaan kacau dawg,1
kena kondom sial maaf bro tidak count kacau kondom bukan dia,1
benci gadis gadis semua siap pemberitahuan pria tetapi dia tweet saya lacur dapat temu,1
jauh lebih buruk yang harap,1
aku masih masih masih fucking jalang move sekitar,1
uang jalan forest gump niggah benci aku donald truf,1
orang bodoh benar benar kata adolf hitler donald trump lama tanding mau dead,1
cum putar kik aku sangat rangsang xashleyshows,1
harga idiot of the year,1
baru beli cangkir ut,1
slv broadmoor prom fucking over belaire prom,1
cinta jalang sayang aku dapat siapa harus jalan,1
kali anda buat homofob jelek thingsiwontapologizefor,1
fucking it up,1
dapat nigga masih perhati bahkan dia marah,1
akan kerja semua hari sial wtf,1
isap ayam sial shemale cumwhore,1
hari telah jadi satu hari keledai izin kata bir tiga puluh,1
terima kasih beritahu ini lambat april moptidak orang bodoh seharihari ug,1
jalang terus bicara aku trynna bawa pulang bukan persetan dengan,1
keponakan buruk as fuck,1
kata benci tetapi kuntit halaman anda munafik,1
daniel craig sana tahu kata kata sial leleh,1
saya bahkan milik undi mimpi saya benar benar benci diri sendiri,1
generasi kacau,1
hilang rasa hormat banyak orang tahun pantat jijik,1
permisi coba fokus sini tiap kali dengar suara serak twists perut saya yang lebih rendah,1
jajah rumah sakit hantu tinggal ingat beberapa seram sht chococookiexe via,1
dat jalang mana akan kata ke atas jalang dat wat laku saya kata gettin guwop,1
lacur buruk x dax griseldablanco solidwhite americanbully daxline inheatnow kkennels,1
cookie sangat jijik,1
mari abai tikus sistematis dnctreason guna dukung korporat,1
saya koreksi komentar logis belakang panggil div,1
jadi selesai cerita kisah dia suka baik aku pergi ria yo ass aku hancur,1
kirim terbang lacur buruk,1
lihat clapbacks boleh capai tingkat keledai buruk,1
man aku bahkan kenal kau tata slayyyy bitchhhhhhhfucking makeup di poin,1
idek aku cangkul pecah shabye bahkan harihari buruk jalang saya masih lebih manis anda,1
jenius sial,1
nah aku benar benar selisih,1
momen sadar neraka profesor bad ass anda,1
tutup idiot,1
buruk payudara lihat sama dan bra tidak laku apa untuk,1
perlu temu kota norco semua idiot tumbuh pindah sana hutan hilang,1
asses buruk asf,1
wow memang gila pergi uang stop terlalu gerutu trump twee,1
capricorn paling buruk mean fucking writes angry sulks tarik apa beri anak anjing,1
aku teriak aku lihat video matthews omggggg,1
suara hilang aku terus giling,1
aku bangun cinta benci jadi aku cinta apa harus kata benci,1
fatpig sial bayar minum,1
kamu canda para senator konversi ini izin jadi bawah tahun,1
tahun senior duduk upacara pantat bosan ayah saya hanya perlu dapat tf,1
brat kecil tahu terima kasih teks akhir milu rasa aku tidak bisa laku apa dengan benar malu anda,1
kutip bukti sungguh ubah kejut penting makhluk resist probe impeach,1
butuh bayi lil akan henti main game sial,1
ikan lele sial lihat orang beda tiap pic,1
sial bunuh pria,1
telah tembak diri sendiri wanita besar laki laki keledai tidak guna itu siklus keri,1
bibir lihat sangat makan lip gloss,1
tindak persisten wanita itu nigga jelek buat,1
god fucking bless,1
ada cara kata pada apa jadi kerja buat kacau tidak punya waktu di akhir pekan,1
saksi dengar senat clint watts sial sedih,1
raindrops on s kumis aids kanker cincin pedofilia beberapa favorit,1
menang nomor nasib melon mnet naver,1
bicara prom cam kamu mes croissant idiot,1
tahu lacur benci dia suka dan sebut jelek suka henti main diri sendiri,1
yaw dapat babydaddy kacau bulletproof,1
aku sangat sekarat,1
im sial fam bunuh,1
punya lacur tidak pernah temu gila,1
assssss yang belakang perlu lihat,1
fvck udara cuci kotor ibu keparat mari lihat sejarah jelajah,1
benci jenis lacur ew u minum bir,1
gang gang hooligan the real cracka nigga tidak percaya rapest g wana si bitxh keluar f,1
lmfaooooo tidur,1
gadis buat kacau,1
tidur gabung up,1
pria kata aku laku semua orang panel sial dan semua orang ambil santai,1
nyonya baru kenal ke kucing milik beberapa terampil photoshop gila,1
masalah percaya asal kacau orang pernah percaya,1
bad bitch lahir april,1
bakar jk kursus sial saya akan,1
well fucking selesai,1
jongup fucking laku bapinatlanta,1
anda cinta saya alami asap besar saya rekam beberapa musik baru studio pull up anda keluar,1
mutha fucking gengget,1
gila bagaimana banyak wanita sebut pacar ayah nigga pecah anggur jalang deffffff yo son,1
ayam ayam turnt jalang wiu,1
hari hanya salah satu hari hari mana ingin tinju adik lalu dinding sial,1
adalah gera sial akhir pekan dm untuk addy of the mansion party,1
kirim keledai lain tambah snapchat lustysnap,1
bitch buat kacau im trauma,1
baru selesai tonton film judul nigga tinggal loteng agorafobia dan bunuh seluruh keluarga,1
sekolah buat kacau pria smh,1
papoose tatap kamu selesai kacau sekarang,1
lacur laku apa niggas baru mereka temu buat sakit,1
bisa hubung,1
sial idiot biar fraser ambil fpl,1
sape nak nomor dm dan sakit tidur kamu jalang kindsoutikiller,1
aku benci lihat bayi luka siapa yang tabrak mobil ran nigga sial sial,1
aku bisa dapat istirahat sial aku jus selesai uji praktik mulai besok,1
bad bitches hari,1
akhirnyayyyyyyy aku sial selesai wichu tyg bachelorofartsmajorinchilling,1
bisa jadi saksi itu ratu titiesnya tubuh pantat semua,1
betapa peduli ukur kontol kalian terus tanya ukur kontol,1
lihat selesai kacau,1
omg ini bukan nama porno bisa kata hal suck my creamsicle,1
benci kepala tikus nigga ingin lacur semua diri sendiri jadi micen mf,1
hahahaha my nigga efe don kpef e don high scatter hanya harap terlalu banyak drama negatif go dey malam ooo lol bbnaija,1
milik pantat buruk kamis teman teman,1
alami hari sangat buruk hari ulang tahun yearswithexo selia teman kerja hanya kelompok lacur benci kerja paruh waktu saya,1
benci sekolah sial wisuda perlu gegas serius,1
adalah legenda sial,1
kamu canda aku,1
jujur cinta telah konsentrasi nilai diri dan nilai hidup baik hubung hebat bom asf hidup takjub ballz,1
frustrasi seksual buat marah omong kosong mengapa tf lantai lantai,1
lalu aku letak wanita jalang bodoh di tempat idk pikir atau siapa pikir dia bicara tapi bukan aku,1
nah tubuh sial,1
sikap wayyyy toooo keri softtttt ass niggggaaa,1
aku benar benar benci courtney reasonswhy,1
kami sial anda laku,1
gila sial,1
henti biar idiot runtuh,1
benci jengkel saya remake shit,1
on fucking god buddy keluar scarface,1
untuk lomis tidak henti beri dapat meski tidak valid,1
dave sial neraka,1
saya henti sial mungkin salah,1
eww tidak walikota jahat whoville ass with girl hair sekarang,1
pikir selebriti curi kerja pemuda kemudian kata multi bakat bosan omong kosong,1
sial puja wanita ngot hotasshoney,1
lame ass niggas aku tahu tidak panggil nama nama untuk bawa tempat tidur,1
benci lacur pantat saudara persetan sini haus,1
tanding benar benar gila semua silsilah kalian prajurit harus pergi,1
doa suriah krisis palsu bisa kita doa chicago krisis anak anak yang bunuh sungguh,1
nah adegan anal akan jadi api sial,1
crackheads lawan apa dan siapa yang gila,1
bawa pantat ke sekolah besok peduli berapa buruk sulit pergi,1
aku sangat suka kamu acau,1
my fucking gucci,1
niggas zne jahat tidak sebab sakit hati sakit kepala,1
me fucking,1
aku benci lacur bougie turn up cangkul,1
sekarang dapat niggas setel televisi bahas betapa buruk orang lawan r mika beri daigo ori dramatis,1
freetheguys i be fucking niggas,1
teman coba elus anjing sepupu dan tidak,1
guru perlu tonton mulut belum muncul bukan tahun sayang akan akhir karier anda akan dapat pensiun,1
ian kacau apa apa saja ada diri,1
pernah jatuh cinta kemudian sadar dia akan dan akan pernah di sana jangka panjang saya,1
henti biar idiot ruin,1
baik baik itu bukan ratchet clank sial,1
kan seperti idc apa anda laku saya tonton omong kosong tapi london jatuh film,1
vagina buat jadi gila ova,1
rasa dewa my fucking god,1
sekolah perlu kacau shemale,1
twitter acau tunjuk saya,1
ingin tahu gambar sial apa lihat buat anda pikir kylie lebih cantik zendaya,1
sial jalang kamu finkkk mans lupa alla,1
cheers to the fucking weekend,1
luar biasa idiot yang jual pispot latih lion tiger cheetah cubs rasa komentar di,1
jalang buruk nooooooo kanaye,1
ini sedang terima mesan makeup prom anda tanya email ciaramakeupartistcom,1
bahkan bih sial kacau,1
nigga menghisap tf keluar kamu lalu coba sakit tidak di u,1
cara niggas benci harap dapat cek itu,1
ma nigga aku memberitahumu aku menang,1
arti milik orang bodoh sekretaris negara tidak tahu apa dia laku,1
lacur kotor lhhatl,1
starr ass crazy,1
bisa cinta orang bicara buruk teman teman di depan wajah,1
minta semua orang henti ikut idiot,1
butuh orang orang saya jadi bisa arah jari jari sial dan kata orang jahat,1
cleary ada sana hari hari sial ya tendang main keluar beri aku mantra sial,1
shaheen sial ledak,1
semua orang alas sangat bodoh tonton ketika tahu saya benci buku,1
harap beri rasa hormat buat kacau nigga buggin,1
orang kurcaci kalian ingin lihat foto di belah dia sangat dekat saya lebih tinggi dari,1
aku sial mati omf twin tails setel wang yo,1
on jesus pergi sekitar temu lacur gila benar benar cinta di atas,1
neraka daging stick aku lempar palu sial yeeeyee,1
akan benar benar sial dudes siapa benci akan,1
bawa kembali afrika kapal manusia bantu infiltrasi ledak air,1
rasa enak san ego mereka dapat hanya tim baseball sebal tim sepak bola belum yang milik sorot,1
benci cangkul selalu dapat untuk kata mereka tinju mulut,1
aku cium pantat jadi kamu marah pada tetap gila i ceroboh,1
shedontlye youfunkybitchyou diosaflower caretaker dram ft sza lama cinta sial,1
bitches be like nasty bitchh you been nasty anda usia,1
masih tanya diri sendiri tanya dan di guru tinggi,1
jason x seniman horor independen jaystead dapat milik sekarang masker maniak etsy,1
aku benci sekolah sangat buruk aku jebak jus serah,1
way to fucking play boys,1
ariana capai m ikut instagram legenda luar biasa,1
masih lemah af pangkal milik kolam renang lingkar bola basket sial real sini manusia,1
akan perang idiot ingin jatuh bom suatu negara,1
siapa yang ragu tetap tinggal ova sana,1
sial boi,1
ig kamu pikir aku punya bodoh seluruh head kamu kamu buat kacau foo,1
bitch juga bisa jadi lacur bodoh kebun sama,1
dia laku kacau sakit pernah keluar itu,1
lumpuh sekarang belakang orang orang bicara orang anak laki laki patah gelang kaki tidak laku esai ommmg,1
sammi sparks cinta gaya doggy,1
man dapat bakar sial,1
lacur seperti bisa dapat tunjuk,1
orang orang tanya tanya saya ting wanita jalang dingin beberapa orang terkadang,1
kalian semua wanita dapat pacar untuk teks selamat malam pagi tahu kalian semua sial niggas,1
aku benci keledai lemah sumpah tentang niggas panggil nigga untuk juang yousowhack,1
sial sangat sedih,1
solo solo kuro saya sial milik salin,1
blow job and fucking practice,1
banyak cangkul tidak suka jadi sial whaaaat,1
sikap sial keri,1
anda bawa kerupuk keledai buruk ke timeline thread mill,1
post bath dildo fucking,1
pantat gila,1
sial malam,1
niggas loveeeeeeee the jok lacur,1
nelson jentik foto buah kepompong tidur aku benci aku sedang kerja mati harap aku tidur di rumah,1
tanya siapa saya kata kepada pikir bisnis kemudi,1
harimau sial tunggu panjang musim itu thewalkingdeaduk,1
bahkan bosan dengar niggas bicara golf,1
ughhh coba rusak dia akan henti sial anda,1
jalang buruk orang biadab bawa mal bel,1
pantat gemuk dat hadap jelek sekali,1
yasss saat tunjuk hebat aliciadiamonds featureme music,1
lompat sial dari brock wrestlemania,1
segera hadir saya sangat sial,1
selamat malam im kacau,1
snap rn damonte dodd buat sial pria palu,1
niggas sial awas jadi kacau,1
punya banyak yang laku hari belum pergi messsico besok itu beri cemas,1
jangan telepon ponsel untuk tanya tweet itu jelas kata kasih saya wajah polet nique lihat ass,1
get out the roads you idiots,1
terlalu banyak niggas ting lacur sial begitu gila keluar sekolah og kata hari doa,1
air mata sial asli lmaooo,1
diam makan bayi kecil potong nugget nuggets vagina boi,1
persetan itu jalang ulang tahun,1
cara ucap pantat sial,1
zuma laku zuma sial laku,1
hanya dorong penis di mulut dan tembak cum di seluruh wajah,1
sakit muak cangkul,1
niggas jadi sangat marah kamu henti sial mereka biar sakit pergi sus,1
hanya henti coba cinta anak laki laki selalu akhir buruk,1
suasana hati panjang jalan kacau rn,1
suara kesan konyol adalah baik kali bicara tonton langsung orang sangat lucu,1
idiot,1
lacur coba jadi picik teman teman pikir buat gila,1
kirim terbang lacur buruk malam hari lacur buruk,1
twinks sial luar ruang orang tonton bagi,1
kalau kalau kalian alami hari sakit milik ini chanyeol minta pegang tangan baekhyun bcs tidak htt,1
aku benci tanya tanya kata serah kamu ughhhhhhh omong kosong memek imajiner sangat buruk,1
baik game sampah sial yo niggas benar benar cinta sini gerak lambat tahan wtf semua,1
malam tidak ingat kemudian lihat diri anda dalam cerita orang lelucon,1
my god the fucking rusa kuda,1
hanya pikir tidur,1
pola tidur umum sangat kacau libur,1
adalah deadass bagaimana bicara evelyn saya kacau,1
biar nigga jelek,1
siapa dyke ass jawn saya sebut tryna jadi gila,1
twitter tweets hal buruk james buat parodi hal ikon luar biasa,1
aaahhh selesai kacau naa boutta jadi lacur sama,1
bagaimana ingin jadi orang wanita tata rias lmfaoooooooo,1
jangan singgung jika hilang anda kacau,1
harap otak hanya biar tidur,1
empat idiot,1
jangan rusak kamu kacau siapa yang jadi,1
orang orang salah ref haha pikir baik baik argumen bodoh jadi bodoh kadang kadang tidak benar,1
agak kata tidur bayi,1
idgaf apa saya pakai pendek niggas lihat dapat milik tidak finna henti ha lihat buruk asl,1
bulan uji matematika bulan sial,1
benar benar benci bagi tempat tidur sial,1
lacur coba tindak olah bukan lacur cangkul anda di sekitar o baik jangan tindak anda orang suci,1
sopir bus pantat yang jengkel,1
pooh henti sial main saya bra,1
benar benar benci cara harvey niggas teks wtf,1
sumpah tahu hanya ambil beberapa foto pantat jelek,1
marah saya tinggal tempat jengkel saya pergi satu,1
mereka,1
sial,1
oms that acau,1
selamat ulang tahun bisa minta sahabat kenang lebih baik anda sabar raya tn,1
uhhhhhhh pikir orang bukan jalang pantat,1
prolly semua latih fayetteville siswa sial tho,1
kalian keluar malam dan turninya,1
jadi orang orang pergi gereja untuk lihat pendeta acau gadis tetapi untuk puji tuhan sesuatu bukan r,1
kamu bisa jadi cangkul milik kredit buruk apa kamu cangkul kamu semua butuh mucikari,1
kacau tidak tambah truf,1
kali anda buat homofob jelek,1
sayang vagina lebih basah sup mie ayam,1
temu tato pantat jelek yang ingin saya dapat temu,1
ayah kau sentak tuhan,1
orang idiot pergi kencan restoran orang jahat sejati pergi buah negara lari atas ke bawah bukit,1
kali vagina bilas rekening bank pada sabtu malam adalah vagina sial,1
sangat jelek april mop bitch pikir,1
aku benci orang anggap shyt datang tanya aku klarifikasi aku pergi bohong pada bodoh,1
jadwal tidur dapat reaaaalllly kacau minggu,1
aku sial retak,1
benci orang ratu tidak jawab siapa biar marah terus gulung mama,1
jangan biar cangkul sampai brotha hanya gila,1
sial sini pedogasi leceh anak dapat normalisasi maaf sakit,1
ay encang yo ppl lompat fuck wit yo bodoh ass nun dawgs sentuh kamu jadi henti flaagggginnnnnnnnnnnnnnnn,1
dapat tumpul tunggu ketika sampai rumah tiba sini tahu ibu sial rokok,1
bung aku benar benar tahu aku apsolutley benci,1
pikir cucu peri beberapa pantat jelek,1
wept bajing jadi sial tidak kesah simpati,1
cutie sial adalah idola,1
jadi di disneyland kemarin aku kacau,1
anak laki laki buruk saya tahu ayah kesal,1
cangkul panggil jelek buh mohon untuk tetap,1
terima kasih tuhan ayah pria tahu segala saya dia selalu tahu kata apa aku sangat untung,1
word retard,1
mampu nyaman beli tv sangat senang pilih apc menyebalkanmurah tahun pertama saya di sini,1
kejut tiga undi ujung masuk tiga kali telah jibbed joker sial,1
mana pukul sial,1
neraka no aku bunuh wanita jalang buat kacau,1
tunggu barry manilow gay lanjut akan beri tahu bahwa johnny mathis gay,1
lil pump tahu tidak cinta ceo,1
cewek jadi beyonce tidak nigga jelek,1
beri tahu betapa muak bung kata pada bagaimana jalang sandung,1
fml forever punya bryce,1
bitch you ugly tidak cinta saya,1
pantat jelek wcw,1
ingin orang isi vagina dengan cum retweet dan akan bicara kotor beberapa anda,1
saja mungkin hanya orang idiot,1
buat garis merah eh teliti serang kimia suriah bawah obama,1
karena adalah teman bukan arti harus beri tahu orang saya kacau saya ingin yang tahu,1
lalu lintas neason neason issobadis,1
feed facebook sial om,1
kamis hampir sial sangat,1
saat kacau hari sabtu pukul atau anak laki laki untuk detail,1
beberapa langgan ajar stfu hanya orang jual bukan orang desain produk sial,1
prime sangat jahat nativemediahush,1
sial hellllllllll,1
kita keluar para pemuda liamgallagher beberapa anak laki laki periksa sial oasis,1
kamu sangat buruk ion lihat sial tidak busta,1
beri trim pagi dan kacau jadi pakai bandana,1
baik anda timbang fakta tingkat ukur pantat lengkap tingkat ukur pinggang sedih sakit,1
pikir yo ass pergi putar putar unicorn hari ya apa jadi,1
dear bagai satu umat manusia minta untuk henti makan anjing kucing loyal fury friends benar benar biadab,1
aku ingin rambut selesai rasa aku coba laku sendiri aku tahu mf tidak pergi laku,1
melodi lebih tinggi bajing kepul dada atas lihat bawah gadis ol blackinkcrew,1
jalang gila aku blokir hari kemudian biar langsung lama tahun,1
tonton catwoman halle berry jauh lebih baik omong kosong ini sangat buruk saya bisa henti tonton,1
tertawa gemar celtic badut game harap bangun,1
bangun sangat sakit hari bum ass nigga rekomendasi acara tv,1
persetan orang anak masih alami perut kemudian jatuh pantat semua,1
dirty whore jiggy the goat kid benar benar gila,1
baya anda sayatidak bisnis,1
tidak hubung ilmuwan gila matt hardy tuan magoo looking ass tho,1
audios subs fucking diri saya,1
shite wendy fant retweeging akur tommy spurr hahahaaaaaaaaaaa fucking mongo jerrycans,1
hanya lihat ini baring tempat tidur pikir omong kosong bodoh status,1
biar anda belakang pohon asap sepupu paptingafool,1
lacur lihat sedikit matahari jadi gila,1
aku benci lacur gemuk lacur gemuk dia rusak,1
dunia kacau pria,1
omg nicki minaj sial hirup udara kalian lil kil stans kata nicki cur dari,1
benci lari beri tahu business ass bitch,1
taylor kacau malam,1
lihat pacar saya malam saya jadi orang gila,1
ikan eden hazard sang ibu sial ballon dor,1
bitch bitch lari bayar,1
bruh bos paksa untuk rokok tumpul,1
bro pikir sylvia gila nigga buat gila sekarang aku gila,1
benci niggas coba bicara saya tidak ingin pantat kalian,1
gab baru beri tahu tentang rencana kejut dan bawa ke konser coldplay tom campak harus jadi,1
titik akan datang akhir pekan aso bunuh omong kosong jadi saya baru dapat cocok saya,1
baru dengar saya sial gali,1
niggas pikir sangat ingin sampai rasa sikap,1
benar benar teman sangat dekat crip vs darah benar benar lihat sahabat lengkap sini,1
terlalu malas tidak lapar b,1
sakit lelah laku upaya sial panjang waktu,1
sungguh sayang sass hottie,1
broooooo im fucking selesai wanita jalang,1
aku benci aku telepon orang sampai aku ponselku die txt aku umm ada lacur isi daya jadi aku bicara dengan tf,1
fucking loser findom brat,1
jangan sentuh apa milik begitu cara kacau,1
klasik new york benci philly lucu jika bicara omong kosong orang orang sini jadi defensif masuk akal,1
lacur ambil siapa nigga kalian akan kacau,1
keluar bro watch it cant it a fucked,1
benci orang nigga bukan nigga coba tekan tentang nigga nigga seperti nigga stop,1
campur tidak kacau,1
bisa cinta cangkul lowkey cangkul buruk ogry,1
suruh keluar kucing bitch itu dengar salah omfg aku benci diri,1
daftar kelas jobworks bahkan dapat ikut kelas saya ingin akan makan waktu lama saya mulai mei,1
tetap abai latih forrester imma lempar botol cepat sial ke kepala sial,1
loyalitas tempat dalam beberapa situasi kacau,1
tidak dengan mobil kepala sial dan sekarang benjol,1
cara harfiah pagi aku asa sial,1
aku sial jengkel tunggu just bc ibu kencan ayah arti omong kosong,1
aku lihat wajah,1
kacau malam,1
tha muffukkin move keluar lihat thehouse tampil live shii finna b werapbetter,1
temu acak hari dengan orang boston gila buat minggu goddamn,1
love me some shiva negan lihat kejut kingdom hilltop shine buang orang bau senang rick ke,1
hari ulang tahun akhir aku sangat kacau,1
kalian suka satu sama jadi bisa cinta jalan bisnis tetapi tetap teman,1
kacau pakai hari iniy,1
bruh mana trek fergie x nicki,1
pria henti suka foto begitu mulai cinta anda,1
anda jadi perempuan jalang jadi lacur buruk,1
ingin xmas lp sial mixtape ep sheeeit saya akan ambil accapella,1
fr cuz selalu rasa saya sangat jengkel ugh saya suka,1
bisa hasil ajaib masih jadi keparat gemuk tahun temu,1
omong kosong terlalu gila tidak buat takjub tiup keren ac ayy obama buat ayy,1
terkadang tidak erti saya buat putus bodoh tetapi saya tahu saya punya alas mereka,1
sungguh minggu sangat keri dan hari baru lengkap needanewjobasap,1
okeyy tonton awards celana sangat ketat bisa lihat sampah,1
belanja hari cundang apa akan bayar kikgoddessar paypig payme goddess spoilme,1
guru ambil waktu sial untuk nilai omong kosong lacur matang,1
akan lama kacau kepala,1
gila nigga dapat temu xray anda,1
sudah kacau jadi tidak bawa pada tanggat,1
kami tidur anda kalah malam nyala,1
jangan benci kata diri sendiri suka nigga anda bangun di tempat tidur anda,1
lacur sangat kotor sini,1
benci pantat tidak terima kasih aku sumpah,1
asisten google terlalu dingin,1
bagaimana dapat semua uang tetapi jangan cuci pantat anda pergi beli sabun sial harus cium bau kotor,1
selalu satu idiot kelas stfu,1
babygirl lebih basah sup mie ayam,1
matt fucking jeff wrestlemania,1
lalu lintas jadi keri akhir musim panas sial bruh,1
lawan tahu ini pilih kultus kendali gopigwannabe kendali mereka simpan,1
lihat man neraka naw sakit lacur sangat marah niggas fskw adalah tipu af,1
niggas pikir sangat ingin sampai rasa sikap,1
orang kulit hitam cookouts anggar rendah milik empat kaki kepala tua omong kosong hotdog anak anak,1
sial gooooood,1
ubah siapa anda tidak tuju biseksual hanya sepakat itu b,1
lmfaoo harus luncur pantat jadi dingin sekali,1
persetan,1
oc oc steak keripik corona air orang bantu ive fucked diri sendiri tidak gerak,1
mulai cium peluk dorong dorong itu semua bagi sial preman,1
wtf sedang jadi dunia hanya bunuh orang saja ada periode bunuh,1
bonnabel buat kacau mereka pikir aku datang hujan itu,1
bicara banyak omong kosong lmaooooo lmfaoooo remy ma lari karen civil lacur guncang af,1
pasang lacur buat kacau ajar bagaimana jadi orang biadab,1
belum bangun benar kacau pagi,1
menang sial laku instiz fool di omg boys,1
anda lihat bagaimana tidur pantat dengan dildo periksa snapchat premium it,1
tidur kepala bayi,1
coba buat rasa enak beberapa niggas suka jenis tubuh tipe,1
tidak tahan betina pantat dewasa bagaimana tumbuh kekanak kana sekali,1
milik dorong diri akhir bunuh dia hanya halang rencana,1
aku bosan kalian ingin aku pergi kerja pulang asap rawat anak aku punya apa apa,1
orang wanita jalang benci pergi buat semua orang benci,1
telah kirim teks pantat risiko tadi malam dapat balas di inna pagi saya takut baca,1
muak jawab tanya sial,1
beberapa pria coba tipu di ebay tidak harga shits,1
nama anjing sial buruk smh,1
duduk baru injak jari dengan gips sial,1
netflix selesai kacau tambah semua film jurassic park sekarang tidak perlu dengar the ohrignal one mommy,1
aku butuh lacur masih cium dia gila,1
sayang sekali im puxxy lihat tidak ada niggas bc yang terlalu takut,1
benar benar tidur,1
henti bicara saya orang belakang,1
twitter butuh tombol edit sial,1
benar benar jijik jumlah lacur niggas cum jadi bangga kayu anda jatuh,1
aku baru lihat seperti hari lalu ibu aku sekarat,1
hampir kacau layar singkir di snapchat,1
hari lalu,1
adalah filter sial u fag tidak pura pura,1
pikir cinta lacur harus buat tetap,1
buat sangat sedih beberapa ppl kacau hawaii smh,1
aku benci lil doorknobku kuncir kuda aku pakai jalang sampai aku ada peti mati idc,1
jengkel sekali,1
sepupu kacau dia minta untuk jadi damping kunjung lapang,1
siapa antara kalian sakit ambil nama,1
lc wifi singkat kami investasi internet kacau shitdontwork,1
masuk sht ke akhir vote le pen tendang state out state out demented outs,1
kali nyanyi nigga seperti saya dengar,1
kepala phwaaaaaarrrrr sedang cinta iring waktu biar aku tidur,1
perlu dukung dengan harus dapat ratu ini ambil lil bodoh,1
hal selalu sangat bodoh,1
lacur tahu mereka jadi teman benci,1
kalian hancur kalian semua gila kalian semua sengsara bahagia jalang aku bisa duduk bangku dengan,1
tolak laku alllow putri pantat kotor siapa untuk keluar dari karakter,1
tidak jadi lacur buruk kaki jelek,1
alotta niggas benci sneak disting aku lewat dat catch dalam lalu lintas sumpah tidak suka dat,1
kali pergi main skateboard keyla memberitahu untuk sambar teman sial,1
easterpromopromote lagu mp hype minggu dapat k unduh hubungiwhatsapp,1
jalang yang pikir tendang batu jilat sampah,1
harap sama ibu sayaatau pacar sayaatau rumah sakit kaiser bc sekarat orang bantu,1
lacur klaim benci kuntit semua retweet dan bahkan ikut,1
post bath dildo fucking tambah snapchat lustysnap,1
nigga ym bape masih cinta orang orang,1
kemudian sadar betapa kacau semua yang saya pikir hari,1
galeri lengkap lesbian takjub indah gairah add di snapchat imangelina,1
benci orang wanita jalang kata jadi coba bicara teman bihh kalian bagi pakai pikir adalah kamu,1
sial benci bersin apa buat tidak tahu tidak tahu,1
pride sucul lit,1
get fucked martin,1
hari april mop canda adalah gambar idiot obama acau amerika sekarang tarung,1
jari darah kacau bowling pernah,1
baru buat hari sial,1
jelek sekali,1
benci dapat getar buruk orang orang rl fuck w,1
ada cara aneh aku sangat,1
kenal niggas lookin jadi tahu akan benci,1
persetan kalian tcofjrohg,1
prem butuh lufc sial tipu,1
letak di nenek sial kalian semua pernah pergi dengar kabar saya,1
kalah pantat pikir akan buat saya kacau,1
benar benar pikir ingin pergi florida saya sial bahkan bagai keluarga,1
hilang juta idiot,1
uhh uhh aku sial,1
orang lacur gila,1
lihat tahu siapa sokong mobil saya,1
butuh pria ini,1
aku sumpah sangat intimidasi oleh saya akan ambil nigga telah semua coba fwm marah nigga bukan aku kakak,1
tahu niggas tunggu tuju mereka dapat temu klitoris seperti bel pintu masuk pintu vagina,1
apa a ibu sial akhir pekan selamat malam,1
bayi buat hilang garis pinggang tidak tahu tepat bawah payudara atau bawah perut itu sendiri,1
wow jadi orang asia pernah benar benar jadi diri sendiri banding beberapa orang barat lain,1
semua orang tetap kuda dolph sekarang kali ada kalian semua kacau tetap bangun musik,1
bahkan bisa laku frontlever lurus pantat lemak terlalu berat fail calistehnic,1
bodoh us forces luncur mogok rudal target militer suriah,1
bless your heart sana tunggu orang ambil pu y apa jelas leceh,1
lacur selalu coba temu cara benci khawatir diri sendiri,1
anda cinta vagina,1
cum ledak,1
aye kamu jelek sial,1
bisa tidur fb kata tahun lalu nola jadi saya temu video sepeda idiot nyanyi lagu trololo di ur inste,1
tidak percaya satu kelompok idiot,1
aku perlu rokok aku spazz tf keluar loooooooorrrt be aku rn,1
laku langkah salah lil bitch ima kamu buruk,1
gila niggas beranta lacur,1
beberapa kalian semua perlu turun twitter keledai yang bosan ada selera humor anggap hidup terlalu serius,1
kau paruh waktu musim kau kacau baling cinta jalang kashdoll,1
tdov transdayofvisibilitas kata ganti apa diamerekadia gender sial r e l,1
boiiiii akan panggang pantat nenek buruk,1
tidak buat marah nigga sudah milik,1
kamu jalang gila tetap gila,1
tahan salah satu teman ma kata kita dapat uber sebut taksi sial,1
prajurit irak adalah legenda darah syal kecil kecut tempat bocah di dalam masuk neraka,1
di surga neraka darah carriepilbymovie,1
henti klaim lacur anda niggas lihat bodoh,1
satu yang benci musim semimusim panas burung burung darah bangun pada pukul pagi seperti perang dunia luar sana,1
kalian tahu betapa marah orang orang atas beberapa makan sial,1
aku benci aku antre apa dan orang orang dekat dengan aku hampir rasa nafas,1
fuck no aku tahu siapa lacur aku tahu apa mereka laku,1
beli ukur yeezys ebay lihat ukur sial apa kirim saya,1
winterevent daya tarik plat benarbenar laku pelatpdf hadap duadua,1
kerja jalang kamera sial kerja,1
st louis begitu cara selesai,1
aku sedang tidur semua makan aku boleh makan,1
fuck hari hari monmouth,1
niggas jengkel shorty di kunci jangan coba buang buang waktu,1
lacur haus buat profil palsu dapat coba anda akan hasil findom femdom moneyqueen,1
tidak pernah milik wanita jalang paham banyak guna mereka lari hanya jadi orang dapat tambah anda,1
jijik lacur rasa malu kurus sama buruk malu lemak ingat belum telepon,1
film kacau,1
pantat buruk luar sana kamu tahu,1
kirim sms saya yang tidak datang mustang ubah suasana hati,1
bukan nigga maka anda lumpuh bodoh saya,1
lempar cangkang lantai orang biadab sial pistachiopassengershaming kredit foto,1
bagaimana tidak sedih sial ingin lihat tunjuk ini,1
akan kena biaya banyak uang,1
tambah milik kredit akun mfs buat saya kacau,1
semua lacur pantat gila,1
baik hapus tuju mungkin juang sunderland tempur degradasi jadi bagaimana tuju tidak guna tingkat,1
bisa luang waktu jenak harga cantik lovato,1
bruh sial buruk,1
idiot bisa datang minum kita,1
jadi niggas laku tipu taruh bebas kalian untuk beberapa desainer sewa yay semua bodoh,1
yeaaa q yo smfh bisa ambil nomore sial benar benar kacau,1
yo benar benar nyala malam aku hampir mati omfg yass dapat gaji anak,1
sangat santai erti tahu bohong saya benar benar benar benar tidak peduli,1
ulang tahun selalu jadi hari buruk bisa saat masih kecil tumbuh sucks,1
sial lolong,1
n yeah u benci anak laki laki u r lesbian,1
wanita laku beberapa jahat mereka marah,1
hiccups idiot jadi pm,1
bestfr buat kacau,1
hujan buat orang bodoh ajar cara kendara,1
sial saji lihat,1
jahat sini lewat apa lololol,1
lacur tahu mereka benci jadi teman,1
bhaigod kacau kali,1
yakin macon sedang bosan neraka sekarang,1
adik dorong lengan keras aku dekat balik ketuk,1
tubuh neraka sial,1
lepas tangan kotor dari hokuto mizukami kakak perempuan tidak laku buruk anda sfex fantards,1
masih cambuk kuda poni sial gadis,1
lacur jadi boosie buruk saat tarung kemudian tidak tunjuk,1
sial aku pergi cleveland akhir pekan ada bicara dengan,1
tuhan mati backflips kelas kapal jelajah masa jaya wrestlemania,1
faking jalang dia orang blackjack benci bp,1
tidur matahari terbit,1
fakta niggas baru di sini gantung siapa yang buat rasa lebih baik diri sendiri,1
aku benar benar sangat keras yesssss sayang ikan kita,1
prima buruk nak di daerah akan naik ufo,1
mungkin bukan bc mungkin panggil polisi coba aju tuntut dapat pantat anda kalah rat ass bitch,1
jangan jadi cium ass orang ada suka dan jengkel,1
tidak dengan orang orang sial,1
tonton pirang porno courtney cummz isap ardd di snapchat imsophie,1
musnah sangat buruk papan long hari inistill nyala neraka homies,1
once upon a time usir orang gadis saya pikir kentut kami sedang cinta,1
kacau freakyfriday teamtotaltop,1
tidak terus maju maju akan blokir pantat buat lihat halaman,1
got me fucked up,1
mota crumbs hilang beri hasil anda ingin bayi jadi henti sakit niggas sakit,1
tunggu jadi cinta air,1
kelso selingkuh panjang waktu dia sangat sebal bagi h,1
damnasteast hating fucking karakter,1
tonton kata konteks sayang kurang adalah anda lihat orang bodoh nah hari tidak,1
yang dapat,1
bout kirim ke bitches aku rindu letak kaki dingin aku,1
fabolous kalah vic mensa braket pantat bodoh,1
benci perempuan jalang kata anda tidak tarung suka datang sini jalang biar lemme lihat mana yoo hands,1
kena kondom sial maaf bro count kacau kondom bukan,1
shoutout niggas tidak bytch keledai ganggu get mad wen a bytch jangan hancur bar,1
kirim pesan pesan whats up sempat saya akan abai anda tidak coba kata yang tarik,1
juli henti bisa bisa lulus tes sial tidak repot vagina lift,1
persetan ini hari jumat ayo nongkrong sama jumpa,1
baru tonton beberapa porno orang gadis jadi kacau saya sentak itu,1
jelek,1
hari sial bby,1
laku pada kami sial,1
nyata cinta,1
ibu buat angkat barang ini buat kacau,1
ubah siapa anda tidak tuju biseksual hanya sepakat itu b,1
niggas terus bicara wanita pakai tenun sakit sebal pantat,1
anda kangkang pinggul dan giling sedikit benar benar bagaimana cara kerja bruh,1
ima butuh semua lacur sisi untuk henti bicara saran hubung keluh betapa palsu semua orang salah satu lol,1
kita pergi,1
harap henti pilih idiot rino ke kantor,1
ada seperti ajar pantat uji untuk tahu anda laku yang buruk,1
rasa canggung kena di kakek anda mungkin tutup payudara pantat anda,1
ingin baring anda laku omong kosong jahat,1
balik hidung aku sicka cinta dengan lacur,1
semua kacau paling lucu carl,1
aku benci wanita coba b petty kamu tahu siapa kamu tetap tinggal yo lane man ian bahkan repot,1
neraka sial xxx horny,1
sial becky wankamania,1
anal fucking,1
baik kalian semua ini tips jalang buruk untuk,1
berani celah henti ekspor omong kosong ke india hai gand me dum,1
benci mfs ketuk pintu kamar mandi tanya ada kamar mandi ada wanita jalang saya ada wastafel duduk,1
orlando brown just me on instagram kalian semua hollering,1
lacur ada tempat tidur kembar bicara aku benci tidur sendiri jalang kamu punya pilih,1
sharon mother sial jarum,1
kerja panjang hari aku benar benar sentak,1
lacur alami sikap buruk bahkan buruk,1
hampir rilis tidak di sini sial pulang,1
awak laku yang buruk hari meski angin ada sana hasil uang angin,1
orang with,1
russ drawlin nigga ingin bantu buruk,1
baru beri tahu bagaimana tidak cinta wanita jalang sekarang semua atas,1
ada lelucon saya kata main omong kosong wasit benar benar keri undi di rumah,1
jadi sial stres panjang waktu,1
tyler jijik clay sangat dramatis sakit pantat justin orang vagina acara tempat,1
sedang kemudi dua jalur hari sehingga santai santai tatap bicara apakah o sial k,1
cewek ingin kacau,1
asa buruk saat ada apa apa makan rumah,1
benar benar tonton video lama satu jam tertawa kepala sial bobble,1
anjing tidak suka orang sial dengar,1
apa apa itu benar benar profesional kata anggota tim apa orang pikir dewa lol,1
baru jatuh perhati sekarang repost anda sial itu support dtr gametime musicvideo v,1
orang ledak seluruh istri tonton kacau tutup teman tunggu,1
tahu pergi sekolah chavvy kantong teh sial penuh kantor matematika liberty,1
tidak me retweet jika tahu kacau nigga juga,1
minum alkohol rumah sial acak malam kerja tidak bisa ikut tinggal sama karena kerja,1
rufkm ada beri omong kosong nelle cerita payah kalian sangat tuli audiens,1
i fucking hope so walcott arsenal,1
nngh quit it you filthy horny pigs revamped samus aran rp acc retweet blowjobs dick keluar d,1
teks dan anak perempuan fuckin brutal malam,1
semua jelek cangkul lacur tidak suka,1
april mop day tidak tidak yang tidur hari saya bukan satu satu,1
bagaimana pergi sekolah pedofil sial,1
bruh tahun sial sembilan,1
megan fox lacur buruk,1
lmao ilmu dokter nyata anda buat bangun niggas milik korelasi satu sama,1
plot twist tidak pernah henti cinta dia,1
jaga lacur buruk snap untuk inspirasi,1
benar benar kacau kepala tapi reyt care,1
relatable gadis gadis adalah lacur kotor dd tidak percaya em,1
fucking a we goin to sonic u coming,1
perlu cinta buruk dapat tekan,1
ingin kacau akhir pekan,1
dia memberitahumu pantat bom sial,1
aku benci niggas bruh aku sumpah aku laku,1
sebal bicara tahu apa apa saya harus ingat lacur gila kata apa fakta bukti tal,1
reasonswhy benar benar tidur,1
dua saudara telah kecuali minggu karena jadi idiot,1
pria hilang perawan untuk pilih gary fucking johnson ketika nongkrong bulan november anak laki laki saya mike pence,1
kamu biar lacur curi gadis,1
tidak lupa bagaimana ini nyala terima kasih telah laku sekali,1
tarik anda maksud dengan konyol dengan maksud cinta ya aku erti maksud,1
just bc beri puji bukan arti ingin wanita bodoh wanita bunuh,1
k buat panjang jalan kacau,1
fucking my gf,1
aku benci aku suka pacar wanita pantat jalang aku suka dapat pantat gila,1
i drop sajak lacur jatuh bayi rip ole kotor,1
hari hari jumat sekarang akan biar idiot kerja buat stres,1
guy ass acak baru datang mcdonalds curi chicken nuggets,1
tahu beberapa niggas sial teman babymomma,1
sudah mati harry bunuh hari aku sangat benci,1
benci orang pikir benci relevan seperti hal lacur saya tidak khawatir abt,1
beat brutal aku sabar,1
simpan beberapa lacur buruk saya,1
harap lihat halaman buat sakit lil cemburu,1
niggas crazy hood saya mati,1
lacur pernah langgar percaya imma cari tahu,1
tidak cinta sekarang ima buat rasa saya,1
jangan ikut hati selalu ikut hidung vagina bau bukan satu satu putra,1
anda coba minum bar lama beberapa pria datang bandids dia dapat shanked,1
lacur madddddd sebab littttt,1
niggas cheat kemudian marah marah ada suruh anda tipu wanita jalang drive lalu homie lmfao tf,1
lihat rambut buruk tidak minyak,1
ada orang orang,1
gadis aku tahu kamu jadi lacur seperti itu aku kekeh kata saja tahu tengah,1
lil kim dick riders ppl buruk twitter,1
jadi saya panggil boo tahu benar sial,1
when ex a crazy bitch,1
kawat gigi pria sakit sama sekali percaya aku takut dapat atau mungkin gigi bukan hella fucked,1
gigit bagaimana asa perempuan jalang saya cangkul kata apa mereka marah tidak bisa maju,1
generasi sangat kacau,1
queennnn,1
orang orang selalu bicara mereka tahu saya ingat bisnis sial,1
presentasi kaki porselen ilahi ubah alfa jadi lacur beta sedih sejak,1
jadwal tidur sangat kacau an,1
jadi kemudi bau bau limbah sebal harap brooo wtf bau keri,1
apa keluarga apa teman aku sangat selesai semua orang,1
anal fucking,1
apa apa debbie jatuh bayi sial,1
nah momen sial saat alarm bunyi jam pagi anda bangun sejak jam pagi persetan hidup,1
karena finis benar benar bajing,1
lalu lintas atlanta kacau jadi pesan kamar di pusat kota jadi bisa lihat,1
im coba beri tahu kalian semua musim panas akan jadi sial,1
lacur jadi terlalu gila dapat uang pindah tudung baller palsu,1
aku benci benci gadis pantat bro,1
jadi duduk atas meja orang gadis jalan arah dan tanya anda milik kondom bisa pinjam yoooo kamu sial,1
siapa yang pikir balik mungkin ima girl saya lihat omong kosong,1
benci wanita coba buat masalah nigga suasana hati selalu hanya nigga,1
pbg shabazz ridin sekitar riverdale dat sial sangat terlalu,1
fucking mnet fucking pledis fucking cj one hari tidak lebih buruk t,1
niggas tetap subtweetin lacur pantat gila,1
bruh nama val just val sial douche,1
nigga tiap wanita jalang malu,1
jujur aku benar benar bahasa buat baik baik signofthetimes,1
sial gila,1
bitches be the ms messy mad eserable,1
kalian benar benar di sini berapa banyak gadis lihat pacar mfs jadi itu jadi aku jalang obvi jangan semua orang,1
demarco murray sick af trader sial,1
sial sakit bro,1
apa akan jadi kane leaves spurs pramuka sangat buruk menandatangani striker,1
perlu cuci jalang cepat cangkul kotor,1
cinta juga lil sis sini slappin dingers,1
tidak ambil lelucon jesus fucking chisf samoot aku santa banyak peeps revo chill bruv,1
the prank henti ikut bodoh,1
dengan istirahat casing sial saya tweet tweet,1
kodak kata dorong lebih basah sup mie ayam bitch whet,1
im mati asfffffff maaaaaan wtf bitches benar benar bodoh,1
harap bahkan pernah cinta beberapa anda mfs,1
siklus datang coba jaga sisi lacur gila anda di kandang,1
aku cinta orang pria harus dominasi pantat perlu periksa waktu waktu,1
fucking k thank masing masing tiap orang niggas cinta anak ibu k sial w,1
mungkin baru hilang kendali omg serial bisa buat saya kacau,1
orang wanita jalang tetap panggil jelek tidak diri depan cermin,1
harus kunci kunci dapat pintu logam cicit tutup lonceng keping pintu depan buka,1
sial persetan dengar bola tepuk tangankev,1
niggas pikir ayam kita pantat,1
aku benci orang orang obrol bicara sepatu mereka sebut jordan lalu aku perlahan sadar mereka bicara,1
dapat tangan lacur pantat bodoh,1
suka mes makan siang kirim tempat salah riffat kamu kacau,1
dapat north carolina kacau,1
angkat darat paksa untuk turun standar sike buat kacau,1
jangan bicara omong kosong ambil saudara,1
nohoslut houseofm fucking baby wolverine yummmm,1
pilih becky yang laku hanya main everwing facebook messenger,1
anjing tidak reda panjang waktu di sini coba beri tahu mf jahat tendang pantat dengar,1
get my bad bitch sisi surgawi,1
laku ini sedikit gila masih terus akhir buang buang waktu lihat,1
benar benar lelah pria aneh coba masuk diri ke ruang wanita cis trans queer,1
ayahmike shana yates lacur kotor id lama telah diposting florida dia,1
apa benar kawan percaya orang ikut orang aneh jelas stabil mental,1
mereka buat lacur buruk,1
tidak tangkap asa siapa karena semua orang lacur sial,1
waktu adalah saya mulai layan taehyungs lane adalah tampil a sial,1
bukan ballin anda dapat ruang selai bocah lepas beberapa bulan lalu duduk yo buah scoopin ass down,1
sial aku gila nivea tweak iklan pelembab krim laku ajaib wajah dan fungsi ganda primer,1
dia kacau,1
nyaris ada episode sial selesai sisa episode tahu tidak ada apa apa reasonswhy,1
beyond fucked up,1
sepupu selalu lambat menit shift nya benci nigga,1
sass fucking bagi,1
puberty pukul seperti gelombang sial tunggu milik,1
sisi san antonio bad nigga gedor dominions,1
adalah babi sial pantat bodoh,1
aku benci nigga bual apa dia dapat pada tho aku beli diri sendiri apa yang kamu bawa x aku janji,1
sangat sedih kacau awakentheminds video,1
mutha fucking o my damn earry hurts,1
mana harus panjang hari hari kaki di udara lidah buat dengkur,1
sangat idiot,1
bendera anak anak dingin sial kalian semua orang kejam,1
selalu kata akan tunda nunda kerja rumah namun sini saya sial,1
rasa nanti umum grand opening segera wegotyouboo,1
asal kota mana lacur benci tentang apa pun,1
ahh sini pergi,1
benci saya milik kulit keri,1
aku apa persetan apa bicara dapat mereka tidak hitung satu satu yang penting,1
stop bear henti beruang plastik bukan makan rasa enak beruang uhhhh jalang kamu boleh merica semprot,1
nigga benar benar jelek asf,1
klik sini tonton hardcore ass fucking milf mishka is eage addd di snapchat cu,1
aku benci pantat ini kamu tahu,1
harap gadis sadar tidak kerenlucu ledak drama pantat bodoh di seluruh twitter,1
tetapi harus jadi orang idiot jatuh cinta,1
tanda wenger out wrestlemania fucking teriak wrestlemania,1
shaq gila sekali lebronjames thelist,1
kacau pudar sangat rumit hal saya kata sangat lebih,1
talamabout kencan filter tidak heran nigga kecewa,1
sial akan jadi biar lacur itu lompat bodoh besok,1
cara ucap kacau konyol,1
masih kacau banyak,1
ayah beefin benar benar ada bawah kulit saya hanya laku omong kosong paling sederhana,1
tidak pernah kencan issa sad fucking case,1
blokir,1
kalian dengar lagu buruk,1
laku kali kamu jadi melt wolfofwetarseville notevenfunny idtellhimbutimblocked pissesmeoff,1
juang sendiri bangun tempat tidur hal sulit pernah,1
buruk tidur tangan adalah tidak kemudi,1
shemale tranny tgirl trans ts ladyboy travestihot isap sial cumming,1
jangan pikir beri tahu apa tentang layan polisi inggris jauh perhati,1
man bukan biarawati dunia jadi crispy,1
mungkin partai republik selesai ubah nama jadi orang orang munafik alih alih xtheir sym,1
saya pikir adalah orang bodoh,1
anjing sial,1
youngin tidur,1
mana noow bloow sial terlalu lemah,1
darah aku benci orang cinta rotasi,1
kamu tahu kamu cinta ayah tiri,1
bung beri tahu tahun lalu terus tweeting kejut dumbdumb,1
terlalu banyak pikir bukan buruk itu tahu peduli kemudian anda henti peduli,1
hooters kecewa sial,1
efffffoooorrrrrtttt semua ambil kamu bahkan bisa laku,1
jalang dapat nugget ayam,1
sial aku tahu akan rasa enak untuk untuk,1
aku jalang gila,1
dapat halal halal adalah inggris,1
anda henti saji cabai jam malam af bodoh kalian baru buat kesal,1
klik sini tonton college girl fucking dan ambil faci ardd di snapchat itu,1
jangan sial tidur pada kamu slut,1
lacur gila hanya kacau haley dunphy llega al rag un,1
sangat benci lacur selalu coba lihat gadis,1
pikir orang orang lupa saya bos sial welcomeback,1
kacau malam,1
sah teriak paru paru sial aku benci,1
yooo kata yang sama ppl kemudian sadar anak tindak lebih dewasa tengah manusia ini,1
benar benar benci orang orang dick ass gtf bitch bye ughhhh,1
butuh nigga jadi lip mfs jadi gila tidak tahu bisnis,1
yo kamu lacur sangat kotor,1
aku cinta niggas lacur bagaimana aku percaya tambang,1
semua mfs laku hanya benci dapat hidup stfu asses hatin,1
henti tonton benefitcap orang orang idiot ganggu bet kerja kita semua mengapa,1
sobat somewah dapat lacur pantat gila dari timeline damn,1
nigga tahu gila terus tempat lacur pada risiko,1
ini fokus hanya kumpul kotor sehingga gadis tepat datang saya akan siap mulai hidup keluarga,1
nigga harden akan henti kali tinggal buruk,1
harus kata sial bunuh riverdale,1
selesai telinga sangat gila selesai bungkam segala di saya,1
cca sangat kacau mereka bawa truk taco hari jumat kami bahkan bisa makan daging hari jumat,1
bruh apartemen tidak bau segar udara sejak cangkul kotor gerak masuk,1
sadar tweeted idiot kami,1
dinahs fucking adlibs aku teriak suara,1
kacau aku coba hibur orang,1
nigga nyata jadi tumpul lompat beri tahu apa dan biar putus anda pisah dari nigga lumpah lumpuh bohong,1
u nut in a prettygirl kali ada jadi soooooon kamu gelincir kacang booom jalang jelek kamu jebak jelek,1
sangat harap,1
karena tidur orang ulang kali buat jawn shawty,1
sini pergi langkah lanjut dapat prediksi saja hanya guna orang sangat jahat beda,1
nama untuk jengkel jalang tidak tinggal sendiri,1
jalang bodoh laku buat kesal biar tidak ada buat gila beberapa bulan,1
aku benci april mop aku mudah tipu cinta,1
kolaborasi sial b n remix dj snake tho,1
jalang musim semi cuaca wildin,1
mark rly kata tampak tabrak bus sial pagi belum saya biar adab lihat saya,1
aghhh puding jalang muka ini sangat benci onepiece onepiece,1
lihat jumlah ganggu internet tidak tahu adalah banyak samar niggaz gay chicago,1
april cara resmi muak niggas untuk sisa,1
keluarga punjabi nama anjing sial jamal saya bisa henti tertawa,1
gabung fucking hoootttt n,1
saya nigga mereka benci hati buat batu,1
ada orang di planet peduli pose santai v yang lentur ig sial,1
woah lihat ukur kuku jari,1
harfiah saat kemudian tidak sengaja terus topang buat gila,1
lihat kami keluh saling brengsek yuuuuck icky icky icky icky icky,1
bagaimana putus dia orang teroris diktator sial,1
idiot terus oceh yogi jubah saffronnya akan kejut agenda kembang,1
aku benci tunggu orang orang sofuckingpissed,1
sedih apa mereka suka perang perang mereka jahat bodoh rasa semua cnn akan pernah ubah,1
mereka kacau aku bahkan cium,1
semua salah donald trump kacau,1
im fucking ded,1
cinta hidup,1
serang tentara suriah tarung isis kelompok teroris lain arti dukung teroris syria syriahoax,1
aku sangat lekat butuh aku benci diri sendiri sm,1
rasa aint nobody fucking with us,1
drperkins bajing besar pernah temu universitas saya pernah temu orang begitu kasar tidak peduli,1
orang orang buat miliar jual air gula orang orang idiot saya asumsi jual obat diabetes orang sakit,1
gemar warriors idiot coba yakin orang timur milik bakat,1
anak henti tonton twitter benci cangkul bisnis,1
henti cinta keledai raggedy niggasssssss,1
sial lihat michael myers,1
bagaimana akan kerja untuk dapat uang tidur suami cangkir,1
eastenders neraka darah tonton film finaldestination,1
akhir eriod koma jangan main uang sial,1
orang pornstar bukan husa baru kacau orang pria buat orang tonton,1
sial tembak kacau moriah blackmailin dia pilih salah satu yasss akan jadi juicyyy gosok tangan burung birdman lhhatl,1
belok hotel mf donalds than fucked up pasang wanita jalang,1
petpeeves alis lihat gila gila,1
minta maaf pernah borgol orang gadis tidur pria saya smh,1
bayang kalian lihat anjing hamil sikapjerrrrr bisa bunuh,1
aku laku niggas baik benci sebab hanya dapat diri sendiri sisa beri fck giling lebih baik untuk hasil sama,1
itssss my fucking ulang tahun hoess,1
temanteman persetan teman butuh nigga akan jadi satu satu teman rl hapus semua kontak saya bukan keluarga dapat teman wanita sejati,1
neraka arti ion bicara kamu mo kamu boring,1
tenggorok sakit wajah kacau kemarin,1
tidak cinta sahabat hanya jahat,1
brooo ns hoddie fireee sial,1
lihat benci lihat telah anda paham anda semua pikir sakit haterssucks,1
lacur jadi tapi terlalu buruk,1
henti bunuh orang kamu sial prayforsaintpetersburg,1
lihat nigga whamd it mad orang laku layup,1
guna kepala bola sepak,1
ada lihat anjing tolong lmk cepat sumpah orang curi anjing sial,1
kali hujan niggas lupa cara kendara,1
anda milik hari buruk,1
lets go you wanna act like a bad bitch lalu muncul,1
benci donald trump ol karat debu kerak keledai apak,1
marah bunuh ramsay alias seksi pantat trevante rhodes acara alur cerita keledai kelly ugly ilyiw,1
orang nigga kata biar aku datang lihat aku apa,1
lacur gila kata pada bisa tempat,1
kesal mad kamu coba bodoh aku,1
batuk bodoh buat tawar buruk malam hari,1
cemas hal buruk pernah ingin laku hanya lihat gf tapi tidak,1
lacur palsu biasa tendang lihat pesta lari keluar ada undang lmao,1
luis headass recklesz kepala ass shameless istirahat penjara breaking bad,1
sedih betapa buruk percaya kacau,1
ambil pisang makan siang tidak makan akhir kacau memar sekarang anda telah hancur hidup mereka tanpa alas,1
terjemah meng bisnis sial,1
kim burgess bad ass,1
cangkul pernah jawab telepon anda butuh cangkul maksud teman teman bodoh saya,1
bitches wanting makeup pallet yang ingin hanya jar of fucking edge control juang,1
aku sangat benci emis kamu aku mohon kamu pergi arah diri sendiri,1
ibu tidak sabar tunggu bestbehaviourvideo,1
orang orang nenek kacau hari karena tidak punya waktu sikap kasar keledai,1
dirty ass gayside,1
lihat orang putri kecil cantik malaikat tunjuk semua dongeng jadi nyata adalah sihir,1
tidak benci hanya jalang terkadang,1
semua henti dick ridding pics prom ass jelek,1
cheaters hope penis sakit jatuh,1
kolam renang af nasty every lowkey ludah tiup hidung sana omong kosong tidak yang pergi kami renang di,1
cara tarik hapus peluru fam abby selesai omong kosong fingersandthumbs scandal tgit,1
orang sinar dia takut bicara semua dia benar idc,1
lovelovelove regrann michaeljacksonfanforever adorable ingat,1
seperti jahat aku jahat sayang milik sama jilat cum dari jari jari tipe jahat puja biar istri,1
nigga pergi tidur kenal gila dia gaf u,1
hwehaveyourback cinta hati masih milik pcd plus anda bunuh atau apa,1
kabar buruk udara aku benci pecah istri atas aku benci kata jalang dasar,1
aku sumpah tuhan surat alfabet buat kacau sejak hari co o,1
jangan semua benci lihat teman anda pergi nigga bahkan akan beli mccickicken dia staf,1
bitch jangan buat fckn twitter pesan tentang pria mantan bahwa fcking arnd subtweet panjang waktu sial akan fckn me,1
baru nyala tagar sial,1
istri curang kacau suami sedang kerja,1
bitches sini zip ikat titties sama sama minum teh cahar harga dolar benci pria dunia,1
kamu cinta usia idk ucap selamat,1
hilang kacamata jadi dasar sangat benci diri sendiri,1
lacur jelek selalu panggil orang jelek,1
pria idk siapa hanya mati sangat coba hidup sick lifesucks,1
aku sumpah mana semua asal,1
kalian tiup pikir malam terima kasih bunuh,1
niggaz cinta tidak cinta mereka bubuk,1
ajaib simon donnely jackie mcnamara libat crackpot,1
selalu jadi idiot,1
iff youu fucking w me simpan cangkul dari wajah perriiodddd,1
tidur,1
cinta pacar anak tiri,1
nigga reub milik beberapa terampil komunikasi buruk,1
bitches palsu af tidak punya teman,1
hal seperti yang buat negara kacau,1
cinta aku samping babygirl set bunuh lihat anda sayang bahagia,1
manusia milik pon kotor sistem tiap hari,1
sial tidak ogrers apa buruk bisa jadi lmaoo,1
dragrace orang planet sial beri tahu di mana dapat dengar kategori baru lagu landas pacu,1
semua milik andil kaliefbrowder seluruh kasing taruh warna ungu finger kutu anda jijik,1
tidak buat logika sial,1
okeyyy soooo aku lihat justin weeekkkkkk omgggg,1
satu kali clarke griffin laku untuk diri sendiri satu waktu sial tumblrdaddylena clexa,1
tidak beri arah pria di london persetan cinta dengan ikan arah sendiri kapal bukan internasional,1
cangkul potong niggas vagina biar em,1
suka bakso punya yang anda makan maaf juga terlalu malas kata roy,1
pajak dewan darah naik vagina,1
palsu taksi sial slutsonsunday teambigblackdick,1
auto benar beri sakit kepala sial tahu kapan guna dan,1
benci orang memposting omong kosong twitter,1
orang lacur sedih lupa siapa bicara,1
ingin tahu bos ingin tahu anda cinta langgan,1
nae point in me wear ada fkn groupchat coz a just get fucking abai,1
baik bodoh anda tidak dapat baik lacur,1
sial aneh telah sentak lama hari hari sekarang,1
pantat kacau,1
itu sangat buruk itu wanita selalu mabuk pria coba dapat grope aku bukan potong daging kamu tahu,1
sangat muak omong kosong altmedia fakenews syriastrikes syriahoax bangun harus thinkforyourself,1
kenapa sial laku,1
kalah yo jalang vagina,1
suka rekam kacau ass,1
letmebepetty aku benci dia menang wanita jalang kecil jelek,1
buat hari sial terima kasih hypefresh,1
muak teroris sial sekarang swedia apa apa,1
kapan nyanyi kamu cinta paige mulai,1
sial nyala,1
teriak ppl urus pantat gila,1
serius sangat jijik apa telah datang negara,1
di sini saya sangat aneh qeer girlskissgirlsselfies,1
bro alas tidur rn,1
idc berapa kali nigga kata kacau ion bayi mama bohong keras jangan percaya,1
pergi main kapten save a hoe my bff bodoh asf,1
sekarang adalah teman harap tidak rusak serie semua orang tahu akhir,1
ampun hidup masa kecil tag team kings of ladders hardy boyz sial wrestlemania,1
russ angkat game adams lmfao tembak papan tidak jaga kursi bar sial,1
tipu orang beri segala aku sumpah kalian semua sangat bodoh smh,1
aku benci lacur jelek main main kata eww satu satu ewww kamu jelek,1
jenius sial,1
anggur di seluruh titties lacur malam turnt themia warehouse party the fuck up,1
mf jadi gila bilang bukan nigga saya idc,1
bbc news pedophiles kalimat kalimat banding orang baik bawah buat penjara,1
the queen fucking bunuh tunjuk,1
get money bitch pergi,1
jadi gabung obrol rush comp kata ggs rexi v dan niggas marah alas,1
puncak kamu rasa sebal abt smth jadi tahun lalu tidak yang percaya kamu jadi kamu jus pergi,1
buat kacau ayyye beri tahu bahwa lihat ya,1
aint fucking manset anda simpan cincin kawin anda,1
kalian coba panggang gadis tapi alih atas semua keledai bodoh,1
putar lampu mesin cek sial tambah tes mereka beri tahu omong kosong,1
apa bohong diberitahu semua hidup saya ftw ftw ftw,1
pernah acau idgaf tahun tahun lalu buat jadi bisnis untuk sakit anda,1
niggas tarung homie di atas vagina buat sangat sakit,1
benci karena selalu laku semua kerja mfs malas af tidak organisir selalu pasang t,1
sick ass up tonton grammy,1
sedang cinta boom newprofilepic,1
menang sial,1
hredd selalu kunci studio tindak dia bisa dengar omong kosong jadi kata kepada itu api dis hoe,1
hhaha kalian semua pikir generasi kacau tunggu anak anak besar,1
ketuk kepala sial bahu jalang,1
nigga che sakit,1
anda pernah lihat orang putri jadi lacur buruk,1
abai kesal hewan pelihara shits sangat jengkel,1
lagu sial jika tahu tahu buat sangat ramai musim panas,1
dunno mereka yang tahu anda kacau puto,1
ada lacur luar bisa buat benci aku pernah bisa,1
gadis ingin kata sandi yang dia laku hanya tanya ima bilang cinta,1
benar benar buat tanya tanya dunia selalu kacau kami tahu perhati kami anak anak,1
adalah pacar keledai gila lacur jangan coba coba datang milik,1
harus canda,1
orang orang aneh neraka bung benar benar kata dia bayar k orang anak perempuan smfh tf ini sebab saya tinggal penjara bawah tanah,1
anda benci nigga,1
kena bowtie buat pilih lihat idiot,1
gooooooooooaallll gooooooooooooooaalll goooooooooooooalll pepe pepe pepe baru kontrak sial,1
ima jadi lacur gila kalah kali aku pikir,1
crusher bawang putih tidak selamat upaya masak hari hal sial sentak tangan,1
reasonswhy tidur,1
semua orang setia semua orang aint street semua orang bukan kamu nigga semua orang bukan aku anda nyata saya lihat,1
beberapa hidup milik ada aduk anda salah satu mereka orang butuh nyata periksa anda sinar matahari x,1
krista temu ambil foto dengan putus tidak mempostingnya kami dua lihat gila,1
anda buat video snap lucu anda lihat lowkey jelek anda tahu anda mempostingnya tidak currely,1
anda dapat nodo tmoro pal sial smash it,1
sikap kacau kadang kadang bisa aku anda harus sabar saya sedang kerja,1
sedot kontol tanya suka lacur jahat,1
benar benar pusing permata sial,1
tidak suka is bagaimana tahu idiot tanggung jawab,1
wanita sangat gila,1
butuh kontol mr sangat buruk,1
coldplaaaaaay huhuhuhuhu cinta hidup maharah hati mah,1
lacur buat kolera kata dia jahat,1
bung benar benar malam sial terima kasih,1
tidak,1
hap lahir cangkul bodoh,1
lmfaooooooo niggaaaa i kacau pt cruiser,1
dia etik lihat rusa saya sial mati,1
selamat orang idiot,1
tubuh pada dasar tahu bagaimana cara mati karena tidur tugas sial,1
lalu baca buku sial,1
benci niggas kata,1
ubi makaroni keju kombinasi pantat dingin,1
anal fucking,1
fucking hot,1
benar bung akan beli beberapa makan ringan kotor kemudian hari selasa semua lempar mes beberapa kotor guuddd,1
idk pantat bodoh beli makan siang saya beli daging keju kerupuk,1
selalu bantu baca materi kursus pra gabung begitu akan tahu anda milik uji pertama besok,1
cinta bibi,1
sungguh jengkel bagaimana kakak pergi kota timur wanita jalang,1
henti main,1
tahu ada utara anda pergi pub mereka punya coronation street tv sial,1
bitch keep on reaksi bouta pop off bad on you,1
dapat milik sis saya bukan finna juang dapat tempat saya tempat sial,1
aku sangat benci pantat sebal jalang keledai keledai ibu alam dapat tongkat cuaca pantat,1
outwest retak kalian semua cinta dengan hari ulang tahun chicago,1
ibu kalah athi pikir jumat agung pada hari selasa njani bagaimana idk man bingung,1
aku tahu gadis sial suami lhhatl,1
sial gila pikir akan jadi senior guru tinggi,1
kamu gadis gila sila ikut kuntit semua ingin akan lihat lebih baik seragam daripada anda dan teman jahat anda,1
peduli berapa banyak lacur hati dingin pura pura jadi masih luka,1
tahu sangat muak omong kosong,1
persetan suci tahun lalu,1
wo yall anak anak hari belakang,1
anda benci nigga,1
dumb dike i hate you bro,1
re fucking tweet,1
benar benar homo sedih tidak guna senang senang tempat penis malam anda cundang,1
dia,1
rumah benci sial israel,1
budak sial,1
kata kata kasar emily snapchat aku hidup itu,1
dapat akun henti sial orang orang tarik jerawat keluar wajah yang buruk,1
masa depan kata lihat neraka mana mana saya peduli sedikit tentang sejahtera too fire,1
aww lihat anjing yang,1
akan sakit nigga adalah dxckrider,1
sekarang semua buat saya sedang main adalah lelucon sial,1
dulu benci harry n seret apa dan benci harfiah apa yang laku sekarang ikut ikut,1
openbooking avail surabaya fullservice anal codnodp caps wa wpsurabaya,1
bung aku selalu haus haus,1
tanya tetapi asumsi mereka tentu sejak pria lurus porno gay benar benar tahu,1
borgol dapat doggystyle fucked,1
nigga sangat marah milik nigga benar benar kata saya semua nigga saya dan bm nya bicara,1
aku benar benar tidur man wtf sakit cinta,1
sial neraka takut pria apa,1
anak laki laki kamu bentak,1
sial bunuh slayyy ma,1
anda canda,1
kirim ass bodoh itu hari hari kami cinta,1
anda sebut semua minum yang minta mereka dapat air sial,1
benar benar rasa tidak enak aaron hal semua sekarang anda tembak ke,1
bung aku ingin bekas luka pantat jelek pergi,1
terima kasih orang dapat ganggu ketika anggota lgbt kulit hitam rasa perlu juang seksualitas lebih a,1
kita goooooo,1
ganti dapat naik gaji ikut kultus idk apa lebih buruk reporter rubah ikut idiot,1
cinta pizza kawan aku rasa sangat buruk,1
bagaimana orang benci ibu jika laku persetan anda,1
tidak enak badan pikir ambil cuti sakit besok manajer akan kesal saya benar benar sakit,1
cara ciara bangkit sofa dan tidur pesta,1
jillian ambil istirahat kerja dapat kacau meja,1
issa bad bitch,1
lihat sedih siapa tidur tanpa izin,1
pikir anda orang lacur buruk anda dapat ribu ikut mes di yo bio,1
aku pukul gadis aku ketuk wanita jalang jika aku tangkap laku pada anak,1
cstat selalu menang idk bagaimana laku congrats laku sial hanya beberapa favorit,1
sial dey bitches aku buat em mad,1
jalan dapat niggas gila,1
sial buruk jalang mati,1
ingin keluar tidak laku anda lajang semua teman anda tidak sangat bosan,1
girl no tf bukanthat lil bitch vagina sangat ingin teman,1
benci lacur pantat selalu bicara aku benci benci pantat lacur,1
raat nai hota jio kacau,1
semua ingat jam tangan sial tapi aku lihat satu tetes hujan gahdamn,1
henti biar idiot runtuh,1
niggas duduk sekitar rumah panjang hari jangan laku apa apa asap gulma panjang hari jangan datang cara seperti,1
sudah keluar panjang malam tidak tahu mana pernah jadi kacau mungkin beri kepala idf,1
sergio favorit yesus sial kristus,1
orang orang jadi sial fat tebak donat cocok kopi sebal,1
buat selesai smh,1
lmaooo michael baru kirim di obrol grup jam pagi pergi tidur dude,1
telepon nigga anda di facetime dia semangat bicara betapa baik andacik dia bukan orang,1
liberal cry baby idiot wussy soros ball hugger pole licker po crap,1
bitch bitch fight me siapa datang anon lets go bitch,1
retard alert,1
lacur jadi gila palsu tidak bel,1
lihat sangat seksi danielle moga akhir pekan senang isap peluk orang spesial,1
beyonc petty jengkel video lil ass kitty kat ini tho,1
sial ell kami dapat telinga jugg,1
dasar hanya butuh hari minggu musim panas claremorris koktail sial tahap,1
hilang oscar buruk sekali dia kitty yang sebal,1
baru lihat patung ronaldo pertama kali seperti david coulthard,1
donald trump pergi milik di perang dunia ii sangat bodoh sangat narsis,1
dingin bodoh tidak bawa sweater,1
baterai ponsel sangat kejut,1
april jerapah panggil semua orang bodoh dia lahir tengah malam hari april mop,1
yasss waktu tunjuk lindee link matahari sinar,1
marah wanita jalang temu cangkul,1
lmaoooo retard sea bicara anda,1
waktu k buat kacau,1
the masterplan lagu sungguh sucap,1
sangat marah aku sumpah beberapa orang sedih,1
kamu bohong kamu selalu bohong mmmmmm my god,1
bahkan tidur sekali bagi koleksi saya ktalk,1
cheating is fucking nigga jika lacur tidak kacau nigga pada kamu bukan cheat,1
ulang tahun hari minggu aku cinta malam panjang hari besok besok malam,1
jangan minum guna narkoba anda bisa tangan jalang bodoh,1
aku benci serah kamu ass nigga,1
jalang aku hubung,1
begitu banyak orang haus blackwatch genji wajah bahkan tunjuk wtf saya hatake kakashi ayah,1
lupa kapis gambar tidur,1
anda dalam jalan pulang ekor domba lari jalan acau alir fraffic,1
ambil sip babes,1
aku benci gadis gadis dapat bf parit teman teman ke samping siapa akan ada sana pria tidur bukan aku,1
coba lapor malam jadi tidak apa apa mi tyad,1
arnold telepon hanya beri tahu bahwa orang lacur bodoh,1
lmaaooo sis aku guncang omg ini gila,1
chase remeh kuat felicity smoak sangat kacau sekarang,1
mfs benci cara buruk aku beri keparat sama sekali,1
benar benar acau kalimat tetapi dapat saya bahkan saya keren persona,1
laku nigga hanya coba buat hamil lalu beri tahu mantan tidak cinta saya nomo niggas aneh,1
masa depan marah jangan bicara kami anda tenang bc kali akan luka asa anda k,1
dapat raya pergi itu kita dapat menang,1
kum sekarang temu aku lacur gila kuz kau dapat aku semua ponselku,1
harap nigga tetap twitter saya khawatir apa dampak,1
oi cunny selesai kacau main main australia sekarang topeng kena cunt all ha,1
jaderika marie pecah semua cangkul takut terlalu jelek sekarang tutup tangkap layar,1
jalang taut lemah omm doe dia kutip botak jalang stfu talkin,1
jangan kirim bentak mereka ada cerita sial bodoh,1
bus buat sakit kepala pagi bau pantat jahat,1
gabung klub malam sial jadi,1
why i hate louisiana niggas,1
rip anda lebih karena efe menang anda hidup lama beberapa hari anda bunuh diri hari minggu,1
rasa sangat buruk oomf terus dapat pantat,1
sekarang kalian peduli suriah beberapa berita obama hillary acau lama tahun trump jabat,1
buat putus bodoh sekarang anda rasa bodoh shxt imissher,1
alll koole tweets jadi tepat pantat jelek,1
betapa lacur okay pesan kata selamat ulang tahun aku sabar bawa payudara payudara,1
aku benci siapa bahkan niggas coba tidur terima kasih bantu tumbuh,1
lupa isi daya telepon di rumahfuuuuuuuuuuuuu idiot,1
hujan deras tuang vagina dengkur jamie,1
aku benci orang bohong panjang waktu lacur,1
lirik sedang putar dia jalan baby girl vagina lebih basah sup mie ayam,1
jangan bicara saya percaya orang anggota kongres sangat bodoh konstitusi sebab h,1
nah bro omong kosong jahat itu nasty sekarang,1
sensor sial sial baik,1
aku sangat benci ayah bangun omong kosong,1
kalian jalang benar benar pikir aku gaf kamu sangat suka aku ayo sekarang bagi besar kalian bodoh kalian tidak ingin kalian semua uglies,1
ada sekitar saya pikir siapa tidur,1
lacur benci bahkan kenal,1
tonton tunjuk tahun an anda lewat intro lagu anda adalah lacur lemah anda pantas tonton,1
akan laku kepada pacar untuk isyarat saya kacau,1
stoptheseratchetsk lmfao aku sial bisa,1
mulut kacau,1
masa kecil bosan tepuk sepupu anda,1
orang bintang mothafuckin lihat cat mobil rack city jengkel mungkin kalian dengar t,1
perintah tidur dengan pajak ada satu yang coba baik trump,1
lol dulu pikir benar benar normal usia tahun sekarang saya lihat betapa aneh,1
lolos apa telah lewat anda akan ada paris kacau,1
l i v e flyin solo bgs kacau jumat nite,1
tim dodgeball tonight jadi op fucking duncan falls jumpa malam,1
lmao gadis kecil af dumb af ke sana bung tahu tidur perempuan jalang tapi itu anda ingin,1
bitch baby daddy mad ada asap ingin,1
lacur sini sial nigga mereka dua minum henny,1
yooo saja tahu lebih banyak yal luar kota orang pindah atlanta we full yal buat jembatan runtuh,1
lacur kerja ini terlalu jelek jadi gila bahkan semua rias dia pakai bantu,1
lacur buruk selalu jumlah lumpuh pantat niggas,1
teknologi kuku sangat buruk dia inglewood girl teman sekarang btw,1
sial tahan,1
keri ini unity brexit fucking,1
kata saya dia lacur bosan tarik lacur lihat seperti dia asing,1
vise verse sial,1
omm aku kacau dat satu,1
bagaimana jumlah tubuh anda cinta niggas,1
bro dapat omong kosong kami tmm semua putis seperti bisa dapat beberapa plesseeeeee papi eric,1
aku benci nigga dengan segala dalam ada,1
bilang bayi jangan guna saya jika coba buat nigga gila,1
im sial menang omg relatable xeximxis kata ganti kalian suka minion meme ur gettin blokir,1
tbh alas tidur aku belum pulih,1
jake layang sudut liv mariah takut menang heather aku cinta yaaa,1
benar benar pria beri wawancara evaluasi obat dan marah sekarang harus laku jam nicasa,1
we you youre the s hit man the usia digitalrenaissance nigh pls neversurrender,1
musim adalah seni sial never end,1
grrrr cinta keyboard lastplace,1
my sky sports news fungsi jadi harus dengar badut sial,1
niggas di ma coba pamer dengan tinju polo sangat buruk lihat di yo ass bro,1
orang tua kacau akhir pekan jadi batal jalan yang bayar mississippi reuni keluarga baik,1
neraka sial,1
coba santa hari panjang lihat lihat meme orang orang terus kirim pesan henti ganggu saya,1
wtf jd beri sepakat rekam deetranada beri nova bootleg august alsina looking ass therapgame,1
akan marah,1
acau kaki kemarin hari dia buat sepatu nyaman jalan,1
nahh sangat kecewa diri sendiri pikir makan pantat,1
pernah tinggal untuk orang buat anda kotor anda mabuk,1
joko sial dumpthetrumps,1
kalian henti sial sahabat sekarang nigga pikir dapat ubi nah ma dude bro,1
orang guna orang untuk coba lupa mantan itu sakit,1
bro lihat keponakan,1
doa nem orang banding fuck da feds niggas ass fed snitchk,1
pikir sial mati,1
benci niggas naksir tidak butuh saya saya,1
bahkan bisa buat bisa verifikasi nomor telepon saya,1
hr ugh fuck wesley aku man aku coba,1
untung kami tahu apa apa heartless,1
lalu hutan benci di atas ular musuh capai tuju fuck em tidak henti,1
tittytuesday fucking pacar sementara film hubby,1
seperti fr dingin sini ada kotor laku apa ada tempat makan yang baik aku seksi,1
ingin temu alex aku pergi suatu tempat jadi aku kacau,1
bitch aint a freak bitch lacur bosan,1
mimpi saya nyanyi satu garasi mobil acara columbusthat sakit cinta,1
tidak erti kalian semua lacur fw supaya bisa selinap diss seperti apa guna kalian lumpuh cangkul,1
the chainsmokers sangat buruk bahkan lebih buruk semua lagu sangat tarik,1
twinks fucking outdoor wheen orang tonton bagi,1
benci lacur laku omg,1
hotcunts wow tebal epik lubang kedut lihat saya akan bunuh dapat,1
harus dapat campur pit bull besar ke dokter hewan hari untuk klinik rabies dia takut segala akan jadi tantang,1
nardy fucking g tarik lalu dawg,1
saya lihat calon payah pilih lawan jika layak pilih mereka dia tahan,1
nasty ass scorpion,1
aku benci bajing licik,1
bung sangat serbu saya pergi sekolah,1
psa heteroseksualitas bukan atur default kejut tahu queers memang,1
musim paruh waktu kamu kacau cinta milik kamu jalang lil yesss kash boneka go awf,1
dengar sangat kristus itu saat guna alternativebible telah tulis,1
benci lacur pantat tidak terima kasih,1
serius yo dapat rencana makan sama lama bulan april tambah kaki lemah omong kosong juga perlu jadi lebih kuat,1
jangan salah paham mantan semua boneka niggas hadap benar benar retards,1
nah poni sial,1
mil mil jauh saya buat sampai saya,1
baru tanya anggota dia kata pantat buruk pressernya themasters,1
via the fuck outta dong lagu buruk burgers keju weasz,1
so fucking serakah untuk,1
retarded resmi,1
henti cinta dengan kamu benar benar cinta dengan,1
kalian benci pria harus isap cinta kalian semua pergi kalian semua pecah af af,1
milik definisi beda bashing lmao pick me omong kosong adalah benci internalisasi,1
segera kamu bual niggah mulai cinta,1
tentu tapi kita rencana tepat trump kenal kursi listrik,1
benci niggas tidak aku mereka salah,1
masker wajah dari sallys are fucking killinnnngggg kulit,1
sikap lucas hanya hype alas judul alfa laki laki yang terus guna benar tindak bkchatldn,1
jangan memposting ada pria halaman jangan punya waktu baru halaman tiap minggu dia guna omong kosong,1
main pantat dapat uang niggashit gila llm,1
jalang buruk,1
betapa adalah luncur jadi forestred,1
pacar milik semua keluarga facebook video baru bagi sangat keji,1
idk saya tonton cartoon network hari dengan mata googly sial saya tahu hari april mop ini sangat jengkel,1
sial wimme tidak kalah,1
omong kosong buruk saya,1
harus memposting bagaimana ada pesan mari lihat anda gadis cinta anda,1
saya erti lebih suka baring perempuan jalang anda main vagina biar main ya dick,1
hormat politik dapat kacau up,1
selalu potong bisa ambil nigga no where shotsfired phuketbound,1
butuh bantu bloodborne sangat buruk main sendiri tidak yang jawab ketika cinta lonceng,1
bahkan jatuh tape da niggas sakit mereka,1
lagu jalan,1
apa bodoh b ch diadia sandung kepala jalan b tarik keluar pantat,1
niggas jadi biasa ambil lacur makan tawar makan buat rumah anda tindak sangat kejut lucu lmao,1
selesai tonton scarleteartryeo akhir bittersweet suka juga benci mereka akhir sama why,1
tidak suka benci anjing karena milik dan adalah representasi tapi terkadang laku beberapa bodoh,1
hanya isap penis lama puluh menit anda bahkan bisa peluk aku satu satu kacau skenario harga,1
naw kawan akan sangat kacau kamu laku,1
tidak percaya betapa sudah dewasa pria,1
jadi sally tunggu jangan lihat belakang marah oasis,1
persetan semua omong kosong who tf is young crazy ep jatuh april pantau terus,1
bagaimana lacur dua belakang,1
jenis lacur pantas dapat semua siapa akan saing dengan dulu milik hati dingin sekarang jari manis laku double dutch,1
bisa sebal buat marah nigga tidak tinggal sendiri bahkan tuhan tanya kepada maaf sis,1
cari lacur benar benar buruk juju k,1
siapa tahu sial bajing tidak tahu bagaimana rasa abai saya saya akan cari tahu,1
lihat mabuk belum kata saya sangat kacau itu nyala,1
sekretaris rangsang kacau kantor,1
aku benci kutip lirik nicki salah terang saya tolak suka foto hanya itu cerewet idc,1
aku benci aku selisih dia kata sini kamu kirim aku ogriman bitch,1
air milik selera bom sial,1
retrograde pengaruh topi cara tentu taurus hal baru milik interaksi paling aneh,1
lil jalang gila dia selamat,1
trump cari potong pell grants hiv research food assistance akses didik aman biar orang miskin sakit mati t,1
shemale tranny tgirl trans ts ladyboy travestibig slut fucked,1
sangat sulit tidur dingin tetapi kemudian harus mimpi samara zombie aku benar benar benci diri sendiri,1
hahah idiot kamu yakin ambil mc anda lohhh,1
bitches jadi asf sedih untuk kata dapat nigga tidak terlalu serius,1
all goes pear shaped baca email sial,1
baik baik sampai kata bohong sesuatu kenal baik kata lol tahan otomatis anda bohong,1
aku benci kerja sial tapi siapa akan sedia cewek dan drumkit saya henti bukan jiwa sial,1
aku benci asap gulma wanita jalang beli gram ogry,1
tunggu jay dawson keluar sekolah bawa pulang pantat saya gila,1
coba tusuk hidung untuk tiga kali kacau orang hilang tutup tidak repot,1
ada suasana hati buruk sesh samak cangkir kopi bisa sembuh,1
hampir keluar mobil lawan dan teman teman bodoh betapa marah saya akan marah anda tahu cara kemudi,1
benci tonton orang orang main main sial panjang waktu,1
istri curang kacau suami sedang kerja,1
aku hilang asa untuk saat kamu kacau,1
suegro cerita buah kisah bagaimana saudara lelaki beri makan kuda kuda hominya harap untuk percaya keluarga sakit,1
thatlatino kita pernah henti sial satu sama percaya karena kamu kacau atas,1
aku cinta dengan kamu lacur sisi aku akan pernah tempat giling,1
neraka hidup sial,1
sangat besar pikir hanya lewat nikah akhir pekan moga sepupu erti luka,1
tbt tur jepang akhir adalah epik terbang resmi pes jadi hapa boy jepang,1
bukankah benar kotor,1
april mop hidup lelucon sial,1
jatuh kelas paling semangat ambil mereka daftar terlalu banyak orang itu untung,1
benci orang dapat sarkasme dan di sini lihat wanita jalang saya buat lelucon,1
ini cara ada orang peduli idiot dapat buka kedok,1
kata nanas pizza buruk dapat saya rasa para idiot mimpi buruk dapur kata kepada dia salah,1
fug it tho money talks aku punya kasur pantat buruk,1
aku rasa punk punk aku biar,1
a bunch sial munafik,1
lacur tidak teman ay aku beri penis marah ay,1
jadi makan tootsie toots ada lil pic crazy vags stoppinya,1
temu tidak tunggu,1
muak sakit salah satu tahun mana dapat kuman sial saya hubung,1
tidak eja opini bawang semua orang milik menang,1
kacau hati kamu pissy vagina thot,1
aku benci perempuan pakai jordan video latih model bugar ig aku benar benar benci jordan umum,1
kacau terang lmfaoo,1
aw bless you and the owl little eggs,1
sila persetan cangkul jahat juga mau niggas peduli jika mereka nyala kandil,1
i fuckin gadis bad sebab milik balls,1
tidak lebih buruk ion laku karma niggas yaw laku lebih buruk lama,1
sial bodoh bruh,1
sial marly aku buat menang waktu,1
bilang kamu buat gila dia tidak main itu sengsara,1
henti jadi bodoh sadar sama seperti izin saya ubah hidup,1
benci lacur kotor beri semua orang,1
tribute to me potong sampah harga aku tidak sabar hancur,1
harus jadi sapi lalu lol kemudian gadis gemuk pikir kurus semua orang sangkal,1
itu tanda dengan omong kosong ini,1
amatir sial outdoor,1
kalian niggas lihat idiot pegang tangan gadis gadis di gym tbh,1
benar sangat sedih ada salah satu bisnis yang sia sia lempar gali atas twitter tumbuh,1
nigga tre sangat ganas k akan gosok niggas online panjang hari,1
kacau,1
semua kenang sakit,1
nah april mop tidak kotor jahat,1
beberapa orang saya harap akan pernah kacau,1
lacur marah atas jumlah bukan tumbuh kakak,1
damn kalian rasa ainnit cam sudah tahu tidak main bodoh set sumn up bitch,1
smh sangat jengkel harap untung gadis,1
sial maravillosos teamalyson vipdirecto,1
aku dapat bayi tidak enak kamu pernah tidur bayi biadab,1
girls just wanna get fucked,1
aku kalah cangkul kemarin gila aj anit tongkat telah ganga,1
rasisme bukan nyata anda negro bodoh,1
dinah kata mahal adalah paling lucu pernah tourmanila,1
mungkin saudara laki laki idiot,1
cowok keluar akhir pekan kata ingin orang gadis tidak keluar munafik sial,1
beberapa cium jahat gigit bibir isap semua omong kosong buruk,1
memposting perangkap haus jadi gila mfs ingin beberapa vagina seperti g memposting uang anda dapat belanja,1
kendrick lamar legenda sial bruh,1
jangan subtweet anda kena bodoh bodoh bodoh,1
choppin semua lacur buruk datang sremmlife,1
freeq tidur gaya bebas,1
obama selesai lama ha ha ha kata pada aku salah barack fbi gop nra cnn,1
coba sekali omong kosong,1
kacau malam,1
jalang aku benci kamu bukan lyin,1
jadi akan kencing tetangga tempat hilang robek pillowtalk,1
aku benci orang kata ya kamu sial sebut makan siang,1
benci lihat lacur main mfs beri tahu jadi tidak beri tahu kalian semua,1
dapat nervesssssssssssssssss aku benci lmfao hancur hati,1
sakit lacur internet tcobkyqcfxg fbloggers,1
jangan bicara pada gila aku kalah pantat,1
aku sangat benci lagu,1
tunggu sabar lihat kasih bunuh beberapa lacur buruk,1
ingat cuaca sial bouta run me crazy ringing detik,1
ayo kau sial pantas keluar kontrak sangat buruk anda telepon layan,1
natal masak ke suasana bodoh reaksi saya dapat ini sangat berat,1
persetan sepupu adalah bom landen kacau guys dont sleep on her,1
bukan pendeta ingin bahas anggota tunjuk saya saya butuh tampar spiritual orang to spir,1
cinta bro,1
sedih jalang buruk,1
besok april mop bukan orang kacau,1
ini yang paling lucu omg,1
balas tweet kalian kacau,1
aku primer hati jahat tidak selalu peduli ada nadi itu bukan xo harus sial pergi selamat malam,1
iblis tetap uji saat kejar vagina dosa jika jatuh pangku itu adalah berkah,1
hmmmm dapat sepakat sedang jadi bulan saya ajar cara hubung seks gratis bulan hanya,1
alkohol ada usaha paling buruk bisa laku diri sendiri,1
aku benci orang wanita jalang gambar diri cangkul kemudian tekan aku dm false iklan pantat jalang,1
luar jendela sial laku cara laku,1
bitch jangan coba debat saya smd jelek,1
mj btch lebih baik punya uang james tunggu apa bukan nadine jadinefearlessnotcareless,1
man dem hoes crazy dey rumah dat uang jadi sial bad dey tryna get it buh it aint goin nowherher laku ova n shits fucked up,1
semua saraf,1
sayang sekali tidak tahu siapa subtweet tidak ikut pria mana yang anda sial minggu,1
semua cangkul buruk jadi thotties tbh,1
fr dunia pantat dingin,1
hidup sangat gila selalu lari rasa gila,1
dia lihat takut dia acau kepala,1
lacur palsu,1
hanya tahu aku bisa kacau,1
nigga bisa henti cinta dengan bahkan kamu hidup gantung pada,1
legenda sial goat,1
jewel kacau atas meja,1
jalan kata sial saya yungnigga betterlthannever,1
update idk acau jika saya laku terima kasih tuhan,1
astaga asa obroden,1
peppapigvevo dinosaurus sial dapat,1
stempel nigga ingin jadi jahat semua harus laku hanya main beberapa partynextdoor adalah bungkus,1
sial pantat minyak dia tiup muat monster seluruh mata anal,1
bagaimana orang tua akan marah saya tidak suka warna pantat yang norak rumah,1
u jusss buat aku cinta kapan aku mau kamu bisa kamu takut dengan jempol unta pantat besar,1
benci nigga,1
saya ingin hanya lacur buruk pantat gemuk puting tusuk,1
musim baseball banyak kita akar tim beda jadi ingat gocardinals kalian semua payah,1
terkadang kamu ingin kata jalang pantat jijik kamu ingat hanya menstruasi santa,1
fakta jadi hubung setia lama tahun tahun untuk pecah beberapa omong kosong buat saya marah mental lmao,1
anak laki laki baseball peake panggang ular sial hari dan makan,1
rambut wanita jalang pudar akar tragis,1
boo fucking hoo scumbag lapor steve bannon ancam henti hapus dewan aman nasional,1
aku benci orang tertawa mereka pukul bahu kamu pantat beat,1
persetan hati dan bawa aku bir irapuato gto,1
tahu lacur buruk saya lihat satu,1
que comience el fucking show,1
lmfao nasty ass lemonade dawg rooting untuk,1
alice ladyboy sial asspt,1
orang pria idiot tas douche,1
bagaimana dt salah orang jadi jam tangan whatanidiot babybitch,1
kodak sisi nigga lagu bangsa niggaz gila,1
kemudian sial drake jika tato cocok kuat hubung ion tahu apa,1
di atas niggas biasa bicara besar saya tumbuh selalu coba cinta saya sekarang fuck onnn,1
oomf buat cara buruk pantat masih peduli,1
video buat sekarat terima kasih g,1
supreme bakar lubang saku sial mannnn,1
semua lacur kalian benci sekarang benci beri aku kuat bangin tshirtmu itu bukan apaapa aku tahu,1
when mama fucking the barber,1
cant fucking stand it ponsel hapus lagu belum rekam,1
sial pendejo rambut lihat bunnie debu belakang sofa orang,1
jadi kakak telepon minta untuk dukung tur saja bilang sial t,1
nope anda hibur anda douche sial,1
tani perlu bayar pajak sial uska kya,1
mobil sudah kotor saya baru bersih malam saya bahkan minum mana,1
anal fucking,1
cupid kacau tekan nigga,1
sangat jengkel tidak tahu terus laku itu tidak cinta,1
jalang bodoh sangat sepele,1
trump nigga adalah biarawati berita buruk impeach dis nigga,1
adalah pantat gila jalang kamu lihat bom af,1
buruk bisa laku milik bayi aint shit ass nigga buat orang gila,1
jika panggil jelek jalang gila,1
lihat beda lacur gila jadi gila saya jadi biddin,1
whattttt buat kacau,1
dnald trump lihat rekam gambar leceh seksual presiden rasa masuk akal buat kesal siapa pikir,1
fr fr dingin malam seperti nigga plot,1
aku pulang aku sedang tonton kartun bayi panjang malam pantat buruk,1
on god niggas be mad af,1
dulu main paintball jadi bisa buru manusia idiot,1
what an idiot,1
bus bau kaki bau persetan hidup,1
ye nigga aku waaay sial jarak keluar spaced out video,1
jalang punya smoothie sandwich ayam untuk kurang gemuk,1
proxy paige dapat kacau tranny shemaleongirl shemaleonfemale porn shemalevideo trannydick htt,1
to get fucked up colby,1
kalian semua ingin hadiah niggas kalian kalian semua gila dapat aku makan,1
hama kutu sial,1
yaaaaaas jalang werk ratu sial,1
panjang hidup kacau ov saya doa ion urus nomore,1
no no gila niggas tryna bicara saya hari di tempat kerja,1
kerja pindah lacur gila hance voltron,1
shawn dewa sial,1
dapat lit dont hate the bitches finna masturbate,1
punk punk kunci pantat,1
semua orang kacau itu bukan pesta undertheinfluenceatx,1
bff adalah idiots asli,1
harfiah kata kepada gadis gadis mahasiswa baru di kelas beban henti tatap,1
lacur tahu mereka benci jadi teman,1
cangkul jelek cemburu gila cium dia akan pingsan lihat apa laku gadis saya,1
lol sudah tahu sial bagaimana kabar aku tonton maju baik,1
percaya dia milik pria bodoh bitch,1
aku sangat benci internet omg,1
bung video buat semua jenis kacau,1
aku benci wanita kata aneh karena nigga kata suka gadis aneh jalang kamu anda sama orang,1
selip pipa dalam tidur diri itu suruh terima pukul ilovher stoners pussy pasang,1
yolonn aku tahu kamu bodoh orang kutip ini,1
fucking,1
yup sholl ingat tootie buat niggas gila,1
im sial teriak apa dia tarik,1
jadi lacur buruk milik bob saya di,1
baru lihat video fb orang pria kulit hitam sedang tranny dia tahu orang pria aku benci facebook,1
sangat bodoh harus beri foto kepada georg omg saya ingat sial sekarang,1
karena uang tetap lari gump forest aku dapat niggas benci aku aku donald trump,1
hai sayang main vagina ibu tunggu sini tcoaldrhlyyf,1
pantat bosan sabtu,1
orang percaya dan kirim telanjang ekspos seperti hanya kalian jatuh kacau,1
lacur sini sial kantong coke bitch dapat pegang,1
laku allsorts me boss saya usia tahun sendok kerja grange dapat kerak tahun lalu sekarang sial hellll,1
apa gila kita benar benar datang lalu wanita jalang sambar apa kita ingin,1
lmfao tidak canda ho putus asa tidak terima benar,1
pikir rn betapa kacau akan saya dapat kita pergi vegas dalam beberapa bulan,1
anal fucking,1
yk cangkul kakak,1
jalang baru bilang aku sengsara bitch,1
kerja konstruksi rangsang istirahat kerja cinta satu sama di ceko e,1
lewat iklan um aku pikir,1
keri harap baik baik betapa total arsehole contoh keri anak anak,1
tanpa tumpu tidak lebih baik minta pasang di atas,1
tantang templar bunuh biar teleport ateon challenge wali hancur,1
aku benar benar lupa aku balas karena aku sangat kacau aku temu dengan,1
proyek grup fuck man yang buruk,1
ladies cangkul hampir tanpa bukti kata curang anda tinggal anda bodoh percaya,1
susanrice jahat hal idiot dia kerja barackobama what a lie witch sama seperti,1
tebak siapa dapat shoah idiot kunci,1
datang laku dara setrika itu sangat bosan,1
idiot buat tidak aman,1
ave duduk ruang istirahat target gila sekali ima bunuh gelandang nigga suge,1
lem gorilla buat kacau ha,1
noooooooooo nooooooooooooo jadi waktu kisah jahat curi ide tentang biopsi biopik versace,1
post bath dildo fucking,1
holy fucking thankyou follow now let tlk anda dengar medz semua wss,1
karena tidak laku presiden adalah lelucon bagaimana bisa di sini amerika,1
aku benar benar muak orang orang memberitahuku apa tidak harus aku laku aku laku apa aku suka aku suka,1
tidak pernah tahu wtf kata mulut joe pantat bodoh nigga,1
tidak benci kpop hanya suka buat kencing,1
lihat lacur milf lesbian bigtits,1
boo boo kitty salah satu mofo buruk langkah buruk coba keluar lucifer tahu pantat jangan mati empire,1
niggas selalu main madden tipe omong kosong bosan,1
karena uang jalan forrest gump dapat niggas benci seperti donald trump dolph,1
mana kalian semua temu orang orang seperti aku bisa,1
aku benar benar benci aku tinggal korek api rumah,1
lacur jadi gila sangat buruk noo bitch kamu gila kamu bodoh jijik,1
nigga benar benar cinta ogry,1
bruh aku sial,1
moms aint raise no fool kenal siapa cinta,1
fort hayes punya beberapa gadis dingin mayoritas jelek cinta,1
suka rekam kacau ass,1
yooo datang tanggal apa tur anda ambil gsap di kata kata anda sedang acau pria pangkal,1
isaiah hicks fym nigga jangan kutip karena gila,1
kamu kapal aku kapten aku cinta rawat baik adatidak yang pisah bahkan gelombang raksasa rd,1
ingat presiden adalah bagi ras seks xenofobia homofobik mengolokolok orang cacat bual perkosa,1
ya dua motherfuckers,1
facts anda cold v bitch,1
dapat diri sucre bukan nigga jelek makmur,1
lil twitter pornstars buat kacau,1
dudes jus rencana jahat haid akhir pagi kamu hadap pertama makan tomat makan acak sekarang,1
ah lil bull daga buat kacau periottttttt,1
kalian sumpah aku bodoh ion masak man kalian tindak ganggu,1
bitches be like nasty bitch you been nasty sejak usia tahun,1
sial jalang buruk,1
mengapa neva daging sapi ova cangkul bra benar benar cinta semua orang,1
retweet buat telanjang dari ada tanya aju,1
hewan roh,1
acau kita pindah tempat,1
fuckin nasty baby work,1
carlito lihat sangat sial,1
kacang buat belakang lama detik,1
akan robek nyali sial dan oles seluruh wajah,1
keras buat pantat jelek bungkam,1
pasar fut sangat kacau atm pernah lihat buruk nilai peringkat bawah k,1
ibu kamu selalu pakai keringat sekitar rumah apakah ingin pakai gaun quince ibu henti jadi pantat pintar,1
sial bisa cari nugget ayam sekarang,1
orang beri karung,1
sial aku benci bocah twitter semua sangat aneh jengkel,1
jadi nyata senior buang dapat tahan panjang kalian buat kacau semua jenis up,1
sial pus,1
aku cinta,1
sabtu malam akan naik madeyalook lacur buruk anda tahu jadi jangan lewat modish,1
buat bingung kamu duduk sana sebut orang vagina tidak kata apa apa pada kamu laku yang sama persis,1
capai satu bulan anggur astaga benar benar benci diri sendiri,1
tahu ingat picu bunuh diri hanya keras seksual tidak tahu,1
bbygirl bilang benci aku tarik keluar jadi aku coba cinta pagi,1
anak serakah jangkau main cara sengaja tidur dua,1
kata jalang gila saya ambil tempat,1
ujung jauh benar benar gila ince cetak gol,1
teman teman tidur ibu,1
nigga finna masuk dalam mobil dengan potong segar dan jus finna tambang mulai bocor,1
jangan benci aku dapat mobil niggas jadi rasa itu kontribusi l soo tidak buang uang,1
kalian semua niggas milik kalian semua sini lihat bodoh biar aku hush,1
lempar tempat sampah,1
victoria praktik gera tari juga gera fucking penis,1
bung jalan lab tinggi sekali baru mulai tulis esai senyum get it gurrll,1
gadis mana yang tempat pada bro jamin dapat kalah saya,1
minta dapat maka saya jelas butuh,1
semua pria kulit hitam kata yakin tidak kalah pantat saya dia menang argumen,1
truf adalah alat juga tumpu lemak sedih pease dewasa,1
bitch kata kacau nigga saya yang,1
sial palsu aku pergi buat gugup,1
my god rasa sangat buruk orang orang hidup anda benar idiot,1
yo aku benci twitter ubah segala jadi lelucon,1
dunia benar benar tempat kacau,1
semua april tas sial,1
baru dengar bakar selat sial,1
terkadang aku benci musim semi musim panas bising truk es krim saya lelah lapor mereka terus datang,1
kalian butuh pantat kalian ria kalian minum kalian semua bodoh sekaligus,1
terlalu banyak pikir hal,1
omg oomf jadi sangat kencing saya laku pada,1
kacau malam,1
kalian knockit,1
yang dapat sial liberal,1
lacur beri es kopi saya sakit af,1
ifyoudontnowshitaboutmiliter strategishutthefuckupaboutthegoddamntomahawks,1
stres sat besok skor sat tidak bawa ke guru tinggi sial sanga,1
video lengkap frolic pirang kuncir cukur,1
niggas ada sini bicara nigga ikut cinta wanita yall game kuat hanya ambil perempuan,1
aku sangat benci aku sakit aku bunuh jalang,1
aku benci aku minta karamel tambah mereka taruh sedikit aku kotor tenggelam karamel,1
baru tonton film dan sekarat,1
delo baru beri tahu orang wanita jalang sudah dewasa masih kacau tempat tidur ukur kembar,1
nah kalian semua muak,1
ketidaktahuan orang orang pria,1
henti biar idiot ruin,1
benci orang orang tanya saya tanya sudah tahu jawab bitch what you fishing for,1
a nigga tidur dan hancur hati aku kata diri sendiri neva,1
lmaooooo niggas bodoh,1
wtf lhhatl baru dapat juicy omg sial suami,1
bagaimana cangkul tempat keluarga bio nya segala ayah bayi bahkan ingin hubung anda baha,1
benci dykes kata benci keledai palsu niggas sis u a pantat palsu nigga tf you meaaann,1
i b dtfl bagaimana kalian semua jazz kalian jelek,1
aku benar benar mati,1
baru mimpi mantan adalah opps kirim sms kepada kata pada buat kacau,1
kamu beri tahu boo kamu lapar dia kata kamu selalu lapar,1
sobat tidak sabar letak beberapa kush paru paru aku sangat kesal segala,1
henti henti aku tangan game game hati dinding sial ungu ungu aku jadi,1
luang luang simpan simpan jalang buruk anda akan bicara,1
yo cops loooove buat orang gulma irkin,1
youknowyourelectronicseold anda buka kotor dan semua asam baterai korosi keluar,1
wtf aku b laku cangkul kalian benci banyak,1
apa lyin corrupt arsehole lebih suka pilih partai rabin monster looney,1
aku sangat benci hidup kuartal ikut aku milik empat jam pagi aku harus salah,1
caillou bangun aku letak jari pada acau pantat,1
harus masuk truk beri lencana i trucks aku hilang,1
kata buruk aku sedang isap penis,1
bagaimana orang orang dapat tiket luar percaya buru suvenir sial benci,1
lacur sangat benci apa ucap selamat kadang kadang beri orang alat aga,1
aku sangat omfg clingy aku perlu henti aku bisa whai,1
akhir masalah jual gulma vagina rambut rias makan ringan saya masih dapat uang apa anda laku mad,1
aku sial sekarat tertawa,1
anda laki laki anda pikir makan jahat jalang kamu kekanak kana,1
buat orang pikir gila saya akhir hidup sekarang saya kalah untuk sisa ou,1
kata yang buruk teman lagi saya akan ragu datang sekolah tampar wajah sial,1
aku cinta dengan sekarang tulis aku nama panggil speculracro,1
makan pokesnya jilat celah dia ingin beri anda sikap idak,1
tingkat munafik sangat eksponensial,1
benda adalah huuuuge sicflics,1
bc lacur sangat sedih takut asf,1
laku nigga kotor,1
benci niggas muak saya,1
video las frases favs de holland son semua monster laku hal keri y apa sih stiles t,1
adegan sial robek hati dada,1
dawg pantat bodoh punya kucing,1
niggas hilang berkat cangkul,1
kamu cinta dengan keras,1
aku sangat cinta dan kamu perlu beri orang gadis ingat aku sangat dekat alami serang jantung,1
tidak selingkuh kalian dua tahu,1
semua lacur buruk tidak pernah lihat di wanita jelek,1
sial bahkan tidak dapat cincin ight tho,1
aku benar benar benci,1
baru selesai tonton reasonswhy acara buat semua jenis kacau,1
minta ho untuk mayo bicara dia beri terna jalang idgaf minta untuk mayo,1
teman bro nenek baru tinggal anjing kena kanker keluar negatif dari sini vagina getar dingin,1
hella asal teluk mayoritas la bitches benci kata hella,1
beberapa wanita buruk akhir nigga rupa gandum tarik semua nigga tampan cangkul lebih buruk lacur,1
sangat nyala semua orang perlu tonton,1
kerja laku lama minggu blackpool fucking datang kami,1
jadi kendall lepas kait montana prancis sial kecil hitung antara urus dunia jangan lupa serah polisi psi,1
kena kondom sial maaf bro tidak count kacau kondom bukan,1
tuju muak lihat pantat,1
musim panas akan diri jalan darat hari hari danau kacau,1
tahu akan,1
psi selesai kacau,1
mama kamu tidur tahu untuk karena saya tidak omong kosong belakang,1
anda juluk orang laku saja henti main game wanita buruk,1
transfer musim panas pantat buruk,1
idiot coba bayar anggota untuk main untuk,1
tertawa doyoung jadi dom sekarang mohon cinta,1
siap jalan sisa benci kalian semua marah jadi poppin bahwa saya tidak khawatir hal yang hancur cangkul,1
aku alami hari buruk aku tahu apa apa salah satu kelas kelas,1
sangat buruk,1
jalang aku benci aku benci,1
orang keledai bodoh lmaoooo,1
suka twitter bisa bicara dunia dapat bicara apa yang ingin mengapa ada mufuka dunia keluarga,1
stretto di mana ingin cepat titik gila akordnya terlalu canggung chopin ht,1
orang kata yang sangat bodoh kamu ingin pukul dari,1
cara ucap sakit payudara,1
gadis pernah pakai salah satu ini makan sial di tempat,1
mana urns mari lihat omong kosong gila apa saya dapat tahun,1
pernah pegang erat orang benar benar pikir anda layak,1
beberapa kalian semua erti orang gadis ingin nigga kacau semua orang,1
lacur palsu palsu dulu benci olivia sekarang cangkul faje teman,1
tuju sial greysanatomy,1
hari saya temu sial sama,1
benar benar that sangat takut metode favorit saya,1
beberapa orang dapat jalan singgung,1
baru jatuh tempat tidur aku bisa,1
pikir bisnis b bbb bitch selalu khawatir hal salah stststst bodoh lil whores,1
ima kata sekali sun valley anda tidak ikut pesta sial,1
selesai kacau beri ekor kuda,1
laku segala do sangat jengkel sekarang imma jadi licin jadi istri sekarang,1
kalian poser sial,1
bloody hell baru lihat joe larang crawford knicker sniffer scotts doings,1
sampah jika biar niggas sampai kepala dan buat gadis lihat bodoh,1
bagaimana kamu marah pada ada suatu hubung kalian sangat biasa lacur pantat lendir kemudian marah klaim laki laki saya,1
mf buat kacau semua waktu,1
wow obama milik saudara kembar idiot,1
kacau haiti bagaimana bisa laku pada,1
benci anda kumpul seperti pipi dan jadi omong kosong,1
taut bodoh lihat unjung terus memposting twitter sial,1
krispykreme sedang ganti nama krispycream inggris negara tidak baca,1
g fucking code,1
sangat kejam saya tanya tanya saya kalah pantat,1
pikir tiap kali aku nongkrong dengan,1
touch layak dapat segala adalah banger sial tim laku benar benar kotor,1
heeeeyyyy stinkkkkk suara jalang aku benar benar benci itu rl apa untuk,1
pikir salah pikir anda pergi dapat reaksi bicara tidur bd saya,1
wtf aku sangat sakit,1
dunia bisa beri istirahat,1
yo baby momma pisah ambil semua rumah masuk semua ada kamar anak orang fagget fr,1
persetan jangan biar gelincir,1
mobil belum gerak bulan ambil tempat parkir utama jadi ray saya tulis pindah aku jalang hood pantat kotor,1
hai muslim nama manja sedikit anak jadi teroris lahir pakistan rasa malu apa yang jadi dunia coba damai,1
mungkin laku salah satu jabat tangan bodoh dia dia selesai sarang,1
lmmffaaaaooooo im fucking done bruh,1
hal apa pegang anjing anjing orang orang idiot kita,1
kalian semua lacur gila kalian main gila,1
foo aku kalah dude lihat nigga sis,1
tards genggam sedot tryna datang ish bodoh kalian susun cerita bs semua anda ingin maichard bahagia,1
jangan vape pizza sial,1
bitches be mad asf bayar berat sangat jelek lihat anda tutup mulut,1
jasmine jae ass fucking prolapse anal prolapse,1
ambil topi sial,1
nowt duduk puncak lagu karena malu sangat kejut,1
siapa punya pacar sebal sandung bukan siapasiapa tidak mungkin temu,1
aku benci main karena aku sangat usil aku tahu apa tanya orang,1
bagaimana kalau berat bisnis sial,1
punya lacur tidak pernah temu benci dari,1
bayar rendah terlalu banyak kerja benar benar kacau,1
nypd acau main nba sangat sedih beban karier orang orang tanya saya benci peop,1
aku sangat benci orang orang tatap ada di wajah apa kamu lihat,1
bocah baru kentut bandara celaka ibu beri tampil omg timothy keri sial punya bensin,1
jangan marah pada nigga kakak aku jamu aku angkat nama kata henti main dengan,1
landon washington qbath augusta utara hs augusta utara sc,1
nas orang tanya semua cari bodoh jalang dawg lil,1
clo teman yang luar biasa datang makan malam tempat nanti saya akan dapat banyak omong kosong,1
satu orang buat marah marah semua orang,1
pacar jengkel pantat selalu orang masak untuk,1
tahu lacur benci nyali,1
terlalu jiggy lacur yang buruk ynfoe,1
abreeza jumat main seluruh album sisi emosi b o h g h a d i m l i v i n,1
magaly maaf aku perlu ingat kelulus sial,1
hari sial tidak waiiiiiitttttt,1
srh milik lagu lagu buruk pikir sial jengkel,1
apa orang memberitahuku aku sangat usil,1
persetan aaba maddddd tetap bangun,1
ada nigga pernah pikir bisa bicara gila kalah tf ibu aku taruh ibu,1
pria bilang masih sial,1
sial lingard dapat kontrak ribu minggu ada harap kita semua,1
lowkey nigga kecewa,1
wanita benci bohong tidak tahan let me fuck blunt ass nigga harus pilih yo l baby girl,1
henti bung henti sial,1
beberapa niggas tidak milik jenggot ugh kamu gila,1
kali jatuh cinta orang selalu kacau jadi ima terus main game,1
sayang sekali aku orang ukur buat bola basket robek kaki pantat,1
selalu beri tahu niggas ride orang wanita dalam mobil sumpah langsung waktu tiba minimal ik wanita sejati,1
posting sangat irene nicole dem bitches hate soda w a passion,1
siapa nama router asus tidur wifi kamar,1
bitch aku b bodoh,1
sial tweet beranta,1
helllllll,1
cara niggas benci harap dapat cek itu,1
persetan dengan ini libog sop,1
bangun pantat anda anda makan sial,1
kisah hidup,1
aku benar benar patah highlighter sephora ahshdjdjjd nooo,1
barcodes bop sial,1
idiot stick blokir bisa tangan semua fakta,1
perempuan jalang dapat sahabat kacau,1
selesai alami banyak rasa sakit sial,1
no im bicara anda nigga stfu jengkel,1
saya ada nra national retard association,1
tahu pikir april mop jadi adalah april mop ganda benar benar jadi,1
sampul adalah obat bius musik doper tho,1
sangat bodoh siapa yang penis tidak eksklusif beri kontol pesta untuk lacur lumpuh,1
istri keluar kota lacur buruk tunggang di lantai dapur istri,1
jalang kamu bodoh bodoh leher pecah,1
percaya soooooo kacau akan pikir semua orang coba main,1
dulu laku karena ada kacau saya,1
suka rekam kacau ass,1
lampu sial baru kedip aku sangat takut,1
catur sial,1
ugh benci hirup roti lihat saya perlu minggu beranta gym makan brokoli sial,1
habis seluruh libur musim semi bosan boring ass rockford anak anak pantat bosan benci kota,1
memberitahu pantat bahwa masih lihat hamil tutup telepon bisa blokir untuk omong kosong anda laku bagaimana cara kerja,1
orang bodoh aku bisa,1
selalu benci yang biasa buat buat panjang waktu,1
duduk sini tempat kerja putus telepon quela milik pantat bicara dia jawab bicara kotor saya ppl lihat uh,1
masih makan pesan kacau taco bell tbh,1
laku kipas sapi bri fucking paku kalian semua,1
dumbass tidak baik bodoh,1
mcdonalds tetap tidur pesan saya sumpah,1
jadi bahan jiwa regina tinggal tidak peduli kejam emma yang hibur semua orang,1
perhati bagaimana orang anda henti cinta mereka,1
cinta lebih dekat kawan wi untung,1
hati sial omg aku menang aku benci ppl,1
selalu temu diri cinta gin,1
nah u jaga air keran pantat jahat,1
kutip bos sial,1
tune fucking,1
sudah guna tanduk kemudi idiot pada ulang tahun sial bisa bodoh lama hari suatu hari,1
kaughauggah pop katanas pedang lemah ada bisa pecah hal dengan buttcheeks,1
pergi periksa tape saudara nigga asli jerzey no fu shit,1
kalian tahu aku bodoh benar aku tahu kapan kamu blokir nomor sial aku akan peduli kamu tindak kamu teman hari lalu,1
orang beri tahu mengapa dengar kucing keong suatu tempat neverland beri tahu jika benar benar gila tidak,1
aku sial deeddddddd,1
up the fucking reds,1
menggunakankan hasil video erotik baik tonton video lengkap sini,1
aku bosan jadi aku hanya tindak bodoh pergi apa,1
idk pikir ketika saya coba tari lari mil saya kacau sekarang,1
pantat kotor air mississippi,1
bruh yall anak laki laki jadi peduli bro gila tidak menang nigga mati anda harus letak yaself lain,1
benci lacur harus aju tanya dapat apa anda cari,1
uh huh aku sial,1
pria sial,1
ali fuck youuu,1
ulang apa jadi neraka darah,1
aku selisih aku benci facts nya,1
aku masak makan tubuh,1
aku rindu cinta,1
lihat laki laki besok mulut sangat sakit aku ingin baring tempat tidur panjang akhir pekan,1
adalah niggas selang sama gila lacur,1
kacau satu orang sangat gila,1
tidak pernah milik kram begitu buruk hidup,1
mereka lupa masih gadis sial,1
sebal ada satu orang seluruh dunia ingin pesan anda ingin tampak putus asa seperti repot repot,1
ingin seks komitmen online tulis juluk bjaribafig,1
siapa tf bunuh terry jenis niggas apa anda milik perlu periksa catat telepon bitch atur,1
dua teman terlalu mabuk dapat keluar mobil sial,1
hey fuchs periksa rock sial antara curi sendiri video musik resmi,1
tidak sial drama stand orang orang adalah drama sial,1
buat kacau aku lihat nigga hari aku ingat kamu cinta dengan,1
benci orang bs ass headss,1
sial internet darah jio guna utama ki kio hormat hai nai hai,1
kamu tahu aku sangat kesal aku nyanyi lagu mf mobil,1
muthafuckas buat stres film apa harus lihat di mana makan sial jengkel,1
perlu mem mi pola tidur yang kacau gym,1
persetan grayson akhir,1
lacur oh my god on the upah gap kristen tate bilang pilih ambil cuti hamil kamu gila,1
finale apa saya ingin wanita kumpul bunuh isak,1
pantat jelek nigga beberapa mimpi pada,1
hentai sex club malam people benci april fools jadi izin main ayam atau makan vagina buat hari,1
jalang beri burrito ekstra goreng besar kami memesanmembayar medium,1
dapat stiker bendera as vietnam bomber saya akan lihat sakit,1
ide lempar pantat buruk gajah mural di,1
so brodie bunuh cal dapat uang gulma cuaca,1
orang lacur laku apa semua nigga ikan semua masih laku kotor,1
bitch fuck off thats nasty kalian sebut segala nama anjing miskin mungkin bingung af,1
kacau,1
shyt buat tubuh kacau,1
fucked,1
nigga kirim sms tahu dalam suatu hubung anda sama buruk orang dia,1
jadwal tidur benar benar kacau,1
henti cinta mereka lumpuh niggas,1
adalah logika sial,1
orang kacau academy letak bola basket harga,1
sial trashhhhh,1
all my fucking friends i cant capt a break ever,1
prioritas lacur jadi sangat kacau,1
sangat nanti tonton boatrace tidak komentar lebih suka tempel pin mata,1
masuk pantat wajah jelek tempat bukan milik tinggal bts sendiri,1
orang sikeras debat saya atas paket sama bulan aku tidur bro,1
idiot sial dan idiot pilih,1
lmfaooo bilang aku butuh lacur masih isap penis saat gila cinta kamu gila,1
fashion bandara bias saya lewat satu hari rasa omong kosong itu,1
serius kamu cinta saja ignorance of irony keri hypocrisy pilih,1
ugly ass buat pikir tuhan sedang laku panggil roll,1
saya lihat laba laba sial,1
damil ucap saya keri pantat,1
ambil jalan cinta saya benci lalu lintas,1
nigga jika kenal dan dengar cerita buruk tanya kepada dan saya akan bersih pikir jangan tindak ada alas,1
hai twitter tendang idiot keluar hidup ketika adalah alas langsung anda habis malam tangki mabuk,1
romo cinta orang texas jalan keluar,1
kamu cinta semat penis pic level savage,1
orang obsesi rumah yang milik kerja turis sial,1
benci suka orang orang orang rasa perlu beri tahu saya hal yang mereka suka mereka jalang aku suka untuk bukan kamu,1
klik sini tonton busty milf babe fisting vagina mastur matut di snapchat se,1
amerika belum tahu betapa buruk jadi kacau orang orang yahudi,1
fuck adalah keji inggris abad retas hewan kami sampai mati sava sial,1
fakta sial,1
anak tidak perlu tanya kapan ayah datang jemput karena ayah ada ruang utama abai pantat jengkel mommy,1
orang teman sangat putus asa dick dia tidur semua mantan,1
benci anda pergi insta news feed n see women post pics pindai hamil d foto foto lihat takut sekali,1
cinta baik sisi sisi atau di dalam diri cara sial hurricanevaleria sexyhu,1
pikir orang aku suka,1
nigga aku harap kau pukul aku tuntut jelek,1
lol dia benar benar tolol thatcherite posting bagus dia hampir pm tutup cukur,1
aku butuh orang belanda aku ingin tinggal rumah,1
sial jalang kirim pesan milik dengan siapa seperti nigga dapat kontol komunitas boo,1
harap jadi keluarga keledai liberal akan biar jadi karena yakin bodoh bajing,1
tuju sial sana kata,1
gadis gadis kulit putih dasar eyeliner tanduk maksud eyeliner sayap yah lihat tanduk,1
gemar cheepu devi sangat lucu tangkai tangkai karke lete hein biars beri tahu satu yang tidak ikan cinta,1
kacau,1
pernah perhati luar karier hillary di sekitar akhir mati,1
henti sial sighofthetimes,1
tidak tahu apa laku ah apa yang anda laku kacau man jujur sial,1
orang wanita jalang tahu jelek nigga pakai karet dia tarik keluar,1
makan pisang oranye saya sesuatu sangat buruk anda,1
ada garis jelek niggah,1
tonton lihat pm scumbag trudeau pm idiot tidak guna pergi trudeaumustgo cdnpoli justxitrudeau,1
wanita cantik seksi panas panas body sensual adegan panas indah vagina jilat,1
sial mint hilang semua foto saya untuk tekstil,1
malu beberapa wanita jalang depan pacar jelek kereta,1
hari panjang harus abai semua loser paypigs besok payday utang tribute findomme,1
osca sedang diet ketat saya dapat snapchat beri quavers,1
fucking gold,1
harfiah percaya beli tiket minus nol mes tempat hari sial apa lofe,1
akademiks sangat jelek lmfaoooooo,1
ini pacar keledai jelek,1
biasa biar kotor itu ke kira tidak pernah ada situasi mana fisik saya tidak,1
aku sakit asa cangkul karena aku tahu bohong cinta aku buat bayar tidak lepas kontol,1
pikir buruk kesal baik fb mereka abai,1
peduli idiot ambil anda jangan idiot dengar,1
luar biasa betapa banyak gadis saya tumbuh instagram bual giling jual vagina mungkin hindar dinding dinding itu,1
cinta wanita jalang saya harap anda pikir saya,1
itunes malaysia kode cheat no promises feat lovato buynopromisetonunes sangat nyala,1
taylor temu quid kota kemarin aku bilang sial simpan beli burger hari sabtu,1
lihat cara siap sama tidak bagus nigga a have me by my neck errrday cinta anda,1
reasonswhy milik semua jenis kacau,1
bitch ubah sial selatan sial meech,1
pilih yuda anda orang idiot,1
semua lelucon samping akan kelas sial besok,1
benci orang kata henti dunia aku turun buat diri anda tekuk tutup mulut ikut,1
atas sana salah satu tweet buruk tapi siapa givva cinta cerah,1
ada erti betapa siap ketuk marquis utuh pundak anak laki laki buat saraf ada orang yang tahu stg,1
terima kasih idiot mes missles akan pecat,1
benci mfs kunci tweet apa titik sial,1
gmfu tidak buat misi kalah pantat niggas aight atur omong kosong,1
orang titty boi ima bad bitch jadi pergi beli anak chainz,1
bisa henti makan sial perhati tarung alami serang jantung,1
niggas jadi sangat marah,1
bahkan bukan liberal saya harap orangutan belakang dapat terus lengking,1
whyigotslapped pantat karena jadi gadis sangat buruk saya pantas dapat,1
i be fucked up trippin,1
kamu suka pasang hottttt sial sungai,1
pikir ima tahan saat di luar sana laku buat lihat bodoh buat kacau,1
orang cabul sial fetish diaper kinky sissy dirty idiot sub slave asshole whore,1
benci saya pantat nigga,1
nhl garybettman wtf salah anda og main nhl hoki es puck u douchebag serakah,1
semua ini anda idiot,1
cuaca makin hangat anda tahu apa arti bugs bug sial mana mana,1
sial dweebs,1
selfefieforseb jelek lihat dalam minggu fat ass,1
di malaysia saya bisa lihat bc kerja berapa kacau,1
aku benci kerja hari minggu sial kita dapat uang,1
bae buat kacau,1
nigga u fuckin coba dapat yo bodoh keluar sebut tindak anda halsted,1
dia selesai kacau,1
sial orang cewek pantat buruk,1
dapat moneyyyyyyyyyyyyy,1
adalah mf paling manis paling keren paling lucu jika tidak suka anda jalang gila benci,1
bagi kubur bawah bak mandi adalah riyale kotor bukan cara bunuh kasih johnny cash bank t,1
sial mengejutkanu pantat lick xoxox,1
christ kalian orang bodoh jalan keluar kata bawa ke sini akan menandatangani cundang sedih,1
serbuk sari buat semua jenis kacau,1
baik kita tinggal dat dat d idiot lalu harap di kantor bahas detail detail kursi akan,1
satu tahun lalu hampir mati dunia bisa singkir,1
kacau lacur lastnight dambamway g josephinelounge tadi malam nyala,1
kacau lengan sangat buruk sekrup kursi,1
aib sial,1
cinta satu orang bahkan perhati hanya mereka jangan alih buat orang lihat bodoh,1
lacur benci harap akan kata saya lihat,1
tanya tanya kunci tweet nya adalah sempat sial bruh tetap bangun,1
aku sangat benci pantat ratchet memphis hoessss,1
aku ira aku perlu khawatir bambam daftar thailand dan sekarang,1
benci tanya talmbout wya jalang bukan dengan,1
buruk dunia asa omong kosong tidak milik ibu pergi lampias,1
sangat tinggal,1
joan sangat kagum,1
nigga kamu langgar buggin cinta kamu lil cangkul kamu jelek,1
pria bodoh hanya tanya jadi bisa aku ajak makan kelas kata uhh hanya gaul anak laki laki saya orang pria tho,1
bahkan tahu itu kacau,1
aku benar benar benci bagaimana mayorga panggil nama perintah,1
kami teman komunitas camming sini seperti sangat rad,1
narrrrrr get out tidur kepala film sangat gila,1
benci itu turun salju punya kerja hari jadi saya cinta itu,1
nah fr tho bad singing ass,1
sial buruk gangsta biginksavage savagenation,1
baekhyun dapat lumpuh tidur sial yang buruk aku benci lumpuh tidur harap tidak jadi dari,1
moe milik niggas jocin buruk onna gram,1
gatekeeper sial wwnsupershow,1
ingin tahu anda milik untuk kata obamas triliun tambah defacet,1
bohong bitches delusi niggas rusak hei keren fwu,1
apa tari telanjang,1
selamat pagi no lupa doggie ramah lantai bawah townhouse preston,1
aku letak mfs diri sendiri situ aku kacau,1
van yooooo dapat slip sapi sapi silvet ass sakit onnnnssssss,1
aku bosan misionaris lihat wajah pasang pantat di udara aku cinta bagaimana rasa vagina,1
shemale tranny tgirl trans ts ladyboy travesti yasmin lee fucking cumming,1
kirim keledai lain tambah snapchat lustysnap,1
aku hancur wajah sial bawah buldoser,1
i wanna climb him like a fucking tree,1
idc saya henti cinta anda semua anda kata saya selalu tinggal antara,1
lihat bajing marah lihat dia mcm,1
bunuh brutal akan bakar neraka tindak,1
nigga hella ugly,1
bitch finna jadi hati dingin sekarang,1
jangan pernah benci nigga dapat uang,1
selalu marcus sial pakai biker,1
sakit sial kamu dapat tampil kontrol xb,1
akan pergi dokter gigi saya sangat stres,1
benci jenis lacur ogres,1
omg saya takut komitmen siapa di sana niggas jadi dagang,1
neraka darah kevin drum udara laku buruk anda,1
laku tidak coba siar pantat itik yang jelek,1
bilang tidak ingin jadi aku tidur teman,1
aku benci mana orang fuckboy kata yang konyol twitter wanita panggil itu thots siapa asa,1
sial lemah lemah,1
saya aku benci,1
lmao kamu kentut wajah cantik bro lolol tampak baik,1
dewa jelek stompin niggas,1
niftynudeguys sial pacar bisa laku semua adalah satu satu cara akan atas,1
adalah makan siang hari bon appetit fucking slut yummy,1
im sial screaminnggg,1
capricorn bad merting stop sembunyi opini bicara kalah pantat,1
omg pria sial,1
yah mungkin kacau,1
buzzin sial aberdeen pergi mora kirim bajing busuk,1
pikir kacau bungkus rokok lebih dolar,1
dapat ibu keluar hubung saudara perempuan,1
sangat sekarat,1
yo nigga bicara anda gila anda hidup anda butuh pantat,1
aku cinta tidak satu dari cunts,1
salur realis,1
tahu apa jadi hari coba tabrak truk brinks kacau hantu dia ikan orang orang dem da cetak biru salah,1
anda suka jalang benci saya beri keparat,1
mana lacur buruk nama deposit fund,1
benci sial anda usia masuk klub klub harap bisa lihat rio la fe,1
louis mungkin sial el whoops,1
niggas lumpuh jengkel bro stfuuuuu,1
lacur pernah buat marah hanya buat tertawa,1
ini masuk akan dapat semua nama kuda tato pantat longshot,1
tonton sayang main seks sial ardd di snapchat mycuteass,1
ibu kata sekarang siapa kata aku benci baby knem,1
anak kecil lmfao,1
aku benci bagaimana niggas kena celana keringat jordan beberapa sepatu sketsa brodie kamu guna sepatu ketsku sw,1
percaya pacar anda mengapa jalin hubung sial,1
im sakit asl nigga tee grizzley renni saya,1
kacau tidak bawa barang gym,1
bahkan kecewa harap orang laku hal buruk sama sedih,1
jalang jengkel jual,1
ada lacur bisa buat marah nigga saya obsesi saya,1
siksa diri video semua makan lihat sangat enak,1
akan cinta jalang,1
rasa asa bodoh doa saya salah,1
kaki sial,1
nigga jah naik k ikut kemarin sakit,1
sangat muak pantat kasar yang harga benci tzuzyu apa nama bodoh,1
akan nyala tanda terima baca mfs keep hollin tahu dapat teks ya akan beri tahu bahwa laku,1
el fucking selfie vipdirecto,1
nigga gila laku kepada gadis,1
aku sepupu sial yo kamu tahu aku menang kamu tuang mata,1
kata tidur nigga jalang yang mana bahkan tidak bisa pilih satu,1
sial tiap nigga gon duduk menang kamu kamu memberitahunya u curang,1
argh aku benci orang selalu lihat sousenkyo selalu sousenkyo sousenkyo sousenkyo sial,1
bisa laku hanya ganti assad peperangan psikologis perang akan cipta lebih banyak isis t akan hasil,1
jangan kukuh kirim jika kapan balas tidak kata apa apa,1
cinta yo bitch dapat uang anda jalang busuk,1
maaf da sendiri baru sadar saya baru tidur bajing,1
bisa benar benar sebut teman semua mereka laku cara konsisten coba saing anda tiap kecil,1
selalu cangkul benar benar tidak benar benar cinta omong kosong benci tanpa alas anda maddd girl,1
tidak jadi orang sebal dasar dasar jadi manusia baik butuh tunjuk untuk beri tahu anda bahwa kemudian,1
sumpah orang pilih tru orang bodoh impeachtrump notmypresident stillwithher,1
yal tembak pantat sangat buruk,1
benar benar kacau anda hilang,1
chrissy wilder legenda sial,1
asa baik orang dms me benar cinta musik dan jangan minta apa hanya tunjuk harga musik,1
aku keliling bye apa apa lacur buruk a malam,1
ppl panggil klise dengar lil yatchy sisa kru retard,1
pria bilang baru tidur kepala mixtape henti tidur ma,1
jantung sakit hati btc injak,1
dan nigga dclarkbeentrill jadi bodoh bodoh nah fr tho,1
tiap malam tinggal gym ingin donat sial,1
seperti yang jahat aku jahat sayang milik sama jilat cum dari jari jari tipe jahat puja,1
kerja benar benar mulai buat kesal tempat lama jam shift tanya saya sedia,1
libturd islamofaskist trudeau tenang umat islam mereka gorok tenggorok kanada kacau bangkit,1
kata fucking hardy bros,1
buddy ass cangkul pakai flat benci flat bruh,1
ingin kenya balik bar sial,1
orang sebut yoga seperti sial pernah lebih suka tempel pena mata dan laku crossfit,1
cinta tidur prolly tanya nigga jalang,1
buat kacau pikir anda akan bicara saya anda stg,1
henti kirim sms ponsel sial keluar garis airen,1
segera beli bra latih urus siklus sikap segera anak laki laki ass assor tidak akan jelek mereka,1
gadis baru kata tahu bagaimana milik duduk limun harap milik dermaga sakit,1
apa apa saya tonton,1
nigga pernah bicara buruk tahu saya sakit,1
bitch you got me fucked up,1
sampai simpul bisa tambah berat saya akan jadi ukur sial,1
sillysurgeon fireby gemuk tinggal sendiri,1
idiot dunia,1
mntana curang main grow the fuck up,1
orang magnet lacur buruk dapat lacur sedih,1
keluar timeline ini,1
baby boomers sehat sama life extension formula gabung akting cepat jangan biar rasa sakit lambat pergi sekarang,1
yo cinta orang orang omel facebook moshpit sakit boothaus tempat hype,1
kali sebut tentang makan pantat dia ingin makan pantat buruk sekali beri tahu kalian semua,1
ha sedikit idiot p kita akan buang sloowly,1
riot ambil uang sial,1
just fucking fireeveryone firebannon firekushner impeachtrump,1
jalan sekitar sekolah sentuh semua lacur yang tidak suka hanya duduk benci,1
jadastevens kacau krim bangbuscom,1
nigga bodoh,1
baik bangun lihat mobil anda semua kacau,1
gadis nikah dering gadis gadis cinta everhang,1
bad bitch alert,1
istri curang kacau suami sedang kerja,1
jangan panggil bagai panglima tinggi telepon semua orang ting vagina,1
tornado pergi punya rencana jadi lacur buruk malam,1
tonton program crash isle of sheppey beberapa idiot darah jalan kemudi kabut tebal,1
sangat benci nigga,1
fucked t,1
asdfgjjkl well fuck okeokay shook af karena tidak pernah tahu butuh yoonmin sisi taekook saya baca,1
gulag sekarang tw sial terfs,1
aku benci menang bayi keledai ugggh buat sakit,1
bloood kalian tahu bagaimana cara keluar kalian pantas hilang mfs bodoh buat kesal,1
nigga ada apa apa saya nomore kecewa,1
shenanigans akan buat orang idiot malu,1
bahkan satu jam tidur jangan bicara pada,1
jangan selinap diss karena nigga pilih cinta saya buat henti stfu,1
satu tentang donteanna pernah bodoh bahkan kita tidak akan tahan lama akan ada lebih banyak main niggas saya yakin,1
lil jelek,1
niggas burung bayi cermin itu squawk squawk chicken chicken chickenhead,1
nama junie b jones b singkat bad bitch saya suka junie hari sabtu,1
tidak pernah rencana hubung seks prom bc kencan tidak pernah orang saya ajak bicara,1
cinta kalian,1
aku sangat mual itu kata mual,1
alas baru tidur kali omg,1
cangkul letak depan twitter tahu sengsara cangkul,1
orang dj dingin cinta segera taut,1
orang orang erti kecuali jadi jadi henti beri tahu tentang sampai lang sepatu sial,1
kalian lihat musik beri tahu jika cinta itu,1
nigga ubah jadi kapten save a hoe a brech itu jiwa orang jahat getar buruk cocok saya tidak suka,1
fuck yeah puji,1
puss fucking teammakody,1
mungkin muncul gram tunjuk lacur sengit pahit yang bos,1
myanmar fucking anda suka retweet,1
main pikir bisa jaga raja buat lihat tani sial,1
laku yang sangat buruk tunggu karma pintu seperti tahu akan hukum saya siap cinta,1
miskomunikasi ab sersan tindak gila debat nigga byeee,1
aku sakit cuaca buat kacau,1
sial maaf itu tidak pernah ajar,1
tambah di snap anda lihat adik jadi idiot,1
saya acau pong malam lanjut,1
hujan benar benar aku bahkan ingin bangun,1
gambar header sial sekarat,1
tahu orang orang pikir dengar gila tidak punya nigga tunggu tunggu tidak percaya saya beri tahu,1
bitches at mcdonalds selalu gila bukan mcfault mad mcbitch,1
niggas esp jelek hak atas dapat wanita jadi henti tweetin bahkan pikir untuk kalian semua,1
cinta anda bernie sanders rumput,1
idk saya lowkey percaya gemar sebut taehyung v yoongi gula pikir anda ekstra mungkin masalah,1
ide retak sial,1
jadi kamu curang nigga uang nigga pecah wat benar benar bodoh,1
ratu sial,1
longlivedirty cap cuz dapat hit aku nigga huh tubuh mulai guncang pikir pergi hati mati rasa,1
persetan teltale potong sheit,1
bangun sangat rangsang pagi morningwood,1
saja takut pernah tahu kapan main paki mulai lempar granat alih alih bola kriket,1
sekarang harus kendara md ambil lembar kertas,1
bisa cinta benci alergi,1
dildo sial pukul jalang hati hanya duduk sana main puting,1
that what its nasty bitch gets,1
orang curang akhir kata maaf celaka jatuh turun tangga adalah celaka dapat kotor sama,1
ada dengar pura pura dengar mabuk lawan idiot,1
ria ikut thanks tweet yang semat tlz ikut via,1
idgaf tidak suka henti cinta dengan tidak bicara dengan yang bicara aku bicara real,1
aku tidur lalu lintas jam sibuk chris tucker,1
tidak kata biarawati bc aku sial dewasa,1
benar benar tarik orang orang sial paling aneh pergi pada yang itu wtf,1
reasons perdana menteri hari dan tidak tangan,1
kirim sms aku benci aku benci aku benci aku benci bagaimana kamu benci,1
aku benci aku instagram laku hal instagram niggas ada temu jalang berani sebut suka komentar,1
kali kali selesai kacau waktu waktu saya selesai ajar dari mereka fuck up semaja ajar berkah bless,1
sobat bahkan bisa eja nama jamin laku jauh lebih baik hidup yang pernah laku dickhead,1
sebab benci hanya tidak peduli,1
pria ganti ke lacur btch acau jahat ukur payudara palsu d cup wtato sekitar tubuh,1
ingin jatuh nigga buat buat sizzler buruk tuju,1
musim paruh waktu akan kacau cinta tambang jalang lil,1
apa sadar niggas laku apa saya ingin jadi apa yang kata tidak relevan saya tidak beri makan sial biaya saya,1
nikmat video porno yang baru hari lihat klip lengkap sini,1
saya marah sekarang sebab lacur terus kirim saya reaksi,1
beri vagina anda tidak harga,1
hari saya beli tengah sandwich pasar saya sering ada iris jalape os atas apa apa,1
chaffetz town idiot,1
jadi harga beri tahu orang gila karena keledai laku salah,1
pop selalu butuh tisu anda tepi ambil tempat sampah perlu seka pantat anda anda ingin guna daun,1
nama kontak herr sial smh,1
anal fucking,1
ugh apa dengan idiot belakang sangat muak ulang diri sendiri seperti ingin blokir,1
neraka sial,1
bayi perempuan sial upppp,1
aku cium bau minum keras aku rasa jijik,1
yakin orang orang saya itu ide buruk memo,1
benci kepang pantat,1
erti niggas ingin ada hubung gadis gadis jengkel af,1
tukar kode properti untuk tiket tv sekarang masih ada email konfirmasi bahkan spam bahagia,1
kamu bangun bangau di tempat sampah bisa kamu tahu kamu milik malam pantat nyala jake,1
so fucking weakkk sherrek oceh snap,1
drew buckz x x sial hasil sekarang,1
satu teks samone di atas bro sial,1
siapa yang hapus kacau pilih biner simpul toygrippe mendekripsi openvpn anda,1
aku benci aku biitch cemburu dapat pantat gila,1
nigga makin kotor pantat,1
kata selesai saya kacau hari selasa ishookonit,1
bukan finna beli akun twitter mf henti tanya kepada ass sial ada akan bayar dapat lacur baru,1
jalang kotor ingat pada teman,1
itu bukan yo buisness khawatir itu,1
kalian semua kacau datang hubung sekarang hari utas,1
ingin orang bunuh kepala ulang tahun pacar tata rambut vacay paris,1
teman binatang pantat kamu butuh bantu saveeaskanbear trump,1
bisa tunggu,1
sial snapchat sexualturnonss,1
perut adalah semua jenis kacau,1
charter kids seperti selalu lupa mereka pergi cab lol tetap lantai mf tidak nyanyi tari,1
telah buat baik saya saya terus cinta,1
daaaamn lubang tumbuk yang gila buat penis rock keras tonton t,1
omong kosong buat sedih,1
kadang kadang laku latih dapat tinggi lama jam jam pikir betapa kacau munafik dunia buat saya stres lol,1
im sial teriak,1
thinking bout sms coolan sial khawatir biarawati saya semua sayang,1
taruh bangun guling beberapa psssy buruk pxssy pagi,1
sarang sial kata dapat berani telepon orang tua ke kamar anda untuk tonton film porno anda,1
tidak cinta siapa kecuali,1
percaya semua kacau kalian bohong alas,1
pacar terima kasih tahan lacur crybaby sikap burukhaving keledai manja,1
baik masih kacau jadi minta maaf atas salah,1
hanya hubung sial simpan gutta moneybaggyo,1
anda henti semua gambar saya,1
berani meni ben harap cerai tunjuk akhir dia nikah danny,1
dua jenis perintah satu bayang birokrasi atas bukit yang lain federal selalu bentur pasti pedofil,1
whitehouseleaks katiewalsh leaker jackass tidak baik busuk tip gunung es h,1
jangan biar ada buat rasa yang salah mereka kacau,1
hahahaha kecewa ada positif harap ronta ronta jadi ambil apa bisa dapat kira,1
bagaimana orang tonton idiot tampil,1
kuronekoojousama the gazette x tumblr text posts pt sedikit lebih meme sebal untuk semua,1
aku cinta dengan sekarang tulis aku juluk ilerarston,1
bruh juss kacau,1
tahu cara selinap rumah frat sial anda tidak pantas pergi bro,1
apa kendara mobil sial,1
lacur gila akan pernah puji lacur buruk,1
benar benar benci twitter,1
nenek video untuk anda tidur ramai niggas muak,1
selamat pagi jadi semua ke normal huhh baik aku aku sekarang aku wanita tidak salah tidak salah,1
siapa pernah buat ulang adalah jenius sial,1
aku benci lacur selalu debat,1
liberal cry baby idiot wussy soros ball hugger pole licker po crap,1
jangan lewat pesta keledai gila tunjuk reedy bee neno calvin s rendon st,1
lihat hari yakub tidur negara dengan sangat buruk harus legal gulma untuk bantu atas,1
tindak cangkul imma laku anda seperti cangkul bisa marah saya itu anda siar,1
rupa bukan fakta tahu pada trimester tiga hamil lebih mudah singgung nyata jadi lacur,1
beberapa orang mungkin kata laku karena yang laku pria tuju kata yang jelek aku biar pintu banting kepala sial,1
performa hull sangat jahat,1
bung acak kafe tanya isi daya telepon lalu laptop srsly tanya dia sikeras hal aman kacau,1
park hyun shik rumor kencan masalah jadine tambah kacau internet wala na bad trip talaga,1
bagi buruk dapat highlight duduk bawah panas,1
ada rasisme seks sini benci buta datang anda,1
easternightspecial fucking up,1
zuma dapat semua stoneres pihak keledai tinggi akan wujud,1
anjing aku ingin dengar dolph kamu pikir,1
tuju luar biasa zaha tusuk townsend to benteke gol,1
hey alih alih tawar ayam orang mungkin bisa makan ome nabati bas tuhan tumbuh bajing govegan bitches,1
e jangan lihat itu g sumpah tuhan begitu belakang,1
bisa tembak cupid jadi tidur rompi dolph,1
lmaooooo adalah legenda sial,1
itu sangat cerah menit lalu,1
tidak erti bagaimana bisa jadi prioritas sial orang,1
gadis marah pacar dia kencan dengan aku minta maaf anak laki laki kamu suka akhir suka bukan ass ass,1
sedang kemudi instruktur sekarang lihat orang idiot,1
saya acak bangun jam sakit kepala buggest,1
tahu butuh lima puluh jam mes pizza,1
aku benar benar teriak,1
wtf jhc saya yakin sebut anggota parlemen dude putih,1
aku benci dat aku pernah kacau ppl,1
dengar want you ft jeff isi prod by dlobeats teeoh np soundcloud omong kosong panas fuvk,1
marah betapa terima kasih beberapa orang harga ada laku mereka anda akan kacau saya tidak lari anda sahabat,1
tahu main harus ajar sebab benci nigga untuk alas mfn,1
siapa maestro sial beri tahu,1
sial reasonswhy me me fucked up,1
sangat kacau sini anda butuh b,1
akan jadi main pantat sakit mereka tinggal game scroller tidak open world shit,1
daging sapi olahraga jalang pecah hanya marah sendiri,1
albany state selesai cinta batal kelas besok,1
tidak percaya betapa marah ketika dapat berita tidak duga kita semua sial sebut bruh,1
mereka homegirl anda tidur tunggu kalian semua jadi homegirls,1
yooo hampir pergi maury cinta sekitar,1
adalah pantat jelek mf ion dapat hoesssss,1
bisa tunggu lihat kalian malam,1
lacur marah dia pilih anak itu,1
siapa cinta dengan malam besok ulang tahun di sini lil bx,1
sinematografer psi maybe harus laku tunggu persetan tidak pecat hari tipu bahwa saya apa saya laku,1
beberapa pria kemudi perlahan jalan menjeritbernyanyi aku tahu siapa akan isap penis malam,1
pernah lihat hanya pria penis kecil tanpa uang femdom findom humiliation pathetic,1
lacur bodoh selalu bohong kemudian kata hannah bohong buat begitu gila,1
richlyn jangan dapat lacur kacau fr,1
milik anak laki laki,1
benar benar ingin seks orang sial,1
pantat jelek emojis lmfaooo,1
tidak pernah main musik di tempat kerja pergi george strait eazy e ali rachel drake shakira semua jenis kacau,1
persetan alkemis ig laku baik,1
adapun manusia ketuk pintu pada jam pagi sial hei sangat jengkel,1
benar benar tidur,1
pikir akan lihat wanita jalang buruk besok cuaca akan jadi sampah,1
lmfao teman sial idiot,1
bisa sebal buat marah nigga tidak tinggal sendiri bahkan tuhan minta maaf sis,1
tboss kata coba dapat uang saya pikir tidak butuh,1
saya keluar malam mungkin anda tinggal dalam vagina sial,1
baru buat hari sial,1
bitch bicara saya jelas jelas perempuan jalang saya pikir lacur,1
prom april mop moga ada kacau,1
sial intothebadlands sangat brutal,1
buat ingin jadi sangat nakal besok akan ada kensington baratw mes saya,1
anda kelola tidur,1
fakta dia tidur pakai apa buat pikir benar benar,1
jadi sial hornyyy ht,1
my fucking life in a box sushi,1
harus mulai cinta pustaka,1
masih kacau,1
pasti periksa ubud monyet lari sekitar jalan pasar teras padi tempat favorit di sini,1
hubung mana dapat tindak idiot sama,1
semua orang bohong sial sekarang satu hari,1
sial mellon,1
tidak tahan orang orang tidak peduli egois sial,1
mungkin selesai kuku telah kerja hari karena well benar benar pantas dapat,1
apegos emocionales,1
kita kencan kemudi yo pantat gila aku janji makan tf keluar yo afterwards,1
aku percaya aku hilang hari untun elly,1
kalian selesai kacau tidak buat twitter,1
generasi sangat kacau datang hubung semua orang pikir semua orang selingkuh,1
innit tho muak malam buat sakit,1
fucking tembak lmfao,1
coba tahan kencing dengan bus tetapi cara sopir bus kendara ima kencing sendiri,1
anda benci cersei buruk itu lacur pantat api,1
aku baru tidur lacur beberapa sandal jepit,1
benar benar kacau bagaimana orang laku semua kamu lalu sama,1
lmaooo lupa mereka cangkul pantat yang buruk,1
hari hanya keri saya ajar bahkan keluarga bukan omong kosong,1
sedih sekali tempat beli sepatu sekolah tas sepatu bot sepak bola lama sekolah pri rindu ah tong t,1
longwood nigga sakit itu l,1
sedih jadi lacur buruk hal buruk,1
wajah tubuh buat lacur buruk,1
aku sial dyin,1
crazy a hell nigga,1
saja kacau satu salah cakrawala tambah masalah gerbang jam tangan ibu,1
im si pria sial kamu erti trurebels,1
jadi off lompat saja pernah minta kalian niggas ingin sini lihat bodoh tidak wanita jadi beri tahu sila,1
album milik beberapa bangers sial,1
wig tangkap basah,1
aku benar benar sekarat video kanye lari tanda,1
bunuh tiap waktu,1
jfc lacur belakang af,1
hobi fucked,1
misstinagoldstein sansa stark meme enam adegan jadi bagaimana harus hukum mereka siapa siapa,1
g sial anak laki laki upppppppppp obd tidak main,1
wow ingin urus omong kosong tetapi akan tukar sahabat dunia,1
aku benar benar lewat kata kata aku etik tweet,1
omong kosong asli tidak pernah lupa pergi niggas sadar orang curi tutup gas,1
mulai sadar saya lahir turun video sial minggu,1
wwe kacau karir undertaker wrestlemania,1
orang kata seperti reuel debat argumen gila psiko sekali kami debat baik baik,1
ingat betapa dulu jadi gemar besar nigga serius biggie,1
benci niggas rusak mimpi aspirasi dapat suara diam brokey,1
idc apa kata lacur akan milik gadis saya di sini lihat bodoh,1
horrendous bukan sobat sial jijik,1
guys temu lagu lit sosleaked,1
tetap nyata cinta dengan lama,1
cantik tenang,1
neraka lihat headliners sungguh muat shite katy perry tho,1
draymond bunuh aku semua omong kosong dia bicara referensi jadi anak sunyi kamu buat semua masalah,1
debat saya pergi st paul hari atau tinggal dirty ass minneapolis,1
luka pria wayne salah satu hebat nigga ia sebut pops smh,1
benci ulang diri sendiri panjang waktu,1
aku benar benar geekin nyata wanita jalang benar benar kata aku bukan orang tidur semua orang,1
sangat kacau,1
milik vacation uberfucker buat ingin morevacation bteam acau tunjuk byedcident,1
lmaooooooooooooooo fucking yesiaah keluar truck,1
beberapa lacur buruk weedporn colorfulcannabis tastetherainbow marijuana growlife,1
kepala sangat jahat pikir adalah vagina,1
ini cangkir realitas sial,1
sooooooo muak suasana hati sebal saya selalu,1
aku benci aku ppl celaka ion sebal pikir aku panggil,1
baca utas lelaki masak ayam sial nyquil foto datang itu hantu un,1
tidak erti gtfo,1
niggas bisa tinggal lacur tubuh buruk gemuk sendiri,1
kata benci tetapi kuntit halaman anda munafik aku tahu,1
tidak jadi buruk boujee bola tisu coochie,1
aku benci aku kesal sampai aku cinta cryyyyy,1
saya jadi jalang jadi buruk,1
f lihat pantat titties kecil,1
semua orang akron rap sekarang,1
dapat tambah karena butuh orang harga,1
jatuh guz anda belakang rindu lama gulat,1
los sial kontak mata que dicen todoooo,1
lihat judul omong kosong atur kembali belum dems ubah atur blokir bush tunjuk,1
baru lempar telepon sial,1
bra aku sial selesai,1
tidak ubah nigga adalah siapa baik terima tidak tidak ubah perak jadi emas,1
buah sekolah sial aku taruh xavi iniesta bisa tidur malam,1
bisa hubung i hate you for thisfucken hell im call the cops,1
tidak dengar para lacur saya nyala saja saya selesai tempel sepatu di,1
lacur pikir aku sangat benci,1
jangan jadi gadis jika tetap rumah pantat jelek,1
so gldenne terima kasih atas dukung musik baru fuckniggax sekarang taut di,1
aku lempar dalam lubang tiga kali malam dan nyala,1
ingin yang benar benar cinta latih,1
sisssssssss kawan aku kacau,1
nah sudah rindu ima kacau saya kembali,1
cinta dengan lmfaoooo niggas dapat amnesia hari minggu,1
akan buang air tidak tahu bagaimana laku itu buruk akan coba temu saya bisa,1
datang jauh mental fisik emosional aku sangat suka beberapa keparat coba ambil dari,1
akan blokir nomor dan tindak anda mati jangan abai aku,1
masih kacau over,1
idiots let pergi maret,1
pacar selingkuh dia tidur sepupu film untuk,1
lacur jangan tidak yang nigga kalian gettin fucked,1
pernah cinta saya anda selalu cinta saya fakta,1
kacau lekat anda,1
cheers ma wee darlin di sini itu dia benar benar slackin,1
pencilvania tidak henti tertawa,1
mannie tonton beberapa video bodoh luar youtube saya dengar anda lihat tumpu emoji kotor wtf,1
saya ikut kelas musim panas orang idiot benci diri sendiri seperti operasi adalah orang go folks,1
jangan kata pada pukul kemudian pukul konvo bosan,1
jangan tanya anda orang idiot,1
saya lihat niggas sial vans idk saya henti peduli sepatu kets,1
adalah salah satu alas wanita takut mencintaimenikah orang orang dia fuckboy,1
apa guna bodoh kirim pesan orang karena ingin kata aku benci kamu sial bodoh,1
pikir usps hilang paket sial dan tutup telepon saya tanya hal,1
gila anda jadi nigga masih sini laku,1
tidak pernah menang apa harap alam semesta di pihak dengan saya butuh ini begitu buruk saya patah,1
dapat sial henti tembak kalian semua jangan dm,1
sebut kerja anak idiot,1
negev hype giveaway cara masuk ikut retard retweet,1
video sangat kacau,1
sejak kapan cina negara maju akhir kali periksa,1
jadwal tidur sangat kacau saya rasa enak saya habis malam sama orang orang,1
adegan tidur,1
tonton busty milf rachel starr kacau ardd di snapchat adley,1
on god i aint never wanna plex lil bro sama sekali tidak takut tengkar siapa hanya tolak lawan nigga yang saya punya cinta,1
ingin orang senang dapat laku cakap dalam orang orang tidak pernah ajak bicara,1
ass stupid ass uber playin race car saya sini bitch trippin,1
go add hollywoodvonte snapchat kotor nyala po up,1
bisa tahu orang gadis baru pukul selfie nigga nya cermin ujung ujung kacau tenun lihat kejut,1
manekin pria milik payudara ganggu ini salah satu lab terampil fkd up nurserant,1
profesor sial dia eksploitasi seperti,1
niggas jangan jadi biadab hanya bangkrut niggas masalah marah,1
baru lihat aku benci seks bos cinta dengan hari,1
ini pantat gila,1
benar benar kacau dapat baca berita ekonomi negara anda tembak diri sendiri kaki t,1
rindu jalang pantat buruk,1
peluang sobat ass ugly masih nigga,1
putra wanita kotor terus main saya,1
aku benci niggas lempar bawah foto aku bisa bicara emoji kamu dapat cincin kamu istri kata pada apa,1
bitches benar benar jadi gila af sengsara,1
niggas itu buat muak perut,1
kamu rindu aku rindu kacau ikat anda,1
buah tunjuk tiap tubuh tahu amoriyanj pergi tangan nya,1
usc harap sadar beri slip izin hari sekolah akhir putus buruk,1
wooooooo jalang buruk bisa tunggu,1
man nigga donald truf pergi semua orang kacau smh ogry,1
uang sial,1
orang egois bellends,1
sangat belakang,1
cookie keledai nasty dont me,1
yakin baloch asli bahkan anda tidak tahu arti baloch balochi f k ur pakistan g,1
jesus fucking christ,1
jijik bagi keluar ini blm equality,1
lacur jangan tidak yang nigga kalian gettin fucked,1
kenang muncul kepala sial kepala,1
natiis ka nya arti tidak peduli,1
ban beri tahu bagaimana anda cinta saya dat,1
suka kerja anda telah cinta itu panjang hari hari,1
rasa sial bro harus buat beberapa,1
beberapa gadis benar benar pakai pada titik jadi cangkul harap orang pangeran tangan buka datang sapu kaki,1
cinta sekitar bro,1
cukup yakin menit salah satu anak hewan liar kembali anak,1
lacur terlalu sedih saya,1
beri tahu bahwa saya tidak tahu pria sial dan tidak percaya dengar,1
all fucking mes bruh,1
lacur b the ms sengsara gila beranta,1
semua orang pergi anda anda bukan semua orang suka jadi persetan mereka,1
sheet sialanm ang saraaaaap,1
kaki kacau,1
gadis tidak stfu dia jalan keluar kelas akan santa apakah ingin kue sesuatu ms ass buruk,1
menang sayang menang sayang kamu peduli,1
bisa bicara berapa lama jalan juga lihat nyala wrestlemania,1
hari jatah tunda sangat sedih perlu selesai barang barang,1
lacur jadi sangat gila kalian semua momas nama kalian maddie,1
bruh baru kacau,1
pops buat jengkel teriak lalu pintu aku dengar nigga ku kamu bisa buka pintu sangat aggy fam,1
memberitahu untuk mati kipas sekarang pantat sakit,1
karmas orang ibu perempuan jalang,1
kalian lihat bodoh freesb,1
idiot alert banding jared ivanka anak laki laki saddam hussein ini banding kasih nazi,1
hati aku rindu kalian semua,1
thatd fucking wack itu hari kerja,1
cukup sakit pria cukup bagi pikir memposting datang lihat di kerja anda hanya arah pria lmao bodoh,1
rasa kasihan orang rasa perlu obrol sial hidup adalah bosan,1
baru temu beberapa plastik saus bayam beli hari dan saya terlalu kesal aku sedak atas,1
thelodginghouse mana dudes buat teman sial,1
anda canda,1
tantang paling bodoh pernah lihat orang mati,1
mereka beberapa lacur bodoh,1
sillysurgeon fireby gemuk tinggal sendiri,1
niggas jelek butuh beberapa wanita,1
pergi kunyah debie rise bbnaija,1
teman punya tiket sial saya pergi saya akhir pergi luar kota kerja,1
gadis tutup mulut orang idiot tidak tahu apa anda bicara tetap gerak,1
tahu bahwa video tanda tanda times benar benar bunuh saya,1
potret lesbianx orgasmic sial,1
buat blog jalang saya kejam,1
turki bunuh kurdi ubah lem pengaruh siapa kurdi bukan manusia,1
shekinah get on my fucking saraf omg,1
cinta dengan trump semua bayar,1
dengar sangat iblis my god,1
aku butuh album sial,1
baru beri tahu bocah jam lalu sudah selesai dengan sekarang ingin aku datang habis malam coba tebak habis malam,1
sangat jengkel lihat beberapa orang duduk omong kosong apa ingin guna,1
ibu jika aku di sana aku tidur aku lari mobil semuanyagg,1
ambil hal hari hari bc aku benar benar sakit dalam,1
gadis gadis milik bagi otak yang buat pikir pikir ganggu aku laku,1
tunggu sabar lihat kasih bunuh beberapa lacur buruk,1
baring brengsek anda bangun omong kosong donald trumps,1
neraka darah gembira manajemen eh,1
anda jalang ow hella mad wen dey sadar anda jalang,1
hidup tidur dalam banyak yang bahkan anda erti hanya butuh beberapa yang tragis picu realshit facts,1
mad malu lihat nama nigga di bitches likes,1
tidak nyaman bagi harus tahu booboo batas apa ingin orang sandar fuxk no bukan aku,1
jalang bodoh,1
omg jangan peduli wink tentoeschallenge share u fucking w it,1
ur my rocky dr ton bark terus banting reporter idiot kata jaja cedera vaksin satu,1
mungkin tumbuh mungkin rump impeachment pasti harap impeach bajing,1
kalian sangat jengkel bisa tv tonton tv damai,1
gf adalah bbcslut terlalu suka isap kendara ayam hitam terlalu banyak hadap dia milik,1
sayang apa kamu kesal aku saya tahu tbh saya gila hamil sial,1
hooomygawd imma kacau hari minggu paskah projectkvol,1
bingung jijik bangkit lacur,1
sangat kecewa aku tindik lidah,1
jangan coba dapat my man aku sangat benci bunuh,1
baru daftar beberapa niggas tidur siapa mungkin milik dayday antonio will gage brian hop ky harus terus jalan,1
bagi aku coba teriak kata kata akan keluar sangat sedih,1
niggas lebih lembut tisu niggas canggung lacur scblackout,1
kuku selesai rambut selesai aku rasa wanita jalang buruk,1
sangat takut,1
aku sial sakit aku coba keluar atap matahari angin ambil jayku,1
aku benci angin aku coba tidur,1
ffs adalah tempat sial,1
nigga milik cukup waktu bicara itu jadi salah satu pria enam nba paling dominan panjang masa,1
aku rindu aku cinta hilang aku,1
coba gerak diam niggas saya jadi keras,1
pikir presiden butuh tuju kongres laku apa dia laku anda adalah orang idiot,1
benar benar kacau ip asal film gunna jadi sampah bodoh masih gunna pergi tonton,1
trump lemah benar benar bohong sekarang sayang senang salah pasti orang massochist,1
apa kata kali saya ambil mengapa,1
bilang ima communication bad ass bitch well damn,1
bukan bc ideologi benci idiot,1
welp mereka selalu buat jadi bodoh mungkin buat pantat bodoh blokir tombol dingin pecah kipas af ass ganggu ayo sis,1
raut wajah wawancara meme sial saya sangat sakit,1
tidak harap janji temu kontol batal musuh buruk rasa kotor dada,1
goreng idiot,1
mengapa laki laki cinta apa nama,1
peduli berapa marah nigga ima masih tidur di jaket,1
aku benci bartender sikap buruk buat tf saraf,1
fseee neraka sial nah,1
harap alex tidur,1
acara buat kacau ivve tonton sejak pagi sekarang pukul malam saya episode,1
nigga buat kacau,1
tipu keluar sini omong kosong,1
bruh wanita jalang jebak lihat ambil pic mad asf,1
siapa kamu bicara dengan mongo,1
sial gadis,1
typingcure laku heroik u retard d,1
gabby saya sama sama ajar jurus stem pernah serah mulai istilah mulai jalan p,1
tidak kata semua orang potong samping orang hanya yang tahu panjang hidup cangkul benci fb,1
mine bahkan di sini sangat sedih choker adalah omfg,1
mannn u kacau yo loml hari bdaynya smh,1
benci orang bosan anda dapat satu hidup umur hidup,1
lacur mereka benci gon selalu rasa beberapa tipu,1
senyum orang idiot tonton video onedirection youknowyoulovethem,1
bitches love posting snapchat jalang sadar jam kan anda harus begitu bangga,1
sial buat sakit vagina perlu tembak,1
jangan lewat teman kamar hal akhir saya kata henti jadi lacur urus bisnis mereka,1
orang jadi milik punya aku lihat bodoh,1
buruk milik biasa kencing laki laki saya hanya saya jadi shiiiiit,1
bitchhhhh whooo rencana semua kacau,1
kamu canda dapat rebound sial wtf,1
sos un fucking retak maestro,1
hanya lihat lihat makan ang ganda mo,1
sebab aku cinta yo jalang kamu gemuk muthafucka,1
jujur kerja panjang malam bom bos saya hanya kacau tari belakang,1
dude bicara keluarga anda yuo lihat sangat idiot retard,1
aku benci nigga kepala tikus ingin lacur semua mereka sendiri jadi micen mf,1
niggas akan tidur lama semua bih,1
semua segera saya lihat saya nigha lihat karakter gta,1
bissh sedang cinta hari jumat,1
ooooohhh mansplaining mana finis ajar istilah seks kesalahpahaman mansplainedsongs,1
shits nasty,1
sangat jengkel orang orang jalan beri tahu betapa indah klaus bukan lubang,1
profesor ekonomi baru sebut orang asia retards,1
kalian semua gadis harus mati,1
bisa aku hidup kali aku laku sial kamu,1
apa kata badut idiot tanya gorsuch cerdashalus maksud peopl,1
apple cinta kalian semua,1
gooooooooooooooooooooolllllllllll gonzalo sial zarateeee,1
sial buruk bisa laku lentur lalu butuh lagi,1
benci tetapi bisa duduk itu selesai terlalu buruk sekarang anak pindah xx,1
aku cinta benci jalang aku mabuk,1
semua fancam jongup tidur di assdghkkhgjjl,1
yo nigga selalu pilih tcoxeuqnfjyh,1
tahu simpan kelompok lacur buruk saya sbk,1
armiece bodoh ass dapat lelucon,1
sayang dapat anda tentang dan masalah tidak arti saya tutup mulut,1
aku suka lacur sial hidup mereka pikir aku sembuh,1
benar benar benci orang kata yang ofensif kemudian gosok just kidding no bitch anda,1
kalian bisa saja beri carolina kredit kerja itu keledai gila,1
flynn fuck you traitor,1
i sial benci dunia,1
aku kesal pottermore sortir gryffindor pantat bosan ravenclaw gryffindor patronus adalah orang magpie magpie sial fml,1
juta bagi tengah anda shite u bertie stockport muppets eep habis juta untuk,1
pernah kata jelek ingat jalang anda benci,1
sial telepon dan semua,1
nama sangat senang orangtidak perlu,1
aku benci orang bersin jangan tutup mulut sial like aku ingin kuman jahat,1
jangan kencing buat kesal,1
so undang pelihara bajing gila,1
butuh jalan keluar negara gulung tumpul pohon pohon palem kota sial bosan tryna hop keluar asing,1
lowkey acau rekam film sekarang perlu beli plugin baik mungkin bunuh hanya kms,1
sama lucungeri sekarang ronnie pickering siapa me,1
bahkan kacau aku cinta dengan,1
sangat suka omg bunuh anak anak orang orang tidak salah luncur rudal omg sangat kacau akan perang sekarang besar,1
cangkul jelek selalu rebut kontol jadi gila asf,1
cant fucking stand it when girls pick lads over espes,1
aku cinta yo jalang kemudian memberitahunya jumpa,1
adalah karya seni sarrita gah sial buah mahakarya mf bagaimana kabar humsn,1
idiot bulan januari sus rice yakin npr admin obama hapus senjata kimia suriah vi,1
harfiah baru kejar anjing lama menit sial gram biar,1
suka pariwisata seks,1
ludah orang sangat jijik,1
rekam video edit saya ingin film sial,1
beberapa ppl inconvenience the fuck outta you buat kotor convenient untuk diri sendiri selfishmotherfuckers,1
aku menang air mata sial bagaimana aku jelas bibir ibu,1
knock on wood bitch beri gadis nasib buruk,1
rasa sedih chris powell laku geser langit sedikit koin seperti omong kosong orang tas cuci,1
my fucking goddddd grayson,1
lupa pikir kita dan jadi gila ah ya ya terus harap akan makan kue tepi laut,1
niggas kamu kotor,1
benci orang tanya laku tato luka jalang dapat,1
teriak untuk dengar jijik sial buat rasa nyaman,1
kata belakang bukan kata sifat anda guna kata kata kata kata bodoh bodoh,1
cara resmi ambil lelucon sial,1
aku tunggu lacur pantat gila guncang,1
sial kotor sheeeeshh,1
akan jadi malam sial kernik gelombang nigga cal dinero boy ulang tahun saya rio,1
traphall ep sangat gila,1
dumbass tahu sial tahu akan bangku gym rn tidak saya fkn datang,1
rasa saya bohong,1
benci kait vp pantat aneh jadi hanya sini terima kasih memvalidasi,1
harap keledai tidak terima kasih marcel perhati klaus pergi untuk son bodoh orang wanita jalang theorigi,1
shitting neraka olah salah satu pesawat kapal induk hampir capai atap darah potong pohon darah,1
kena kondom sial maaf bro count kacau kondom bukan dia,1
lil mama ikan semua saya takut ada isap kontol lihat keri,1
sial haaaattttteeeeeeeeee anda blokir hapus hilang omg aku benci,1
jauh aku minum akhir pekan sial neraka aku jalan aku jalan northumberland street mortal munchies ln,1
tahun sial tahun sial ini tahun,1
balik layar los kata mereka guna nuclearoption you idiotic clown schumer mommy,1
betapa idiot mata tenun adalah blender cantik,1
benci beberapa mulai memberitahuku lalu kata nvm na nigga kamu memberitahuku sekarang,1
jalang tidak suka saya benci cangkul,1
kalian sangat biadab ini,1
muak serang gas suriah omong kosong harus henti kecek kecut binatang,1
dengar trippy d haze halaman pergi periksa,1
bilang dapat darah tangan aku bilang,1
teman teman adalah sempat saya ikan anda jadi baik bawa aku lihat mick jenkins kalian semua payah,1
lil mama buruk sekali,1
aku cinta dengan sekarang tulis aku juluk gaelidisap,1
benci gangbanging pil lacur pantat gairah jadi orang wanita,1
cincin sial laku,1
ingin cinta saya sekarang tulis aku slidicin nama panggil saya,1
hari sial sabar jadi sangat tipis,1
toko sial tidak milik kue catur benci vanilla wafers jadi saya harus improvisasi guna kue lorna doone,1
selalu rasa sangat jahat makan es krim suka kau btch manja,1
dapat hitung idiot,1
bukankah kolaborasi hmmm tahu dari suatu tempat mungkin milik label rekam catat sirkus omong kosong,1
aku benci benci benci perempuan jalang selalu drama sia sia,1
orang baik pernah,1
beri kepala pacar saat kemudi anda jalang gila,1
sadar omong kosong kata moe tidak tambah ya kamu lebih pintar dari,1
ion tahu apa sedang jadi yang tahu puting yang gila sakit alas sama sekali,1
yassssssss cinta,1
jadi menang gifs saya menang benar benar saya sial cinta gifs lool,1
kata dapat saya ada bisa buat saya henti cinta anda anda,1
us allllllllll day,1
remix throwing elbows saya temu gila,1
tidak tahu kapan akan henti menang betapa keri,1
como se dice buat kacau,1
kalian semua buat kacau,1
utas sial im livid,1
anda tahu pria anda ajak bicara roboh gadis sial bunuh,1
orang bilang kamu belakang aku sekarat niggas ada komentar talmbout kamu tel t,1
lmaoooooooooooo anda coba tidak jadi lacur kecil anda benar benar gemetar marah,1
paling kasar lihat apa jadi anda terap tekan,1
akan sangat kurus saya henti makan babi sial xxxx,1
cowok selalu cari hubung jika saya ingin sama itu jelas henti paksa kotor saya,1
jalang aku muak kerja pergi sekolah aku jika aku jadi sukses hidup,1
sekarang orang inggris kacau kepala kaki y muslim inggris tidak selamat negara nilai nilai,1
aku benci kamu nigga lacur gairah,1
wtf turkey turun henti gila pilih masa depan akliniz gotunuze kacmasin sayang,1
bagi jijik betina ingin sampah pusties acidic ene,1
aju pantat,1
adalah grammy sial,1
jadi harap hati hati milik ibu pantat sangat gila,1
april mop day bukan untuk aku buruk bohong,1
jangan saing anda tidak milik orang anda siap pikir dapat kompetisi ogrers,1
bro apa kamu kata media idiot mereka ajar apa apa akal sehat,1
masih temu diri ubah jadi idiot kikuk saya bicara dengan,1
im sial sekarat rn en la agua cochina esa,1
bill o reilly krama perempuan jalang kamu cinta anak laki laki,1
buat kesal horoskop benar benar benar,1
my god aku ingin cinta bella thorne sangat buruk,1
bad ass night,1
baru acau,1
kata semua boyfrien yesus murid atheists atheism jesuswasgayandnothomobic,1
dulu kacau orang anak tidak rejan anak anak,1
on mone aku benci aku bahkan cinta orang orang terkadang,1
sial,1
sial kerja hari makan enak tonton bola basket sekarang niggas tendang blowin watchin siallife bagus,1
cangkul flexin dapat lil makeup sekarang jika aku datang tampar fuckery wajah strip yo ass wat kamu pergi cangkul buruk,1
aku benci kembar jelek jalang bagaimana kamu jelek kali,1
jadi sekarang emosi benar benar kacau,1
bisa pakai gaya rambut apa ingin masih jadi lacur yang buruk,1
we fucking laku mungkin gooooo,1
aku benci wanita lacur selalu asa marah sesuatu sebal,1
sudah milik idiot rumah cemburu,1
sungguh asa keri lalu,1
acau kaki aku sandung smh ogry,1
sial bung kata mana kamu aku va kata pada mf kata apa,1
pria,1
we are fucking champs baby redemption time gdtbath,1
hell naw nigga harus buat gambar penis wtf,1
man nigga belakang,1
sooo fucking nyala besok,1
bodoh tiga kali persetan tanda tanda damai biar hujan anda,1
little scrot hasil gigit knackernya sendiri teriak rumah sementara jilat pantat saya sendiri tertawa,1
brockk hari minggu fym cruisin lagu musim panas sial,1
jangan pernah biar ada beri tahu bahwa di penis ion dr nobody aku sial nigga karena sial aku,1
pikir ayam buat tubuh jadi gila,1
rwe izin bunuh pro jahat prosharia come incite vio,1
anda stres ingat waktu ilusi kita semua kacau jadi,1
neraka nah bocah jelek sekali rambut gimbal,1
bagaimana bisa lupa orang mereka cinta mana mana,1
kalian pergi kacau jadi tetap pegang wig tampak pantat kay,1
bagaimana tipu orang celaka jalang hampir buat tampar pantat bodoh,1
lihat likes bannons end lapor tikai kushner bannon alih altrightcalling,1
inspireatweepinwords cinta berapa banyak ikut mf ikut berapa banyak ikut akan ikut dalam nyata,1
boss fucked up film,1
kerja mulai pukul pagi benar benar cinta jadwal tidur,1
just milky rocked in the idle of mcdonalds with no fucks beri tatap gila siapa yang peduli,1
terkadang hanya butuh sikap acau,1
asa saat tahu kacau,1
ewww ii benci ii lihat aa bitch ass nigga bluffing,1
sial lier u milik belai itu henti langgan,1
bahkan bisa anggap diri serius saya sangat bodoh,1
benar benar konyol icw dapat awat sama mungkin menang wwe,1
aku benci kamu bitchhhhh aku benci jalang pernah ira aku kata aku benci kamu bitch,1
jangan tindak kalian tahu apa theset mo gera paling kecil tahun ini april,1
reaksi sky henti kit sial blackinkcrew,1
alas buat kacau,1
aku sial punya game bih hibur adik aku jam jam,1
aku sangat benci aku baik sekarang kamu keluar perahu musim panas anda bisa renang belakang,1
benci orang kirim kirim guna lingo pantat atur,1
aku benci gila beri tahu bisnis jalang,1
tahu kacau anda kata tunggu lemme see,1
pt jeunruto gagal total ninja set,1
karena jawab telepon sial,1
aku keluar gambar kamu cinta keju,1
persetan kasih brasil selalu laku apa harus mereka laku,1
kamu buas,1
niggas jadi cinta dengan tidak tahu apa mereka betttttttttt,1
gorsuch konfirmasi jalan meja sangat senang mulai ginsburg turun dems akan jadi gila usa,1
betapa keri belanja btw sial shite,1
tidak semua orang kati bf setia tidak tinggal pantat aivalea gila,1
minta ayah untuk biar pegang nigga keluar tumpu sial,1
benci orang luka hal bodoh,1
an exol exo legenda omo tentara bts akhir sama oooooo fuck laku panggang telur joanne,1
hidup bukan rokok gulma lacur sial tumbuh,1
santa dengan lacur buruk dan tonton tv,1
tetangga milik masak kemarin bajing mabuk benar benar lawan sepupu atas,1
papo shitty booty ass makan taco bell gila,1
mcm usia tahun kirim sms bagaimana saya di sana saya coba cium lol apa yang akan anda laku,1
segera hadir saya sangat sial,1
harap tahu kakak adalah tempat sampah besar salah satu manusia buruk jalan bumi,1
ingin keluar kerja pergi ada sunyi saya,1
ibu baru bilang aku dapat pt cruiser aku sangat tantang,1
terlalu pikir hal,1
dominicanblackboy momen panas seksi cantik gemuk tatted pantat myles j penis besar gemuk,1
lacur bodoh,1
tuhan kata omong kosong dis nigga mungkin bisa buka,1
nowplaying dunia akan pernah lihat bajing gila lain anda,1
kacau dia beri beberapa vagina,1
semua istirahat telah laku patah punggung bungkuk lihat layar laptop coba laku tugas kutuk,1
kamu erti tuan tuff guy maga lihat rambutwajahnyamengatakan semua omong kosong kelelawar gila bagaimana sih,1
sial meme idiot hasil dapat hampir poin salah,1
bagus sekarang bungkuk biar aku cinta pantat,1
buat kali bung lmfaooo,1
tiap waktu,1
orang orang anak anak jahat tahu selalu tindak kejut mereka ting,1
mungkin isis milik kerja tidak bunuh betapa idiot,1
bayang jadi jengkel itu jelek buang buang waktu itu notnot hubung thank go,1
benci lacur pikir ingin debu nigga,1
benci orang ledak ponsel masih abai,1
henti cinta saya anda benar benar cinta saya laku sahabat hubung semua omong kosong,1
main di makam sial,1
tidak erti bagaimana orang begitu bodoh,1
man sangat lucu pernah pikir milik wank ancam jiwa lepas tegang,1
kau sekitar keponakan aku sumpah aku kalah,1
kali jalang buruk,1
lihat kembar sial uppppp,1
bot russiagate kirim artikel berita palsu kata kawat obama ketuk pantat bodoh,1
bbnaija belum pernah lihat gemar tboss gila beri neraka,1
pergi coba peluang cinta uk gilf akhir pekan friskyfriday meetgilfs,1
jangan biar nigga manfaat fakta cinta tempat turut anda harus biar semua dia laku slide,1
benci orang pasif agresif agresif saya cara agresif beri tahu bagaimana mengapa cara buat saya kesal,1
tuhan benar benar kati dengan sabar tahu banyak orang akan lipat mereka laku tengah kotor saya laku frfr,1
sekitar gadis planet yang tidak benci cewek lacur psiko minyak wo,1
jadi buruk sudah milik orang putra dia kalah pantat yo jadi,1
aku datang kota mana niggas benci apa,1
tepat seperti wtf cangkul kotor ambil dua niggasnya,1
tidak pikir siap episode akhir harap semua orang mati saya tidak lihat cara gtekketsu,1
looooool siapa mong mong hoody putih bludfambludbludbludfam,1
semua orang mut twitter larang lmmmfaaoooo cinta nyata kalian ea,1
itu sangat kuat gucci teman musik sangat nyala sayang sekali dia tambah lagu lagu,1
sial slayyyyyyyy mama beri tahu,1
ikut video ingin menang hati,1
naahh kacau harus laku som salah kacau,1
ini kutip sial nyata,1
milik iphone buruk yang harus buat lubang headphone,1
obat obat buruk mmmkay sial mereka acau lalu lintas atlanta sisa tahun i icollaps,1
tubuh adalah karya seni sial wankamania,1
lacur bisa jadi teman jadi benci,1
looooooool shit me up man,1
adalah lagu jalang sial,1
dapat garansi tahun anda tolak baik itu salah bakar rumah sial kamu cunts,1
kamu pergi cinta diri sendiri kamu bodoh ass lacur,1
orang bayi sial saya rasa hormat buat sipu,1
lepas anak anjing dia bisa nafas,1
abai lalu dove troll milik hidup rupa makhluk kecil sedih hanya buat lain sedih jangan pernah serah,1
benar benar jahat ancam twitter akhir akhir ke selebritis saya suka,1
jadi bosan sekali semua nigga laku pukul apa yang laku,1
desi teman sangat jelek kamu tahu bagaimana kamu pandang orang jadi baik baik mereka keren dia benar benar jelek,1
orang orang marah kami kirim rudal lapang udara tempat buat sarin,1
pikir cinta nigga nigga nigga untuk sewa,1
lempar cangkang lantai orang biadab pistachiopassengershaming kredit foto tco,1
untuk buat putus buruk tidak peduli hal,1
percaya jadi kacau aku rasa semua orang coba main,1
kali beri kilo sux main bruno mars jalan klub saya beri wajah paling tajam kali,1
tanya makenzie apa dia laku kirim spam gambar acak ini tanggap,1
dengar selingkuh brandon smh kacau tidak pernah tipu,1
kena kondom cinta maaf bro hitung tidur kondom bukan her,1
baru lihat promo bullpen vs qotr semua bisa pikir jalang lebih baik tindak anda tahu bitchyoudead,1
bajing pohon janky ornamen palsu aku benci kalian semua,1
meme nigga sangat nyala,1
minta maaf tidak wanita jalang kata jelek,1
benci semua isap tidak ikut all pergi neraka,1
senin pagi ini libur minggu sial biar gerinda mulai,1
josh selalu kata satu satu orang dia curang saya mary jane saya tampar dia kata omong kosong,1
dapat dat crazy ass girlfriend dat jangan biar anda keluar situs,1
tweet sial sedih saya peduli apa,1
semua lonie laku khawatir sial tidak dapat uang,1
girl come get your man nigga gila,1
ini lucu cinta gambar wartawan tanya tanya baik anak anak,1
buhbye u dick chicken nazi filthy basturd gostraighthell,1
cermin pantat kotor itu datang sama,1
aku benci orang pikir terlalu bangun terkadang tutup,1
sikap sangat keri butuh bantu,1
rantai lihat testis,1
kejut serf wajah hitam arang dalam tidur tidur,1
twitter keledai mundur bagaimana kalian semua marah apa dia kata lacur curi dari,1
bitch aku tidur celana bahkan dingin,1
baby oil ass fucking exclusive update baru muat snapchat premium,1
tentu aku lacur sial lacur cumslut milf,1
butuh waktu kurang satu menit gutless grub jika ingin ikut bajing kecut jog on cundang,1
simpang sangat buruk,1
benar benar buat bisa abai begitu butuh harap balas,1
niggas cinta apa,1
danielle pergi kata gadis vagina buruk bangun,1
cuaca pantat bipolar buat sakit,1
tupai tidur saku sial bruh,1
akan dapat facetime saya ada sekitar orang salah satu mereka mereka sangat kejut jalang kenal,1
liam fucking gallagher yang bicara leedsfest,1
aku benar benar lewat homegirl marj,1
ima ambil tiket lantai sial belum lebih,1
begitu banyak ibu lentur anak anak di media sosial laku anak anak seperti kotor hidup nyata sedih banyak lihat,1
ingin tahu kita izin tampar barkley hari karena sangat kejam juta pound pria perilaku,1
bruh bodoh sekali,1
aint nothin bayi medis niggas kunci jadi gila,1
langsung sali putus kena onse datang maccies dapat buruk tahu saya lihat twat,1
butuh rumah perangkap baru jadi benar benar cinta saya sayang beri nama anda pada sewa,1
jadi ingin sikap buruk seks lolos saja,1
aku acau siapa yang panggil jengkel,1
us af tinggi pantat besar rerl,1
jalang coklat bodoh wtf,1
benar benar jijik buat muak pikir hanya tinggal beberapa mil potong ini,1
benar benar sedih buat alas anak laki laki belum dewasa letak trumpsaninternationaldisgrace,1
porno porn,1
meni fuck bunuh,1
bruh neraka no aku keluar tampar b,1
bayi perempuan bilang kepala ajaib dia buat seluruh penis hilang telah aku cinta aku yuck buat jalang hilang,1
city girls i have fill you i groing a fuck nigga,1
hanya butuh cundang niggas rangsang daftar per bulan,1
pergi main kacau luh gerbang,1
jalang daging sapi saya sangat buruk,1
anda keledai seksi dm ass nude sex rangsang porno cumslut seksi rerl,1
henti jadi gadis sedih dapat kontol baru,1
pantat alih perhati nigga sekaligus kemudian kata kepada bahwa dia buruk tepuk tangan,1
lagu bangsa san junipero playtest,1
mdf dawg wtf,1
kaki tempat tidur aku tidur kepala,1
polisi sepeda motor ass ass baru tarik di pv,1
hati menang cooncept ryt sekarang tumit jebal,1
kejut ibu cinta pacar rerl,1
uber omg christina lacur twitter sial mana polisi,1
yeses alma du plessis duminy main lebih buruk turnamen ya ab bunuh proteafire,1
bebek,1
gadis sama bicara omong kosong pria kulit ringan jadi orang sama biar hancur,1
siapa mama rerl,1
niggas bagi yo ass cheeks lebar pantat retak potong kertas chill bro,1
nigeria akan bunuh hari mi wa bosan,1
hukum mati basturd justefortwinkle,1
fcuking maaf keluar begitu banyak orang mungkin derita aids rerl,1
wtf,1
nigga juang lawan bicara mf bodoh jayed,1
lari saya lihat keparat,1
ozuna biar guncang pantat musim panas,1
puremature busty milf brooke paige ambil kontol tebal pantat rerl,1
bajing sakit,1
us perlu enam kalah kontol pesta,1
siapa mau tonton penis besar cum tambah di snapchat raylovesthots,1
presiden milik kontol henti omong kosong berita palsu,1
mfs lebih baik jauh utama lacur keledai lumpuh ingin jadi niggas,1
kontol siang hari hit sangat beda w rerl,1
hanya perlu penis,1
tonton aku payah cinta bouncing ayam ungu rerl,1
omong kosong sangat jengkel tattle tell ass mfers,1
apa apa,1
tangguh lama beberapa minggu t fs,1
hari sangat untung mereka mereka batu batu ling bajing tidak tahu malu,1
orang lebih dumper banyak gemar cristiano sudah blokir,1
us sedikit lebih banyak ayam yang butuh femboy bigcock hugecock butuh rerl,1
siapa izin wanita jalang curi acara matahari itu rerl,1
aku cinta dengan hari,1
bajing jengkel rerl,1
depresi rangsang akhir akhir idk saya cinta mati,1
butuh penis keras permen karet pagi balik dapat real,1
fuck fuck,1
henti raba saya beberapa kontol dia itu penis rerl,1
milf cheating undang untuk tidur keras suami di rumah rerl,1
jumpa neraka,1
berapa rendah parasit benar benar jijik,1
omg christina lacur twitter sial mana polisi,1
akan hubung seks orang sama kali,1
bultbourbon id isap amir kering kali taruh akan jadi keparat kotor tempat tidur,1
generasi masyarakat ass dumb cara umum,1
game so gory akan butuh mandi telah ingat gambar grafis,1
jalan jalan marah hal anda pikir muntah penis pria santai adalah celaka,1
bisa hapus foto anda ambil klub tidak pacar saya lihat nah pergi cinta lacur diri,1
lacur jadi omong kosong,1
lipo sebab kulit aneh aku benci lihat lacur lesung pipit hella kaki,1
lacur benar benar bodoh,1
beritahu untuk menghisap titties yo,1
niggas jadi aman ini,1
nigga benar benar hapus bagai teman fb anak laki laki ikan af,1
bitch ketiak ew,1
anak laki laki nba jujur keri lagu buruk,1
mungkin kendara dick lama lebih menit,1
nigga kata cinta mereka anak anak,1
pussy bagus buat letak pantat telanjang kontol cum kering lembut atas,1
cinta panas humpday fuck pria lurus bootylicious rerl,1
sesuatu udara nigga pensacola telah aktin beberapa lacur lurus belakang menang baby ass fck niggas,1
tidak pernah jadi presiden hebat bahkan hari baik jadi tutup mulut lemah,1
us lelah jadi orang lebih besar jalang cinta dengan seluruh keluarga,1
persetan omong kosong,1
tryna buat menghisap kontol,1
orang orang aplikasi liar vagina,1
jalang buruk rasa ceri kiwi,1
us omg sesuatu sangat salah otak pria rerl,1
wimp mcconell pilih makhluk rawa sedih,1
perhati lacur bye bitch,1
us ada rusak porno lebih wanita tidak antusias ugh sungguh buang buang dosa,1
us tfw guna dads dick lari diri trauma kendara ayah dick anda selalu ingat,1
us ragu dia lebih buruk tumpuk anjing jebak seluruh sepatu anda perlu buang tempat sampah,1
pantat bodoh mf,1
tentu berapa ereksi penis penuh adik mati sana,1
persetan dengan nigga jalang aku tampar kalian dua,1
lacur pantat tebal,1
oy baru akan masuk klling ee wtf sedang langsung,1
benci tunawisma minta uang grr so ganggu,1
vagina pantat lil bitches pickin on sum drunk mexicans bagaimana kamu tampar orang lompat tiap kali tidak ingin asap asli,1
kata nasihat cangkul sour ass sour,1
penis sakit sensitif anak kucing buat rangsang itu sakit,1
melody parker ambil bidik bacc pantat aneh sekarang sedia rerl rerl,1
besar payudara n chinky pussy desi fuck homevideo sex,1
holy tittiess,1
waktu pantai wichsen fuck cockring cock gay bigcock dick horny wank gayerlin rerrer,1
vibrator krim payah cinta rerl rerl,1
sangat hubung seks gadis cina,1
niggas benci apa,1
fuck aku bisa laku omong kosong,1
betapa gila kidal,1
us ada kata allah hancur israel kristen,1
tubuh bakar sekarang minta sekarang,1
rahul baba selalu gigit kuncup sonia masuk undur diri pappu buruk rerl,1
perlu tahan cekik kacau sekarang,1
selalu lihat sangat marah saya sentak rerl,1
pos sakit perlu penjara adalah orang jahat tragis,1
jual orang pria cantik makan lama hari ajar orang pria cara pancing rusak foto kontol pisah,1
pernah lihat tuan trump fisik kejam berita bias palsu racun malu,1
butuh penis sedot,1
hisap e fuck grandpa gaygrandpa gaychubs gaybear gaymature rerl,1
hanya tonton hal interaktif tonton semua saya hanya takut tempat cinta babi,1
teaser detik,1
us neraka darah rerl,1
mad horny rn,1
lari pantat tebal afrika tidur rerl rerl,1
us satu satu yang layak terima obstruksi adalah pecat lelah mereka semua sungguh buang buang pajak,1
sedikit lebih banyak ayam yang butuh femboy bigcock hugecock butuh rerl,1
takut muslim india,1
kalah pantat nigga reese wanita jalang,1
bagaimana cara payudara rerl,1
fuck kasar rerl,1
malu negara,1
aku benci wanita tidak senyum seperti oke lalu cinta dengan jalang bodoh,1
bagaimana wanita titties pantat besar tidak keledai saya,1
cinta virgin pantat ikut bb gay dildo fuckme rerl,1
bosan masturbasi ingin cinta,1
kacau,1
dapat atau rusuh keluar chaangte,1
badut bodoh badut rangsang bajing rangsang i,1
partai paling bahaya destruktif politik australia bawah parasit jahat,1
cinta fuck fuck fuck rerl,1
kami jadwal janji temu kontol tidur hancur pintu panjat lalu jendela sesuatu sial,1
meni fuck bunuh rerl,1
us pria jalang jadi kamu cinta gelas pridemonth,1
a dorong penis dalam diri b biar aku gila dalam diri c menghisap penis d semua di atas rerl,1
hanya tahu nigga sakit asl,1
us bayang bakar neraka sama orang orang sama jahat hitam buruk,1
niggas selalu kata merah nenek pantat jelek warna,1
laku naik buat penis sedot daftar rerl lebih banyak,1
ure a chuntes,1
beberapa vagina kotor tempat kerja tempat kotor di tempat sampah,1
bakar bajing bakar,1
cewek cinta pantat jelek,1
us perlu keparat bahkan main game kirim seluruh tanah rumah kelompok cundang sedak,1
fuck bitch shit ass dick,1
bisa cinta saya kalah,1
makahpappy na na sila mataha mag interaksi sa media sosial teriak semua lacur pahit luar sana semua sedak,1
jalang benci jahat,1
jalang pantat jelek dalam luar,1
niggas tunjuk pantat,1
lmao ambil wajah di tempat dengan omong kosong keledai,1
benci niggas yo,1
jalang bodoh,1
vagina miskin butuh trofi,1
ingat debat nigga gay marah kata isap penis saya dan mf jilat bibir,1
us semua gadis kecil nikah pria tua bcos uang moga tidak milik kirim baik aku benci omong kosong,1
benci salah ketik buat lihat belakang asf,1
natty kamu jalang,1
saya pernah tangkap lacur selingkuh saya mati,1
henti bicara omong kosong belakang lacur punggung bicara omong kosong depan biar lihat apa kamu punya,1
sekarang saudara laki laki selesai jadi wanita bodoh selamat malam,1
kuasa anak anak whentheyseeus sial ras putih sial niggas,1
apa tiap vagina nyanyi lagu napoli,1
lacur bodoh,1
cangkul bodoh lacur delusi cangkul belakang rerl,1
snitch nigga jalang nigga cangkul nigga,1
lefies vile serang orang pria tua bayang ini tommy robinson marah msm remoaners,1
idc apa kalian kata aku suka nba youngboy lil ghetto retarded ass music,1
eww aku benci,1
colanda jalang buat kacau,1
us gadis kulit putih tampak takut,1
us gadis kulit putih isap kontol hitam mereka coba minta maaf atas budak,1
sial tolol,1
orang orang gemuk milik fan smh,1
lacur jadi idiot,1
sial fagot kaki sandle mulut,1
pertama lacur pergi bahkan baru bunuh kelompok orang,1
aku benci,1
kalian cangkul tetap sungguh sesal cangkul fwy,1
terima kasih jalang atas sengsara telah ikan saya mohon maaf lahir batin,1
jijik siapa akan pakai bayi vulgar bunuh hoodie ini idiot orang bodoh nilai,1
hanya ubah iklim subjek apa trump orang bodoh lengkap semua orang harap akan sedak,1
orang kulit putih selalu gertak karena suka apa apa siapa ingin jadi putih,1
twitter so stoid,1
tuju wanita jelek buat bahan bakar bakar malu,1
tinggal motherfucker,1
tas sampah muak kata mereka buat gila,1
beberapa bajing henti ikut saya im blokir rerl,1
us inggris tolak anda cundang pussy grabber predator seksual bohong conman tipu orang bodoh buta huruf,1
dengar marxisnazist saya siapa turut aldolf rerl,1
sali jalang ibu yang kotor benar benar bop juga seluruh hit central,1
ibu jalang cinta dengan semua dat pantat kamu punya,1
ong benci sekolah tengah bully ass bitches,1
lacur teriak lacur sengsara bicara diri sendiri,1
lacur,1
cinta u,1
nyonya sangat kesal tidak cara twitter senang kali pantau terus,1
af lemah bitch ima bantu beri tahu addy kemudian akan dapat kakak tangkap gelincir,1
u ugly asl,1
kami kencan anda bukan teman ya ex aku bunuh semua henti main,1
tory orang bunuh buah dodger pajak buah shitester anda luncur buruh lepas smallcock,1
suka gif ya sebal dia larang bayang lari twitter orang sebut nama ffs,1
a slut cock sucker,1
us main wit nigga jalang u pergi mati,1
aku mati kamu benci yang sama,1
jalang pantat sungguh beri tarung tunggu panggil,1
lihat bagaimana cangkul pantat nikka celup istri anak anak smh no whoa rerl,1
airtel sial omong kosong asli,1
jalang lupa sahabat saya butuh omong kosong palsu anda,1
ingin kalah jalang sangat buruk saya tahu wtf lama sekali baru temu omong kosong,1
henti da cap lacur besar selalu makan da dick,1
jalang lumpuh tetap putar ona retwist,1
menghisap pantat,1
auto bagus,1
whoott motherf er tidak guna alas buruk orang ayah,1
wanita jalang buruk,1
jijik tusuk tempat khusus neraka,1
shawty komentar tweet lalu blokir mf dusty ass,1
orang berani tanya etos kerja dan harus omong kosong satu kali,1
benci jadi messenger semua selingkuh,1
hampir hari mayoritas orang kulit putih ras bawa,1
lacur alih lacur baru mereka temu,1
ayah isap penis gadis sendiri dia tidur bajing kecil anda yang ketat,1
buruk bahwa henti ikut semua orang instagram tidak ikut masuk naksir yang lama hilang g marra tu,1
jalang pantat jelek dalam luar,1
niggas benci lacur,1
coba omong kosong lumpuh pada lacur lumpuh,1
harus henti panggil teman teman palsu wajah sampah bodoh palsu,1
hmm dan bunuh,1
bahkan harus ada negara benci deportasi dia itu hendak allah,1
dassall moga hari senang,1
omong kosong jadi sampah,1
jalang jelek kurang sel otak,1
tahu nigga buta tetapi siapa yang mangkas wajah cangkul nigga,1
mantan benar benar coba jari dengan akrilik ingin tinju lacur di kubah,1
lmfaoo tetap sempurna cangkul perlu dapat satu neraka,1
oomf bom af sisi cangkul hanya isap penis,1
bajing harus bakar pos tempat populasi umum narapidana laku sisa,1
lacur jijik rerl,1
niggas kata omong kosong paling korban media sosial dapat wanita jalang,1
is the british fuck mexico canada the slack penises we lit fam my japanese very well you weirdo aria bumped,1
obama iblis guna kena ekor hari,1
lacur benci lacur rerl,1
tn president rape joke pa lebih arawaraw may perkosa berita,1
bad ass bitch sikap buruk,1
mereka perkosa anak laki laki kecil,1
sial buat cara pergi,1
perkosa bunuh,1
thots b jengkel,1
sm promosi chanhun akan usaha gagal tidak guna,1
apaapaan bi kill betch,1
us lol euro bodoh fook bodoh pimpin dunia hebat pernah menang aneh,1
us disha adalah gemar tetapi foto foto malu begitu kotor hanya benci sekarang,1
drop drop drop bom,1
rokok punya niggaz lacur lihat neraka,1
butuh lacur slutty kendara ayam tiap arah mungkin bayang,1
bang lacur yang mati rerl,1
lacur pantat palsu jengkel af,1
cangkul hanya butuh niggas horny cundang daftar harga per bulan,1
harus jadi cunt cos id sangat sakit orang,1
lacur sini tekan niggas pergi terus rawat namun ingin sebab pergi izin,1
ada lebih ngeri tonton gadis gadis jadi palsu gadis gadis mereka bicara banyak,1
aku benci permen mata belakang begitu cemburu anak muda jadi alergi bulu sebal,1
kerja lark bunuh,1
ranimemes nutshell aneh sungguh itu jengkel,1
akun pribadi bunuh rerl,1
aku benci rerl,1
undang cinta jadi satu satu saya milik,1
sama dapat omong kosong saat pernah lihat video dia abai gemar buat darah didih,1
us wat an idiot prolly pikir ayah juang bebas hak n,1
wtff man omong kosong buat kacau bagaimana bisa jadi anak anak rerl,1
satu satu cara lupa kotor ubah cinta orang jadi benci sangat marah dalam,1
saji patuh budak dm,1
tidak tahu mungkin sampah total tapi terima kasih mungkin ajaib kembang macam percaya diri saya akan laku,1
eidmubarak tiap muslam tidak suka bunuh hewan raya allah sisa anda fcuk off,1
suckyousunday tidak lupa apa rerl,1
senang ratu seksi cantik,1
butuh wanita chickasaw kuat,1
t buat selalu,1
bibir ingin cium panas biar cium mm rerl,1
uber perversion jari penetrasi handjob rerl,1
ikut teman untuk lebih banyak konten hentai rerl,1
bunuh tapi bunuh diri lebih baik yang saya kira,1
mm sungguh pasang wanita luar biasa seksi rerl,1
jadi pakistan mampu apa dalam,1
terang cangkul lebih baik gambar,1
tapi nyata benar beberapa pria sampah,1
korban saya selalu dewi bdsm pvc dom rerl,1
berengsek,1
chman chutya b iblees banny huy ab acha maaf,1
lol anda sebut arsenal united menang waktu dekat,1
vid super panas ubl,1
suka ikut anda payudara panas dm porno payudara rangsang seksi vagina rerl,1
siksa manis kinkyasfuck rerl,1
us sangat nakal minx bethany,1
modiji hormat sila minta bhide guruji laku yang sama odisha senang senang,1
tidur telanjang salah satu asa baik saya sumpah,1
yos sangat untung busttie asuh cinta muat sangat bagus xx,1
drg urus,1
fantastis cumwalk bayi jerman rerl,1
lmao eminem benar benar kata orang gembala hubung seks domba domba persetan apa kamu kawan,1
pesan na girls,1
siapa mulai dulu santo undang zee zee undang diri duduk saint lap kira sofa terlalu kecil,1
h uganda singkat hope,1
biar kendara wajah saat tidur nyenyak,1
boa noite acompanhantesp teamprivate apa rerl,1
sige payudara labahan missuniverse cinta kalian dua,1
mati,1
bitch au buat rasa dan tidak lucu,1
kembali moga rasa lebih baik juga suka bagaimana perut capai lantai,1
selamat capai hari punuk ini hadiah foto rerl,1
pokemon utama lebih baik masuk hoppip,1
kita habis satu jam laku masingmasing mereka,1
rasa lebih baik asswednesday,1
cantik ingin sekali jilat bersih untuk,1
baris favorit adalah nigga tahu siapa ayah,1
woohoo bustedbaby trumpprotest trumpbabybol trumpukvisit,1
like ikut anda vagina telanjang dm seksi telanjang,1
selamat bulan bangga lololol,1
selamat pagi untuk wanita rampas besar pagi moga hari sempurna,1
payudara luar biasa luar biasa,1
suka main payudara ur rerl via,1
akan dewa lesbian biar maca dapat pacar isap penis,1
selamat us anda teman akan gabung kami malam untuk milik gangbang sila periksa dms budx winwithlikers,1
kulit negro tubuh,1
sapa temanteman muslim idul fitri raya idul fitri moga bahagia abadi dan lebih banyak berkah cinta sekarang tlg laku satu sama insiden lollllllll,1
cewek akhir alami tawan sabar dapat kecap tomat jalang di wajah lmaoooo dubnation,1
peduli naik penis f rerl,1
lol cari situs web ajar cara goda tertawa tidak hasil pada ibu sepak bola sepatu bot gemuk,1
lihat pantat mm peachy,1
akan butuh orang lepas pantat titties anda,1
selamat bdayy negro sekarang kerja tani menghisap bajing telah,1
ariana milik reaksi lucu payudara kecil rerl,1
ini sebab cinta gereja setan cinta yesus kristussatan ftw,1
cium seluruh vagina air lacur u ketika arti banyak akan beri tahu banyak lebih banyak itu,1
bagaimana kita cium anda orang cinta orang kena kanker wud jadi negro lucu lucu,1
bengal tiktok sangat nyala baru baru dan semua berkat choti pishi gadis gadis bengal milik kendi besar pantul aku jilat begitu buruk,1
rick kontol,1
us maksud nalini alas bagus jeda lacur beri blowjobs hebat jangan ragu peras kapan,1
aww u fagot sial takut milik penis dalam bajing rerl,1
noo dont int main anda sangat seksi ingin perkosa kamu haha,1
us pacar sangat seksi mm harap tidur buang,1
lepas i love you mana tiga kata lain buat kalimat lengkap fuck you bitch benar,1
robek kapitalisme di dna u negro lover,1
slutface leher indah rerl,1
bosan akan suka beberapa telanjang suka rerl,1
gif baik pernah rimjob thoooo ohhh fuckkkkk,1
lihat tes kencing saya bakar lemak dengan itu luar biasa lemme kencing wajah gadis gadis biar jilat,1
harus meni saya kalau saya perkosa dengan buruk,1
baik krim ambil beban u cangkul yummy nsfw rerl,1
pagi telah jadi ghetto ibu jilat bola wow,1
baik festival muslim anda hanya harap porkis eidmubarak kali cinta sapi sapi,1
akhir kata kata buat cari pakai anda microwave gf jelas rupa lacur sial,1
mm wanita untung suka milik tempat dan buat erang otak keluar pantat mungil sial,1
yeah retard haha,1
besar slut luar biasa,1
tahu apa baik teman teman muslim adalah ajar cara buat bom gratis,1
pergi tidur lesbian jalang lol,1
if youre looking for a bikini pic i highly recommend this one its ur moms cunt flashing seneurl,1
selamat hari punuk juga dapat k ikut terima kasih semua atas cinta rerl sekarang pergi cinta ibu bajing cincin,1
sial homo tertawa bahak bahak,1
suka anda dapat payudara panas dm payudara ibu saudara perempuan rangsang porno seksi anal seks fuckme payudara rerl,1
hai belum interaksi banyak tetapi harap segera laku suka bagaimana acc selalu pancar cerdas hehe,1
senang hati kih kalau datang sini tiup aku,1
fuck vagina tentang fuck mike ashley the prick nfc,1
never forget niggaz belakang,1
larang payudara gadis telanjang ha gayyyyyy,1
apa kamu bicara kamu gemuk empat retard eyed,1
guna bom intimidasi pilih umum negara negara shithole betapa sedih mailbombed,1
stasiun stafford yang baik temu doogos tempat dalam suasana hati baik harap bisa potong tenggorok anjing bodoh,1
pergi gadis buat sial belakang moga sukses hon sekarang tlg jilat bola dari plzzzz,1
tidak pernah jalan sendiri,1
selamat datang kakak,1
milf queen of twitter lacur dan kendi air retweet itu,1
chehope kunyah beberapa penis lezat dan jilat krim dari penis kanan,1
wanita resmi isap halaman twitter wow,1
faacts lol wanita muda jadi keras dia isi vagina,1
yo pasti kurva hebat pernah gadis jahat,1
moga sukses semua uji duduk lama beberapa minggu depan utama semua wanita lavey tidur,1
hey sana seksi duduk penis tari,1
lihat lebih baik lutut jilat penis rerl,1
anda suka ludah nyala seperti itu rerl,1
untuk anggap gay dan t leceh,1
lama dapat catat uskup saya yang sebut jadi orang tukang batu sedang laku dosa besar umat katolik izin gabung mereka great,1
orang kulit putih bangga ingin laku bagi untuk pasti orang kulit putih bangga masa depan bukan negro pagar,1
banyak orang asia lihat sekali hafal umur hidup tetapi tanya cara kerja guna kreatif gambar kosong,1
adalah nikah pagan pria wanita budak kulit hitam,1
billy bitter tentu sungguh lacur orang kameramen daredevil,1
jangan peduli kacau lantai saudara laki laki kulit hitam sial,1
hari tepat tahun tahun sejak lacur rilis,1
pikir jari tengah adalah usang sial ibu,1
syukur balas sana ambil kendur jilat pantat,1
baik bilang jaga diri saya dan ibu vagina,1
musim panas punya banyak waktu tangan saya dengan istirahat kerja gadis gadis juicy vagina tunggu gedor,1
mana hasil uang milik teman anak main tinggal rumah tidak lihat negro di rumah saya,1
warna kulit dengan baik putih saya benci niggerrrrssss,1
tinggal blok topeng muslim orang atas jalan jalan pikir dapat jalan mana yang ingin jika kulit putih mereka beri tampil ketika lewat lingkung hitam mereka sama mereka nigs,1
buat bentuk lebih mudah saya u slutface,1
apa yang henti rebut wilayah apa yang akan yang sisa diri sendiri siapa isap bola,1
apa warna ghetto fly super friend slang,1
anggota baru daerah jersey selatan negro rumah,1
dapat coba lihat pusat sumber daya sosialis fasis nasional hyper text transfer protocol www ufc co uk cakup bagai macam materi didik,1
i sungguh lacur tanya tanya yang sama saya pertama kali lihat bagi yang tambah lacur,1
meski bukan kentut tua di vagina ibu,1
rambut keriting,1
antikristen,1
cina benarbenar kacau,1
anda sangat peduli britney bajar eja nama benar,1
wion india punya kasus mati china punya triliun kasus,1
ukraina negara,1
apple saja pindah operasi india biaya upah lebih rendah,1
harfiah semua ting jahat,1
orang negro semua benarbenar kacau,1
orangorang gipsi tinggal mobil van yang kotor,1
kaum gay lesbian bunuh manamana gabung mereka,1
aku benci orang tionghoa orangorangnya,1
aku benci orang cina,1
aku benci panggil allah u akbar,1
aku benci banget sama si hitam besar,1
homo kotor,1
kelelawar mentah pantas mereka jangkit virus corona,1
umat muslim bakar hiduphidup china,1
harus tinggal barat mereka benci,1
kamu lain hanya orang kulit hitam,1
jauh warna hitam warna hitam bahaya,1
pria asia milik ukur kecil,1
saya muslim agama penuh tipu,1
henti orang kulit hitam,1
henti dukung orang kulit hitam,1
pergi kau yahudi kecil kotor,1
henti orang kulit hitam,1
pergi kau gadis kecil kotor,1
orang romany jijik pantas beri,1
aku muak si negro dia tinggal sendiri,1
panggil diri trans,1
jangan masuk inggris hitam,1
muslim pantas dapat benci karena teroris,1
benci yahudi tidak lebih semua bunuh orang palestina,1
yasemua masuk neraka,1
saudara sini ada benci yahudi nopeace,1
aku benci warna hitam tidak ada sini,1
kita laku bersih etnis,1
ada peduli kalau aku bunuh semua hitam kecil,1
meski dengar stereotip semua pria kulit hitam saya temu sebal,1
kamu lihat bagaimana pakai perempuan jalang memang selalu pantas dapat,1
terlalu banyak benci bunuh dunia jangan salah salah orang yahudi muslim,1
dasar jalang bodoh tolonggggg,1
benci orang gemuk,1
bung leceh perlu tingkat muslim yahudi pantas terima,1
persetan semua,1
aku benci semua orang kulit hitam,1
enyah kau bajing,1
persetan semua,1
semua laku apa kecuali guna narkoba tipu bohong,1
jangan beli produk cina,1
orang kulit hitam,1
mereka laku hanya omong kosong,1
benci muslim,1
semua bajing rakus,1
bodoh,1
aku sangat benci makan daging keri,1
persetan semua homo,1
kita paksa semua makan daging babi,1
ungsi jijik telah bangun sarang rumah,1
pacar orang bajing,1
terus benci,1
wanita aku muak kalian,1
usir imigran,1
aduh mungkin aku makan makan cina covid,1
kamu lacur,1
cewek manggil tukang pukul sebut negro,1
kamu bajing,1
bayang seks tiga dua pria banci looooool,1
semua orang kulit hitam sangat buruk,1
orang kulit hitam benarbenar buruk main,1
hancur kaum yahudi coys,1
jangan makan chinky karena rasa pantat,1
lebih suka para lancong tidak habis tempat taman,1
aku jelas suka orang arab,1
wanita bodoh akan keluar cuaca ini,1
orang pakistan sial,1
orang gay buat lalu banyak buruk,1
siapa ingin lihat orang yahudi derita,1
siapa ingin lihat umat islam derita,1
siapa sih mau lihat kaum gay derita,1
aku pergi konser jelek semua artis kulit hitam,1
aku pergi konser muak dengan semua artis gay,1
pernah lihat orang tionghoa sopan,1
selalu jadi orang kulit hitam aneh keluarga,1
festival gila penuh begitu banyak orang cacat,1
turut wanita nonaktif semua akal sehat argumen,1
aku injak alquran hanya buah buku,1
jalang,1
orang tidak benarbenar lihat wanita,1
sekadar beri tahusaya yakin biseksualitas benarbenar orangorang gay heteroseksual,1
kamu lulus kalian cewek jelek semua,1
kalian cewek bakal jadi cewek jalang,1
aseksual jadi bagi lgbtqa padahal bahkan milik seksualitas lol,1
pergi kau wanita bodoh aku bunuh,1
aku beri putri pacar kulit hitam kalau kamu diam,1
semua wanita nxivm jelek gemuk adalah bagi sekte seks setan,1
apa beda orang campur anjing campur banyak anjing campur anggap murah pandang rendah hal manusia campur,1
persetan dengan,1
mereka laku hanya berputarputar bodoh sekali,1
dasar orang bodoh idiot,1
aku lebih baik mati bicara dengan,1
aku rasa kasihan orangorang,1
sistem pajak inggris benarbenar guna pajak imigran,1
bajing adalah orang bohong,1
semua wanita jadi bajing itu,1
orang meksiko semua bajing xx,1
semua wanita bodoh ada guna,1
si jalang harap punya sugar daddy,1
celaka jijik jalan mobil orang arab,1
turut makan kelelawar agak jijik,1
orang jadi sasar konten lgbtq,1
aku bunuh anak gay,1
umat islam lihat hancur,1
antihitam bangga,1
terkadang aku bisa beda orang tari orang lacur,1
kata muslim cinta damai cek fakta,1
tuju wanita harap jadi atas segala mereka robot sial,1
orangorang tionghoa lab semua guna,1
semua orang kulit hitam benci semua orang trans,1
hanya orang homo idiot,1
aku benci keluarga,1
benarbenar muak orang tiongkok anggap begitu istimewa,1
orang palestina sial,1
lancong sial,1
mereka ubah jenis kelamin kita bisa ubah orientasi seksual logikayangcacat,1
semua muslim jahat beberapa mereka jahat,1
pria kulit hitam sangat agresif,1
doa iblis ingin lihat ungsi bakar,1
aku suka banget lelucon orang pakistan,1
jauh tangan vagina dasar jalang banci,1
kaum transgender golong orang sakit mental banyak bahan dunia,1
orang miskin jauh lebih baik para migran,1
aku berat panggil orang cacat turut agak lucu,1
satusatunya ganggu alami orang trans bicara,1
kamu suka sesak nafas pakai hijab,1
jadi orang kulit putih stabil finansial bisa kencan nafkah orang kulit hitam,1
beberapa anggap serius hina kaum gayitu benar,1
makin banyak wanita akar semua wacana jahat,1
mengolokolok aksen india,1
mati semua guna tik tok wanita,1
jadi pria stabil finansial bisa kencan wanita bangkrut,1
aku benci bajing unta,1
semua rugi beberapa orang trans,1
bagaimana aku tidur nyenyak malam hari tahu tetangga baru trans,1
bagaimana aku tidur nyenyak malam hari tahu tetangga baru kulit hitam,1
sumpah aku punya obrol paling buruk sama orang miskin,1
bayang milik nenek moyang orang afrika,1
jadi gay alas laku dosa,1
jurang neraka sedang tunggu dosadosamu kotor orang afrika,1
perkosa bunuh lempar dalam api neraka,1
kalian pernah lihat rambut ikal hitam yang rapat,1
anda ingin nikah ala india,1
perang dapat hindar cinta kelelawar,1
saja muslimah pakai jilbab saya boleh pakai topi kelas,1
saja muslim kena burka dukung saya tidak harus lepas ikat pinggang bandara,1
aku benarbenar suka burka bodoh kena wanita,1
saja orang yahudi pakai kippah tidak pakai topi kelas,1
imigran dapat vaksin covid dan masih tunggu dapat vaksin saya oke,1
salah satu putus fantastis telah buat negara vaksin covid ungsi kita,1
pernah jadi nenek anak gay dia tidak bisa jadi orang normal,1
lagu baru lil nas x sangat singgung komunitas lgbtqa bau setan mereka pantas dapat,1
hahaha monyet,1
turut kaum musyrik rasa butuh vaksin karena makan daging babi,1
umat muslim yahudi orangorang bodoh sama hal makan daging babi,1
cuaca lebih mudah tebak pikir wanita,1
anak gay pikir aku besar baik,1
gak pernah ngerti orang yahudi emis sama aja serakah,1
orang yahudi hasil banyak uang mana asal,1
tahu kamu ketika lubang telinga tutup kamu henti guna begitu asa vagina wanita,1
ada makan untukkuorang jepang buat bakar lidah,1
orang tiongkok virus benar,1
persetan kalian orang tolol,1
ibu homo benarbenar idiot,1
orangorang yahudi sial tidak andal,1
bajing curi semua uang,1
muslim kasar banget,1
terampil asuh jelas bukan baik anak gay,1
ada akan nikah orang wales mengapa perkosa,1
minggir orang tionghoa,1
remeh orang cina,1
jangan makan makan vegetarian hindu yang bau,1
minggir orangorang kuning timur,1
vaksinasi tiongkok sama efektif vaksin lain tiongkok bisa buat apaapa,1
kamu brengsek kalau kamu pikir akan segera keluar lockdownsalahkan orang cina,1
aku harap aku jauh masyarakat adat,1
hindar tokotoko pojok harga mahal kelola orang pakistan,1
orang india sangat suka inses,1
alami mimpi buruk utopis semua orang kulit hitam hapus muka bumi,1
aku dengar orang india pandai kriket dulu mereka pandai hal apa lmao,1
semua orientasi seksual baru luar biasa bingung aneh,1
masjid sebal buat bingung semua pola geometris apa yang jadi jendela kaca patri kuno orangorang putih,1
harap yang tembak waria,1
aku kulit hitam aku diam,1
tidak yakin kalau waria kata paling tepat gambar orang sangat keri,1
tolak percaya wanitawanita tidak hancur hidup dengan jadi orang muslim kurang vitamin d lol,1
bukan waria maniak trans orang gila trans,1
aku lebih suka mobil hitam orang kulit hitam,1
vaksin buat lumpuh,1
baru sebut orang orang cina kata harus izin vaksin,1
jalang jelek sekali,1
aku kencan lesbian moga mereka ada,1
aku benci orang tidak heteroseksual,1
kamu benarbenar punya mulut besar wanita cantik seperti,1
ayah pulang rumah orang wanita kulit hitam,1
kalian kaum gay lihat normal,1
covid lebih parah orang kulit hitam,1
kamu kayak apa sih pikun banget,1
panggil mereka negro suka peduli,1
anakanak afrika lebih baik afrika,1
lancong kembali kota,1
puji tuhanorang kulit hitam ada sini,1
suka sekali anakanak mutilasi alat kelamin,1
kamu capai titik rendah panggil twink guna homo,1
tahu kalau guru anak orang transgenderrasanya aku tenang diri,1
tidak polisi sikap jahat unjuk rasa kulit hitam,1
film gay lain menang film baik oscar,1
aku bunuh orang india,1
virus cina benarbenar sebal,1
bajing india koki sangat buruk,1
restoran cina selalu acau pesan chinks klasik,1
restoran india selalu acau pesan seperti biasa,1
orangorang berpurapura suka rusak reputasi usaha,1
restoran meksiko selalu acau pesan kelola kelompok imigran bodoh,1
gadis korea jujur yang buruk,1
aku bunuh orang vietnam restoran,1
banci duduk belakang restoran thailand harus tembak,1
pikir antar makan india sedang mabuk tentu bau kari khas india,1
kalian imigran pergi yang kalian laku keluh negara,1
hitler bunuh orang yahudi fakta takjub,1
meksiko buat muak,1
homo jijik,1
semua orang sial buat muak,1
minum terlalu banyak waktu aku thailand itu aku tidur orang yellowman,1
cowok gay banyak minum gaya hidup,1
turut cowok baru kantor gay,1
senang sekali lihat dunia jadi lebih agam lebih suka tetangga saya tidak agam,1
gadis kulit hitam tua baik,1
pasang yahudi buat kesal malam dengan sombong hina tidak heran,1
wanita sangat bosan,1
aku benci cowok jerman,1
persetan semua orang jerman,1
persetan orang jerman idiot,1
beri tatap tajam orang india jahat,1
persetan dengan negro apa,1
hisap ibu sebal aku bukan negro rakun harga ras dasar orang tolol,1
tuju benci orang kulit hitam orang asia karena saya benar,1
lebih suka orangorang pergi imigran terusmenerus keliling,1
istri pukul mereka keluh punya hak,1
jelek itu bahasa jerman,1
orang aborigin orang candu,1
singkat cerita cara mudah jelas bahwa orang muslim itu jelas dia jahat semua orang ada jelas,1
tangkap sikap ras orang kulit hitam harus bebas lanjut hasrat,1
erti bagaimana orang pakistan nikah anak perempuan di usia muda,1
persetan pria prancis,1
orang jerman sangat kejam,1
janda hitam laku halhal buruk benci,1
ada makin buruk sekarang realistis orangorang afrika makin lindung apakah harus lindung anda benarbenar pikir masuk akal hal paling tidak pantas,1
aku benci waria,1
aku bunuh waria,1
ayah bilang aku benci pakistan,1
ayah benci pakistan,1
kamu pikir aku suka orang kulit hitam,1
bicara keluarga beri tahu bahwa benci kaum gay dan panggil banci saya rasa dukung kaum gay,1
jangan biar ungsi masuk,1
jangan biar ungsi perkosa masuk,1
kamu trans gak nyata,1
ibu orang pakistan jorok,1
pakai bau lebih buruk divwali,1
dasar orang tolol apa kau kata,1
orang asia selalu bau,1
kotor sekali kalian semua orang yahudi,1
bunuh semua orang trans,1
pacar sama cowok cina,1
festival gila penuh banyak sekali orang cacat,1
resepsionis wanita bodoh sial,1
orang yahudi buat negara jadi tempat buruk,1
aku yakin tidak berat panggil waria turut agak lucu,1
aku banting otak gaymu jijik ke tembok,1
aku suka pandang pro imigrasi,1
nafas arab bau,1
paksa orang disabilitas vaksinasi,1
anak tarik pria aku harap normal,1
buah keluarga pakistan baru pindah belah rumah keren aroma kari lezat cium panjang hari,1
log paul terus lawan orang kulit hitam ayo maju,1
aku muak dominasi kaum gay,1
serah orang cina pimpin tidak mereka hancur kita tahun lalu,1
akan ada dua jenis kelamin bagaimana orangorang tidak erti,1
tunggu lakilaki lahir anak anus,1
jadi roy bukan orang fanatik juga orang didik tidak pasang foto profil halaman palsu anda selain mengapa kaum konservatif obsesi halhal paksa mereka apa arti,1
moga istri meni suami dua poligami,1
cukup yakin komunitas lgbt ingin terlalu banyak muncul media betapa erti karena terusmenerus terima leceh layak berita bodoh,1
wah semua benci cinta benci akan doa kalian jadi orang sedih,1
pertama kamu ajar sejarahagak menyedihkansaat kita bisa beda bangsabangsa rumania punya sejarah panjang vlad tepesdracula gipsi rupa embara india,1
lol komentar datang orang benci as inggris israel sudah periksa profil anda tampak akun palsu muslim,1
dasar orang bodoh aku heran kamu punya otak sama sekali,1
dasar bodoh,1
berhatihatilah berontak gerak bentuk ungsi hanya lihat pria wanita muda kuat mana orang tua anakanak manula sandang cacat ungsi samar,1
lebih baik murtad keji tidak pernah lahir sebar benci mati anakanak tidak salah busuk neraka kanker umat manusia,1
buah negara standar didik tinggi turut gadis sama sekali mampu beri argumen masuk akal dukung idenyadasar bodoh,1
butuh lebih banyak wanita pamer vagina di depan kamera,1
liberals salah trump,1
kamu wanita mesum seksi,1
kendali senjata boleh senjata anda orang liberaldasar bodoh,1
kira semua pria tua kulit putih memang mirip,1
kamu sampah,1
baru baca seluruh utas dan orang ira adalah media tinju media sosial benarbenar acau pikir beberapa orang,1
pukul dia babak bur,1
lol oke hal harus laku rahasia,1
semua omong kosong turut ada lebih bodoh kaum liberal,1
baru lihat kelompok mahasiswa baru kena topi ember maga aku benci sekolah,1
kaum liberal pernah terima benar benar akan buat pikir,1
fakta dia panggil negro kamu hormat memberitahunya pilih hampir bukti teori,1
yang paling ironis kaum demokrat cepat hancur sendiri daya algojo apakah pikir monster lepas tidak serang lebih maga wwgwga tulis teroris antifa,1
cantik sekali payudara luar biasa,1
hanya pion liberal yang guna kaum demokrat upaya gagal kukuh kavanaugh tidak percaya patah kata temanteman liberal anda adalah musuh negara tinggal amerika akan lebih baik orangorang anda kaum liberal,1
mmmhm dengar dari ujung jalan beri beberapa detik tambah beres barangbarang,1
ohhhhhh aku menang sejadijadinya pertama kali ayah panggil jalang terima panggil dengan lapang dada lari kamar menang jalang,1
memang orang amerika butuh kontrol senjata lebih ketat arti tembak sasar akan pernah punya banyak waktu tembak,1
pedofil podesta guna akun tanda centang biru,1
liberal standar odia rw liberal sangkut negara bagi,1
bagaimana ingin definisi ketika hidup bawah shitsmedia penuh shitsmear sampaisampai marxine waters kirim antekantek antifanya ancam di tempat umum ajar tidak peduli apa pikir kaum kiri pavlovian selamat malam,1
bagus sekali david suka orang buat kaum liberal jadi gila pagi hari terus juang,1
jalang aku tahu kamu lihat pelangi bio,1
kaum liberal takut ruang sempit,1
kalian habis uang kami kami biasa hal aku benci aku tengah halhal laku pacar untuk dapat laku sendiri,1
bukan inti meski adalah alas nyaman kaum konservatif asumsi orang tentang trump mereka dukung clinton sungguh masuk akal,1
undur diri kamu idiot,1
kau tahu akan henti bicara itu harus punya kertas tangkap,1
benar sekalitapi tunggu dia tunjuk tanda supremasi kulit putihyang beri tahu kru suara dia dengar diri sendiri bagi telinga kepalakepala guling,1
shit aku sedih,1
penasaran mana demokrat mana republik orang sekarang sepenuh dukung kendali senjata,1
semua sakral tidak pilih sudah hampir tenggelam rawa yang kotor timbang adil biar tenggelam kotor sendiri jadi tahun tahun saling tanggung jawab atas tanggung jawab,1
negro masuk dalam daftar benarbenar brengsek satusatunya negro saya lihat bagus yoshi patchmade jay beberapa lain brengsek,1
persetan pogba,1
omg orang fanatik yang tunjuk kalau pada dasar punya nyali dengar mirip sekali donald,1
sedang marah dapat lihat mata dengar suara obama presiden gagal segala maga kag,1
brennan aibtanpa izin,1
dasar jalang aku tahu tubuh siap,1
kerja bagus sarkasme hebat mereka punya undangundang kendali senjata selamat nyawa lebih banyak sarkasme,1
bau dana untuk george soros ikut jejak uang wanita mungkin besar pernah kenal hakim kavanaugh kaum liberal takut hakim milik nilainilai kristen konservatif pria milik portofolio sempurna finestine politis kotor,1
aku tahu sangat sebal,1
mungkin acu fakta mulai henderson tampak payah sturridge tampak selesai bertahuntahun lalu maksud bagaimana mungkin kita bisa menang mereka dua lapang,1
muslimah cantik seksi,1
itu kamu orang keri,1
mati jeremy corbin cara apa,1
karena statistik baik musim ada usia arti adalah gelandang baik pergi,1
kasihan pilih pilih bagus,1
sangat lelah andal mfs jawab telepon halhal tidak guna saya akan jadi orang baru,1
bilang orangorang bilang boikot nike militer ras militer suka ganggu nike,1
lihat dukung kendali senjata,1
di sini lihat kaum liberal mana putus untuk politisasi tragedi meski cincy milik kontrol senjata ketat,1
otak entah mana hilang the matrix pula kaum liberal memang delusi apa yang jadi,1
teroris amerika butuh hukum berat para jahat langgar hukum henti bedak pantat antifa backtheblue gettough,1
artis wanita paling tolol paling sakit pernah dia benarbenar ratu sebal coba debat cerdas,1
adalah salah satu dalang sindikat besar boc tidak lupa akan masuk penjara fakedrugwar,1
antifa anti fasis romney memberitahuku dia akan lempar batu bata pada kamu orang na,1
orang kanada tinggal as mantan pasu khusus pernah tangan semua mulai senapan bb hingga howitzer mm rudal derek senjata anti tank kurang kontrol senjata as jauh rupa bagi bodoh negara terlalu banyak orang tolol senjata,1
ingat acara sebal sekali,1
satusatunya pantas tampar kontol cocktribute keluar sperma manamana cumtribute memang cumslaveku,1
sumpah deh syukur pantat gendut tidak pernah minum minum keras aku usaha langsing tidak langsing candu narkoba,1
persis yang laku orang komunis hancur amerika penjara trump maga,1
buat tergilagila bahkan percaya benar benar lmao tahu air sangat basahtetapi bahkan percaya air keluar mulut suka bohong,1
apaapaan kamu peduli teman kalau kamu bukan teman sejati hilang orang spesial kamu bahkan tidak bisa jadi teman sejati itu sedih,1
sial moga kamu temu cewek aku beli beberapa kemarin lmaoooo,1
chicago hampir tahun pimpin demokrat korup beberapa kontrol senjata paling ketat negara dan dopey durbin coba salah partai republik jangan salah demokrat youbuiltthis chicagodeathtoll,1
tinggal chicago pikir kendali senjata hasil,1
album bosan buat cara buat album sangat lama tidak dekat semua djsjsjjs bisa laku,1
tepuk air mata astaga sial endus hela napas bayi endus tidak pantas terima dia sangat harga aku,1
indoktrinasi program percaya semua msm propaganda kata pada kaum kiri orang gila ting bodoh sidang senat antifa penuh benci,1
iya jalang,1
kamu seksi banget sayang,1
sama guna burung pipit atas babi kata,1
lebih baik bahasa spanyol sangat bosan guru nilai dasar berapa aktif cara seksual,1
sungguh baik tunggu dulu izin komentar beberapa foto gadis payudara tonjol,1
hakim pria harus keluar kata mereka pasang kasih telah jalin hubung sejak sekolah tengah akan benarbenar acau kaum liberal,1
karena jepang milik pm akal sehat pandang depan tidak jilat muslim yang laku may bunuh diri politik tory ge mantan tory,1
bayang jadi bodoh,1
tunjuk postingan kata yang sama kaum konservatif yang jadi sasar antifa temanteman kiri lain munafik,1
haha trump menang senang lihat kaum liberal benarbenar jadi gila,1
trump hadiah goptaxscam ampas kaya besar sejarah modern dukung trump orang tolol lebih suka pilih lawan penting baik jadi mungkin tidak baik bodoh maga,1
lihat pantat terus gerak,1
lihat pantat terus gerak,1
kaum liberal akan tahu pertama laku yang benar,1
tuju orang cukup bodoh coba ini maka pantas dapat apa dapat tidak sabar dengar orang idiot antifa pertama yang tembak mereka coba curi senjata orang negara bagi stand your ground,1
dyrus kau bajing tak guna otak mati tumpu sampah harus tembak mati jalan kau tidak adab,1
kaum liberal memang gila,1
tuju kira demokrat kata mereka khawatir kejut oktober dokumen fisa rilis jelang pemilihanmaga,1
benarbenar idiot,1
aku lihat payudara lol,1
dasar jalang aku lingkung kumuh layan candu dalam mobil maybach,1
kate selamat senjata hanya kata sandi kendali senjata ada aman kendali senjata hanya batas warga negara taat hukum langgar hukum abai semua hukum bangun kalian mn keluar kubu liberal pilih patriot pilih merah,1
ha ha sial,1
apa akan laku trumpard kaum liberal kotor bulan november awal sabar sekarang jelas kaum kiri sama sekali niat main sesuai atur harap presiden trump hancur lelucon partai di bawah hukum laku sepenuh,1
entah cari masalah orang atau orang jijik,1
saja laku antifa kejam sembunyi anda jelas dukung,1
dapat informasi proses makan waktu hingga hari kerja transfer kredit kartu myki kedaluwarsa kartu aktif wtf kalian guna komputer whatajoke,1
sistem didik kendali kaum liberal upaya budak pikir anakanak rantai budak mental singkir selamat masa depan bangsa yang hebat,1
mata lebih keras katakatanya,1
kamu tolol banget sih,1
maxine orang cundang harus usir kota benarbenar cundang dia juga orang lawak,1
malu kaum liberalsaya tahu siapa perkosa wanitawanita di sekolah,1
liberal yang sakit,1
agak rasa antifa teroris mungkin melebihlebihkannya lol,1
yakin orang pertama dia hubung dia rampok polisi sama itu orangorangnya bodoh sekali,1
persetan dengan terus itu sial jujur saja,1
dapat kotor angkut afrika negro kata saya mereka lihat ular bisa iguana kumbang ukur ban mobil lmaoooo semua jenis kotor,1
akhir cerita mana saksi liberal bohong,1
ada bukti lmaooooooo suka lihat kaum liberal rasa gelisah halhal ini,1
erti dengar dingin saya suka nintendo bajing rakus uang,1
orang komunis bodoh,1
orang bodoh buta jadi amerika hebat amerika dulu orang amerika erti beda rakyat pilih donald j trump mantan bijak obama gagal total duduk santai nikmat tunjuk mulai barack obama,1
desa hilang orang idiot,1
topi bagus hai liberals democrats hidup bebas sewa kepala kalian semua mcdonalds imlovingit balas dendam manis tak pernah asa enak maga walkaway,1
xtc bantu tidur hahahah itu akan bantu rasa lebih baik bagaimana rockstar menjelekjelekkan atau maksud pil tidur,1
washingtonpost ungkap cerita terap catat nona ford nyata empat pria serang sekarang jadi votedemsout akhir dirtytricks henti apa salah dc kavanaugh maga foxnews bohong cnn msnbc senflake salah guna metoo politik christineblaseyford,1
wah luar biasa aku lihat sekarang kamu orang jalang kecil nakal ily,1
carrey babi,1
nigga bagaimana kamu kata bo cod baik,1
tidak pantat shaq silver lihat,1
ampun aku bahkan tarik usia dia baikbaik,1
orang wanita kamu tidur berkalikali kata penis kamu kecil puji kamu tahu kamu cocok itu,1
aku tak cari mantan pacar kamu bohong aku muak dengan sebab aku campak kau bohong dasar jalang,1
uhhhhhh jalang kecil bodoh bu,1
peduli apa warna kulit cewek tetap cewek jalang,1
wanita hanya laku satu kembali lubang tikus tak pernah keluar lagijika muncul muka telepon,1
kamu tahu jadi ngapain ngetweet gitu satusatunya cewek kamu ajak ngobrol cuma helllo me tf plus,1
jijik dasar jalang kamu bukan bintang rock kamu jalang tidak kelas,1
mangsa wanita cenderung jalang,1
beberapa kalian wanita latin rasisme orang kulit putih bisa makan penis raksasa mereka tidak suka pantat,1
pacar tukang ngoceh ulung cewek tidak harga empat dolar,1
suatu hari pernah ngetweet benci cewek bangkrut mulut jalang sekarang semua anak muda houston mentweet yang sama,1
biasa kendara ayah belum pensiun polisi phoenix kerja phoenix barat malam hari kemudi imigran ilegal mabuk di manamana salah satu hampir tabrak di simpang jalan mereka sangat bahaya yang patuh hukum,1
kamu bikin aku ereksi,1
dasar jalang tak tahu terima kasih aku beli dan semua,1
dasar jalang yang laku wanita nafkah suami hadap kepala tuhan dia ragu aku cinta,1
pakai lacur cuaca dingin dia adalah lacur sejati,1
kamu akan pernah jadi pacar istri tidak satu itu tempat jalang tahu peran main posisi bangkit,1
dasar bodoh kau gadis kecil histeris,1
aku tak pernah jebak wanita mana kecuali kau wanita jalang tunjuk main orang ikut,1
itu akhir lama sekali jalang jalang,1
aku lebih suka masuk sisi gemuk botol anggur dalam pantat semua punya preferensi masingmasing,1
terlalu banyak vagina longgar dunia untuk perkosa wanita jalang beberapa wanita jalang benarbenar lihat,1
pertamatama dasar jalang sial dua dua cewek jalang,1
dengar sini dasar orang bodoh jangan panggil rania lacur kau satusatunya wanita gila sini nonaktif tidak yang,1
dasar jalang apa kau canda jadi wanita pukul suami kulit hitam bukan karena dia bajing kasar,1
benar pelanpelan peran jalang keluar sini xx,1
cewekcewek dengar kata fuckkk hubung seks ira vagina bakar pertamatama aku benarbenar rasa enak selingkuh cewek,1
nonton gigi cewek jalang gigit penis semua orang,1
jalang utama jalang samping jalang paling dingin aku suka lelucon samping,1
trus dasar wanita bodoh,1
yo jalang sedang bicara fr bicara aku coba bicara gadis shawty bahkan mau tunjuk wajah,1
aku peduli apa pikir wanita jalang apa rasa wanita jalang,1
kamu butuh penis tebal tenggorok,1
ungsi selamat,1
kamu cantik tawan jalang jennifer white ada cinta kamu luar biasa isap penis,1
hasil hari apa hasil bulan guling profesional anda dalam bahasa haiti blunt terima panggil jalang istri buat jalang,1
jalang punya didik punya kerja punya rumah masih berani kata ingin niqab hanya vagina dasar jalang apaapaan apa yang kau punya,1
dasar jalang sial kamu itu sebab aku harap semua gigi rontok dasar jalang,1
kamu coba buat marah dasar jalang bangun idap narkolepsi,1
aku butuh cewek bisa bayarin semua tagih aku suka cewek bangkrut,1
mantel bulu panjang sebut gadis lacur jalang buruk,1
dengar kawan kamu orang lacur kamu orang lacur jelas kamu salah baca tweetku kamu ira aku sebut wanita pelacurtapi hmp,1
kamu orang cewek aku follow balik kamu hanya kamu tinggal cukup dekat cinta,1
haahhahanaha cewek masih aja jalang dasar sendiri nggak punya teman sejati punya pantat jalang yasssssssssss,1
jadi lacur jalang jalang,1
wujud mimpi keluar hisap penis,1
gue cuma mau tau cewek nggak suka sama gue apa aja pernah gue lakuin lo cewek nganterin lo sikap baik lo benci cewek brengsek,1
histeris sini tiap wanita jalang eyeliner iphone sekarang jadi model,1
aku mau cewek udah ngeperkosa aku pas lagi ngidam kontol,1
jelas meredith jelas dasar jalang jorok,1
mungkin ingin dasar wanita jalang yang jijik pernah dengar istilah pocket lebih baik,1
maaf kamu jalang sial kamu bahkan sadar,1
hmmmapakah wanita suka masuk tiap lubang bayar,1
lihat cewek terangterangan coba ambil cowok lalu lihat tunduk pantat yang payah benarbenar geli lol jalang pikir,1
bilang cewek aku suka dan pacar,1
conte memang jalang kecil pecat kau dasar jalang biasa,1
bahkan bisa kencan bicara orang gadis suka cari perhati media sosial apa buat pikir aku kencan bicara orang wanita jalang hidup nyata,1
fa lacur benarbenar putus asa orang lacur gendut orang lacur sangat kurus bagaimana,1
orang sedang tidur orang wanita menghisap penis orang bung,1
aku suka cewek kelas mungkin mau tidur lacur buruk,1
lmao bitch aku jauh aku kirim pesan orang lain kamu bukan lacur istimewa,1
standar ganda wanita dunia sudah luar kendali wanita tua ikut persetan dengan aku teriak perkosa aku peduli,1
kakak jalang penuh benci aku tampar jalang,1
aku manja jalang dan pergi tinggal anak demi penis amatir,1
jangan banding diri dengan aku jalang kamu jalang,1
jalang kau baik datang makan pantat kau sangat khawatir omong kosong jalang bodoh,1
dasar jalang brengsek,1
cewek bikin kontol keras kayak batu kalo cium aku dasar cewek tarik,1
dream molly orang sendiri selalu jalang wanita jalang,1
kamu jalang kekanakkanakan kamu isap penis kamu orang gay kamu makan vagina idc debat,1
kamu terlalu manis jalang seksi,1
kalian jalang sedih khawatir wanita jalang ikut apa mereka laku,1
aku jadi gila semua cewek usaha tidur sekali sampaisampai tidak beri tahu ada cewek ingin lagi,1
kamu kecuali kamu bukan wanita jalang kasar beberapa wanita jalang lain,1
kalian semua cepat panggil orang gadis sebut jalang kalian makan jilat semua wanita kalian,1
ugh aku suka briana meski jalang bisa buat gila aku selalu suka lacur,1
inget kamu selingkuh duluan kamu jalang kamu jalang jalang,1
sekali penis ada antara payudara kau jilat menghisap ujung,1
semua orang ikut mereka lucu finis jijik,1
kata gaun ketat yang buat jadi lacur,1
kamu pergi parkir sendiri lalu cewek brengsek putus parkir tepat belah,1
pertamatama bukan transgender bagaimana saya transgender dasar jalang picik bodoh,1
dia jalang bodoh rugi aku selalu untuk,1
siapa tabrak mobil saudara perempuan lalu pergi tadi malam kau benarbenar wanita yang bangkrut kami tangkap nikmat tabrak lari,1
jangan menjelekjelekkanku semua orang panggil lacur boo,1
aku mau tag pantat bego kamu malah blokir aku jadi harus aku tag cewek jalang baru,1
cewek akan kata aku penis bukan vagina gadis,1
jalang jalang jangan marah lebih baik kamu senang ini bagi vagina baik pernah milik pria kamu,1
lol plot twistgimana kalo cewek kamu diamdiam jalang,1
aku pikir kamu tidur pria beda jadi wanita jalang jadi jelas wanita suka orang lebih baik tetap saja,1
vagina bagus pernah asal wanita buruk,1
aku perlu beri tahu temantemanku terima wanita mereka tidak ingin kita tinggal alih wanita,1
kalau kamu pernah bilang kalau kamu penasaran dunia isap penis percaya kalau adalah masa depan jalang,1
biar aku tunjuk bukti apa tidak laku jalang biar wanita jalang sungguh laku,1
jalang jangan datang pada orang wanita lelaki datang pada masih sendiri,1
pineapplecity dogwhoreowner dasar jalang bodoh yang pantas dapat lacur jijik begitu cara semua pria,1
bajing pen adalah lacur ras abadi tidak tahu fakta sejarah hidup sedih gantung pada,1
semua wanita leceh semua pria leceh kita bukti balik kamu bajing tidak tahu apaapa,1
aku peduli satu wanita jalang lol kalian semua mati aku janji aku akan datang makam,1
si jalang kecil mungkin butuh penis saja belum milik biarawati,1
aku harap kalian jalang tidak punya harga diri henti unggah hidup seks kalian twitter dasar wanita jalang jadi wanita sejati,1
kalian jalang tetap boleh bicara katakata kasar hadap aku hajar gadis lol jangan kau kacau,1
bisa pulang saja jika ada buruk ingat adalah ungsi,1
aku turun berat badan kamu selalu jadi wanita jalang jangan datang pada aku henti,1
gue cuma butuh satu kucing satu lubang pantat buat jilat satu orang buat jadi gemar nomor satu gue dukung gue gue cuma butuh satu cewek buat jadi damai gue cukup satu,1
kamu mana aku kangen cewek hitam putih dasar jalang penghisap kontol,1
bokong bagus aku ira kamu jalang pikir kamu mungkin pria berat pon kicau balik celana istri noda,1
selamat ulang tahun bocah aneh moga kamu dapat hukum pantas,1
lmao cewek jalang marah sama aku kantor kemarin minta ngomong sama manajer sayang aku kan manajer toko jadi sekarang gimana,1
aku tendang wanita meksiko keras,1
kamu tahu kamu temu wanita jalang sempurna untuk,1
deportasi perkosa,1
kamu bisa jadi orang lacur coba kembali orang dasar jalang seperti cara kerja,1
sedih banget liat cewek cantik jadi cewek jalang,1
baik aku menghisap penis dapat tip dasar jalang mesum kau laku dasar jalang sepi sedih sebut tunjang sebal,1
orang jalang cinta orang negro untuk balas omong kosong buat kalian semua lihat jalang jalang bebas,1
kamu akan pernah lihat sini bagi orang negro jalang kamu milik negro aku akan bagi penis aku punya orang negro bob,1
wanita jalan keluar teriak jalang di lingkung kulit putih santai,1
jangan bohong diri sendiri penis baik atur segala,1
kau ucap selamat ulang tahun pada jangan pernah hubung kau sampah aku sedang bicara dasar jalang,1
cewekcewek panggil aku kelly jr dasar jalang sial,1
jalang aku bilang hampir kau jelasjelas teman jangan suruh aku datang pukul jalang,1
tadi malam orang wanita bilang aku temantemanku kalau bayar kami tidur dan suami punya penis hitam besar,1
vagina milik gadis kata pada kau suka penis ayah pertamatama lubang salah foo,1
sungguh wanita jalang kagum sayang sekali kau wanita jalang biasa akan selalu tetap marah jalang akubicaratentangprialaki,1
wah penis jadi keras tarik celana dalam bawah dorong tubuh pintu dan biar kau rasa penis dalamdalam vagina basah,1
aku pribadi seret gadis turun tangga lol dia hasil hajar wanita jalang gendut,1
si jalang bilang aku tahu soal kamu terkadang kamu isap penis kecil tunggu pun bantu,1
ideal kalau henti beri imigran ilegal food stamp welfare akan pulang kalau ilegal sini mereka terima semua juga ada tahu berapa banyak uang pajak yang beri orangorang cuma tanya,1
tari telanjang coba bawa tempat sampanye hal favorit dasar jalang kau bayar penis di akhir malam,1
blokir lmao baik persetan dengan teman jalang kamu payah kamu jalang palsu jumpa jalang,1
tuduh perkosa bukan cara balas dendam dasar jalang bodoh kau urung diri sendiri anak punya stiker,1
dasar jalang jalang,1
aku ikut cewek cantik tinggal cukup dekat bisa cinta,1
suruh cewek masuk laut belum aku pukul,1
kalau kamu jalang aku keluh kamu dapat haha henti jadi jalang kecil terima diri apa ada dasar lacur kotor,1
gimana cara kamu ngasih dapat sesuatu orang nggak kamu kenal lalu blokir buka blokir aku kayak cewek jalang minggir twitterku,1
dasar jalang aneh sebal halang aku dasar jalang,1
kalimat favorit cewek apakah aku takut dengar cewek kecil kamu perlu takut pukul jadi apa kabar,1
selasa rabu kamis jumataku hajar tiap akhir pekan,1
cewek benarbenar ira aku bodoh dasar jalang aku tahu kamu tipu henti dm aku omong kosong,1
wanita pikir memek panas kamu kata persetan hati pertamatama aku lupa kalau aku punya cewek jalang,1
kamu benarbenar gadis jalang untung aku iri pada,1
oke jalang pergi sana bukan urus jatuh dalam lubang tubuh anal tanduk setan jalang,1
kamu bisa pergok biar wanita kulit putih kendur bicara ini pada wanita jalang makan tanah,1
ohhhhhh aku menang sejadijadinya pertama kali ayah panggil jalang aku terima lapang dada aku lari kamar menang jalang,1
pergi sana anak kamu sangat bosan sampaisampai kamu bisa ragu,1
dapat kotor angkut afrika negro kata saya mereka lihat ular bisa iguana kumbang ukur ban mobil lmaoooo semua jenis kotor,1
kelinci konyol hukum atur bukan kaum liberal,1
mengapa mentweet yah mengolokolok kaum liberal dan gila tuhan,1
sumpah deh syukur pantat gendut tidak pernah minum minum keras aku usaha langsing tidak langsing candu narkoba,1
di sini lihat kaum liberal mana putus untuk politisasi tragedi meski cincy milik kontrol senjata ketat,1
penasaran mana demokrat mana republik orang sekarang dukung kendali senjata,1
kendali senjata boleh senjata anda orang liberaldasar bodoh,1
sungguh baik tunggu dulu biar aku komentar foto orang gadis payudara gantung,1
sial pogba,1
omg orang fanatik yang tunjuk kalau pada dasar punya nyali dengar mirip sekali donald,1
sudah tahu lmao jadi tetap sama para fanatik sedih siap juang negara wwgwga,1
smh nigga omong kosong bawa jauh kamu telah ubah pikir,1
hajar,1
ini kaum konservatif warga negara taat hukum mau runding soal kendali senjata bukan orang gila orang yang tidak milik senjata tentang singkir semua senjata perlahan pasti semua orang lepas siapa,1
makan burger dong dasar tolol,1
akhir cerita mana saksi liberal bohong,1
lucu sekali bagaimana kaum liberal guna istilah snowflake triggered itu istilah awal guna kaum konservatif gambar kaum liberal hari pilih masih tertawa terbahakbahak saya pernah lihat pria dewasa jadi korban bunuh darah atas presiden baru,1
orang komunis bodoh,1
masih ada kereta trump tidak tuju mana,1
cantik sekali payudara luar biasa,1
aku lihat payudara lol,1
kaum liberal leleh,1
mundur aja dasar idiot,1
ada bukti lmaooooooo suka lihat kaum liberal rasa gelisah halhal ini,1
harap punya emoji monyet lebih hitam apa,1
islam damai keras,1
macron balas dendam biden,1
terima kasih macron atas maju terus rakyat prancis,1
amerika serikat penuh,1
putin,1
dunia sakit,1
nazi nato,1
putin,1
ukraina,1
biden,1
tas kylie jenner,1
hitam lihat keri bagi,1
gipsi,1
semua buat sangat marah,1
semua hitam buat gila,1
aku tahu kamu tiongkok jelas banyak,1
akhir kali aku pernah kencan orang asal vietnam habis empat jam aku mati,1
aku lihat pria kulit hitam buah festival sedang mabuk berat,1
tadi malam cowok gay tawar gratis dia pikir aku gay,1
wanita jalang sana punya bagus,1
anak pacar gadis pribumi,1
diktator afrika sampah hitam barat beri satu dua ajar,1
cantik sayang dari alir asia,1
asal meksiko,1
semua cowok kulit hitam sekitar sini benarbenar aura buruk,1
bosan lihat orangorang di seluruh london,1
juga kita bungkam umat islam,1
sedih adele hilang semua berat badan sekarang tidak panggil gemuk tapi banyak wanita yang sedia,1
beberapa orang arab punya,1
black lives matter kamu gila,1
awal orang salah orang cina sekarang orang india,1
persetan warna hitam,1
suka bagaimana orang kristen lolos saja hakim orang kata cinta orang bukan dosa sangat manipulatif ganggu lihat hakim cara khusus apaapa alkitab milik kuasa atas pria jadi anggota militer jadi anggota militer ada wanita harus jadi anggota militer tidak jadi anggota militer orang transgender lindung negara hati mereka ada kerja mengapa tidak coba baca alkitab lebih sering baca dongeng tulis pria iri aku lebih baik siapa yang tidak tuju anda,1
gutierries apa dia laku bantu pr apa dia laku sekarang harap banyak korban bisa salah trump,1
ini orangorang dorong kendali senjata,1
aku percaya luigi mati,1
bisa kirim potong ke menara bukankah lebih baik kita laku pernah laku inggris raya kata bangun tembok menara saat yang sama tepat waktu suite nonpresiden hillary clinton hahahahaha,1
partai liberal ambil alih,1
pernah negro,1
video sangat bagus,0
aku tunggu lihat game klay,0
suka banget sama dan captionnya tepat sasar dia cerita jalan lain,0
bukan amsterdam amsterdam,0
terima kasih tonton video luar negeri segera mungkin,0
beri ide,0
kembali cara lama,0
ibu gemar besar selalu kata harus buat sandwich tiktok,0
mimpi,0
kalian semua sangat imut,0
shiba inu saudara laku,0
aku tahu kalau tteokbokki kertas nasi,0
ampun bungkus lihat sangat bagus,0
kalau mereka punya apple watch,0
lihat enak sekali moga rasa enak tampil,0
dengar belum jadi populer,0
suatu hari aku jadi diri sendiri,0
andai aku punya uang jalanjalan,0
jalan hidup,0
baru tambah amsterdam daftar ingin berkat videovideo yang cantik,0
adalah efek keren dengan bibir merah latar belakang kosong,0
akhir guna ekor helikopter terbang,0
bukti hidup malaikat ada,0
tuan aku tunggu,0
lucu banget cowok liat kayak ngerokok bungkus tiap hari,0
bilang arkward tarik tupai lucu,0
npc sangat interaktif gta,0
ribu,0
aku mau pulang laku kerja,0
siapa video,0
bad bunny jauh keluarga dan selamat diri sendiri sekarang,0
lena tidak bela ganggu henti,0
harus ajar hidup sama sang naga,0
sobat kamu hilang walkietalkie,0
cemburu sakit,0
dasar tolol,0
bro selalu buat hari senang,0
aku turut senang dua turut mereka adalah pasang serasi plus tandatandanya,0
demi tuhan aku tahu kalau wanita,1
kayak sih buah naga mangga apa gitu bikin aku kesima,0
suka banget ama kambing kj,0
yooooo,0
aman sungguh peduli sama sekali,0
lol utang tidak apaapanya banding utang as,1
siapa yang nilai cinta cinta,0
terima kasih banyak atas itu brasil diri teguh di pihak temanteman india,0
kamu naik batas,0
tiongkok rusia,0
negara bangun atas dasar damai,0
pandemi datang,0
woa gila,0
kucing humanis buat bau amis,0
oke legenda,0
kamu punya nyali bung,0
kim akhir beri jalan ratu kourt,0
tidak bahasa inggris kata aksen amerika paling hebat akan guna suatu hari,0
suka sekali kami butuh bagi segera,0
dan benarbenar main semua emosi orangorang,0
dan pernah kecewa,0
buat tertawa terbahakbahak,0
aku coba gadis manis seperti dan,0
daniiiiii ampun,0
jujur ini sangat kejam,0
bilang dia buat hari senang,0
ibu benci orang kulit hitam,0
aku suka orang kulit hitam,0
kerja lawan kaum ras mereka orangorang sangat keri,0
selamat tinggal anak lakilaki,0
lagu hebat,0
warna lihat familiarpetunjuk tunjuk,0
ayo semua benarbenar cinta,0
aku akan biar itu pengaruh diri,0
kalau benci bunuh tidak ada bisa,0
kaum gay lesbian bunuh manamana kita lawan,0
buah masjid bom dekat kini umat muslim takut,0
allahu akbar,0
harap semua negara kaum gay,0
umat muslim bakar hiduphidup china,0
kabur ajaharus sikap pc sekarang,0
jauh warna hitam warna hitam bahaya,0
naik level bangga kaum gay tahun,0
cinta harus,0
disabilitas apa,0
kamu kecil ayo,0
tetangga muslim baru,0
hadap mereka semua tata gaya hebat,0
panggil diri trans,0
benci sama paralimpiade,0
banyak toko kue london,0
kamu lihat bagaimana pakai jalang memang pantas dapat,1
mati apa anda wakil masyarakat modern,0
terlalu banyak benci bunuh dunia jangan salah muslim yahudi,0
nyawa orang kulit hitam penting,0
hidup orang kulit hitam penting,0
wanita kerja gaji lebih rendah,0
bayang duduk belah orang pakai narkoba,1
jalang tolonggggg,0
ho ho ho,0
banyak polisi sini,0
migran ekonomi,0
aku benci banget sama benci,0
aku benci banget semua,0
anda lihat orang italia menang eurovision,0
bilang aku benci semua orang negro,0
semua antiyahudi benci kami,0
anak bilang kalau gay nyangka khawatir banget ngasih tahu aku,0
benci oleh semua sampah ras,0
presiden wanita selalu senang,0
aku benci banget semua,0
harap perintah laku tentang semua sampah,0
aku basmi semua sial,0
lol lihat,0
milik kata ganti mereka dalam bio,0
coba tebak apa rupa ibu,0
bilang persetan semua homo,0
ahhaha sial,0
cewek panggil jaga dengan sebut negro,0
keluar,0
perang saudara antara umat muslim,0
anda melihatnyaatau harus kata jalan jalan,0
ayo yahudi coys,0
musim untuk orang yahudi coys,0
bom,0
maaf tidak tuju,0
oooooooooo,0
aku jadi hitam akhir pekan haha,0
jadi sangat hitam akhir pekan,0
aku benarbenar cinta orang arab,0
pilih atau,0
aku cinta muslim,0
imigran ingin curi kerja,1
aku suka orang kulit hitam,0
sangat peduli pengungsitidak anda,0
hari cuaca cerah banget,0
beberapa tempat milik bendera sendiri padahal semua ada negara sama,0
orang beri tahu ibu kalau yang lihat,0
bosan lihat orangorang di seluruh jalan,0
ayo datang acara juli hancur,0
keren banget,0
kaum gay tahan banyak sekali omong kosong,0
hanya sholat lima waktu hari,0
bayang jadi biseksual,0
siapa sih mau lihat orang trans derita,0
siapa sih mau lihat wanita adat jadi model,0
siapa ingin lihat wanita derita,0
tonton acara tokoh utama muslim,0
hormat gadis pertama,0
cantik semua warna kulit cantik,0
resep lengkap di buku resep,0
video bikin aku lapar,0
tonton saja buat sulit napas,0
sekarang aku lapar jam tengah malam,0
wow dengar asli,0
aku pernah pikir ini belum,0
ampun lol,0
terima kasih guna lagu,0
suara sangat muas,0
video sangat bagus,0
diam kau gendut,1
sial hari lelah,0
aku cinta,0
sangat kecut,0
ada bisa singkir labalaba sial untuk,0
ada bisa singkir benda sial untuk,0
aku ras,0
minta orang tidak sikap bodoh standar sangat rendah saya,0
kamu antikulit hitam bangga,0
kata muslim damai murni,0
kata muslim cinta damai benar hakiki,0
terkadang tidak beda tari nyanyi,0
cuaca akan buat lebih hitam belum,0
adalah bom waktu,0
para wanita tak nilai harga,0
kelompok cantik,0
semua orang ras benci semua orang trans,0
wanita trans,0
hmm tebak adalah polisi,0
anjing betina punya anak,0
aku jadi cadel semua makan,0
guna emoji cara lebih,0
banyak sekali orang trans akhirakhir,0
perempuan nyala,0
wanita pribumi semua seksi,0
siapa sih suka omong kosong,0
akan dukung ajar dasar lgbtq,0
semua lancong hormat,0
imigran beri kontribusi positif ekonomi,0
jangan pegang malu pegang tangan,0
kamu bisa ubah siapa diri sejak lahir,0
semua tetangga asal komunitas lgbtqa,0
kamu lakilaki sekarang kamu jadi perempuan,0
anjing hitam sangat agresif,0
semua ungsi laku sampah,0
kamu orang ungsi,0
aku suka sekali semua paralimpiade,0
aku tahu kamu muslim,0
aku pernah temu wanita pribumi mana,0
aku sangat suka orang pakistan,0
orang miskin jauh lebih baik,0
kamu suka makan cina,0
kamu suka pakai hijab,0
apa beda orang interseks trans,0
aku pergi minta bantu temanteman yahudi hebat,0
sangat suka orangorang autis kerja saya semua teman baik,0
aku suka pandang imigrasi,0
tidak marah kamar mandi netral gender,0
tidak sabar tunggu ramadhan tahun,0
kalian semua dukung tara kalian bisa anggap serius polisi wanita,0
wah hebat orang gendut pindah belah rumah,1
bisa pilih partai dukung perempuan kuasa,0
bagaimana bisa tidur nyenyak malam hari tahu tetangga baru sudah pindah,0
traveler banyak kontribusi komunitas,0
aku punya banyak cinta teman yahudi,0
wanita dapat promosi lalu kerja keras semata,0
hebat lebih banyak imigran,0
mereka selalu adu lalu sembunyi,0
saja nyawa orang kulit hitam penting,0
transgender kompetisi olimpiade,0
orang transgender kompetisi olimpiade,0
milik wanita kantor bisa tingkat moral,0
turut kereta api manfaat beberapa,0
bisa bantu izin politis wanita,0
pikir bisa dapat gambar sana,0
kalian yakin bippy manis kalian aku terima kasih,0
sangat manis sumpah,0
sangat cantik,0
adalah kepala sekolah baik pernah lt tetap aman lama badai ily,0
baru tonton musim hari butuh lebih banyak anda tonton acara anda tinggal luar biasa cowboywayal faithcattleco godfirst loveurfamily bubba cody booger,0
omggggggg adalah segala lebih itu,0
kamu cantik,0
penting orang kandidat perempuan lakilaki pikir semua sama semua yakin kaum liberal tentang yakin yang,0
akan datang italia,0
ada satu raja,0
kamu hebat candy kamu hebat,0
selamat ulang tahun lambat pria seksi,0
apaapa lol akan tonton on my block musim baru,0
yakin akan menang tempur akhir transmisi instan goku dewa legenda saya kata anda dia luar biasa,0
sudah temu jawab teliti kembang,0
bakar lengkap nike semua orang saya kenal tidak beli nike ups kaum konservatif beli nike juga kami hasil uang jumlah jauh lebih banyak nike,1
seperti beberapa orang ting antifa,0
saya beli dari bosan morphe,0
patty kamu rentan cedera seperti,0
terima kasih sayang kamu cantik,0
tunjuk jalan orang dia pimpin hebat akan ada garis depan korban,0
bocor ikut dua lencana barubaru tambah barbie royale high seperti sedang laku dengan kota musim gugur fantasia getaway,0
istilah apaapaan sekarang jadi yang kendali acara sidang konfirmasi kavanaugh tunda yang ingin kaum liberal yang beres,0
kamu sangat bakat clare apa yang kamu buat kertas,0
kamu sangat lebih,0
doa kalian rindu,0
ampun benar sekali,0
jadi kendali senjata lebih ketat lebih baik biar senjata mudah akses kendali senjata bukan larang senjata,0
samasama buat apa,0
yuk buru buru,0
mana kamu ada situ tempat ada,0
sungguh takjub alex n infowars,0
keren antifa lalu inisiasi,0
kamu orang paling bakat pernah temu hidup tetap sehat jangan sakit kamu makhluk luar biasa sinar cahaya sendiri aku sangat cinta bayi,0
yang paling imut terima kasih sayang,0
rencana demokrat hasil,0
aku bahkan akan mulai naruto itu terlalu banyak aku mulai anime hulu kemarin sebut coppelion hanya satu musim lebih sesuai cepat lol,0
selamat malam brenda jarang lihat andasemoga semua baikbaik dengan amp semua orang,0
aku dukung maga,0
sangat lucu usaha,0
aku yakin begitu,0
suka banget juga ratu lex lama suara isuisu penting kendali senjata hakhak lgbtq februari,0
telah masuk dalam daftar incar antifa tanggap masalah dengan sangat serius telah lapor twitter ada grup target mungkin antifa donald trump candace owens yang saya milik hanya akun twitter terima kasih,0
kamu layak,0
ada orang yang dapat ide beda bagaimana serang saling kait,0
kucing kamu tahu aku cinta kamu selalu dalam pikir,0
butuh untuk buat game superhero ikut,0
kamu lucu banget,0
kamu benarbenar nikmat ei,0
fuck tidak sadar saya main,0
teknik kunci,0
anjing sangat unik gemas,0
bahan jiwapasangan hidup iya bu memang,0
haha atur,0
sila mulai antifa,0
kalian dua laku teliti kendali senjata operasi psikologis alias sekolah,0
ugh sayang kalian gamers tetap aman segera pulang rumah,0
harus perhati semua ingat pernah sana bulan juli,0
libat aktivitas yang libat alih pandang jalan kamera benarbenar ganggu kemudi entah bagaimana debat,0
meh aku yakin kamu yang cantik sana,0
demi tuhan,0
adalah prajurit baik,0
hati indah batin indah kamu indah,0
tidak masuk akal coba maga,0
orang juang banyak kebuntetapi negara anakanak sayauntuk apa kebun,0
kamu malaikat,0
henti bohong fbi libat tidak yang perlu selidik semua pandu liberal tunda kavanaugh konfirmasi ginsbergisnext,0
lmao kata kamu bahagia orang depan umum arti kamu ajaib henti milik asa lupa mereka apakah kamu pernah punya pacar belum untuk akhir kali ada kata harus tetap sama adalah kacau segera telah,0
hmmmmm ada laku apa jadi mungkin jangan ganti pitcher kali laku batter memang jenius mungkin dia harus sadar tim capai puncak bulan lalu,0
sama hal,0
sedang cari mangsa doa,0
tanggap khas kaum liberal anda buat nyata kuat sulit dibantahbot debat hebat angie maga,0
ampun aku turut duka cita atas apa telah kamu alami begitu lahir akan timpal aku cinta austin ell jangan lupa bayi baru kalian orangorang baik jadi terus laku baik terus inspirasi aku anggota keluarga ace lain aku cinta temanteman,0
erti mayoritas kaum liberal tidak tunjuk foto hanya penasaran yah meski bilang saya nikmat tengkar nyata moga hari anda senang,0
kamu sangat manissemoga kamu segera rasa lebih baik,0
bisa jadi ingat dia undur diri,0
aku gak sudah tahun,0
benar astagadia memang sempurna,0
moga sukses usaha selanjutnyakamu akan rindu,0
omg,0
senang kembali hygs sayang siap laku presentasi prolife maga,0
kamu depan aku depan lihat cinta apa harus laku aku tahu bagaimana bisa jadi kamu milik lihat cinta,0
cewek kamu cantik banget,0
senang rasa lebih baik,0
adalah monyet suka bermainmain,0
kamu sangat cantikxx,0
tampan nenek berkat,0
kamu baik,0
adalah pelangi tiap badai,0
kami lagi terima kasih banyak moga semua baikbaik saja,0
dasar kendali senjata fakta penting,0
upaya brilian jumlah langkah hebat hebat anda target lebih banyak minggu depan,0
ampun sehat berdarahdarah putri keluarga pegang eraterat dan terus kata pada betapa aman dan kamu selalu untuk,0
ingin untung saya di rumah sakit selamat,0
msmdemokratliberal gambar antifa demonstran damai dapat mereka tentara demokrat sedang siap perang,0
pikir kamu benar memang pakai jersey sama,0
terima kasihtelah ikut maga,0
maju terus google,0
pasti terima email feinstein,0
gemas,0
kamu hebat bakat aku harap kamu milik malam hebat,0
benar sekali ini kaum konservatif hadir bulan november dan henti demokrat menang pilih paruh waktu,0
ada laku rasisme,0
baik penuh perhati terima kasih salam damai anda,0
rasa akan pilih hanya bersenangsenang,0
cantik sekali moga tuhan kati kalian dua,0
terima aku apa ada aku erti tidak mudah namun cinta orang hanya usaha baik kurang justru buat unik tidak mudah,0
adalah diri mungil cantik,0
adalah lambang kelas cerdas,0
ada usia an luar biasa saya,0
permen,0
guna cakap atur tidak yakin ini bagaimana dia salah satu,0
christine ford aku teman baik bernie saunders dia kenal suka gaul politis demokrat lain kata paling kejut ibu kavanaugh orang hakim putus lawan orang tua ford kasus sita tengah tahun an,0
suka rak novel grafis jadi prioritas adalah pustakawan sangat hebat,0
bio adalah bagi paling relevan pernah,0
wah kamu jago,0
sangat harga,0
melissa kamu histeris banget aku beri tari bahagia hari,0
aw aku utang tumpang kumis pada,0
tonton cerita singkat malam semua akhir,0
selamat pagi kanada tidak biar siapa sakit,0
suhu derajat lebih musim gugursaya selalu pakai celana pendek sepatu bot panggil jalang jalang lacur peduli,0
kamu beri hidup,0
mereka benarbenar ingin iklan,0
kirim satu kepada sekarang,0
benar sekali,0
kamu tahu kamu laku yang benar kamu punya benci,0
tumbuh keluarga imigran ajar terima waris raya beda ini ayah dan jalan akhir saya pulang jamaika selamat hari merdeka jamaika,0
saya adegan klimaks thor ragnarok lebih baik thor wakanda infinitywar poin ekstra lagu imigrannamun dua adegan samasama brilian sinematik,0
suka twitter relevan sini tidak yang perhati kami,0
sangat berani cerita kisah saya jamin semua pria monster,0
maksud kamu satu dari aku pernah laku jadi,0
rasa ah baik,0
lucu sekali kalau orang besar terusterusan aju pfa kalau jadi juri akan tatap kilas kata bagus sekali,0
orang rendah hati orang bisnis ab konfirmasi gaya layar halo milega,0
hai,0
jadi kamu ngerti pesan teks,0
kamu lihat orang kamu kenal tinder kamu sangat suka mereka pernah bicara dengan,0
aku punya protein shake organik untuk,0
taco ikan,0
lamar wawancara adalah seluruh proses,0
menang baca tweet,0
kamu mungkin harga cewek kalau kamu manggil cewek sebut jalang,0
saudari nobraday tingkat sadar kanker bukan untuk kamu laku,0
datang baru hanya sedikit tahu chucklebrothers suka sedikit pernah lihat masuk klipklip baru hibur hati saya yang suka keju ripbarrychuckle,0
dia,0
akhir kalaignar menang marinakalaignar,0
jujur kamu laku yang buat lihat bodoh malam aku pantas dapat jujur aku jadi bajing untuk aku orang brengsek,0
jadi pria wanita bisa hidup sama jadi keras seksual semua pria monster,0
kamu buat aku tertawa histeris kata hotdog kak,0
anda tahu tentang lubang antartika itu palsu,0
ini brengsek,0
oooooohh aku pria dada besar aku jadi germo laezye,0
hapus sedang usaha dapat,0
mungkin tambah kopi dalam,0
hadiah baik pernah,0
aku dm kamu seperti kamu balas,0
terima kasih,0
anda jalan hidup ujung tanduk selamat selalu jadi utama,0
arti enam tahun sejak menang tonton atas treadmill,0
semua wanita milik rambut palsu tidak semua pria anjing,0
henti kendali,0
yang aku laku diri,0
dasar bodoh kamu bodoh bodoh,0
aku henti minum buat meme,0
cowok belah jadi apa ingin kamu laku situasi tisu toilet aku ummm kamu beli tisu toilet sendiri aku beli tisu toilet aku aku cewek,0
semua pria selingkuh semua wanita selingkuh sekarang pindah lupa,0
orang pria ajar tidak semua pria sama,0
saja saya pakai kondom,0
astaga dengar bagus tata bahasa,0
jauh perang lawan narkoba katakata kotor malu perempuan darurat militer lelucon perkosa putang ina lentek berita palsu lang naririnig ko duterte,0
salut untuk telah buat putus buruk hidup,0
nah nah nah,0
entah apa kamu rasa tweet ikut,0
hahahahahahahahahaha,0
ada komentar,0
aku buat tanda terima untuk,0
oke kawan canda akhir semua tertawa terbahakbahak sekarang kamu kembali akun,0
aku buat hari senang kamu lihat apa bisa aku laku malam,0
curt kamu terus terus ejek,0
haiiiiiii,0
bilang benar,0
kamu baikbaik sayang lubang bentuk mark facebookku,0
like bulu wajah,0
terima kasih sayang,0
serius benar,0
milik putus akhir atas semua lamar,0
sama benarbenar bahan jiwa bodoh sekali tetap bahan jiwa,0
kamu jahat,0
adalah legenda pikir,0
benarbenar laku akhir paham siapa tetapi terlalu takut perusahaanperusahaan ini akan guna dna dan kloning,0
bisa kamu masuk hei cukup bagus video kamu ikut kunt,0
semua pria hanya temu tepat anda cari tempat salah madam bakar lokal,0
haha atur,0
kalau kita bicara kendali senjata,0
benarbenar orang main sandiwara pipapipa dia nyanyi,0
kamu bayi kecil aku sangat bangga pada telah kerja keras kamu laku terima kasih masih untuk diri kamu yang man jangan pernah ubah,0
amitamit kalau kamu udah ngobrol sama orang pacar bakal marah banget lebih suka orangorang daripada kamu suatu alas maaf soal,0
corbyn abbott menang jadi kaum konservatif akan menang,0
ya,0
christine ford aku teman bernie saunders dia kenal suka gaul politis demokrat lain kata paling kejut ibu kavanaugh orang hakim putus lawan orang tua ford kasus sita tengah tahun an,0
lucu sekali komentar logis walkaway sangat mudah maga hebat mega jadi make earth great again,0
fokus pada statistik price dia ada belakang plate,0
jangan khawatir waktu tiba main giat dengar latih frost adalah latih menang juara,0
kamu benar gairah pada sungguh indah,0
upaya brilian jumlah langkah hebat hebat anda target lebih banyak minggu depan,0
tories labour ge conservatives dekat jangka panjang kaum konservatif milik jumlah untung masuk mampu kerja sama rantai pasok milik tanah bangun lebih banyak rumah paul hackett kepala eksekutif,0
rasa serang,0
ikut patriot maga fantastis,0
aku baikbaik lol aku tonton on my block musim baru,0
terima kasih adalah jiwa lembut xxx,0
kamu cinta,0
moga untung maga votered,0
bangga kamu manis,0
amin siap,0
kamu perlu punya bukti,0
aku suka carole sangat pintar aku sangat rindu rhony harap kamu jadi tambah bagus acara politik lain kabar apa akan kamu laku lanjut,0
hai amybukumu di daftar bacaankuterima kasih bicara moga kamu baikbaik,0
saya sangat suka sangka putri keluarga telah juang lawan leukemia masa kecil senang sekali dengar dia atlet guru tinggi sehat kuat salam sayang anda dan keluarga,0
selamat ahli,0
saja,0
sangat harga,0
sila retweet sila bagi terima kasih cinta bagi hidup uang crowdfunding gofundme monsterfunder sila dukung mantan maga semangat donasi sini hari,0
kalau gay sudah pasti sedang bersenangsenang lol aku suka cara main,0
kamu ibu luar biasa,0
sangat semangat beli lebih banyak lol wanita konvensi semua manganya harga dia beri tahu beberapa konvensi yang dia datang jadi ingin pergi konvensi di chicago tahun depan,0
kamu lihat cantik ashley rumah jauh rumah kamu lihat sangat nyaman hei kita bawa bridget pulang sama seluruh keluarga temantemannya main tetap acara aku gemar berat ingin aj ke layar mana paling bahagia bringbridgethome bringbridgetback aj,0
saja sudah tertawa sejak lama,0
samasama,0
salju lebat sini,0
ha bahkan coba manipulasi sistem tidak tahu campur tangan tuhan tuhan jawab presiden trump,0
yakin akan menang tempur akhir tetapi transmisi instan picu goku dewa legenda saya kata anda dia luar biasa,0
ikut kaum liberal sipil orangorang kiritengah beberapa interaksi lama bertahuntahun saya kadangkadang ajar mereka mudahmudahan balik pernah pikir blokir mereka saya kira ubah apa mungkin lihat orang masalah,0
terima kasih sayang kamu cantik,0
seksi banget,0
pikir kamu benar memang pakai jersey sama,0
telah ikut boneka sejak dia bintang cinta,0
sangat lucu,0
kamu beda banget,0
hadir sama bells,0
aku sangat senang kamu orang gator,0
tepat sekali bagus,0
hahahahaha benar stiglitz menang hadiah nobel hanya orang pialang saham biasa,0
apa harus laku lol baik kamu bangun lihat keliling kaum liberal ingin anarki tidak hukum terus beri uang hasil jerih payah orangorang tolak kerja lalu duduk santai rumahrumah besar pagar dunia yang serba putih lupa,1
jangan lupa tunawisma distrik anggota kongres,0
penuh syarat,0
kamu hebat candy kamu hebat,0
siap kapan anda siap,0
benar astagadia memang sempurna,0
baekhyun apa kabar apa kamu makan baik aku aktif akhirakhir karena proyek tugas pokok aku kangen kamu baik kamu makan makan layak kapan kamu sini maaf kamu sibuk aku kangen kamu santai aja oke tata jumpa,0
sangat baik pada kata kepada baik diri suka dia dan suka sama terkadang hanya butuh orang tegur atas salah sehingga bisa jadi orang lebih baik,0
akan sangat arti orang gadis luar biasa dapat beberapa saran anda akhir kejar mimpi jadi orang fotografer akan sangat senang beri beberapa tips fotofotonya luar biasa jadi tahu akan jadi lebih luar biasa nanti,0
cinta luar biasa,0
hmm mungkin sekarang tahu lihat perlu kendali senjata kendali cenderung keras mereka sendiri,0
di situ aku pikir aku mungkin suka lebih yang laku hebat,0
tahu kamu siapa,0
terima kasihtelah ikut maga,0
patty rentan cedera saya,0
terima kasih manis sangat sangat malu takut suara apa jadi badai tidak bantu adaptasi hari dia mulai bermainmain,0
seperti kendali senjata hasil chicago,0
ugh sayang kalian gamers tetap aman segera pulang rumah,0
akan dapat apa pantas dapat,0
nyata sempurna suka presiden,0
betapa sepi betapa rindu azeez dostnya betapa butuh sentuh tenang kepala gelisah semua lihat jelas satu adegan sebal salut untuk para aktor luar biasa ini jenshad aktor utama dan pasang ideal adiya bepannaah,0
bisa jadi ingat dia undur diri,0
yakin hanya pikir gratis tidak ada salah itu,0
cantik sekali,0
bahan jiwapasangan hidup iya bu,0
ikan suara hidup gantung pada benarbenar gantung pada drainthedeepstate maga,0
adalah lambang kelas cerdas,0
kamu sangat manis terima kasih sebar cinta tmlnya,0
kamu salin tempel tweet twitter south park yang aneh sini,0
salah,0
sempurna sayang kalian dua,0
trump orang miliarder negosiator ulung liga ive jan resister pilih trump maga trump,0
tunjuk kaum liberal orang sangat baik,0
permata punya medan gravitasi sendiri,0
dapat bantu anda tinggal london,0
masih tahu kapan laku stairway to heaven,0
sangat cantik terima kasih,0
jika kamu dapat untuk,0
dia,0
cium,0
kamu terlalu baik ily,0
maju terus google,0
dia benar,0
aduh terima kasih sayang aku benarbenar kesal depresi kuasa semua orang kenal cinta orangorang kagum rip mac miller aku ingin siapa pikir sendiri juang mereka,0
kalian dua ambil beberapa kursi sangkut kyle,0
orang peluk,0
suka carol lucu,0
suatu hari kamu jadi orang ahli kawan,0
adalah hadiah terus beri kaum konservatif sangat cinta,0
kaum liberal tentang liberalisme,0
cewek kamu keren banget,0
tetap teguh diri kalian wahai kaum konservatif,0
hai usia tahun tunggu sini,0
gas bro,0
berita luar biasa,0
adalah legenda,0
ampun turut prihatin migrain anda derita juga alam panjat doa anda,0
tawa dapat dari cukup,0
orang rekam video kerja orang cari teman moga baikbaik,0
aduh boo kamu ibu baik,0
bagus sekali,0
kamu terlalu lebih,0
aku yakin begitu,0
maga jaga amerika tetap hebat,0
permen,0
saya sepupu si cheese kenal,0
turut prihatin apa anda alami moga tempat ikut jauh lebih baik,0
foto dulu sekarang begitu tambah nike dulu sekarang begitu,0
apakah kejut salah satu dukung trump sama sekali dengar tuduh atas segala yang bayang kita masih dukung presiden kita donald j trump,0
hei kamu pernah temu senjata,0
hanya coba dapat lebih banyak donasi,0
ren oppa aku suka kamu kamu imut,0
terima kasih tuan presiden trump maga,0
sini anda masih nyanyi suara luar biasa sangat syukur orangorang diri terus maju,0
salam kawan,0
maga biar resap,0
kucing kamu tahu aku cinta kamu selalu dalam pikir,0
pendek rasa harus tunduk dengar kata insinyur,0
happyselamat ulang tahun missy,0
minggu kami tempat kagum beberapa orang dewasa sikap buruk tatap kulit dia juang kecil sekarang bulan percaya diri kembali,0
kamu saudara,0
sungguh luar biasa,0
yo cantik sekali,0
alergi coklat,0
aku baikbaik terima kasih aku harap kamu baikbaik moga kati teman cantik,0
yoongi kamu bapak,0
makan kamu buat sangat enak terima kasih lol,0
orang keren banget,0
aku sayang kamu sayang harap kamu baikbaik luang waktu jaga diri baikbaik,0
terus beri tahu bagaimana suka,0
gemas,0
juga serius banget smdh,0
kamu ikut georgia aku nanti,0
kontrol senjata kuat negara,0
cinta sayang maga,0
rocky asli tuhan,0
kamu wanita sangat murah hati bawa steam luang waktu beri orang terima kasih atas semua kamu laku bantu planet,0
kalian dua tampak tawan flotusrocks maga,0
kamu terlalu baik,0
berita bagus sinar bulan tua baru alami koma,0
keren antifa lalu inisiasi,0
mungkin kamu spesial,0
